Removed Pin From Net: NetName=+5V Pin=C1-2
Removed Pin From Net: NetName=+5V Pin=C2-2
Removed Pin From Net: NetName=+5V Pin=C3-2
Removed Pin From Net: NetName=+5V Pin=C4-2
Removed Pin From Net: NetName=+5V Pin=C9-2
Removed Pin From Net: NetName=NetC10_2 Pin=C10-2
Removed Pin From Net: NetName=+3V3 Pin=C11-2
Removed Pin From Net: NetName=GND Pin=C12-1
Removed Pin From Net: NetName=+3V3 Pin=C12-2
Removed Pin From Net: NetName=GND Pin=C13-1
Removed Pin From Net: NetName=+3V3 Pin=C13-2
Removed Pin From Net: NetName=+3V3 Pin=C14-2
Removed Pin From Net: NetName=+5V Pin=C15-2
Removed Pin From Net: NetName=GND Pin=C16-1
Removed Pin From Net: NetName=+5V Pin=C16-2
Removed Pin From Net: NetName=+5V Pin=C17-2
Removed Pin From Net: NetName=+5V Pin=C18-2
Removed Pin From Net: NetName=GND Pin=C21-1
Removed Pin From Net: NetName=+5V Pin=C21-2
Removed Pin From Net: NetName=GND Pin=C22-1
Removed Pin From Net: NetName=+5V Pin=C22-2
Removed Pin From Net: NetName=CAN_FIL_H Pin=C23-1
Removed Pin From Net: NetName=GND Pin=C26-2
Removed Pin From Net: NetName=CAN_FIL_L Pin=C27-2
Removed Pin From Net: NetName=GND Pin=C28-2
Removed Pin From Net: NetName=GND Pin=C29-2
Removed Pin From Net: NetName=GND Pin=C30-2
Removed Pin From Net: NetName=GND Pin=C31-1
Removed Pin From Net: NetName=3V3_MCU Pin=C31-2
Removed Pin From Net: NetName=GND Pin=C32-1
Removed Pin From Net: NetName=3V3_A Pin=C32-2
Removed Pin From Net: NetName=GND Pin=C33-1
Removed Pin From Net: NetName=3V3_MCU Pin=C33-2
Removed Pin From Net: NetName=GND Pin=C34-1
Removed Pin From Net: NetName=3V3_MCU Pin=C34-2
Removed Pin From Net: NetName=GND Pin=C35-1
Removed Pin From Net: NetName=3V3_MCU Pin=C35-2
Removed Pin From Net: NetName=GND Pin=C36-1
Removed Pin From Net: NetName=3V3_MCU Pin=C36-2
Removed Pin From Net: NetName=GND Pin=C37-1
Removed Pin From Net: NetName=3V3_MCU Pin=C37-2
Removed Pin From Net: NetName=+5V Pin=C38-1
Removed Pin From Net: NetName=GND Pin=C38-2
Removed Pin From Net: NetName=+5V Pin=D1-K
Removed Pin From Net: NetName=+5V Pin=D2-K
Removed Pin From Net: NetName=GND Pin=D3-1
Removed Pin From Net: NetName=GND Pin=D4-2
Removed Pin From Net: NetName=GND Pin=D5-K
Removed Pin From Net: NetName=GND Pin=D6-K
Removed Pin From Net: NetName=NTC2+ Pin=J1-3
Removed Pin From Net: NetName=NTC2- Pin=J1-4
Removed Pin From Net: NetName=CELL1+ Pin=J1-5
Removed Pin From Net: NetName=CELL1- Pin=J1-6
Removed Pin From Net: NetName=NTC1+ Pin=J2-1
Removed Pin From Net: NetName=NTC1- Pin=J2-2
Removed Pin From Net: NetName=NTC2+ Pin=J2-3
Removed Pin From Net: NetName=NTC2- Pin=J2-4
Removed Pin From Net: NetName=CELL2+ Pin=J2-5
Removed Pin From Net: NetName=CELL2- Pin=J2-6
Removed Pin From Net: NetName=+3V3 Pin=J5-1
Removed Pin From Net: NetName=+5V Pin=K1-A2
Removed Pin From Net: NetName=+5V Pin=K2-A2
Removed Pin From Net: NetName=+5V Pin=L1-1
Removed Pin From Net: NetName=NetC39_2 Pin=L4-1
Removed Pin From Net: NetName=NetC40_2 Pin=L4-2
Removed Pin From Net: NetName=GND Pin=Q1-S
Removed Pin From Net: NetName=GND Pin=Q2-S
Removed Pin From Net: NetName=GND Pin=R5-1
Removed Pin From Net: NetName=GND Pin=R6-1
Removed Pin From Net: NetName=+5V Pin=R7-2
Removed Pin From Net: NetName=+5V Pin=R8-2
Removed Pin From Net: NetName=ID1 Pin=R11-1
Removed Pin From Net: NetName=+3V3 Pin=R11-2
Removed Pin From Net: NetName=ID2 Pin=R12-1
Removed Pin From Net: NetName=+3V3 Pin=R12-2
Removed Pin From Net: NetName=ID3 Pin=R13-1
Removed Pin From Net: NetName=ID4 Pin=R14-1
Removed Pin From Net: NetName=GND Pin=R15-1
Removed Pin From Net: NetName=ID1 Pin=R15-2
Removed Pin From Net: NetName=GND Pin=R16-1
Removed Pin From Net: NetName=ID2 Pin=R16-2
Removed Pin From Net: NetName=ID3 Pin=R17-2
Removed Pin From Net: NetName=ID4 Pin=R18-2
Removed Pin From Net: NetName=U_LED_1 Pin=R19-1
Removed Pin From Net: NetName=U_LED_2 Pin=R20-1
Removed Pin From Net: NetName=U_LED_3 Pin=R21-1
Removed Pin From Net: NetName=U_LED_4 Pin=R22-1
Removed Pin From Net: NetName=+5V Pin=R23-2
Removed Pin From Net: NetName=NetC43_2 Pin=R24-2
Removed Pin From Net: NetName=NetC42_1 Pin=R25-1
Removed Pin From Net: NetName=NetC40_2 Pin=R25-2
Removed Pin From Net: NetName=NetC47_2 Pin=R26-1
Removed Pin From Net: NetName=GND Pin=R27-1
Removed Pin From Net: NetName=NetC42_1 Pin=R27-2
Removed Pin From Net: NetName=GND Pin=R28-1
Removed Pin From Net: NetName=NetD9_A Pin=R29-1
Removed Pin From Net: NetName=+3V3 Pin=U2-1
Removed Pin From Net: NetName=+5V Pin=U2-20
Removed Pin From Net: NetName=+5V Pin=U3-3
Removed Pin From Net: NetName=NetC19_1 Pin=U4-17
Removed Pin From Net: NetName=NetU2_16 Pin=U4-38
Removed Pin From Net: NetName=U_LED_1 Pin=U4-63
Removed Pin From Net: NetName=U_LED_2 Pin=U4-64
Removed Pin From Net: NetName=U_LED_3 Pin=U4-65
Removed Pin From Net: NetName=U_LED_4 Pin=U4-66
Removed Pin From Net: NetName=ID1 Pin=U4-81
Removed Pin From Net: NetName=ID2 Pin=U4-82
Removed Pin From Net: NetName=ID3 Pin=U4-83
Removed Pin From Net: NetName=ID4 Pin=U4-84
Removed Pin From Net: NetName=GND Pin=U5-4
Removed Pin From Net: NetName=GND Pin=U5-14
Removed Pin From Net: NetName=GND Pin=U6-5
Removed Pin From Net: NetName=+5V Pin=U6-8
Removed Pin From Net: NetName=GND Pin=U7-1
Removed Pin From Net: NetName=NetC43_2 Pin=U7-2
Removed Pin From Net: NetName=NetC39_1 Pin=U7-3
Removed Pin From Net: NetName=NetC47_2 Pin=U7-5
Removed Pin From Net: NetName=GND Pin=U7-6
Removed Pin From Net: NetName=NetC42_1 Pin=U7-7
Removed Pin From Net: NetName=NetC39_2 Pin=U7-12
Removed Pin From Net: NetName=+5V Pin=U8-3
Removed Member From Class: ClassName=ADC Member=C8
Removed Member From Class: ClassName=ADC Member=C9
Removed Member From Class: ClassName=ADC Member=C10
Removed Member From Class: ClassName=Level_Shifter Member=C11
Removed Member From Class: ClassName=Level_Shifter Member=C12
Removed Member From Class: ClassName=Level_Shifter Member=C13
Removed Member From Class: ClassName=MCU Member=C31
Removed Member From Class: ClassName=MCU Member=C32
Removed Member From Class: ClassName=MCU Member=C33
Removed Member From Class: ClassName=MCU Member=C34
Removed Member From Class: ClassName=MCU Member=C35
Removed Member From Class: ClassName=MCU Member=C36
Removed Member From Class: ClassName=MCU Member=C37
Removed Member From Class: ClassName=MCU Member=D5
Removed Member From Class: ClassName=MCU Member=D6
Removed Member From Class: ClassName=Supply Member=D7
Removed Member From Class: ClassName=Supply Member=L3
Removed Member From Class: ClassName=MCU Member=R11
Removed Member From Class: ClassName=MCU Member=R12
Removed Member From Class: ClassName=Supply Member=R24
Removed Member From Class: ClassName=Supply Member=R25
Removed Member From Class: ClassName=Supply Member=R26
Removed Member From Class: ClassName=Supply Member=R27
Removed Member From Class: ClassName=Supply Member=R28
Removed Member From Class: ClassName=Supply Member=R29
Removed Member From Class: ClassName=Level_Shifter Member=U2
Removed Member From Class: ClassName=Supply Member=U3
Change Component Footprint: Designator=R11 Old Footprint=0805 New Footprint=R0805FTK
Change Component Footprint: Designator=R12 Old Footprint=0805 New Footprint=R0805FTK
Change Component Footprint: Designator=R23 Old Footprint=0805 New Footprint=R0805FTK
Change Component Footprint: Designator=C16 Old Footprint=C0805FNPC-R New Footprint=C0805FNPC-W
Change Component Footprint: Designator=C17 Old Footprint=C0805FNPC-R New Footprint=C0805FNPC-W
Change Component Footprint: Designator=C21 Old Footprint=C0805FNPC-R New Footprint=C0805FNPC-W
Change Component Footprint: Designator=C6 Old Footprint=C0805FNPC-R New Footprint=C1206FNPC-RW
Change Component Footprint: Designator=C7 Old Footprint=C0805FNPC-R New Footprint=C1206FNPC-RW
Change Component Footprint: Designator=C25 Old Footprint=C0805FNPC-R New Footprint=C1206FNPC-RW
Change Component Footprint: Designator=C22 Old Footprint=C0805FNPC-R New Footprint=WCAP-CSGP_0805_L2W1.25H0.6_Reflow
Change Component Footprint: Designator=C26 Old Footprint=C0805FNPC-W New Footprint=C0805FNPC-R
Change Component Footprint: Designator=C27 Old Footprint=C0805FNPC-W New Footprint=C0805FNPC-R
Change Component Footprint: Designator=C28 Old Footprint=C0805FNPC-W New Footprint=C0805FNPC-R
Change Component Footprint: Designator=C24 Old Footprint=C0805FNPC-W New Footprint=C1206FNPC-RW
Change Component Footprint: Designator=C23 Old Footprint=C0805FNPC-W New Footprint=WCAP-CSGP_0805_L2W1.25H0.6_Reflow
Change Component Footprint: Designator=C9 Old Footprint=C1206FNPC-RW New Footprint=C0805FNPC-R
Change Component Footprint: Designator=C10 Old Footprint=C1206FNPC-RW New Footprint=C0805FNPC-R
Change Component Footprint: Designator=C19 Old Footprint=C1206FNPC-RW New Footprint=C0805FNPC-W
Change Component Footprint: Designator=C20 Old Footprint=C1206FNPC-RW New Footprint=C0805FNPC-W
Change Component Footprint: Designator=J1 Old Footprint=CON_1053101106 New Footprint=J_NanoFit_1x4_V
Change Component Footprint: Designator=J2 Old Footprint=CON_1053101106 New Footprint=J_NanoFit_1x4_V
Change Component Footprint: Designator=D1 Old Footprint=DSC-SOD123 New Footprint=DTVS-DO-214AC
Change Component Footprint: Designator=D2 Old Footprint=DSC-SOD123 New Footprint=DTVS-DO-214AC
Change Component Footprint: Designator=U8 Old Footprint=LDO_10V-0.8/3V3-SOT223 New Footprint=MPQ4323
Change Component Footprint: Designator=D9 Old Footprint=LED_0805_WE New Footprint=LED_0805_WE
Change Component Footprint: Designator=D5 Old Footprint=LED_0805_WE New Footprint=DTVS-DO-214AC
Change Component Footprint: Designator=D6 Old Footprint=LED_0805_WE New Footprint=DTVS-DO-214AC
Change Component Footprint: Designator=R19 Old Footprint=R0805FTK New Footprint=0805
Change Component Footprint: Designator=R20 Old Footprint=R0805FTK New Footprint=0805
Change Component Footprint: Designator=R24 Old Footprint=RESC2013X70X40NL20T20 New Footprint=R0805FTK
Change Component Footprint: Designator=C29 Old Footprint=WCAP-CSGP_0805_L2W1.25H0.6_Reflow New Footprint=C0805FNPC-R
Change Component Footprint: Designator=C30 Old Footprint=WCAP-CSGP_0805_L2W1.25H0.6_Reflow New Footprint=C0805FNPC-R
Change Component Comment : Designator=D9 Old Comment=150080VS75000 New Comment=LEDBS-0805-145
Change Component Comment : Designator=C6 Old Comment=C10n-50V-0805FNPC-X7R New Comment=C100n-10V-1206FNPC-X7R
Change Component Comment : Designator=C7 Old Comment=C10n-50V-0805FNPC-X7R New Comment=C100n-10V-1206FNPC-X7R
Change Component Comment : Designator=C5 Old Comment=C10n-50V-0805FNPC-X7R New Comment=C100n-50V-0805FNPC-X7R
Change Component Comment : Designator=C8 Old Comment=C10n-50V-0805FNPC-X7R New Comment=C100n-50V-0805FNPC-X7R
Change Component Comment : Designator=C30 Old Comment=C10pF 0805 New Comment=C100n 0805
Change Component Comment : Designator=C29 Old Comment=C10pF 0805 New Comment=C100n-50V-0805FNPC-X7R
Change Component Comment : Designator=C9 Old Comment=C100n-10V-1206FNPC-X7R New Comment=C100n-50V-0805FNPC-X7R
Change Component Comment : Designator=C10 Old Comment=C100n-10V-1206FNPC-X7R New Comment=C100n-50V-0805FNPC-X7R
Change Component Comment : Designator=C19 Old Comment=C100n-10V-1206FNPC-X7R New Comment=C100p-50V-0805FNPC-C0G/NP0
Change Component Comment : Designator=C20 Old Comment=C100n-10V-1206FNPC-X7R New Comment=C100p-50V-0805FNPC-C0G/NP0
Change Component Comment : Designator=C1 Old Comment=C100n-50V-0805FNPC-X7R New Comment=C10n-50V-0805FNPC-X7R
Change Component Comment : Designator=C2 Old Comment=C100n-50V-0805FNPC-X7R New Comment=C10n-50V-0805FNPC-X7R
Change Component Comment : Designator=C3 Old Comment=C100n-50V-0805FNPC-X7R New Comment=C10n-50V-0805FNPC-X7R
Change Component Comment : Designator=C4 Old Comment=C100n-50V-0805FNPC-X7R New Comment=C10n-50V-0805FNPC-X7R
Change Component Comment : Designator=C22 Old Comment=C100n-50V-0805FNPC-X7R New Comment=C10pF 0805
Change Component Comment : Designator=C25 Old Comment=C100n-50V-0805FNPC-X7R New Comment=C100n-10V-1206FNPC-X7R
Change Component Comment : Designator=C16 Old Comment=C100n-50V-0805FNPC-X7R New Comment=C100p-50V-0805FNPC-C0G/NP0
Change Component Comment : Designator=C17 Old Comment=C100n-50V-0805FNPC-X7R New Comment=C100p-50V-0805FNPC-C0G/NP0
Change Component Comment : Designator=C21 Old Comment=C100n-50V-0805FNPC-X7R New Comment=C100p-50V-0805FNPC-C0G/NP0
Change Component Comment : Designator=C23 Old Comment=C100p-50V-0805FNPC-C0G/NP0 New Comment=C10pF 0805
Change Component Comment : Designator=C24 Old Comment=C100p-50V-0805FNPC-C0G/NP0 New Comment=C100n-10V-1206FNPC-X7R
Change Component Comment : Designator=C26 Old Comment=C100p-50V-0805FNPC-C0G/NP0 New Comment=C100n-50V-0805FNPC-X7R
Change Component Comment : Designator=C27 Old Comment=C100p-50V-0805FNPC-C0G/NP0 New Comment=C100n-50V-0805FNPC-X7R
Change Component Comment : Designator=C28 Old Comment=C100p-50V-0805FNPC-C0G/NP0 New Comment=C100n-50V-0805FNPC-X7R
Change Component Comment : Designator=D1 Old Comment=DSC-0.5/30-SOD123 New Comment=TVS 6V DO-214AC
Change Component Comment : Designator=D2 Old Comment=DSC-0.5/30-SOD123 New Comment=TVS 6V DO-214AC
Change Component Comment : Designator=J3 Old Comment=J_NanoFit_1x2 New Comment=NanoFit 1x2
Change Component Comment : Designator=J4 Old Comment=J_NanoFit_1x2 New Comment=NanoFit 1x2
Change Component Comment : Designator=D5 Old Comment=LEDBS-0805-145 New Comment=TVS 6V
Change Component Comment : Designator=D6 Old Comment=LEDBS-0805-145 New Comment=TVS 6V
Change Component Comment : Designator=U8 Old Comment=LM1117IMP-3.3/NOPB New Comment=MPQ4323GDE-AEC1
Change Component Comment : Designator=J1 Old Comment=NanoFit2x3 New Comment=NanoFit 1x4
Change Component Comment : Designator=J2 Old Comment=NanoFit2x3 New Comment=NanoFit 1x4
Change Component Comment : Designator=R11 Old Comment=R10k_0805_0.25W New Comment=R60-0805FTN
Change Component Comment : Designator=R12 Old Comment=R10k_0805_0.25W New Comment=R60-0805FTN
Change Component Comment : Designator=R23 Old Comment=R10k_0805_0.25W New Comment=R470 0805
Change Component Comment : Designator=R24 Old Comment=R100k-0805 New Comment=R470 0805
Change Component Comment : Designator=R19 Old Comment=R470 0805 New Comment=R10k_0805_0.25W
Change Component Comment : Designator=R20 Old Comment=R470 0805 New Comment=R10k_0805_0.25W
Change Managed Component Library Link : Designator=C1 Old VaultGUID=082481D6-5331-4BED-BC73-1EE54992B059 New VaultGUID=082481D6-5331-4BED-BC73-1EE54992B059 Old ItemGUID=D7BF49DC-CB76-4E29-8477-89E104AFC2CC New ItemGUID=8C79A185-B716-46F1-BED3-20553E5B94DC Old RevisionGUID=D816F7DC-C070-4FF8-99C5-C53C46EF18E4 New RevisionGUID=889FCCDA-A012-41F8-A883-F85BFC9D6140
Change Managed Component Library Link : Designator=C2 Old VaultGUID=082481D6-5331-4BED-BC73-1EE54992B059 New VaultGUID=082481D6-5331-4BED-BC73-1EE54992B059 Old ItemGUID=D7BF49DC-CB76-4E29-8477-89E104AFC2CC New ItemGUID=8C79A185-B716-46F1-BED3-20553E5B94DC Old RevisionGUID=D816F7DC-C070-4FF8-99C5-C53C46EF18E4 New RevisionGUID=889FCCDA-A012-41F8-A883-F85BFC9D6140
Change Managed Component Library Link : Designator=C3 Old VaultGUID=082481D6-5331-4BED-BC73-1EE54992B059 New VaultGUID=082481D6-5331-4BED-BC73-1EE54992B059 Old ItemGUID=D7BF49DC-CB76-4E29-8477-89E104AFC2CC New ItemGUID=8C79A185-B716-46F1-BED3-20553E5B94DC Old RevisionGUID=D816F7DC-C070-4FF8-99C5-C53C46EF18E4 New RevisionGUID=889FCCDA-A012-41F8-A883-F85BFC9D6140
Change Managed Component Library Link : Designator=C4 Old VaultGUID=082481D6-5331-4BED-BC73-1EE54992B059 New VaultGUID=082481D6-5331-4BED-BC73-1EE54992B059 Old ItemGUID=D7BF49DC-CB76-4E29-8477-89E104AFC2CC New ItemGUID=8C79A185-B716-46F1-BED3-20553E5B94DC Old RevisionGUID=D816F7DC-C070-4FF8-99C5-C53C46EF18E4 New RevisionGUID=889FCCDA-A012-41F8-A883-F85BFC9D6140
Change Managed Component Library Link : Designator=C5 Old VaultGUID=082481D6-5331-4BED-BC73-1EE54992B059 New VaultGUID=082481D6-5331-4BED-BC73-1EE54992B059 Old ItemGUID=8C79A185-B716-46F1-BED3-20553E5B94DC New ItemGUID=D7BF49DC-CB76-4E29-8477-89E104AFC2CC Old RevisionGUID=889FCCDA-A012-41F8-A883-F85BFC9D6140 New RevisionGUID=D816F7DC-C070-4FF8-99C5-C53C46EF18E4
Change Managed Component Library Link : Designator=C6 Old VaultGUID=082481D6-5331-4BED-BC73-1EE54992B059 New VaultGUID=082481D6-5331-4BED-BC73-1EE54992B059 Old ItemGUID=8C79A185-B716-46F1-BED3-20553E5B94DC New ItemGUID=AEC3004A-0291-49E2-B199-699A122C2DA1 Old RevisionGUID=889FCCDA-A012-41F8-A883-F85BFC9D6140 New RevisionGUID=29C94B1A-9346-4BDD-B9B9-D4074FD82E1B
Change Managed Component Library Link : Designator=C7 Old VaultGUID=082481D6-5331-4BED-BC73-1EE54992B059 New VaultGUID=082481D6-5331-4BED-BC73-1EE54992B059 Old ItemGUID=8C79A185-B716-46F1-BED3-20553E5B94DC New ItemGUID=AEC3004A-0291-49E2-B199-699A122C2DA1 Old RevisionGUID=889FCCDA-A012-41F8-A883-F85BFC9D6140 New RevisionGUID=29C94B1A-9346-4BDD-B9B9-D4074FD82E1B
Change Managed Component Library Link : Designator=C8 Old VaultGUID=082481D6-5331-4BED-BC73-1EE54992B059 New VaultGUID=082481D6-5331-4BED-BC73-1EE54992B059 Old ItemGUID=8C79A185-B716-46F1-BED3-20553E5B94DC New ItemGUID=D7BF49DC-CB76-4E29-8477-89E104AFC2CC Old RevisionGUID=889FCCDA-A012-41F8-A883-F85BFC9D6140 New RevisionGUID=D816F7DC-C070-4FF8-99C5-C53C46EF18E4
Change Managed Component Library Link : Designator=C9 Old VaultGUID=082481D6-5331-4BED-BC73-1EE54992B059 New VaultGUID=082481D6-5331-4BED-BC73-1EE54992B059 Old ItemGUID=AEC3004A-0291-49E2-B199-699A122C2DA1 New ItemGUID=D7BF49DC-CB76-4E29-8477-89E104AFC2CC Old RevisionGUID=29C94B1A-9346-4BDD-B9B9-D4074FD82E1B New RevisionGUID=D816F7DC-C070-4FF8-99C5-C53C46EF18E4
Change Managed Component Library Link : Designator=C10 Old VaultGUID=082481D6-5331-4BED-BC73-1EE54992B059 New VaultGUID=082481D6-5331-4BED-BC73-1EE54992B059 Old ItemGUID=AEC3004A-0291-49E2-B199-699A122C2DA1 New ItemGUID=D7BF49DC-CB76-4E29-8477-89E104AFC2CC Old RevisionGUID=29C94B1A-9346-4BDD-B9B9-D4074FD82E1B New RevisionGUID=D816F7DC-C070-4FF8-99C5-C53C46EF18E4
Change Managed Component Library Link : Designator=C16 Old VaultGUID=082481D6-5331-4BED-BC73-1EE54992B059 New VaultGUID=082481D6-5331-4BED-BC73-1EE54992B059 Old ItemGUID=D7BF49DC-CB76-4E29-8477-89E104AFC2CC New ItemGUID=FEEA38AC-100A-47E3-9A14-77DAAF3DF291 Old RevisionGUID=D816F7DC-C070-4FF8-99C5-C53C46EF18E4 New RevisionGUID=C0A0873A-966B-4F69-812C-50F9CFA141C0
Change Managed Component Library Link : Designator=C17 Old VaultGUID=082481D6-5331-4BED-BC73-1EE54992B059 New VaultGUID=082481D6-5331-4BED-BC73-1EE54992B059 Old ItemGUID=D7BF49DC-CB76-4E29-8477-89E104AFC2CC New ItemGUID=FEEA38AC-100A-47E3-9A14-77DAAF3DF291 Old RevisionGUID=D816F7DC-C070-4FF8-99C5-C53C46EF18E4 New RevisionGUID=C0A0873A-966B-4F69-812C-50F9CFA141C0
Change Managed Component Library Link : Designator=C19 Old VaultGUID=082481D6-5331-4BED-BC73-1EE54992B059 New VaultGUID=082481D6-5331-4BED-BC73-1EE54992B059 Old ItemGUID=AEC3004A-0291-49E2-B199-699A122C2DA1 New ItemGUID=FEEA38AC-100A-47E3-9A14-77DAAF3DF291 Old RevisionGUID=29C94B1A-9346-4BDD-B9B9-D4074FD82E1B New RevisionGUID=C0A0873A-966B-4F69-812C-50F9CFA141C0
Change Managed Component Library Link : Designator=C20 Old VaultGUID=082481D6-5331-4BED-BC73-1EE54992B059 New VaultGUID=082481D6-5331-4BED-BC73-1EE54992B059 Old ItemGUID=AEC3004A-0291-49E2-B199-699A122C2DA1 New ItemGUID=FEEA38AC-100A-47E3-9A14-77DAAF3DF291 Old RevisionGUID=29C94B1A-9346-4BDD-B9B9-D4074FD82E1B New RevisionGUID=C0A0873A-966B-4F69-812C-50F9CFA141C0
Change Managed Component Library Link : Designator=C21 Old VaultGUID=082481D6-5331-4BED-BC73-1EE54992B059 New VaultGUID=082481D6-5331-4BED-BC73-1EE54992B059 Old ItemGUID=D7BF49DC-CB76-4E29-8477-89E104AFC2CC New ItemGUID=FEEA38AC-100A-47E3-9A14-77DAAF3DF291 Old RevisionGUID=D816F7DC-C070-4FF8-99C5-C53C46EF18E4 New RevisionGUID=C0A0873A-966B-4F69-812C-50F9CFA141C0
Change Managed Component Library Link : Designator=C22 Old VaultGUID=082481D6-5331-4BED-BC73-1EE54992B059 New VaultGUID=082481D6-5331-4BED-BC73-1EE54992B059 Old ItemGUID=D7BF49DC-CB76-4E29-8477-89E104AFC2CC New ItemGUID=afc0de21-d405-4fc2-948f-5ca281bbdc63 Old RevisionGUID=D816F7DC-C070-4FF8-99C5-C53C46EF18E4 New RevisionGUID=3924837b-2dfe-4e2d-8a1c-2c1a7ef7938d
Change Managed Component Library Link : Designator=C23 Old VaultGUID=082481D6-5331-4BED-BC73-1EE54992B059 New VaultGUID=082481D6-5331-4BED-BC73-1EE54992B059 Old ItemGUID=FEEA38AC-100A-47E3-9A14-77DAAF3DF291 New ItemGUID=afc0de21-d405-4fc2-948f-5ca281bbdc63 Old RevisionGUID=C0A0873A-966B-4F69-812C-50F9CFA141C0 New RevisionGUID=3924837b-2dfe-4e2d-8a1c-2c1a7ef7938d
Change Managed Component Library Link : Designator=C24 Old VaultGUID=082481D6-5331-4BED-BC73-1EE54992B059 New VaultGUID=082481D6-5331-4BED-BC73-1EE54992B059 Old ItemGUID=FEEA38AC-100A-47E3-9A14-77DAAF3DF291 New ItemGUID=AEC3004A-0291-49E2-B199-699A122C2DA1 Old RevisionGUID=C0A0873A-966B-4F69-812C-50F9CFA141C0 New RevisionGUID=29C94B1A-9346-4BDD-B9B9-D4074FD82E1B
Change Managed Component Library Link : Designator=C25 Old VaultGUID=082481D6-5331-4BED-BC73-1EE54992B059 New VaultGUID=082481D6-5331-4BED-BC73-1EE54992B059 Old ItemGUID=D7BF49DC-CB76-4E29-8477-89E104AFC2CC New ItemGUID=AEC3004A-0291-49E2-B199-699A122C2DA1 Old RevisionGUID=D816F7DC-C070-4FF8-99C5-C53C46EF18E4 New RevisionGUID=29C94B1A-9346-4BDD-B9B9-D4074FD82E1B
Change Managed Component Library Link : Designator=C26 Old VaultGUID=082481D6-5331-4BED-BC73-1EE54992B059 New VaultGUID=082481D6-5331-4BED-BC73-1EE54992B059 Old ItemGUID=FEEA38AC-100A-47E3-9A14-77DAAF3DF291 New ItemGUID=D7BF49DC-CB76-4E29-8477-89E104AFC2CC Old RevisionGUID=C0A0873A-966B-4F69-812C-50F9CFA141C0 New RevisionGUID=D816F7DC-C070-4FF8-99C5-C53C46EF18E4
Change Managed Component Library Link : Designator=C27 Old VaultGUID=082481D6-5331-4BED-BC73-1EE54992B059 New VaultGUID=082481D6-5331-4BED-BC73-1EE54992B059 Old ItemGUID=FEEA38AC-100A-47E3-9A14-77DAAF3DF291 New ItemGUID=D7BF49DC-CB76-4E29-8477-89E104AFC2CC Old RevisionGUID=C0A0873A-966B-4F69-812C-50F9CFA141C0 New RevisionGUID=D816F7DC-C070-4FF8-99C5-C53C46EF18E4
Change Managed Component Library Link : Designator=C28 Old VaultGUID=082481D6-5331-4BED-BC73-1EE54992B059 New VaultGUID=082481D6-5331-4BED-BC73-1EE54992B059 Old ItemGUID=FEEA38AC-100A-47E3-9A14-77DAAF3DF291 New ItemGUID=D7BF49DC-CB76-4E29-8477-89E104AFC2CC Old RevisionGUID=C0A0873A-966B-4F69-812C-50F9CFA141C0 New RevisionGUID=D816F7DC-C070-4FF8-99C5-C53C46EF18E4
Change Managed Component Library Link : Designator=C29 Old VaultGUID=082481D6-5331-4BED-BC73-1EE54992B059 New VaultGUID=082481D6-5331-4BED-BC73-1EE54992B059 Old ItemGUID=afc0de21-d405-4fc2-948f-5ca281bbdc63 New ItemGUID=D7BF49DC-CB76-4E29-8477-89E104AFC2CC Old RevisionGUID=3924837b-2dfe-4e2d-8a1c-2c1a7ef7938d New RevisionGUID=D816F7DC-C070-4FF8-99C5-C53C46EF18E4
Change Managed Component Library Link : Designator=C30 Old VaultGUID=082481D6-5331-4BED-BC73-1EE54992B059 New VaultGUID=082481D6-5331-4BED-BC73-1EE54992B059 Old ItemGUID=afc0de21-d405-4fc2-948f-5ca281bbdc63 New ItemGUID=D7BF49DC-CB76-4E29-8477-89E104AFC2CC Old RevisionGUID=3924837b-2dfe-4e2d-8a1c-2c1a7ef7938d New RevisionGUID=D816F7DC-C070-4FF8-99C5-C53C46EF18E4
Change Managed Component Library Link : Designator=D1 Old VaultGUID=082481D6-5331-4BED-BC73-1EE54992B059 New VaultGUID=082481D6-5331-4BED-BC73-1EE54992B059 Old ItemGUID=FF5FB92C-CE75-4BB6-A218-66FE0275029C New ItemGUID=8A7888B4-D34D-48B3-946D-C7C579DF0B77 Old RevisionGUID=e1ba243f-b832-422e-aaf4-978a64388305 New RevisionGUID=A8074444-2B8D-4504-A58B-CDD1604212D1
Change Managed Component Library Link : Designator=D2 Old VaultGUID=082481D6-5331-4BED-BC73-1EE54992B059 New VaultGUID=082481D6-5331-4BED-BC73-1EE54992B059 Old ItemGUID=FF5FB92C-CE75-4BB6-A218-66FE0275029C New ItemGUID=8A7888B4-D34D-48B3-946D-C7C579DF0B77 Old RevisionGUID=e1ba243f-b832-422e-aaf4-978a64388305 New RevisionGUID=A8074444-2B8D-4504-A58B-CDD1604212D1
Change Managed Component Library Link : Designator=D5 Old VaultGUID=082481D6-5331-4BED-BC73-1EE54992B059 New VaultGUID=082481D6-5331-4BED-BC73-1EE54992B059 Old ItemGUID=995175DD-075F-455D-BE7D-8B4CCA70BE0E New ItemGUID=8A7888B4-D34D-48B3-946D-C7C579DF0B77 Old RevisionGUID=4613F0A0-3BB0-4DFF-9492-B5A96703B9F5 New RevisionGUID=A8074444-2B8D-4504-A58B-CDD1604212D1
Change Managed Component Library Link : Designator=D6 Old VaultGUID=082481D6-5331-4BED-BC73-1EE54992B059 New VaultGUID=082481D6-5331-4BED-BC73-1EE54992B059 Old ItemGUID=995175DD-075F-455D-BE7D-8B4CCA70BE0E New ItemGUID=8A7888B4-D34D-48B3-946D-C7C579DF0B77 Old RevisionGUID=4613F0A0-3BB0-4DFF-9492-B5A96703B9F5 New RevisionGUID=A8074444-2B8D-4504-A58B-CDD1604212D1
Change Managed Component Library Link : Designator=J1 Old VaultGUID=082481D6-5331-4BED-BC73-1EE54992B059 New VaultGUID=082481D6-5331-4BED-BC73-1EE54992B059 Old ItemGUID=ba83ebbe-c432-44b4-8be6-a6b254d03889 New ItemGUID=E76D6E0A-FED4-495A-A81C-9E4D3D9FB3FE Old RevisionGUID=3b8836f3-163f-4c07-85c9-8caf17f1a250 New RevisionGUID=B77CCE8F-82C7-4DD6-B7BB-052AF501ADBB
Change Managed Component Library Link : Designator=J2 Old VaultGUID=082481D6-5331-4BED-BC73-1EE54992B059 New VaultGUID=082481D6-5331-4BED-BC73-1EE54992B059 Old ItemGUID=ba83ebbe-c432-44b4-8be6-a6b254d03889 New ItemGUID=E76D6E0A-FED4-495A-A81C-9E4D3D9FB3FE Old RevisionGUID=3b8836f3-163f-4c07-85c9-8caf17f1a250 New RevisionGUID=B77CCE8F-82C7-4DD6-B7BB-052AF501ADBB
Change Managed Component Library Link : Designator=R11 Old VaultGUID=082481D6-5331-4BED-BC73-1EE54992B059 New VaultGUID=082481D6-5331-4BED-BC73-1EE54992B059 Old ItemGUID=e06a93cf-192a-426d-b22a-69ba13b8818c New ItemGUID=5377299D-4F3F-4106-89F9-D51B866A78B6 Old RevisionGUID=06392907-80AF-430B-AC96-9FFD86D59D48 New RevisionGUID=E9A35394-B6DB-44B1-B32E-89E6F9DBC99C
Change Managed Component Library Link : Designator=R12 Old VaultGUID=082481D6-5331-4BED-BC73-1EE54992B059 New VaultGUID=082481D6-5331-4BED-BC73-1EE54992B059 Old ItemGUID=e06a93cf-192a-426d-b22a-69ba13b8818c New ItemGUID=5377299D-4F3F-4106-89F9-D51B866A78B6 Old RevisionGUID=06392907-80AF-430B-AC96-9FFD86D59D48 New RevisionGUID=E9A35394-B6DB-44B1-B32E-89E6F9DBC99C
Change Managed Component Library Link : Designator=R19 Old VaultGUID=082481D6-5331-4BED-BC73-1EE54992B059 New VaultGUID=082481D6-5331-4BED-BC73-1EE54992B059 Old ItemGUID=17B1129B-FE66-45A3-BCDA-0F6744B5BA56 New ItemGUID=e06a93cf-192a-426d-b22a-69ba13b8818c Old RevisionGUID=AF1F2241-399D-4EFC-B5E0-AD88C8D31C0A New RevisionGUID=06392907-80AF-430B-AC96-9FFD86D59D48
Change Managed Component Library Link : Designator=R20 Old VaultGUID=082481D6-5331-4BED-BC73-1EE54992B059 New VaultGUID=082481D6-5331-4BED-BC73-1EE54992B059 Old ItemGUID=17B1129B-FE66-45A3-BCDA-0F6744B5BA56 New ItemGUID=e06a93cf-192a-426d-b22a-69ba13b8818c Old RevisionGUID=AF1F2241-399D-4EFC-B5E0-AD88C8D31C0A New RevisionGUID=06392907-80AF-430B-AC96-9FFD86D59D48
Change Managed Component Library Link : Designator=R23 Old VaultGUID=082481D6-5331-4BED-BC73-1EE54992B059 New VaultGUID=082481D6-5331-4BED-BC73-1EE54992B059 Old ItemGUID=e06a93cf-192a-426d-b22a-69ba13b8818c New ItemGUID=17B1129B-FE66-45A3-BCDA-0F6744B5BA56 Old RevisionGUID=06392907-80AF-430B-AC96-9FFD86D59D48 New RevisionGUID=AF1F2241-399D-4EFC-B5E0-AD88C8D31C0A
Change Managed Component Library Link : Designator=R24 Old VaultGUID=082481D6-5331-4BED-BC73-1EE54992B059 New VaultGUID=082481D6-5331-4BED-BC73-1EE54992B059 Old ItemGUID=8104fca7-4852-4953-b255-3fb46b4440bf New ItemGUID=17B1129B-FE66-45A3-BCDA-0F6744B5BA56 Old RevisionGUID=c568b08a-d64f-40d1-a889-acc5e539cb03 New RevisionGUID=AF1F2241-399D-4EFC-B5E0-AD88C8D31C0A
Change Managed Component Library Link : Designator=D9 Old VaultGUID= New VaultGUID=082481D6-5331-4BED-BC73-1EE54992B059 Old ItemGUID= New ItemGUID=995175DD-075F-455D-BE7D-8B4CCA70BE0E Old RevisionGUID= New RevisionGUID=4613F0A0-3BB0-4DFF-9492-B5A96703B9F5
Change Managed Component Library Link : Designator=U8 Old VaultGUID= New VaultGUID=082481D6-5331-4BED-BC73-1EE54992B059 Old ItemGUID= New ItemGUID=0ecd1d8b-d082-4c4f-bf02-75eab8efe79a Old RevisionGUID= New RevisionGUID=6c4f5caf-9773-45d8-825e-8ca051d8886a
Change component parameters: Designator = "C1" ("C1"); Footprint = "C0805FNPC-R"; UniqueID = "\AJFHFKTS\AUJKCCPX" ("\AJFHFKTS\AUJKCCPX")
Change component parameters (AddParameter): Name = ".Creator"; Value = "DR"; VariantName = "[No Variations]"
Change component parameters (AddParameter): Name = ".PCBcheck"; Value = ""; VariantName = "[No Variations]"
Change component parameters (AddParameter): Name = ".SCHcheck"; Value = ""; VariantName = "[No Variations]"
Change component parameters (AddParameter): Name = "Capacitance"; Value = ""; VariantName = "[No Variations]"
Change component parameters (AddParameter): Name = "Case Code (Metric)"; Value = "2012"; VariantName = "[No Variations]"
Change component parameters (AddParameter): Name = "Case/Package"; Value = "0805"; VariantName = "[No Variations]"
Change component parameters (AddParameter): Name = "Category"; Value = "Ceramic Capacitors"; VariantName = "[No Variations]"
Change component parameters (AddParameter): Name = "ComponentLink1Description"; Value = "http://www.farnell.com/datasheets/1958497.pdf?src-supplier=Farnell"; VariantName = "[No Variations]"
Change component parameters (AddParameter): Name = "ComponentLink1URL"; Value = "http://www.farnell.com/datasheets/1958497.pdf?src-supplier=Farnell"; VariantName = "[No Variations]"
Change component parameters (AddParameter): Name = "ComponentLink2Description"; Value = "http://www.farnell.com/datasheets/1958497.pdf?src-supplier=Element14"; VariantName = "[No Variations]"
Change component parameters (AddParameter): Name = "ComponentLink2URL"; Value = "http://www.farnell.com/datasheets/1958497.pdf?src-supplier=Element14"; VariantName = "[No Variations]"
Change component parameters (AddParameter): Name = "ComponentLink3Description"; Value = "http://www.farnell.com/datasheets/1958497.pdf?src-supplier=Newark"; VariantName = "[No Variations]"
Change component parameters (AddParameter): Name = "ComponentLink3URL"; Value = "http://www.farnell.com/datasheets/1958497.pdf?src-supplier=Newark"; VariantName = "[No Variations]"
Change component parameters (AddParameter): Name = "ComponentLink4Description"; Value = "https://katalog.we-online.de/pbs/datasheet/885012207092.pdf?src-supplier=Digi-Key"; VariantName = "[No Variations]"
Change component parameters (AddParameter): Name = "ComponentLink4URL"; Value = "https://katalog.we-online.de/pbs/datasheet/885012207092.pdf?src-supplier=Digi-Key"; VariantName = "[No Variations]"
Change component parameters (AddParameter): Name = "Construction"; Value = ""; VariantName = "[No Variations]"
Change component parameters (AddParameter): Name = "Depth"; Value = ""; VariantName = "[No Variations]"
Change component parameters (AddParameter): Name = "Design Item ID"; Value = "C10n-50V-0805FNPC-X7R"; VariantName = "[No Variations]"
Change component parameters (AddParameter): Name = "Diameter"; Value = ""; VariantName = "[No Variations]"
Change component parameters (AddParameter): Name = "Dielectric"; Value = "X7R"; VariantName = "[No Variations]"
Change component parameters (AddParameter): Name = "Dielectric Material"; Value = ""; VariantName = "[No Variations]"
Change component parameters (AddParameter): Name = "Dissipation Factor"; Value = ""; VariantName = "[No Variations]"
Change component parameters (AddParameter): Name = "ESR (Equivalent Series Resistance)"; Value = ""; VariantName = "[No Variations]"
Change component parameters (AddParameter): Name = "Features"; Value = ""; VariantName = "[No Variations]"
Change component parameters (AddParameter): Name = "Halogen Free"; Value = ""; VariantName = "[No Variations]"
Change component parameters (AddParameter): Name = "Height"; Value = ""; VariantName = "[No Variations]"
Change component parameters (AddParameter): Name = "Height - Seated (Max)"; Value = ""; VariantName = "[No Variations]"
Change component parameters (AddParameter): Name = "Impedance"; Value = ""; VariantName = "[No Variations]"
Change component parameters (AddParameter): Name = "Lead Diameter"; Value = ""; VariantName = "[No Variations]"
Change component parameters (AddParameter): Name = "Lead Free"; Value = ""; VariantName = "[No Variations]"
Change component parameters (AddParameter): Name = "Lead Pitch"; Value = ""; VariantName = "[No Variations]"
Change component parameters (AddParameter): Name = "Leakage Current"; Value = ""; VariantName = "[No Variations]"
Change component parameters (AddParameter): Name = "Length"; Value = "0.079inch"; VariantName = "[No Variations]"
Change component parameters (AddParameter): Name = "Life (Hours)"; Value = ""; VariantName = "[No Variations]"
Change component parameters (AddParameter): Name = "Manufacturer"; Value = ""; VariantName = "[No Variations]"
Change component parameters (AddParameter): Name = "Manufacturer 1"; Value = "Wurth Electronics"; VariantName = "[No Variations]"
Change component parameters (AddParameter): Name = "Manufacturer Part Number"; Value = ""; VariantName = "[No Variations]"
Change component parameters (AddParameter): Name = "Manufacturer Part Number 1"; Value = "885012207092"; VariantName = "[No Variations]"
Change component parameters (AddParameter): Name = "Material"; Value = ""; VariantName = "[No Variations]"
Change component parameters (AddParameter): Name = "Max Operating Temperature"; Value = "125°C"; VariantName = "[No Variations]"
Change component parameters (AddParameter): Name = "Min Operating Temperature"; Value = "-55°C"; VariantName = "[No Variations]"
Change component parameters (AddParameter): Name = "Mount"; Value = "Surface Mount"; VariantName = "[No Variations]"
Change component parameters (AddParameter): Name = "Package Quantity"; Value = ""; VariantName = "[No Variations]"
Change component parameters (AddParameter): Name = "Packaging"; Value = "Cut Tape"; VariantName = "[No Variations]"
Change component parameters (AddParameter): Name = "Pins"; Value = ""; VariantName = "[No Variations]"
Change component parameters (AddParameter): Name = "Polarity"; Value = ""; VariantName = "[No Variations]"
Change component parameters (AddParameter): Name = "Pricing 1"; Value = "4000=0,03200, 12000=0,03100 (USD)"; VariantName = "[No Variations]"
Change component parameters (AddParameter): Name = "Radiation Hardening"; Value = ""; VariantName = "[No Variations]"
Change component parameters (AddParameter): Name = "Ratings"; Value = ""; VariantName = "[No Variations]"
Change component parameters (AddParameter): Name = "REACH SVHC"; Value = "Unknown"; VariantName = "[No Variations]"
Change component parameters (AddParameter): Name = "Ripple Current"; Value = ""; VariantName = "[No Variations]"
Change component parameters (AddParameter): Name = "RoHS"; Value = "Yes"; VariantName = "[No Variations]"
Change component parameters (AddParameter): Name = "RoHS Compliant"; Value = "Yes"; VariantName = "[No Variations]"
Change component parameters (AddParameter): Name = "Series"; Value = ""; VariantName = "[No Variations]"
Change component parameters (AddParameter): Name = "Source"; Value = "Passives.SchLib"; VariantName = "[No Variations]"
Change component parameters (AddParameter): Name = "Stock 1"; Value = "1"; VariantName = "[No Variations]"
Change component parameters (AddParameter): Name = "Termination"; Value = ""; VariantName = "[No Variations]"
Change component parameters (AddParameter): Name = "Thickness"; Value = "0.035inch"; VariantName = "[No Variations]"
Change component parameters (AddParameter): Name = "Tolerance"; Value = "10%"; VariantName = "[No Variations]"
Change component parameters (AddParameter): Name = "Value"; Value = "10nF"; VariantName = "[No Variations]"
Change component parameters (AddParameter): Name = "Voltage"; Value = ""; VariantName = "[No Variations]"
Change component parameters (AddParameter): Name = "Voltage Rating"; Value = "50V"; VariantName = "[No Variations]"
Change component parameters (AddParameter): Name = "Voltage Rating (DC)"; Value = "50V"; VariantName = "[No Variations]"
Change component parameters (AddParameter): Name = "Weight"; Value = ""; VariantName = "[No Variations]"
Change component parameters (AddParameter): Name = "Width"; Value = "0.049inch"; VariantName = "[No Variations]"
Change component parameters: Designator = "C2" ("C2"); Footprint = "C0805FNPC-R"; UniqueID = "\AJFHFKTS\QPFHKFID" ("\AJFHFKTS\QPFHKFID")
Change component parameters (AddParameter): Name = ".Creator"; Value = "DR"; VariantName = "[No Variations]"
Change component parameters (AddParameter): Name = ".PCBcheck"; Value = ""; VariantName = "[No Variations]"
Change component parameters (AddParameter): Name = ".SCHcheck"; Value = ""; VariantName = "[No Variations]"
Change component parameters (AddParameter): Name = "Capacitance"; Value = ""; VariantName = "[No Variations]"
Change component parameters (AddParameter): Name = "Case Code (Metric)"; Value = "2012"; VariantName = "[No Variations]"
Change component parameters (AddParameter): Name = "Case/Package"; Value = "0805"; VariantName = "[No Variations]"
Change component parameters (AddParameter): Name = "Category"; Value = "Ceramic Capacitors"; VariantName = "[No Variations]"
Change component parameters (AddParameter): Name = "ComponentLink1Description"; Value = "http://www.farnell.com/datasheets/1958497.pdf?src-supplier=Farnell"; VariantName = "[No Variations]"
Change component parameters (AddParameter): Name = "ComponentLink1URL"; Value = "http://www.farnell.com/datasheets/1958497.pdf?src-supplier=Farnell"; VariantName = "[No Variations]"
Change component parameters (AddParameter): Name = "ComponentLink2Description"; Value = "http://www.farnell.com/datasheets/1958497.pdf?src-supplier=Element14"; VariantName = "[No Variations]"
Change component parameters (AddParameter): Name = "ComponentLink2URL"; Value = "http://www.farnell.com/datasheets/1958497.pdf?src-supplier=Element14"; VariantName = "[No Variations]"
Change component parameters (AddParameter): Name = "ComponentLink3Description"; Value = "http://www.farnell.com/datasheets/1958497.pdf?src-supplier=Newark"; VariantName = "[No Variations]"
Change component parameters (AddParameter): Name = "ComponentLink3URL"; Value = "http://www.farnell.com/datasheets/1958497.pdf?src-supplier=Newark"; VariantName = "[No Variations]"
Change component parameters (AddParameter): Name = "ComponentLink4Description"; Value = "https://katalog.we-online.de/pbs/datasheet/885012207092.pdf?src-supplier=Digi-Key"; VariantName = "[No Variations]"
Change component parameters (AddParameter): Name = "ComponentLink4URL"; Value = "https://katalog.we-online.de/pbs/datasheet/885012207092.pdf?src-supplier=Digi-Key"; VariantName = "[No Variations]"
Change component parameters (AddParameter): Name = "Construction"; Value = ""; VariantName = "[No Variations]"
Change component parameters (AddParameter): Name = "Depth"; Value = ""; VariantName = "[No Variations]"
Change component parameters (AddParameter): Name = "Design Item ID"; Value = "C10n-50V-0805FNPC-X7R"; VariantName = "[No Variations]"
Change component parameters (AddParameter): Name = "Diameter"; Value = ""; VariantName = "[No Variations]"
Change component parameters (AddParameter): Name = "Dielectric"; Value = "X7R"; VariantName = "[No Variations]"
Change component parameters (AddParameter): Name = "Dielectric Material"; Value = ""; VariantName = "[No Variations]"
Change component parameters (AddParameter): Name = "Dissipation Factor"; Value = ""; VariantName = "[No Variations]"
Change component parameters (AddParameter): Name = "ESR (Equivalent Series Resistance)"; Value = ""; VariantName = "[No Variations]"
Change component parameters (AddParameter): Name = "Features"; Value = ""; VariantName = "[No Variations]"
Change component parameters (AddParameter): Name = "Halogen Free"; Value = ""; VariantName = "[No Variations]"
Change component parameters (AddParameter): Name = "Height"; Value = ""; VariantName = "[No Variations]"
Change component parameters (AddParameter): Name = "Height - Seated (Max)"; Value = ""; VariantName = "[No Variations]"
Change component parameters (AddParameter): Name = "Impedance"; Value = ""; VariantName = "[No Variations]"
Change component parameters (AddParameter): Name = "Lead Diameter"; Value = ""; VariantName = "[No Variations]"
Change component parameters (AddParameter): Name = "Lead Free"; Value = ""; VariantName = "[No Variations]"
Change component parameters (AddParameter): Name = "Lead Pitch"; Value = ""; VariantName = "[No Variations]"
Change component parameters (AddParameter): Name = "Leakage Current"; Value = ""; VariantName = "[No Variations]"
Change component parameters (AddParameter): Name = "Length"; Value = "0.079inch"; VariantName = "[No Variations]"
Change component parameters (AddParameter): Name = "Life (Hours)"; Value = ""; VariantName = "[No Variations]"
Change component parameters (AddParameter): Name = "Manufacturer"; Value = ""; VariantName = "[No Variations]"
Change component parameters (AddParameter): Name = "Manufacturer 1"; Value = "Wurth Electronics"; VariantName = "[No Variations]"
Change component parameters (AddParameter): Name = "Manufacturer Part Number"; Value = ""; VariantName = "[No Variations]"
Change component parameters (AddParameter): Name = "Manufacturer Part Number 1"; Value = "885012207092"; VariantName = "[No Variations]"
Change component parameters (AddParameter): Name = "Material"; Value = ""; VariantName = "[No Variations]"
Change component parameters (AddParameter): Name = "Max Operating Temperature"; Value = "125°C"; VariantName = "[No Variations]"
Change component parameters (AddParameter): Name = "Min Operating Temperature"; Value = "-55°C"; VariantName = "[No Variations]"
Change component parameters (AddParameter): Name = "Mount"; Value = "Surface Mount"; VariantName = "[No Variations]"
Change component parameters (AddParameter): Name = "Package Quantity"; Value = ""; VariantName = "[No Variations]"
Change component parameters (AddParameter): Name = "Packaging"; Value = "Cut Tape"; VariantName = "[No Variations]"
Change component parameters (AddParameter): Name = "Pins"; Value = ""; VariantName = "[No Variations]"
Change component parameters (AddParameter): Name = "Polarity"; Value = ""; VariantName = "[No Variations]"
Change component parameters (AddParameter): Name = "Pricing 1"; Value = "4000=0,03200, 12000=0,03100 (USD)"; VariantName = "[No Variations]"
Change component parameters (AddParameter): Name = "Radiation Hardening"; Value = ""; VariantName = "[No Variations]"
Change component parameters (AddParameter): Name = "Ratings"; Value = ""; VariantName = "[No Variations]"
Change component parameters (AddParameter): Name = "REACH SVHC"; Value = "Unknown"; VariantName = "[No Variations]"
Change component parameters (AddParameter): Name = "Ripple Current"; Value = ""; VariantName = "[No Variations]"
Change component parameters (AddParameter): Name = "RoHS"; Value = "Yes"; VariantName = "[No Variations]"
Change component parameters (AddParameter): Name = "RoHS Compliant"; Value = "Yes"; VariantName = "[No Variations]"
Change component parameters (AddParameter): Name = "Series"; Value = ""; VariantName = "[No Variations]"
Change component parameters (AddParameter): Name = "Source"; Value = "Passives.SchLib"; VariantName = "[No Variations]"
Change component parameters (AddParameter): Name = "Stock 1"; Value = "1"; VariantName = "[No Variations]"
Change component parameters (AddParameter): Name = "Termination"; Value = ""; VariantName = "[No Variations]"
Change component parameters (AddParameter): Name = "Thickness"; Value = "0.035inch"; VariantName = "[No Variations]"
Change component parameters (AddParameter): Name = "Tolerance"; Value = "10%"; VariantName = "[No Variations]"
Change component parameters (AddParameter): Name = "Value"; Value = "10nF"; VariantName = "[No Variations]"
Change component parameters (AddParameter): Name = "Voltage"; Value = ""; VariantName = "[No Variations]"
Change component parameters (AddParameter): Name = "Voltage Rating"; Value = "50V"; VariantName = "[No Variations]"
Change component parameters (AddParameter): Name = "Voltage Rating (DC)"; Value = "50V"; VariantName = "[No Variations]"
Change component parameters (AddParameter): Name = "Weight"; Value = ""; VariantName = "[No Variations]"
Change component parameters (AddParameter): Name = "Width"; Value = "0.049inch"; VariantName = "[No Variations]"
Change component parameters: Designator = "C3" ("C3"); Footprint = "C0805FNPC-R"; UniqueID = "\AJFHFKTS\BGUDCBTA" ("\AJFHFKTS\BGUDCBTA")
Change component parameters (AddParameter): Name = ".Creator"; Value = "DR"; VariantName = "[No Variations]"
Change component parameters (AddParameter): Name = ".PCBcheck"; Value = ""; VariantName = "[No Variations]"
Change component parameters (AddParameter): Name = ".SCHcheck"; Value = ""; VariantName = "[No Variations]"
Change component parameters (AddParameter): Name = "Capacitance"; Value = ""; VariantName = "[No Variations]"
Change component parameters (AddParameter): Name = "Case Code (Metric)"; Value = "2012"; VariantName = "[No Variations]"
Change component parameters (AddParameter): Name = "Case/Package"; Value = "0805"; VariantName = "[No Variations]"
Change component parameters (AddParameter): Name = "Category"; Value = "Ceramic Capacitors"; VariantName = "[No Variations]"
Change component parameters (AddParameter): Name = "ComponentLink1Description"; Value = "http://www.farnell.com/datasheets/1958497.pdf?src-supplier=Farnell"; VariantName = "[No Variations]"
Change component parameters (AddParameter): Name = "ComponentLink1URL"; Value = "http://www.farnell.com/datasheets/1958497.pdf?src-supplier=Farnell"; VariantName = "[No Variations]"
Change component parameters (AddParameter): Name = "ComponentLink2Description"; Value = "http://www.farnell.com/datasheets/1958497.pdf?src-supplier=Element14"; VariantName = "[No Variations]"
Change component parameters (AddParameter): Name = "ComponentLink2URL"; Value = "http://www.farnell.com/datasheets/1958497.pdf?src-supplier=Element14"; VariantName = "[No Variations]"
Change component parameters (AddParameter): Name = "ComponentLink3Description"; Value = "http://www.farnell.com/datasheets/1958497.pdf?src-supplier=Newark"; VariantName = "[No Variations]"
Change component parameters (AddParameter): Name = "ComponentLink3URL"; Value = "http://www.farnell.com/datasheets/1958497.pdf?src-supplier=Newark"; VariantName = "[No Variations]"
Change component parameters (AddParameter): Name = "ComponentLink4Description"; Value = "https://katalog.we-online.de/pbs/datasheet/885012207092.pdf?src-supplier=Digi-Key"; VariantName = "[No Variations]"
Change component parameters (AddParameter): Name = "ComponentLink4URL"; Value = "https://katalog.we-online.de/pbs/datasheet/885012207092.pdf?src-supplier=Digi-Key"; VariantName = "[No Variations]"
Change component parameters (AddParameter): Name = "Construction"; Value = ""; VariantName = "[No Variations]"
Change component parameters (AddParameter): Name = "Depth"; Value = ""; VariantName = "[No Variations]"
Change component parameters (AddParameter): Name = "Design Item ID"; Value = "C10n-50V-0805FNPC-X7R"; VariantName = "[No Variations]"
Change component parameters (AddParameter): Name = "Diameter"; Value = ""; VariantName = "[No Variations]"
Change component parameters (AddParameter): Name = "Dielectric"; Value = "X7R"; VariantName = "[No Variations]"
Change component parameters (AddParameter): Name = "Dielectric Material"; Value = ""; VariantName = "[No Variations]"
Change component parameters (AddParameter): Name = "Dissipation Factor"; Value = ""; VariantName = "[No Variations]"
Change component parameters (AddParameter): Name = "ESR (Equivalent Series Resistance)"; Value = ""; VariantName = "[No Variations]"
Change component parameters (AddParameter): Name = "Features"; Value = ""; VariantName = "[No Variations]"
Change component parameters (AddParameter): Name = "Halogen Free"; Value = ""; VariantName = "[No Variations]"
Change component parameters (AddParameter): Name = "Height"; Value = ""; VariantName = "[No Variations]"
Change component parameters (AddParameter): Name = "Height - Seated (Max)"; Value = ""; VariantName = "[No Variations]"
Change component parameters (AddParameter): Name = "Impedance"; Value = ""; VariantName = "[No Variations]"
Change component parameters (AddParameter): Name = "Lead Diameter"; Value = ""; VariantName = "[No Variations]"
Change component parameters (AddParameter): Name = "Lead Free"; Value = ""; VariantName = "[No Variations]"
Change component parameters (AddParameter): Name = "Lead Pitch"; Value = ""; VariantName = "[No Variations]"
Change component parameters (AddParameter): Name = "Leakage Current"; Value = ""; VariantName = "[No Variations]"
Change component parameters (AddParameter): Name = "Length"; Value = "0.079inch"; VariantName = "[No Variations]"
Change component parameters (AddParameter): Name = "Life (Hours)"; Value = ""; VariantName = "[No Variations]"
Change component parameters (AddParameter): Name = "Manufacturer"; Value = ""; VariantName = "[No Variations]"
Change component parameters (AddParameter): Name = "Manufacturer 1"; Value = "Wurth Electronics"; VariantName = "[No Variations]"
Change component parameters (AddParameter): Name = "Manufacturer Part Number"; Value = ""; VariantName = "[No Variations]"
Change component parameters (AddParameter): Name = "Manufacturer Part Number 1"; Value = "885012207092"; VariantName = "[No Variations]"
Change component parameters (AddParameter): Name = "Material"; Value = ""; VariantName = "[No Variations]"
Change component parameters (AddParameter): Name = "Max Operating Temperature"; Value = "125°C"; VariantName = "[No Variations]"
Change component parameters (AddParameter): Name = "Min Operating Temperature"; Value = "-55°C"; VariantName = "[No Variations]"
Change component parameters (AddParameter): Name = "Mount"; Value = "Surface Mount"; VariantName = "[No Variations]"
Change component parameters (AddParameter): Name = "Package Quantity"; Value = ""; VariantName = "[No Variations]"
Change component parameters (AddParameter): Name = "Packaging"; Value = "Cut Tape"; VariantName = "[No Variations]"
Change component parameters (AddParameter): Name = "Pins"; Value = ""; VariantName = "[No Variations]"
Change component parameters (AddParameter): Name = "Polarity"; Value = ""; VariantName = "[No Variations]"
Change component parameters (AddParameter): Name = "Pricing 1"; Value = "4000=0,03200, 12000=0,03100 (USD)"; VariantName = "[No Variations]"
Change component parameters (AddParameter): Name = "Radiation Hardening"; Value = ""; VariantName = "[No Variations]"
Change component parameters (AddParameter): Name = "Ratings"; Value = ""; VariantName = "[No Variations]"
Change component parameters (AddParameter): Name = "REACH SVHC"; Value = "Unknown"; VariantName = "[No Variations]"
Change component parameters (AddParameter): Name = "Ripple Current"; Value = ""; VariantName = "[No Variations]"
Change component parameters (AddParameter): Name = "RoHS"; Value = "Yes"; VariantName = "[No Variations]"
Change component parameters (AddParameter): Name = "RoHS Compliant"; Value = "Yes"; VariantName = "[No Variations]"
Change component parameters (AddParameter): Name = "Series"; Value = ""; VariantName = "[No Variations]"
Change component parameters (AddParameter): Name = "Source"; Value = "Passives.SchLib"; VariantName = "[No Variations]"
Change component parameters (AddParameter): Name = "Stock 1"; Value = "1"; VariantName = "[No Variations]"
Change component parameters (AddParameter): Name = "Termination"; Value = ""; VariantName = "[No Variations]"
Change component parameters (AddParameter): Name = "Thickness"; Value = "0.035inch"; VariantName = "[No Variations]"
Change component parameters (AddParameter): Name = "Tolerance"; Value = "10%"; VariantName = "[No Variations]"
Change component parameters (AddParameter): Name = "Value"; Value = "10nF"; VariantName = "[No Variations]"
Change component parameters (AddParameter): Name = "Voltage"; Value = ""; VariantName = "[No Variations]"
Change component parameters (AddParameter): Name = "Voltage Rating"; Value = "50V"; VariantName = "[No Variations]"
Change component parameters (AddParameter): Name = "Voltage Rating (DC)"; Value = "50V"; VariantName = "[No Variations]"
Change component parameters (AddParameter): Name = "Weight"; Value = ""; VariantName = "[No Variations]"
Change component parameters (AddParameter): Name = "Width"; Value = "0.049inch"; VariantName = "[No Variations]"
Change component parameters: Designator = "C4" ("C4"); Footprint = "C0805FNPC-R"; UniqueID = "\AJFHFKTS\RQINWCDL" ("\AJFHFKTS\RQINWCDL")
Change component parameters (AddParameter): Name = ".Creator"; Value = "DR"; VariantName = "[No Variations]"
Change component parameters (AddParameter): Name = ".PCBcheck"; Value = ""; VariantName = "[No Variations]"
Change component parameters (AddParameter): Name = ".SCHcheck"; Value = ""; VariantName = "[No Variations]"
Change component parameters (AddParameter): Name = "Capacitance"; Value = ""; VariantName = "[No Variations]"
Change component parameters (AddParameter): Name = "Case Code (Metric)"; Value = "2012"; VariantName = "[No Variations]"
Change component parameters (AddParameter): Name = "Case/Package"; Value = "0805"; VariantName = "[No Variations]"
Change component parameters (AddParameter): Name = "Category"; Value = "Ceramic Capacitors"; VariantName = "[No Variations]"
Change component parameters (AddParameter): Name = "ComponentLink1Description"; Value = "http://www.farnell.com/datasheets/1958497.pdf?src-supplier=Farnell"; VariantName = "[No Variations]"
Change component parameters (AddParameter): Name = "ComponentLink1URL"; Value = "http://www.farnell.com/datasheets/1958497.pdf?src-supplier=Farnell"; VariantName = "[No Variations]"
Change component parameters (AddParameter): Name = "ComponentLink2Description"; Value = "http://www.farnell.com/datasheets/1958497.pdf?src-supplier=Element14"; VariantName = "[No Variations]"
Change component parameters (AddParameter): Name = "ComponentLink2URL"; Value = "http://www.farnell.com/datasheets/1958497.pdf?src-supplier=Element14"; VariantName = "[No Variations]"
Change component parameters (AddParameter): Name = "ComponentLink3Description"; Value = "http://www.farnell.com/datasheets/1958497.pdf?src-supplier=Newark"; VariantName = "[No Variations]"
Change component parameters (AddParameter): Name = "ComponentLink3URL"; Value = "http://www.farnell.com/datasheets/1958497.pdf?src-supplier=Newark"; VariantName = "[No Variations]"
Change component parameters (AddParameter): Name = "ComponentLink4Description"; Value = "https://katalog.we-online.de/pbs/datasheet/885012207092.pdf?src-supplier=Digi-Key"; VariantName = "[No Variations]"
Change component parameters (AddParameter): Name = "ComponentLink4URL"; Value = "https://katalog.we-online.de/pbs/datasheet/885012207092.pdf?src-supplier=Digi-Key"; VariantName = "[No Variations]"
Change component parameters (AddParameter): Name = "Construction"; Value = ""; VariantName = "[No Variations]"
Change component parameters (AddParameter): Name = "Depth"; Value = ""; VariantName = "[No Variations]"
Change component parameters (AddParameter): Name = "Design Item ID"; Value = "C10n-50V-0805FNPC-X7R"; VariantName = "[No Variations]"
Change component parameters (AddParameter): Name = "Diameter"; Value = ""; VariantName = "[No Variations]"
Change component parameters (AddParameter): Name = "Dielectric"; Value = "X7R"; VariantName = "[No Variations]"
Change component parameters (AddParameter): Name = "Dielectric Material"; Value = ""; VariantName = "[No Variations]"
Change component parameters (AddParameter): Name = "Dissipation Factor"; Value = ""; VariantName = "[No Variations]"
Change component parameters (AddParameter): Name = "ESR (Equivalent Series Resistance)"; Value = ""; VariantName = "[No Variations]"
Change component parameters (AddParameter): Name = "Features"; Value = ""; VariantName = "[No Variations]"
Change component parameters (AddParameter): Name = "Halogen Free"; Value = ""; VariantName = "[No Variations]"
Change component parameters (AddParameter): Name = "Height"; Value = ""; VariantName = "[No Variations]"
Change component parameters (AddParameter): Name = "Height - Seated (Max)"; Value = ""; VariantName = "[No Variations]"
Change component parameters (AddParameter): Name = "Impedance"; Value = ""; VariantName = "[No Variations]"
Change component parameters (AddParameter): Name = "Lead Diameter"; Value = ""; VariantName = "[No Variations]"
Change component parameters (AddParameter): Name = "Lead Free"; Value = ""; VariantName = "[No Variations]"
Change component parameters (AddParameter): Name = "Lead Pitch"; Value = ""; VariantName = "[No Variations]"
Change component parameters (AddParameter): Name = "Leakage Current"; Value = ""; VariantName = "[No Variations]"
Change component parameters (AddParameter): Name = "Length"; Value = "0.079inch"; VariantName = "[No Variations]"
Change component parameters (AddParameter): Name = "Life (Hours)"; Value = ""; VariantName = "[No Variations]"
Change component parameters (AddParameter): Name = "Manufacturer"; Value = ""; VariantName = "[No Variations]"
Change component parameters (AddParameter): Name = "Manufacturer 1"; Value = "Wurth Electronics"; VariantName = "[No Variations]"
Change component parameters (AddParameter): Name = "Manufacturer Part Number"; Value = ""; VariantName = "[No Variations]"
Change component parameters (AddParameter): Name = "Manufacturer Part Number 1"; Value = "885012207092"; VariantName = "[No Variations]"
Change component parameters (AddParameter): Name = "Material"; Value = ""; VariantName = "[No Variations]"
Change component parameters (AddParameter): Name = "Max Operating Temperature"; Value = "125°C"; VariantName = "[No Variations]"
Change component parameters (AddParameter): Name = "Min Operating Temperature"; Value = "-55°C"; VariantName = "[No Variations]"
Change component parameters (AddParameter): Name = "Mount"; Value = "Surface Mount"; VariantName = "[No Variations]"
Change component parameters (AddParameter): Name = "Package Quantity"; Value = ""; VariantName = "[No Variations]"
Change component parameters (AddParameter): Name = "Packaging"; Value = "Cut Tape"; VariantName = "[No Variations]"
Change component parameters (AddParameter): Name = "Pins"; Value = ""; VariantName = "[No Variations]"
Change component parameters (AddParameter): Name = "Polarity"; Value = ""; VariantName = "[No Variations]"
Change component parameters (AddParameter): Name = "Pricing 1"; Value = "4000=0,03200, 12000=0,03100 (USD)"; VariantName = "[No Variations]"
Change component parameters (AddParameter): Name = "Radiation Hardening"; Value = ""; VariantName = "[No Variations]"
Change component parameters (AddParameter): Name = "Ratings"; Value = ""; VariantName = "[No Variations]"
Change component parameters (AddParameter): Name = "REACH SVHC"; Value = "Unknown"; VariantName = "[No Variations]"
Change component parameters (AddParameter): Name = "Ripple Current"; Value = ""; VariantName = "[No Variations]"
Change component parameters (AddParameter): Name = "RoHS"; Value = "Yes"; VariantName = "[No Variations]"
Change component parameters (AddParameter): Name = "RoHS Compliant"; Value = "Yes"; VariantName = "[No Variations]"
Change component parameters (AddParameter): Name = "Series"; Value = ""; VariantName = "[No Variations]"
Change component parameters (AddParameter): Name = "Source"; Value = "Passives.SchLib"; VariantName = "[No Variations]"
Change component parameters (AddParameter): Name = "Stock 1"; Value = "1"; VariantName = "[No Variations]"
Change component parameters (AddParameter): Name = "Termination"; Value = ""; VariantName = "[No Variations]"
Change component parameters (AddParameter): Name = "Thickness"; Value = "0.035inch"; VariantName = "[No Variations]"
Change component parameters (AddParameter): Name = "Tolerance"; Value = "10%"; VariantName = "[No Variations]"
Change component parameters (AddParameter): Name = "Value"; Value = "10nF"; VariantName = "[No Variations]"
Change component parameters (AddParameter): Name = "Voltage"; Value = ""; VariantName = "[No Variations]"
Change component parameters (AddParameter): Name = "Voltage Rating"; Value = "50V"; VariantName = "[No Variations]"
Change component parameters (AddParameter): Name = "Voltage Rating (DC)"; Value = "50V"; VariantName = "[No Variations]"
Change component parameters (AddParameter): Name = "Weight"; Value = ""; VariantName = "[No Variations]"
Change component parameters (AddParameter): Name = "Width"; Value = "0.049inch"; VariantName = "[No Variations]"
Change component parameters: Designator = "C5" ("C5"); Footprint = "C0805FNPC-R"; UniqueID = "\AJFHFKTS\TOWZSXWO" ("\AJFHFKTS\TOWZSXWO")
Change component parameters (AddParameter): Name = ".Creator"; Value = "DR"; VariantName = "[No Variations]"
Change component parameters (AddParameter): Name = ".PCBcheck"; Value = ""; VariantName = "[No Variations]"
Change component parameters (AddParameter): Name = ".SCHcheck"; Value = ""; VariantName = "[No Variations]"
Change component parameters (AddParameter): Name = "Capacitance"; Value = ""; VariantName = "[No Variations]"
Change component parameters (AddParameter): Name = "Case Code (Metric)"; Value = "2012"; VariantName = "[No Variations]"
Change component parameters (AddParameter): Name = "Case/Package"; Value = "0805"; VariantName = "[No Variations]"
Change component parameters (AddParameter): Name = "Category"; Value = "Ceramic Capacitors"; VariantName = "[No Variations]"
Change component parameters (AddParameter): Name = "ComponentLink1Description"; Value = "http://www.farnell.com/datasheets/1958498.pdf?src-supplier=Farnell"; VariantName = "[No Variations]"
Change component parameters (AddParameter): Name = "ComponentLink1URL"; Value = "http://www.farnell.com/datasheets/1958498.pdf?src-supplier=Farnell"; VariantName = "[No Variations]"
Change component parameters (AddParameter): Name = "ComponentLink2Description"; Value = "http://www.farnell.com/datasheets/1958498.pdf?src-supplier=Element14"; VariantName = "[No Variations]"
Change component parameters (AddParameter): Name = "ComponentLink2URL"; Value = "http://www.farnell.com/datasheets/1958498.pdf?src-supplier=Element14"; VariantName = "[No Variations]"
Change component parameters (AddParameter): Name = "ComponentLink3Description"; Value = "https://katalog.we-online.de/pbs/datasheet/885012207098.pdf?src-supplier=Digi-Key"; VariantName = "[No Variations]"
Change component parameters (AddParameter): Name = "ComponentLink3URL"; Value = "https://katalog.we-online.de/pbs/datasheet/885012207098.pdf?src-supplier=Digi-Key"; VariantName = "[No Variations]"
Change component parameters (AddParameter): Name = "ComponentLink4Description"; Value = "http://www.farnell.com/datasheets/1958498.pdf?src-supplier=Newark"; VariantName = "[No Variations]"
Change component parameters (AddParameter): Name = "ComponentLink4URL"; Value = "http://www.farnell.com/datasheets/1958498.pdf?src-supplier=Newark"; VariantName = "[No Variations]"
Change component parameters (AddParameter): Name = "Construction"; Value = ""; VariantName = "[No Variations]"
Change component parameters (AddParameter): Name = "Depth"; Value = ""; VariantName = "[No Variations]"
Change component parameters (AddParameter): Name = "Design Item ID"; Value = "C100n-50V-0805FNPC-X7R"; VariantName = "[No Variations]"
Change component parameters (AddParameter): Name = "Diameter"; Value = ""; VariantName = "[No Variations]"
Change component parameters (AddParameter): Name = "Dielectric"; Value = "X7R"; VariantName = "[No Variations]"
Change component parameters (AddParameter): Name = "Dielectric Material"; Value = ""; VariantName = "[No Variations]"
Change component parameters (AddParameter): Name = "Dissipation Factor"; Value = ""; VariantName = "[No Variations]"
Change component parameters (AddParameter): Name = "ESR (Equivalent Series Resistance)"; Value = ""; VariantName = "[No Variations]"
Change component parameters (AddParameter): Name = "Features"; Value = ""; VariantName = "[No Variations]"
Change component parameters (AddParameter): Name = "Halogen Free"; Value = ""; VariantName = "[No Variations]"
Change component parameters (AddParameter): Name = "Height"; Value = ""; VariantName = "[No Variations]"
Change component parameters (AddParameter): Name = "Height - Seated (Max)"; Value = ""; VariantName = "[No Variations]"
Change component parameters (AddParameter): Name = "Impedance"; Value = ""; VariantName = "[No Variations]"
Change component parameters (AddParameter): Name = "Lead Diameter"; Value = ""; VariantName = "[No Variations]"
Change component parameters (AddParameter): Name = "Lead Free"; Value = ""; VariantName = "[No Variations]"
Change component parameters (AddParameter): Name = "Lead Pitch"; Value = ""; VariantName = "[No Variations]"
Change component parameters (AddParameter): Name = "Leakage Current"; Value = ""; VariantName = "[No Variations]"
Change component parameters (AddParameter): Name = "Length"; Value = "0.079inch"; VariantName = "[No Variations]"
Change component parameters (AddParameter): Name = "Life (Hours)"; Value = ""; VariantName = "[No Variations]"
Change component parameters (AddParameter): Name = "Manufacturer"; Value = ""; VariantName = "[No Variations]"
Change component parameters (AddParameter): Name = "Manufacturer 1"; Value = "Wurth Electronics"; VariantName = "[No Variations]"
Change component parameters (AddParameter): Name = "Manufacturer Part Number"; Value = ""; VariantName = "[No Variations]"
Change component parameters (AddParameter): Name = "Manufacturer Part Number 1"; Value = "885012207098"; VariantName = "[No Variations]"
Change component parameters (AddParameter): Name = "Material"; Value = ""; VariantName = "[No Variations]"
Change component parameters (AddParameter): Name = "Max Operating Temperature"; Value = "125°C"; VariantName = "[No Variations]"
Change component parameters (AddParameter): Name = "Min Operating Temperature"; Value = "-55°C"; VariantName = "[No Variations]"
Change component parameters (AddParameter): Name = "Mount"; Value = "Surface Mount"; VariantName = "[No Variations]"
Change component parameters (AddParameter): Name = "Package Quantity"; Value = ""; VariantName = "[No Variations]"
Change component parameters (AddParameter): Name = "Packaging"; Value = "Cut Tape"; VariantName = "[No Variations]"
Change component parameters (AddParameter): Name = "Pins"; Value = ""; VariantName = "[No Variations]"
Change component parameters (AddParameter): Name = "Polarity"; Value = ""; VariantName = "[No Variations]"
Change component parameters (AddParameter): Name = "Pricing 1"; Value = "100=0,10200, 500=0,07100, 2000=0,06100 (GBP)"; VariantName = "[No Variations]"
Change component parameters (AddParameter): Name = "Radiation Hardening"; Value = ""; VariantName = "[No Variations]"
Change component parameters (AddParameter): Name = "Ratings"; Value = ""; VariantName = "[No Variations]"
Change component parameters (AddParameter): Name = "REACH SVHC"; Value = "Unknown"; VariantName = "[No Variations]"
Change component parameters (AddParameter): Name = "Ripple Current"; Value = ""; VariantName = "[No Variations]"
Change component parameters (AddParameter): Name = "RoHS"; Value = "Yes"; VariantName = "[No Variations]"
Change component parameters (AddParameter): Name = "RoHS Compliant"; Value = "Yes"; VariantName = "[No Variations]"
Change component parameters (AddParameter): Name = "Series"; Value = ""; VariantName = "[No Variations]"
Change component parameters (AddParameter): Name = "Source"; Value = "Passives.SchLib"; VariantName = "[No Variations]"
Change component parameters (AddParameter): Name = "Stock 1"; Value = "8000"; VariantName = "[No Variations]"
Change component parameters (AddParameter): Name = "Termination"; Value = ""; VariantName = "[No Variations]"
Change component parameters (AddParameter): Name = "Thickness"; Value = "0.035inch"; VariantName = "[No Variations]"
Change component parameters (AddParameter): Name = "Tolerance"; Value = "10%"; VariantName = "[No Variations]"
Change component parameters (AddParameter): Name = "Value"; Value = "100nF"; VariantName = "[No Variations]"
Change component parameters (AddParameter): Name = "Voltage"; Value = ""; VariantName = "[No Variations]"
Change component parameters (AddParameter): Name = "Voltage Rating"; Value = "50V"; VariantName = "[No Variations]"
Change component parameters (AddParameter): Name = "Voltage Rating (DC)"; Value = "50V"; VariantName = "[No Variations]"
Change component parameters (AddParameter): Name = "Weight"; Value = ""; VariantName = "[No Variations]"
Change component parameters (AddParameter): Name = "Width"; Value = "0.049inch"; VariantName = "[No Variations]"
Change component parameters: Designator = "C6" ("C6"); Footprint = "C0805FNPC-R"; UniqueID = "\AJFHFKTS\AJALAXEY" ("\AJFHFKTS\AJALAXEY")
Change component parameters (AddParameter): Name = ".Creator"; Value = "GP"; VariantName = "[No Variations]"
Change component parameters (AddParameter): Name = ".PCBcheck"; Value = ""; VariantName = "[No Variations]"
Change component parameters (AddParameter): Name = ".SCHcheck"; Value = ""; VariantName = "[No Variations]"
Change component parameters (AddParameter): Name = "Capacitance"; Value = ""; VariantName = "[No Variations]"
Change component parameters (AddParameter): Name = "Case Code (Metric)"; Value = "3216"; VariantName = "[No Variations]"
Change component parameters (AddParameter): Name = "Case/Package"; Value = "1206"; VariantName = "[No Variations]"
Change component parameters (AddParameter): Name = "Category"; Value = "Ceramic Capacitors"; VariantName = "[No Variations]"
Change component parameters (AddParameter): Name = "ComponentLink1Description"; Value = "http://www.farnell.com/datasheets/2031891.pdf?src-supplier=Farnell"; VariantName = "[No Variations]"
Change component parameters (AddParameter): Name = "ComponentLink1URL"; Value = "http://www.farnell.com/datasheets/2031891.pdf?src-supplier=Farnell"; VariantName = "[No Variations]"
Change component parameters (AddParameter): Name = "ComponentLink2Description"; Value = "http://katalog.we-online.de/pbs/datasheet/885012208009.pdf?src-supplier=Digi-Key"; VariantName = "[No Variations]"
Change component parameters (AddParameter): Name = "ComponentLink2URL"; Value = "http://katalog.we-online.de/pbs/datasheet/885012208009.pdf?src-supplier=Digi-Key"; VariantName = "[No Variations]"
Change component parameters (AddParameter): Name = "ComponentLink3Description"; Value = "https://katalog.we-online.de/pbs/datasheet/885012208009.pdf?src-supplier=Digi-Key"; VariantName = "[No Variations]"
Change component parameters (AddParameter): Name = "ComponentLink3URL"; Value = "https://katalog.we-online.de/pbs/datasheet/885012208009.pdf?src-supplier=Digi-Key"; VariantName = "[No Variations]"
Change component parameters (AddParameter): Name = "ComponentLink4Description"; Value = "Wurth Elektronik"; VariantName = "[No Variations]"
Change component parameters (AddParameter): Name = "ComponentLink4URL"; Value = "https://www.we-online.com/catalog/en/WCAP-CSGP-10VDC?sq=885012208009#885012208009"; VariantName = "[No Variations]"
Change component parameters (AddParameter): Name = "Construction"; Value = ""; VariantName = "[No Variations]"
Change component parameters (AddParameter): Name = "Depth"; Value = ""; VariantName = "[No Variations]"
Change component parameters (AddParameter): Name = "Design Item ID"; Value = "C100n-10V-1206FNPC-X7R"; VariantName = "[No Variations]"
Change component parameters (AddParameter): Name = "Diameter"; Value = ""; VariantName = "[No Variations]"
Change component parameters (AddParameter): Name = "Dielectric"; Value = ""; VariantName = "[No Variations]"
Change component parameters (AddParameter): Name = "Dielectric Material"; Value = ""; VariantName = "[No Variations]"
Change component parameters (AddParameter): Name = "Dissipation Factor"; Value = ""; VariantName = "[No Variations]"
Change component parameters (AddParameter): Name = "ESR (Equivalent Series Resistance)"; Value = ""; VariantName = "[No Variations]"
Change component parameters (AddParameter): Name = "Features"; Value = ""; VariantName = "[No Variations]"
Change component parameters (AddParameter): Name = "Halogen Free"; Value = ""; VariantName = "[No Variations]"
Change component parameters (AddParameter): Name = "Height"; Value = ""; VariantName = "[No Variations]"
Change component parameters (AddParameter): Name = "Height - Seated (Max)"; Value = ""; VariantName = "[No Variations]"
Change component parameters (AddParameter): Name = "Impedance"; Value = ""; VariantName = "[No Variations]"
Change component parameters (AddParameter): Name = "Lead Diameter"; Value = ""; VariantName = "[No Variations]"
Change component parameters (AddParameter): Name = "Lead Free"; Value = ""; VariantName = "[No Variations]"
Change component parameters (AddParameter): Name = "Lead Pitch"; Value = ""; VariantName = "[No Variations]"
Change component parameters (AddParameter): Name = "Leakage Current"; Value = ""; VariantName = "[No Variations]"
Change component parameters (AddParameter): Name = "Length"; Value = "0.126inch"; VariantName = "[No Variations]"
Change component parameters (AddParameter): Name = "Life (Hours)"; Value = ""; VariantName = "[No Variations]"
Change component parameters (AddParameter): Name = "Manufacturer"; Value = ""; VariantName = "[No Variations]"
Change component parameters (AddParameter): Name = "Manufacturer 1"; Value = "Wurth Electronics"; VariantName = "[No Variations]"
Change component parameters (AddParameter): Name = "Manufacturer Part Number"; Value = ""; VariantName = "[No Variations]"
Change component parameters (AddParameter): Name = "Manufacturer Part Number 1"; Value = "885012208009"; VariantName = "[No Variations]"
Change component parameters (AddParameter): Name = "Material"; Value = ""; VariantName = "[No Variations]"
Change component parameters (AddParameter): Name = "Max Operating Temperature"; Value = "125°C"; VariantName = "[No Variations]"
Change component parameters (AddParameter): Name = "Min Operating Temperature"; Value = "-55°C"; VariantName = "[No Variations]"
Change component parameters (AddParameter): Name = "Mount"; Value = "Surface Mount"; VariantName = "[No Variations]"
Change component parameters (AddParameter): Name = "Package Quantity"; Value = ""; VariantName = "[No Variations]"
Change component parameters (AddParameter): Name = "Packaging"; Value = "Tape and Reel"; VariantName = "[No Variations]"
Change component parameters (AddParameter): Name = "Pins"; Value = ""; VariantName = "[No Variations]"
Change component parameters (AddParameter): Name = "Polarity"; Value = ""; VariantName = "[No Variations]"
Change component parameters (AddParameter): Name = "Pricing 1"; Value = "1=0,11000, 10=0,10300, 100=0,09200, 500=0,08100 (USD)"; VariantName = "[No Variations]"
Change component parameters (AddParameter): Name = "Radiation Hardening"; Value = ""; VariantName = "[No Variations]"
Change component parameters (AddParameter): Name = "Ratings"; Value = ""; VariantName = "[No Variations]"
Change component parameters (AddParameter): Name = "REACH SVHC"; Value = ""; VariantName = "[No Variations]"
Change component parameters (AddParameter): Name = "Ripple Current"; Value = ""; VariantName = "[No Variations]"
Change component parameters (AddParameter): Name = "RoHS"; Value = "Yes"; VariantName = "[No Variations]"
Change component parameters (AddParameter): Name = "RoHS Compliant"; Value = "Yes"; VariantName = "[No Variations]"
Change component parameters (AddParameter): Name = "Series"; Value = ""; VariantName = "[No Variations]"
Change component parameters (AddParameter): Name = "Source"; Value = "Passives.SchLib"; VariantName = "[No Variations]"
Change component parameters (AddParameter): Name = "Stock 1"; Value = "7198"; VariantName = "[No Variations]"
Change component parameters (AddParameter): Name = "Termination"; Value = ""; VariantName = "[No Variations]"
Change component parameters (AddParameter): Name = "Thickness"; Value = "0.035inch"; VariantName = "[No Variations]"
Change component parameters (AddParameter): Name = "Tolerance"; Value = "10%"; VariantName = "[No Variations]"
Change component parameters (AddParameter): Name = "Value"; Value = "100nF"; VariantName = "[No Variations]"
Change component parameters (AddParameter): Name = "Voltage"; Value = ""; VariantName = "[No Variations]"
Change component parameters (AddParameter): Name = "Voltage Rating"; Value = "10V"; VariantName = "[No Variations]"
Change component parameters (AddParameter): Name = "Voltage Rating (DC)"; Value = ""; VariantName = "[No Variations]"
Change component parameters (AddParameter): Name = "Weight"; Value = ""; VariantName = "[No Variations]"
Change component parameters (AddParameter): Name = "Width"; Value = "0.063inch"; VariantName = "[No Variations]"
Change component parameters: Designator = "C7" ("C7"); Footprint = "C0805FNPC-R"; UniqueID = "\AJFHFKTS\DEIGHXRH" ("\AJFHFKTS\DEIGHXRH")
Change component parameters (AddParameter): Name = ".Creator"; Value = "GP"; VariantName = "[No Variations]"
Change component parameters (AddParameter): Name = ".PCBcheck"; Value = ""; VariantName = "[No Variations]"
Change component parameters (AddParameter): Name = ".SCHcheck"; Value = ""; VariantName = "[No Variations]"
Change component parameters (AddParameter): Name = "Capacitance"; Value = ""; VariantName = "[No Variations]"
Change component parameters (AddParameter): Name = "Case Code (Metric)"; Value = "3216"; VariantName = "[No Variations]"
Change component parameters (AddParameter): Name = "Case/Package"; Value = "1206"; VariantName = "[No Variations]"
Change component parameters (AddParameter): Name = "Category"; Value = "Ceramic Capacitors"; VariantName = "[No Variations]"
Change component parameters (AddParameter): Name = "ComponentLink1Description"; Value = "http://www.farnell.com/datasheets/2031891.pdf?src-supplier=Farnell"; VariantName = "[No Variations]"
Change component parameters (AddParameter): Name = "ComponentLink1URL"; Value = "http://www.farnell.com/datasheets/2031891.pdf?src-supplier=Farnell"; VariantName = "[No Variations]"
Change component parameters (AddParameter): Name = "ComponentLink2Description"; Value = "http://katalog.we-online.de/pbs/datasheet/885012208009.pdf?src-supplier=Digi-Key"; VariantName = "[No Variations]"
Change component parameters (AddParameter): Name = "ComponentLink2URL"; Value = "http://katalog.we-online.de/pbs/datasheet/885012208009.pdf?src-supplier=Digi-Key"; VariantName = "[No Variations]"
Change component parameters (AddParameter): Name = "ComponentLink3Description"; Value = "https://katalog.we-online.de/pbs/datasheet/885012208009.pdf?src-supplier=Digi-Key"; VariantName = "[No Variations]"
Change component parameters (AddParameter): Name = "ComponentLink3URL"; Value = "https://katalog.we-online.de/pbs/datasheet/885012208009.pdf?src-supplier=Digi-Key"; VariantName = "[No Variations]"
Change component parameters (AddParameter): Name = "ComponentLink4Description"; Value = "Wurth Elektronik"; VariantName = "[No Variations]"
Change component parameters (AddParameter): Name = "ComponentLink4URL"; Value = "https://www.we-online.com/catalog/en/WCAP-CSGP-10VDC?sq=885012208009#885012208009"; VariantName = "[No Variations]"
Change component parameters (AddParameter): Name = "Construction"; Value = ""; VariantName = "[No Variations]"
Change component parameters (AddParameter): Name = "Depth"; Value = ""; VariantName = "[No Variations]"
Change component parameters (AddParameter): Name = "Design Item ID"; Value = "C100n-10V-1206FNPC-X7R"; VariantName = "[No Variations]"
Change component parameters (AddParameter): Name = "Diameter"; Value = ""; VariantName = "[No Variations]"
Change component parameters (AddParameter): Name = "Dielectric"; Value = ""; VariantName = "[No Variations]"
Change component parameters (AddParameter): Name = "Dielectric Material"; Value = ""; VariantName = "[No Variations]"
Change component parameters (AddParameter): Name = "Dissipation Factor"; Value = ""; VariantName = "[No Variations]"
Change component parameters (AddParameter): Name = "ESR (Equivalent Series Resistance)"; Value = ""; VariantName = "[No Variations]"
Change component parameters (AddParameter): Name = "Features"; Value = ""; VariantName = "[No Variations]"
Change component parameters (AddParameter): Name = "Halogen Free"; Value = ""; VariantName = "[No Variations]"
Change component parameters (AddParameter): Name = "Height"; Value = ""; VariantName = "[No Variations]"
Change component parameters (AddParameter): Name = "Height - Seated (Max)"; Value = ""; VariantName = "[No Variations]"
Change component parameters (AddParameter): Name = "Impedance"; Value = ""; VariantName = "[No Variations]"
Change component parameters (AddParameter): Name = "Lead Diameter"; Value = ""; VariantName = "[No Variations]"
Change component parameters (AddParameter): Name = "Lead Free"; Value = ""; VariantName = "[No Variations]"
Change component parameters (AddParameter): Name = "Lead Pitch"; Value = ""; VariantName = "[No Variations]"
Change component parameters (AddParameter): Name = "Leakage Current"; Value = ""; VariantName = "[No Variations]"
Change component parameters (AddParameter): Name = "Length"; Value = "0.126inch"; VariantName = "[No Variations]"
Change component parameters (AddParameter): Name = "Life (Hours)"; Value = ""; VariantName = "[No Variations]"
Change component parameters (AddParameter): Name = "Manufacturer"; Value = ""; VariantName = "[No Variations]"
Change component parameters (AddParameter): Name = "Manufacturer 1"; Value = "Wurth Electronics"; VariantName = "[No Variations]"
Change component parameters (AddParameter): Name = "Manufacturer Part Number"; Value = ""; VariantName = "[No Variations]"
Change component parameters (AddParameter): Name = "Manufacturer Part Number 1"; Value = "885012208009"; VariantName = "[No Variations]"
Change component parameters (AddParameter): Name = "Material"; Value = ""; VariantName = "[No Variations]"
Change component parameters (AddParameter): Name = "Max Operating Temperature"; Value = "125°C"; VariantName = "[No Variations]"
Change component parameters (AddParameter): Name = "Min Operating Temperature"; Value = "-55°C"; VariantName = "[No Variations]"
Change component parameters (AddParameter): Name = "Mount"; Value = "Surface Mount"; VariantName = "[No Variations]"
Change component parameters (AddParameter): Name = "Package Quantity"; Value = ""; VariantName = "[No Variations]"
Change component parameters (AddParameter): Name = "Packaging"; Value = "Tape and Reel"; VariantName = "[No Variations]"
Change component parameters (AddParameter): Name = "Pins"; Value = ""; VariantName = "[No Variations]"
Change component parameters (AddParameter): Name = "Polarity"; Value = ""; VariantName = "[No Variations]"
Change component parameters (AddParameter): Name = "Pricing 1"; Value = "1=0,11000, 10=0,10300, 100=0,09200, 500=0,08100 (USD)"; VariantName = "[No Variations]"
Change component parameters (AddParameter): Name = "Radiation Hardening"; Value = ""; VariantName = "[No Variations]"
Change component parameters (AddParameter): Name = "Ratings"; Value = ""; VariantName = "[No Variations]"
Change component parameters (AddParameter): Name = "REACH SVHC"; Value = ""; VariantName = "[No Variations]"
Change component parameters (AddParameter): Name = "Ripple Current"; Value = ""; VariantName = "[No Variations]"
Change component parameters (AddParameter): Name = "RoHS"; Value = "Yes"; VariantName = "[No Variations]"
Change component parameters (AddParameter): Name = "RoHS Compliant"; Value = "Yes"; VariantName = "[No Variations]"
Change component parameters (AddParameter): Name = "Series"; Value = ""; VariantName = "[No Variations]"
Change component parameters (AddParameter): Name = "Source"; Value = "Passives.SchLib"; VariantName = "[No Variations]"
Change component parameters (AddParameter): Name = "Stock 1"; Value = "7198"; VariantName = "[No Variations]"
Change component parameters (AddParameter): Name = "Termination"; Value = ""; VariantName = "[No Variations]"
Change component parameters (AddParameter): Name = "Thickness"; Value = "0.035inch"; VariantName = "[No Variations]"
Change component parameters (AddParameter): Name = "Tolerance"; Value = "10%"; VariantName = "[No Variations]"
Change component parameters (AddParameter): Name = "Value"; Value = "100nF"; VariantName = "[No Variations]"
Change component parameters (AddParameter): Name = "Voltage"; Value = ""; VariantName = "[No Variations]"
Change component parameters (AddParameter): Name = "Voltage Rating"; Value = "10V"; VariantName = "[No Variations]"
Change component parameters (AddParameter): Name = "Voltage Rating (DC)"; Value = ""; VariantName = "[No Variations]"
Change component parameters (AddParameter): Name = "Weight"; Value = ""; VariantName = "[No Variations]"
Change component parameters (AddParameter): Name = "Width"; Value = "0.063inch"; VariantName = "[No Variations]"
Change component parameters: Designator = "C8" ("C8"); Footprint = "C0805FNPC-R"; UniqueID = "\IFFWXAGB\LUGKRPGT" ("\IFFWXAGB\LUGKRPGT")
Change component parameters (AddParameter): Name = ".Creator"; Value = "DR"; VariantName = "[No Variations]"
Change component parameters (AddParameter): Name = ".PCBcheck"; Value = ""; VariantName = "[No Variations]"
Change component parameters (AddParameter): Name = ".SCHcheck"; Value = ""; VariantName = "[No Variations]"
Change component parameters (AddParameter): Name = "Capacitance"; Value = ""; VariantName = "[No Variations]"
Change component parameters (AddParameter): Name = "Case Code (Metric)"; Value = "2012"; VariantName = "[No Variations]"
Change component parameters (AddParameter): Name = "Case/Package"; Value = "0805"; VariantName = "[No Variations]"
Change component parameters (AddParameter): Name = "Category"; Value = "Ceramic Capacitors"; VariantName = "[No Variations]"
Change component parameters (AddParameter): Name = "ComponentLink1Description"; Value = "http://www.farnell.com/datasheets/1958498.pdf?src-supplier=Farnell"; VariantName = "[No Variations]"
Change component parameters (AddParameter): Name = "ComponentLink1URL"; Value = "http://www.farnell.com/datasheets/1958498.pdf?src-supplier=Farnell"; VariantName = "[No Variations]"
Change component parameters (AddParameter): Name = "ComponentLink2Description"; Value = "http://www.farnell.com/datasheets/1958498.pdf?src-supplier=Element14"; VariantName = "[No Variations]"
Change component parameters (AddParameter): Name = "ComponentLink2URL"; Value = "http://www.farnell.com/datasheets/1958498.pdf?src-supplier=Element14"; VariantName = "[No Variations]"
Change component parameters (AddParameter): Name = "ComponentLink3Description"; Value = "https://katalog.we-online.de/pbs/datasheet/885012207098.pdf?src-supplier=Digi-Key"; VariantName = "[No Variations]"
Change component parameters (AddParameter): Name = "ComponentLink3URL"; Value = "https://katalog.we-online.de/pbs/datasheet/885012207098.pdf?src-supplier=Digi-Key"; VariantName = "[No Variations]"
Change component parameters (AddParameter): Name = "ComponentLink4Description"; Value = "http://www.farnell.com/datasheets/1958498.pdf?src-supplier=Newark"; VariantName = "[No Variations]"
Change component parameters (AddParameter): Name = "ComponentLink4URL"; Value = "http://www.farnell.com/datasheets/1958498.pdf?src-supplier=Newark"; VariantName = "[No Variations]"
Change component parameters (AddParameter): Name = "Construction"; Value = ""; VariantName = "[No Variations]"
Change component parameters (AddParameter): Name = "Depth"; Value = ""; VariantName = "[No Variations]"
Change component parameters (AddParameter): Name = "Design Item ID"; Value = "C100n-50V-0805FNPC-X7R"; VariantName = "[No Variations]"
Change component parameters (AddParameter): Name = "Diameter"; Value = ""; VariantName = "[No Variations]"
Change component parameters (AddParameter): Name = "Dielectric"; Value = "X7R"; VariantName = "[No Variations]"
Change component parameters (AddParameter): Name = "Dielectric Material"; Value = ""; VariantName = "[No Variations]"
Change component parameters (AddParameter): Name = "Dissipation Factor"; Value = ""; VariantName = "[No Variations]"
Change component parameters (AddParameter): Name = "ESR (Equivalent Series Resistance)"; Value = ""; VariantName = "[No Variations]"
Change component parameters (AddParameter): Name = "Features"; Value = ""; VariantName = "[No Variations]"
Change component parameters (AddParameter): Name = "Halogen Free"; Value = ""; VariantName = "[No Variations]"
Change component parameters (AddParameter): Name = "Height"; Value = ""; VariantName = "[No Variations]"
Change component parameters (AddParameter): Name = "Height - Seated (Max)"; Value = ""; VariantName = "[No Variations]"
Change component parameters (AddParameter): Name = "Impedance"; Value = ""; VariantName = "[No Variations]"
Change component parameters (AddParameter): Name = "Lead Diameter"; Value = ""; VariantName = "[No Variations]"
Change component parameters (AddParameter): Name = "Lead Free"; Value = ""; VariantName = "[No Variations]"
Change component parameters (AddParameter): Name = "Lead Pitch"; Value = ""; VariantName = "[No Variations]"
Change component parameters (AddParameter): Name = "Leakage Current"; Value = ""; VariantName = "[No Variations]"
Change component parameters (AddParameter): Name = "Length"; Value = "0.079inch"; VariantName = "[No Variations]"
Change component parameters (AddParameter): Name = "Life (Hours)"; Value = ""; VariantName = "[No Variations]"
Change component parameters (AddParameter): Name = "Manufacturer"; Value = ""; VariantName = "[No Variations]"
Change component parameters (AddParameter): Name = "Manufacturer 1"; Value = "Wurth Electronics"; VariantName = "[No Variations]"
Change component parameters (AddParameter): Name = "Manufacturer Part Number"; Value = ""; VariantName = "[No Variations]"
Change component parameters (AddParameter): Name = "Manufacturer Part Number 1"; Value = "885012207098"; VariantName = "[No Variations]"
Change component parameters (AddParameter): Name = "Material"; Value = ""; VariantName = "[No Variations]"
Change component parameters (AddParameter): Name = "Max Operating Temperature"; Value = "125°C"; VariantName = "[No Variations]"
Change component parameters (AddParameter): Name = "Min Operating Temperature"; Value = "-55°C"; VariantName = "[No Variations]"
Change component parameters (AddParameter): Name = "Mount"; Value = "Surface Mount"; VariantName = "[No Variations]"
Change component parameters (AddParameter): Name = "Package Quantity"; Value = ""; VariantName = "[No Variations]"
Change component parameters (AddParameter): Name = "Packaging"; Value = "Cut Tape"; VariantName = "[No Variations]"
Change component parameters (AddParameter): Name = "Pins"; Value = ""; VariantName = "[No Variations]"
Change component parameters (AddParameter): Name = "Polarity"; Value = ""; VariantName = "[No Variations]"
Change component parameters (AddParameter): Name = "Pricing 1"; Value = "100=0,10200, 500=0,07100, 2000=0,06100 (GBP)"; VariantName = "[No Variations]"
Change component parameters (AddParameter): Name = "Radiation Hardening"; Value = ""; VariantName = "[No Variations]"
Change component parameters (AddParameter): Name = "Ratings"; Value = ""; VariantName = "[No Variations]"
Change component parameters (AddParameter): Name = "REACH SVHC"; Value = "Unknown"; VariantName = "[No Variations]"
Change component parameters (AddParameter): Name = "Ripple Current"; Value = ""; VariantName = "[No Variations]"
Change component parameters (AddParameter): Name = "RoHS"; Value = "Yes"; VariantName = "[No Variations]"
Change component parameters (AddParameter): Name = "RoHS Compliant"; Value = "Yes"; VariantName = "[No Variations]"
Change component parameters (AddParameter): Name = "Series"; Value = ""; VariantName = "[No Variations]"
Change component parameters (AddParameter): Name = "Source"; Value = "Passives.SchLib"; VariantName = "[No Variations]"
Change component parameters (AddParameter): Name = "Stock 1"; Value = "8000"; VariantName = "[No Variations]"
Change component parameters (AddParameter): Name = "Termination"; Value = ""; VariantName = "[No Variations]"
Change component parameters (AddParameter): Name = "Thickness"; Value = "0.035inch"; VariantName = "[No Variations]"
Change component parameters (AddParameter): Name = "Tolerance"; Value = "10%"; VariantName = "[No Variations]"
Change component parameters (AddParameter): Name = "Value"; Value = "100nF"; VariantName = "[No Variations]"
Change component parameters (AddParameter): Name = "Voltage"; Value = ""; VariantName = "[No Variations]"
Change component parameters (AddParameter): Name = "Voltage Rating"; Value = "50V"; VariantName = "[No Variations]"
Change component parameters (AddParameter): Name = "Voltage Rating (DC)"; Value = "50V"; VariantName = "[No Variations]"
Change component parameters (AddParameter): Name = "Weight"; Value = ""; VariantName = "[No Variations]"
Change component parameters (AddParameter): Name = "Width"; Value = "0.049inch"; VariantName = "[No Variations]"
Change component parameters: Designator = "C9" ("C9"); Footprint = "C1206FNPC-RW"; UniqueID = "\IFFWXAGB\URJRMYVZ" ("\IFFWXAGB\URJRMYVZ")
Change component parameters (AddParameter): Name = ".Creator"; Value = "DR"; VariantName = "[No Variations]"
Change component parameters (AddParameter): Name = ".PCBcheck"; Value = ""; VariantName = "[No Variations]"
Change component parameters (AddParameter): Name = ".SCHcheck"; Value = ""; VariantName = "[No Variations]"
Change component parameters (AddParameter): Name = "Capacitance"; Value = ""; VariantName = "[No Variations]"
Change component parameters (AddParameter): Name = "Case Code (Metric)"; Value = "2012"; VariantName = "[No Variations]"
Change component parameters (AddParameter): Name = "Case/Package"; Value = "0805"; VariantName = "[No Variations]"
Change component parameters (AddParameter): Name = "Category"; Value = "Ceramic Capacitors"; VariantName = "[No Variations]"
Change component parameters (AddParameter): Name = "ComponentLink1Description"; Value = "http://www.farnell.com/datasheets/1958498.pdf?src-supplier=Farnell"; VariantName = "[No Variations]"
Change component parameters (AddParameter): Name = "ComponentLink1URL"; Value = "http://www.farnell.com/datasheets/1958498.pdf?src-supplier=Farnell"; VariantName = "[No Variations]"
Change component parameters (AddParameter): Name = "ComponentLink2Description"; Value = "http://www.farnell.com/datasheets/1958498.pdf?src-supplier=Element14"; VariantName = "[No Variations]"
Change component parameters (AddParameter): Name = "ComponentLink2URL"; Value = "http://www.farnell.com/datasheets/1958498.pdf?src-supplier=Element14"; VariantName = "[No Variations]"
Change component parameters (AddParameter): Name = "ComponentLink3Description"; Value = "https://katalog.we-online.de/pbs/datasheet/885012207098.pdf?src-supplier=Digi-Key"; VariantName = "[No Variations]"
Change component parameters (AddParameter): Name = "ComponentLink3URL"; Value = "https://katalog.we-online.de/pbs/datasheet/885012207098.pdf?src-supplier=Digi-Key"; VariantName = "[No Variations]"
Change component parameters (AddParameter): Name = "ComponentLink4Description"; Value = "http://www.farnell.com/datasheets/1958498.pdf?src-supplier=Newark"; VariantName = "[No Variations]"
Change component parameters (AddParameter): Name = "ComponentLink4URL"; Value = "http://www.farnell.com/datasheets/1958498.pdf?src-supplier=Newark"; VariantName = "[No Variations]"
Change component parameters (AddParameter): Name = "Construction"; Value = ""; VariantName = "[No Variations]"
Change component parameters (AddParameter): Name = "Depth"; Value = ""; VariantName = "[No Variations]"
Change component parameters (AddParameter): Name = "Design Item ID"; Value = "C100n-50V-0805FNPC-X7R"; VariantName = "[No Variations]"
Change component parameters (AddParameter): Name = "Diameter"; Value = ""; VariantName = "[No Variations]"
Change component parameters (AddParameter): Name = "Dielectric"; Value = "X7R"; VariantName = "[No Variations]"
Change component parameters (AddParameter): Name = "Dielectric Material"; Value = ""; VariantName = "[No Variations]"
Change component parameters (AddParameter): Name = "Dissipation Factor"; Value = ""; VariantName = "[No Variations]"
Change component parameters (AddParameter): Name = "ESR (Equivalent Series Resistance)"; Value = ""; VariantName = "[No Variations]"
Change component parameters (AddParameter): Name = "Features"; Value = ""; VariantName = "[No Variations]"
Change component parameters (AddParameter): Name = "Halogen Free"; Value = ""; VariantName = "[No Variations]"
Change component parameters (AddParameter): Name = "Height"; Value = ""; VariantName = "[No Variations]"
Change component parameters (AddParameter): Name = "Height - Seated (Max)"; Value = ""; VariantName = "[No Variations]"
Change component parameters (AddParameter): Name = "Impedance"; Value = ""; VariantName = "[No Variations]"
Change component parameters (AddParameter): Name = "Lead Diameter"; Value = ""; VariantName = "[No Variations]"
Change component parameters (AddParameter): Name = "Lead Free"; Value = ""; VariantName = "[No Variations]"
Change component parameters (AddParameter): Name = "Lead Pitch"; Value = ""; VariantName = "[No Variations]"
Change component parameters (AddParameter): Name = "Leakage Current"; Value = ""; VariantName = "[No Variations]"
Change component parameters (AddParameter): Name = "Length"; Value = "0.079inch"; VariantName = "[No Variations]"
Change component parameters (AddParameter): Name = "Life (Hours)"; Value = ""; VariantName = "[No Variations]"
Change component parameters (AddParameter): Name = "Manufacturer"; Value = ""; VariantName = "[No Variations]"
Change component parameters (AddParameter): Name = "Manufacturer 1"; Value = "Wurth Electronics"; VariantName = "[No Variations]"
Change component parameters (AddParameter): Name = "Manufacturer Part Number"; Value = ""; VariantName = "[No Variations]"
Change component parameters (AddParameter): Name = "Manufacturer Part Number 1"; Value = "885012207098"; VariantName = "[No Variations]"
Change component parameters (AddParameter): Name = "Material"; Value = ""; VariantName = "[No Variations]"
Change component parameters (AddParameter): Name = "Max Operating Temperature"; Value = "125°C"; VariantName = "[No Variations]"
Change component parameters (AddParameter): Name = "Min Operating Temperature"; Value = "-55°C"; VariantName = "[No Variations]"
Change component parameters (AddParameter): Name = "Mount"; Value = "Surface Mount"; VariantName = "[No Variations]"
Change component parameters (AddParameter): Name = "Package Quantity"; Value = ""; VariantName = "[No Variations]"
Change component parameters (AddParameter): Name = "Packaging"; Value = "Cut Tape"; VariantName = "[No Variations]"
Change component parameters (AddParameter): Name = "Pins"; Value = ""; VariantName = "[No Variations]"
Change component parameters (AddParameter): Name = "Polarity"; Value = ""; VariantName = "[No Variations]"
Change component parameters (AddParameter): Name = "Pricing 1"; Value = "100=0,10200, 500=0,07100, 2000=0,06100 (GBP)"; VariantName = "[No Variations]"
Change component parameters (AddParameter): Name = "Radiation Hardening"; Value = ""; VariantName = "[No Variations]"
Change component parameters (AddParameter): Name = "Ratings"; Value = ""; VariantName = "[No Variations]"
Change component parameters (AddParameter): Name = "REACH SVHC"; Value = "Unknown"; VariantName = "[No Variations]"
Change component parameters (AddParameter): Name = "Ripple Current"; Value = ""; VariantName = "[No Variations]"
Change component parameters (AddParameter): Name = "RoHS"; Value = "Yes"; VariantName = "[No Variations]"
Change component parameters (AddParameter): Name = "RoHS Compliant"; Value = "Yes"; VariantName = "[No Variations]"
Change component parameters (AddParameter): Name = "Series"; Value = ""; VariantName = "[No Variations]"
Change component parameters (AddParameter): Name = "Source"; Value = "Passives.SchLib"; VariantName = "[No Variations]"
Change component parameters (AddParameter): Name = "Stock 1"; Value = "8000"; VariantName = "[No Variations]"
Change component parameters (AddParameter): Name = "Termination"; Value = ""; VariantName = "[No Variations]"
Change component parameters (AddParameter): Name = "Thickness"; Value = "0.035inch"; VariantName = "[No Variations]"
Change component parameters (AddParameter): Name = "Tolerance"; Value = "10%"; VariantName = "[No Variations]"
Change component parameters (AddParameter): Name = "Value"; Value = "100nF"; VariantName = "[No Variations]"
Change component parameters (AddParameter): Name = "Voltage"; Value = ""; VariantName = "[No Variations]"
Change component parameters (AddParameter): Name = "Voltage Rating"; Value = "50V"; VariantName = "[No Variations]"
Change component parameters (AddParameter): Name = "Voltage Rating (DC)"; Value = "50V"; VariantName = "[No Variations]"
Change component parameters (AddParameter): Name = "Weight"; Value = ""; VariantName = "[No Variations]"
Change component parameters (AddParameter): Name = "Width"; Value = "0.049inch"; VariantName = "[No Variations]"
Change component parameters: Designator = "C10" ("C10"); Footprint = "C1206FNPC-RW"; UniqueID = "\IFFWXAGB\FEUWLXKX" ("\IFFWXAGB\FEUWLXKX")
Change component parameters (AddParameter): Name = ".Creator"; Value = "DR"; VariantName = "[No Variations]"
Change component parameters (AddParameter): Name = ".PCBcheck"; Value = ""; VariantName = "[No Variations]"
Change component parameters (AddParameter): Name = ".SCHcheck"; Value = ""; VariantName = "[No Variations]"
Change component parameters (AddParameter): Name = "Capacitance"; Value = ""; VariantName = "[No Variations]"
Change component parameters (AddParameter): Name = "Case Code (Metric)"; Value = "2012"; VariantName = "[No Variations]"
Change component parameters (AddParameter): Name = "Case/Package"; Value = "0805"; VariantName = "[No Variations]"
Change component parameters (AddParameter): Name = "Category"; Value = "Ceramic Capacitors"; VariantName = "[No Variations]"
Change component parameters (AddParameter): Name = "ComponentLink1Description"; Value = "http://www.farnell.com/datasheets/1958498.pdf?src-supplier=Farnell"; VariantName = "[No Variations]"
Change component parameters (AddParameter): Name = "ComponentLink1URL"; Value = "http://www.farnell.com/datasheets/1958498.pdf?src-supplier=Farnell"; VariantName = "[No Variations]"
Change component parameters (AddParameter): Name = "ComponentLink2Description"; Value = "http://www.farnell.com/datasheets/1958498.pdf?src-supplier=Element14"; VariantName = "[No Variations]"
Change component parameters (AddParameter): Name = "ComponentLink2URL"; Value = "http://www.farnell.com/datasheets/1958498.pdf?src-supplier=Element14"; VariantName = "[No Variations]"
Change component parameters (AddParameter): Name = "ComponentLink3Description"; Value = "https://katalog.we-online.de/pbs/datasheet/885012207098.pdf?src-supplier=Digi-Key"; VariantName = "[No Variations]"
Change component parameters (AddParameter): Name = "ComponentLink3URL"; Value = "https://katalog.we-online.de/pbs/datasheet/885012207098.pdf?src-supplier=Digi-Key"; VariantName = "[No Variations]"
Change component parameters (AddParameter): Name = "ComponentLink4Description"; Value = "http://www.farnell.com/datasheets/1958498.pdf?src-supplier=Newark"; VariantName = "[No Variations]"
Change component parameters (AddParameter): Name = "ComponentLink4URL"; Value = "http://www.farnell.com/datasheets/1958498.pdf?src-supplier=Newark"; VariantName = "[No Variations]"
Change component parameters (AddParameter): Name = "Construction"; Value = ""; VariantName = "[No Variations]"
Change component parameters (AddParameter): Name = "Depth"; Value = ""; VariantName = "[No Variations]"
Change component parameters (AddParameter): Name = "Design Item ID"; Value = "C100n-50V-0805FNPC-X7R"; VariantName = "[No Variations]"
Change component parameters (AddParameter): Name = "Diameter"; Value = ""; VariantName = "[No Variations]"
Change component parameters (AddParameter): Name = "Dielectric"; Value = "X7R"; VariantName = "[No Variations]"
Change component parameters (AddParameter): Name = "Dielectric Material"; Value = ""; VariantName = "[No Variations]"
Change component parameters (AddParameter): Name = "Dissipation Factor"; Value = ""; VariantName = "[No Variations]"
Change component parameters (AddParameter): Name = "ESR (Equivalent Series Resistance)"; Value = ""; VariantName = "[No Variations]"
Change component parameters (AddParameter): Name = "Features"; Value = ""; VariantName = "[No Variations]"
Change component parameters (AddParameter): Name = "Halogen Free"; Value = ""; VariantName = "[No Variations]"
Change component parameters (AddParameter): Name = "Height"; Value = ""; VariantName = "[No Variations]"
Change component parameters (AddParameter): Name = "Height - Seated (Max)"; Value = ""; VariantName = "[No Variations]"
Change component parameters (AddParameter): Name = "Impedance"; Value = ""; VariantName = "[No Variations]"
Change component parameters (AddParameter): Name = "Lead Diameter"; Value = ""; VariantName = "[No Variations]"
Change component parameters (AddParameter): Name = "Lead Free"; Value = ""; VariantName = "[No Variations]"
Change component parameters (AddParameter): Name = "Lead Pitch"; Value = ""; VariantName = "[No Variations]"
Change component parameters (AddParameter): Name = "Leakage Current"; Value = ""; VariantName = "[No Variations]"
Change component parameters (AddParameter): Name = "Length"; Value = "0.079inch"; VariantName = "[No Variations]"
Change component parameters (AddParameter): Name = "Life (Hours)"; Value = ""; VariantName = "[No Variations]"
Change component parameters (AddParameter): Name = "Manufacturer"; Value = ""; VariantName = "[No Variations]"
Change component parameters (AddParameter): Name = "Manufacturer 1"; Value = "Wurth Electronics"; VariantName = "[No Variations]"
Change component parameters (AddParameter): Name = "Manufacturer Part Number"; Value = ""; VariantName = "[No Variations]"
Change component parameters (AddParameter): Name = "Manufacturer Part Number 1"; Value = "885012207098"; VariantName = "[No Variations]"
Change component parameters (AddParameter): Name = "Material"; Value = ""; VariantName = "[No Variations]"
Change component parameters (AddParameter): Name = "Max Operating Temperature"; Value = "125°C"; VariantName = "[No Variations]"
Change component parameters (AddParameter): Name = "Min Operating Temperature"; Value = "-55°C"; VariantName = "[No Variations]"
Change component parameters (AddParameter): Name = "Mount"; Value = "Surface Mount"; VariantName = "[No Variations]"
Change component parameters (AddParameter): Name = "Package Quantity"; Value = ""; VariantName = "[No Variations]"
Change component parameters (AddParameter): Name = "Packaging"; Value = "Cut Tape"; VariantName = "[No Variations]"
Change component parameters (AddParameter): Name = "Pins"; Value = ""; VariantName = "[No Variations]"
Change component parameters (AddParameter): Name = "Polarity"; Value = ""; VariantName = "[No Variations]"
Change component parameters (AddParameter): Name = "Pricing 1"; Value = "100=0,10200, 500=0,07100, 2000=0,06100 (GBP)"; VariantName = "[No Variations]"
Change component parameters (AddParameter): Name = "Radiation Hardening"; Value = ""; VariantName = "[No Variations]"
Change component parameters (AddParameter): Name = "Ratings"; Value = ""; VariantName = "[No Variations]"
Change component parameters (AddParameter): Name = "REACH SVHC"; Value = "Unknown"; VariantName = "[No Variations]"
Change component parameters (AddParameter): Name = "Ripple Current"; Value = ""; VariantName = "[No Variations]"
Change component parameters (AddParameter): Name = "RoHS"; Value = "Yes"; VariantName = "[No Variations]"
Change component parameters (AddParameter): Name = "RoHS Compliant"; Value = "Yes"; VariantName = "[No Variations]"
Change component parameters (AddParameter): Name = "Series"; Value = ""; VariantName = "[No Variations]"
Change component parameters (AddParameter): Name = "Source"; Value = "Passives.SchLib"; VariantName = "[No Variations]"
Change component parameters (AddParameter): Name = "Stock 1"; Value = "8000"; VariantName = "[No Variations]"
Change component parameters (AddParameter): Name = "Termination"; Value = ""; VariantName = "[No Variations]"
Change component parameters (AddParameter): Name = "Thickness"; Value = "0.035inch"; VariantName = "[No Variations]"
Change component parameters (AddParameter): Name = "Tolerance"; Value = "10%"; VariantName = "[No Variations]"
Change component parameters (AddParameter): Name = "Value"; Value = "100nF"; VariantName = "[No Variations]"
Change component parameters (AddParameter): Name = "Voltage"; Value = ""; VariantName = "[No Variations]"
Change component parameters (AddParameter): Name = "Voltage Rating"; Value = "50V"; VariantName = "[No Variations]"
Change component parameters (AddParameter): Name = "Voltage Rating (DC)"; Value = "50V"; VariantName = "[No Variations]"
Change component parameters (AddParameter): Name = "Weight"; Value = ""; VariantName = "[No Variations]"
Change component parameters (AddParameter): Name = "Width"; Value = "0.049inch"; VariantName = "[No Variations]"
Change component parameters: Designator = "C16" ("C16"); Footprint = "C0805FNPC-R"; UniqueID = "\CNKZAJHS\DESSMUKW" ("\CNKZAJHS\DESSMUKW")
Change component parameters (AddParameter): Name = ".Creator"; Value = "DR"; VariantName = "[No Variations]"
Change component parameters (AddParameter): Name = ".PCBcheck"; Value = ""; VariantName = "[No Variations]"
Change component parameters (AddParameter): Name = ".SCHcheck"; Value = ""; VariantName = "[No Variations]"
Change component parameters (AddParameter): Name = "Capacitance"; Value = ""; VariantName = "[No Variations]"
Change component parameters (AddParameter): Name = "Case Code (Metric)"; Value = "2012"; VariantName = "[No Variations]"
Change component parameters (AddParameter): Name = "Case/Package"; Value = "0805"; VariantName = "[No Variations]"
Change component parameters (AddParameter): Name = "Category"; Value = "Ceramic Capacitors"; VariantName = "[No Variations]"
Change component parameters (AddParameter): Name = "ComponentLink1Description"; Value = "http://www.farnell.com/datasheets/1958443.pdf?src-supplier=Farnell"; VariantName = "[No Variations]"
Change component parameters (AddParameter): Name = "ComponentLink1URL"; Value = "http://www.farnell.com/datasheets/1958443.pdf?src-supplier=Farnell"; VariantName = "[No Variations]"
Change component parameters (AddParameter): Name = "ComponentLink2Description"; Value = "https://katalog.we-online.de/pbs/datasheet/885012007057.pdf?src-supplier=Digi-Key"; VariantName = "[No Variations]"
Change component parameters (AddParameter): Name = "ComponentLink2URL"; Value = "https://katalog.we-online.de/pbs/datasheet/885012007057.pdf?src-supplier=Digi-Key"; VariantName = "[No Variations]"
Change component parameters (AddParameter): Name = "ComponentLink3Description"; Value = "http://www.farnell.com/datasheets/1958443.pdf?src-supplier=Element14"; VariantName = "[No Variations]"
Change component parameters (AddParameter): Name = "ComponentLink3URL"; Value = "http://www.farnell.com/datasheets/1958443.pdf?src-supplier=Element14"; VariantName = "[No Variations]"
Change component parameters (AddParameter): Name = "ComponentLink4Description"; Value = "http://www.farnell.com/datasheets/1958443.pdf?src-supplier=Newark"; VariantName = "[No Variations]"
Change component parameters (AddParameter): Name = "ComponentLink4URL"; Value = "http://www.farnell.com/datasheets/1958443.pdf?src-supplier=Newark"; VariantName = "[No Variations]"
Change component parameters (AddParameter): Name = "ComponentLink5Description"; Value = "Where buy it"; VariantName = "[No Variations]"
Change component parameters (AddParameter): Name = "ComponentLink5URL"; Value = "https://www.we-online.com/catalog/en/WCAP-CSGP-50VDC#885012007057"; VariantName = "[No Variations]"
Change component parameters (AddParameter): Name = "Construction"; Value = ""; VariantName = "[No Variations]"
Change component parameters (AddParameter): Name = "Depth"; Value = ""; VariantName = "[No Variations]"
Change component parameters (AddParameter): Name = "Design Item ID"; Value = "C100p-50V-0805FNPC-C0G/NP0"; VariantName = "[No Variations]"
Change component parameters (AddParameter): Name = "Diameter"; Value = ""; VariantName = "[No Variations]"
Change component parameters (AddParameter): Name = "Dielectric"; Value = "C0G"; VariantName = "[No Variations]"
Change component parameters (AddParameter): Name = "Dielectric Material"; Value = ""; VariantName = "[No Variations]"
Change component parameters (AddParameter): Name = "Dissipation Factor"; Value = ""; VariantName = "[No Variations]"
Change component parameters (AddParameter): Name = "ESR (Equivalent Series Resistance)"; Value = ""; VariantName = "[No Variations]"
Change component parameters (AddParameter): Name = "Features"; Value = ""; VariantName = "[No Variations]"
Change component parameters (AddParameter): Name = "Halogen Free"; Value = ""; VariantName = "[No Variations]"
Change component parameters (AddParameter): Name = "Height"; Value = ""; VariantName = "[No Variations]"
Change component parameters (AddParameter): Name = "Height - Seated (Max)"; Value = ""; VariantName = "[No Variations]"
Change component parameters (AddParameter): Name = "Impedance"; Value = ""; VariantName = "[No Variations]"
Change component parameters (AddParameter): Name = "Lead Diameter"; Value = ""; VariantName = "[No Variations]"
Change component parameters (AddParameter): Name = "Lead Free"; Value = ""; VariantName = "[No Variations]"
Change component parameters (AddParameter): Name = "Lead Pitch"; Value = ""; VariantName = "[No Variations]"
Change component parameters (AddParameter): Name = "Leakage Current"; Value = ""; VariantName = "[No Variations]"
Change component parameters (AddParameter): Name = "Length"; Value = "0.079inch"; VariantName = "[No Variations]"
Change component parameters (AddParameter): Name = "Life (Hours)"; Value = ""; VariantName = "[No Variations]"
Change component parameters (AddParameter): Name = "Manufacturer"; Value = "Wurth Electronics"; VariantName = "[No Variations]"
Change component parameters (AddParameter): Name = "Manufacturer 1"; Value = ""; VariantName = "[No Variations]"
Change component parameters (AddParameter): Name = "Manufacturer Part Number"; Value = "885012007057"; VariantName = "[No Variations]"
Change component parameters (AddParameter): Name = "Manufacturer Part Number 1"; Value = ""; VariantName = "[No Variations]"
Change component parameters (AddParameter): Name = "Material"; Value = ""; VariantName = "[No Variations]"
Change component parameters (AddParameter): Name = "Max Operating Temperature"; Value = "125°C"; VariantName = "[No Variations]"
Change component parameters (AddParameter): Name = "Min Operating Temperature"; Value = "-55°C"; VariantName = "[No Variations]"
Change component parameters (AddParameter): Name = "Mount"; Value = "Surface Mount"; VariantName = "[No Variations]"
Change component parameters (AddParameter): Name = "Package Quantity"; Value = ""; VariantName = "[No Variations]"
Change component parameters (AddParameter): Name = "Packaging"; Value = "Cut Tape"; VariantName = "[No Variations]"
Change component parameters (AddParameter): Name = "Pins"; Value = ""; VariantName = "[No Variations]"
Change component parameters (AddParameter): Name = "Polarity"; Value = ""; VariantName = "[No Variations]"
Change component parameters (AddParameter): Name = "Pricing 1"; Value = "4000=0,03900, 12000=0,03800 (USD)"; VariantName = "[No Variations]"
Change component parameters (AddParameter): Name = "Radiation Hardening"; Value = ""; VariantName = "[No Variations]"
Change component parameters (AddParameter): Name = "Ratings"; Value = ""; VariantName = "[No Variations]"
Change component parameters (AddParameter): Name = "REACH SVHC"; Value = "Unknown"; VariantName = "[No Variations]"
Change component parameters (AddParameter): Name = "Ripple Current"; Value = ""; VariantName = "[No Variations]"
Change component parameters (AddParameter): Name = "RoHS"; Value = "Yes"; VariantName = "[No Variations]"
Change component parameters (AddParameter): Name = "RoHS Compliant"; Value = "Yes"; VariantName = "[No Variations]"
Change component parameters (AddParameter): Name = "Series"; Value = ""; VariantName = "[No Variations]"
Change component parameters (AddParameter): Name = "Source"; Value = "Passives.SchLib"; VariantName = "[No Variations]"
Change component parameters (AddParameter): Name = "Stock 1"; Value = "1"; VariantName = "[No Variations]"
Change component parameters (AddParameter): Name = "Termination"; Value = ""; VariantName = "[No Variations]"
Change component parameters (AddParameter): Name = "Thickness"; Value = "0.035inch"; VariantName = "[No Variations]"
Change component parameters (AddParameter): Name = "Tolerance"; Value = "5%"; VariantName = "[No Variations]"
Change component parameters (AddParameter): Name = "Value"; Value = "100pF"; VariantName = "[No Variations]"
Change component parameters (AddParameter): Name = "Voltage"; Value = ""; VariantName = "[No Variations]"
Change component parameters (AddParameter): Name = "Voltage Rating"; Value = "50V"; VariantName = "[No Variations]"
Change component parameters (AddParameter): Name = "Voltage Rating (DC)"; Value = "50V"; VariantName = "[No Variations]"
Change component parameters (AddParameter): Name = "Weight"; Value = ""; VariantName = "[No Variations]"
Change component parameters (AddParameter): Name = "Width"; Value = "0.049inch"; VariantName = "[No Variations]"
Change component parameters: Designator = "C17" ("C17"); Footprint = "C0805FNPC-R"; UniqueID = "\CNKZAJHS\EVPRMNIP" ("\CNKZAJHS\EVPRMNIP")
Change component parameters (AddParameter): Name = ".Creator"; Value = "DR"; VariantName = "[No Variations]"
Change component parameters (AddParameter): Name = ".PCBcheck"; Value = ""; VariantName = "[No Variations]"
Change component parameters (AddParameter): Name = ".SCHcheck"; Value = ""; VariantName = "[No Variations]"
Change component parameters (AddParameter): Name = "Capacitance"; Value = ""; VariantName = "[No Variations]"
Change component parameters (AddParameter): Name = "Case Code (Metric)"; Value = "2012"; VariantName = "[No Variations]"
Change component parameters (AddParameter): Name = "Case/Package"; Value = "0805"; VariantName = "[No Variations]"
Change component parameters (AddParameter): Name = "Category"; Value = "Ceramic Capacitors"; VariantName = "[No Variations]"
Change component parameters (AddParameter): Name = "ComponentLink1Description"; Value = "http://www.farnell.com/datasheets/1958443.pdf?src-supplier=Farnell"; VariantName = "[No Variations]"
Change component parameters (AddParameter): Name = "ComponentLink1URL"; Value = "http://www.farnell.com/datasheets/1958443.pdf?src-supplier=Farnell"; VariantName = "[No Variations]"
Change component parameters (AddParameter): Name = "ComponentLink2Description"; Value = "https://katalog.we-online.de/pbs/datasheet/885012007057.pdf?src-supplier=Digi-Key"; VariantName = "[No Variations]"
Change component parameters (AddParameter): Name = "ComponentLink2URL"; Value = "https://katalog.we-online.de/pbs/datasheet/885012007057.pdf?src-supplier=Digi-Key"; VariantName = "[No Variations]"
Change component parameters (AddParameter): Name = "ComponentLink3Description"; Value = "http://www.farnell.com/datasheets/1958443.pdf?src-supplier=Element14"; VariantName = "[No Variations]"
Change component parameters (AddParameter): Name = "ComponentLink3URL"; Value = "http://www.farnell.com/datasheets/1958443.pdf?src-supplier=Element14"; VariantName = "[No Variations]"
Change component parameters (AddParameter): Name = "ComponentLink4Description"; Value = "http://www.farnell.com/datasheets/1958443.pdf?src-supplier=Newark"; VariantName = "[No Variations]"
Change component parameters (AddParameter): Name = "ComponentLink4URL"; Value = "http://www.farnell.com/datasheets/1958443.pdf?src-supplier=Newark"; VariantName = "[No Variations]"
Change component parameters (AddParameter): Name = "ComponentLink5Description"; Value = "Where buy it"; VariantName = "[No Variations]"
Change component parameters (AddParameter): Name = "ComponentLink5URL"; Value = "https://www.we-online.com/catalog/en/WCAP-CSGP-50VDC#885012007057"; VariantName = "[No Variations]"
Change component parameters (AddParameter): Name = "Construction"; Value = ""; VariantName = "[No Variations]"
Change component parameters (AddParameter): Name = "Depth"; Value = ""; VariantName = "[No Variations]"
Change component parameters (AddParameter): Name = "Design Item ID"; Value = "C100p-50V-0805FNPC-C0G/NP0"; VariantName = "[No Variations]"
Change component parameters (AddParameter): Name = "Diameter"; Value = ""; VariantName = "[No Variations]"
Change component parameters (AddParameter): Name = "Dielectric"; Value = "C0G"; VariantName = "[No Variations]"
Change component parameters (AddParameter): Name = "Dielectric Material"; Value = ""; VariantName = "[No Variations]"
Change component parameters (AddParameter): Name = "Dissipation Factor"; Value = ""; VariantName = "[No Variations]"
Change component parameters (AddParameter): Name = "ESR (Equivalent Series Resistance)"; Value = ""; VariantName = "[No Variations]"
Change component parameters (AddParameter): Name = "Features"; Value = ""; VariantName = "[No Variations]"
Change component parameters (AddParameter): Name = "Halogen Free"; Value = ""; VariantName = "[No Variations]"
Change component parameters (AddParameter): Name = "Height"; Value = ""; VariantName = "[No Variations]"
Change component parameters (AddParameter): Name = "Height - Seated (Max)"; Value = ""; VariantName = "[No Variations]"
Change component parameters (AddParameter): Name = "Impedance"; Value = ""; VariantName = "[No Variations]"
Change component parameters (AddParameter): Name = "Lead Diameter"; Value = ""; VariantName = "[No Variations]"
Change component parameters (AddParameter): Name = "Lead Free"; Value = ""; VariantName = "[No Variations]"
Change component parameters (AddParameter): Name = "Lead Pitch"; Value = ""; VariantName = "[No Variations]"
Change component parameters (AddParameter): Name = "Leakage Current"; Value = ""; VariantName = "[No Variations]"
Change component parameters (AddParameter): Name = "Length"; Value = "0.079inch"; VariantName = "[No Variations]"
Change component parameters (AddParameter): Name = "Life (Hours)"; Value = ""; VariantName = "[No Variations]"
Change component parameters (AddParameter): Name = "Manufacturer"; Value = "Wurth Electronics"; VariantName = "[No Variations]"
Change component parameters (AddParameter): Name = "Manufacturer 1"; Value = ""; VariantName = "[No Variations]"
Change component parameters (AddParameter): Name = "Manufacturer Part Number"; Value = "885012007057"; VariantName = "[No Variations]"
Change component parameters (AddParameter): Name = "Manufacturer Part Number 1"; Value = ""; VariantName = "[No Variations]"
Change component parameters (AddParameter): Name = "Material"; Value = ""; VariantName = "[No Variations]"
Change component parameters (AddParameter): Name = "Max Operating Temperature"; Value = "125°C"; VariantName = "[No Variations]"
Change component parameters (AddParameter): Name = "Min Operating Temperature"; Value = "-55°C"; VariantName = "[No Variations]"
Change component parameters (AddParameter): Name = "Mount"; Value = "Surface Mount"; VariantName = "[No Variations]"
Change component parameters (AddParameter): Name = "Package Quantity"; Value = ""; VariantName = "[No Variations]"
Change component parameters (AddParameter): Name = "Packaging"; Value = "Cut Tape"; VariantName = "[No Variations]"
Change component parameters (AddParameter): Name = "Pins"; Value = ""; VariantName = "[No Variations]"
Change component parameters (AddParameter): Name = "Polarity"; Value = ""; VariantName = "[No Variations]"
Change component parameters (AddParameter): Name = "Pricing 1"; Value = "4000=0,03900, 12000=0,03800 (USD)"; VariantName = "[No Variations]"
Change component parameters (AddParameter): Name = "Radiation Hardening"; Value = ""; VariantName = "[No Variations]"
Change component parameters (AddParameter): Name = "Ratings"; Value = ""; VariantName = "[No Variations]"
Change component parameters (AddParameter): Name = "REACH SVHC"; Value = "Unknown"; VariantName = "[No Variations]"
Change component parameters (AddParameter): Name = "Ripple Current"; Value = ""; VariantName = "[No Variations]"
Change component parameters (AddParameter): Name = "RoHS"; Value = "Yes"; VariantName = "[No Variations]"
Change component parameters (AddParameter): Name = "RoHS Compliant"; Value = "Yes"; VariantName = "[No Variations]"
Change component parameters (AddParameter): Name = "Series"; Value = ""; VariantName = "[No Variations]"
Change component parameters (AddParameter): Name = "Source"; Value = "Passives.SchLib"; VariantName = "[No Variations]"
Change component parameters (AddParameter): Name = "Stock 1"; Value = "1"; VariantName = "[No Variations]"
Change component parameters (AddParameter): Name = "Termination"; Value = ""; VariantName = "[No Variations]"
Change component parameters (AddParameter): Name = "Thickness"; Value = "0.035inch"; VariantName = "[No Variations]"
Change component parameters (AddParameter): Name = "Tolerance"; Value = "5%"; VariantName = "[No Variations]"
Change component parameters (AddParameter): Name = "Value"; Value = "100pF"; VariantName = "[No Variations]"
Change component parameters (AddParameter): Name = "Voltage"; Value = ""; VariantName = "[No Variations]"
Change component parameters (AddParameter): Name = "Voltage Rating"; Value = "50V"; VariantName = "[No Variations]"
Change component parameters (AddParameter): Name = "Voltage Rating (DC)"; Value = "50V"; VariantName = "[No Variations]"
Change component parameters (AddParameter): Name = "Weight"; Value = ""; VariantName = "[No Variations]"
Change component parameters (AddParameter): Name = "Width"; Value = "0.049inch"; VariantName = "[No Variations]"
Change component parameters: Designator = "C19" ("C19"); Footprint = "C1206FNPC-RW"; UniqueID = "\CNKZAJHS\CXWKGXTC" ("\CNKZAJHS\CXWKGXTC")
Change component parameters (AddParameter): Name = ".Creator"; Value = "DR"; VariantName = "[No Variations]"
Change component parameters (AddParameter): Name = ".PCBcheck"; Value = ""; VariantName = "[No Variations]"
Change component parameters (AddParameter): Name = ".SCHcheck"; Value = ""; VariantName = "[No Variations]"
Change component parameters (AddParameter): Name = "Capacitance"; Value = ""; VariantName = "[No Variations]"
Change component parameters (AddParameter): Name = "Case Code (Metric)"; Value = "2012"; VariantName = "[No Variations]"
Change component parameters (AddParameter): Name = "Case/Package"; Value = "0805"; VariantName = "[No Variations]"
Change component parameters (AddParameter): Name = "Category"; Value = "Ceramic Capacitors"; VariantName = "[No Variations]"
Change component parameters (AddParameter): Name = "ComponentLink1Description"; Value = "http://www.farnell.com/datasheets/1958443.pdf?src-supplier=Farnell"; VariantName = "[No Variations]"
Change component parameters (AddParameter): Name = "ComponentLink1URL"; Value = "http://www.farnell.com/datasheets/1958443.pdf?src-supplier=Farnell"; VariantName = "[No Variations]"
Change component parameters (AddParameter): Name = "ComponentLink2Description"; Value = "https://katalog.we-online.de/pbs/datasheet/885012007057.pdf?src-supplier=Digi-Key"; VariantName = "[No Variations]"
Change component parameters (AddParameter): Name = "ComponentLink2URL"; Value = "https://katalog.we-online.de/pbs/datasheet/885012007057.pdf?src-supplier=Digi-Key"; VariantName = "[No Variations]"
Change component parameters (AddParameter): Name = "ComponentLink3Description"; Value = "http://www.farnell.com/datasheets/1958443.pdf?src-supplier=Element14"; VariantName = "[No Variations]"
Change component parameters (AddParameter): Name = "ComponentLink3URL"; Value = "http://www.farnell.com/datasheets/1958443.pdf?src-supplier=Element14"; VariantName = "[No Variations]"
Change component parameters (AddParameter): Name = "ComponentLink4Description"; Value = "http://www.farnell.com/datasheets/1958443.pdf?src-supplier=Newark"; VariantName = "[No Variations]"
Change component parameters (AddParameter): Name = "ComponentLink4URL"; Value = "http://www.farnell.com/datasheets/1958443.pdf?src-supplier=Newark"; VariantName = "[No Variations]"
Change component parameters (AddParameter): Name = "ComponentLink5Description"; Value = "Where buy it"; VariantName = "[No Variations]"
Change component parameters (AddParameter): Name = "ComponentLink5URL"; Value = "https://www.we-online.com/catalog/en/WCAP-CSGP-50VDC#885012007057"; VariantName = "[No Variations]"
Change component parameters (AddParameter): Name = "Construction"; Value = ""; VariantName = "[No Variations]"
Change component parameters (AddParameter): Name = "Depth"; Value = ""; VariantName = "[No Variations]"
Change component parameters (AddParameter): Name = "Design Item ID"; Value = "C100p-50V-0805FNPC-C0G/NP0"; VariantName = "[No Variations]"
Change component parameters (AddParameter): Name = "Diameter"; Value = ""; VariantName = "[No Variations]"
Change component parameters (AddParameter): Name = "Dielectric"; Value = "C0G"; VariantName = "[No Variations]"
Change component parameters (AddParameter): Name = "Dielectric Material"; Value = ""; VariantName = "[No Variations]"
Change component parameters (AddParameter): Name = "Dissipation Factor"; Value = ""; VariantName = "[No Variations]"
Change component parameters (AddParameter): Name = "ESR (Equivalent Series Resistance)"; Value = ""; VariantName = "[No Variations]"
Change component parameters (AddParameter): Name = "Features"; Value = ""; VariantName = "[No Variations]"
Change component parameters (AddParameter): Name = "Halogen Free"; Value = ""; VariantName = "[No Variations]"
Change component parameters (AddParameter): Name = "Height"; Value = ""; VariantName = "[No Variations]"
Change component parameters (AddParameter): Name = "Height - Seated (Max)"; Value = ""; VariantName = "[No Variations]"
Change component parameters (AddParameter): Name = "Impedance"; Value = ""; VariantName = "[No Variations]"
Change component parameters (AddParameter): Name = "Lead Diameter"; Value = ""; VariantName = "[No Variations]"
Change component parameters (AddParameter): Name = "Lead Free"; Value = ""; VariantName = "[No Variations]"
Change component parameters (AddParameter): Name = "Lead Pitch"; Value = ""; VariantName = "[No Variations]"
Change component parameters (AddParameter): Name = "Leakage Current"; Value = ""; VariantName = "[No Variations]"
Change component parameters (AddParameter): Name = "Length"; Value = "0.079inch"; VariantName = "[No Variations]"
Change component parameters (AddParameter): Name = "Life (Hours)"; Value = ""; VariantName = "[No Variations]"
Change component parameters (AddParameter): Name = "Manufacturer"; Value = "Wurth Electronics"; VariantName = "[No Variations]"
Change component parameters (AddParameter): Name = "Manufacturer 1"; Value = ""; VariantName = "[No Variations]"
Change component parameters (AddParameter): Name = "Manufacturer Part Number"; Value = "885012007057"; VariantName = "[No Variations]"
Change component parameters (AddParameter): Name = "Manufacturer Part Number 1"; Value = ""; VariantName = "[No Variations]"
Change component parameters (AddParameter): Name = "Material"; Value = ""; VariantName = "[No Variations]"
Change component parameters (AddParameter): Name = "Max Operating Temperature"; Value = "125°C"; VariantName = "[No Variations]"
Change component parameters (AddParameter): Name = "Min Operating Temperature"; Value = "-55°C"; VariantName = "[No Variations]"
Change component parameters (AddParameter): Name = "Mount"; Value = "Surface Mount"; VariantName = "[No Variations]"
Change component parameters (AddParameter): Name = "Package Quantity"; Value = ""; VariantName = "[No Variations]"
Change component parameters (AddParameter): Name = "Packaging"; Value = "Cut Tape"; VariantName = "[No Variations]"
Change component parameters (AddParameter): Name = "Pins"; Value = ""; VariantName = "[No Variations]"
Change component parameters (AddParameter): Name = "Polarity"; Value = ""; VariantName = "[No Variations]"
Change component parameters (AddParameter): Name = "Pricing 1"; Value = "4000=0,03900, 12000=0,03800 (USD)"; VariantName = "[No Variations]"
Change component parameters (AddParameter): Name = "Radiation Hardening"; Value = ""; VariantName = "[No Variations]"
Change component parameters (AddParameter): Name = "Ratings"; Value = ""; VariantName = "[No Variations]"
Change component parameters (AddParameter): Name = "REACH SVHC"; Value = "Unknown"; VariantName = "[No Variations]"
Change component parameters (AddParameter): Name = "Ripple Current"; Value = ""; VariantName = "[No Variations]"
Change component parameters (AddParameter): Name = "RoHS"; Value = "Yes"; VariantName = "[No Variations]"
Change component parameters (AddParameter): Name = "RoHS Compliant"; Value = "Yes"; VariantName = "[No Variations]"
Change component parameters (AddParameter): Name = "Series"; Value = ""; VariantName = "[No Variations]"
Change component parameters (AddParameter): Name = "Source"; Value = "Passives.SchLib"; VariantName = "[No Variations]"
Change component parameters (AddParameter): Name = "Stock 1"; Value = "1"; VariantName = "[No Variations]"
Change component parameters (AddParameter): Name = "Termination"; Value = ""; VariantName = "[No Variations]"
Change component parameters (AddParameter): Name = "Thickness"; Value = "0.035inch"; VariantName = "[No Variations]"
Change component parameters (AddParameter): Name = "Tolerance"; Value = "5%"; VariantName = "[No Variations]"
Change component parameters (AddParameter): Name = "Value"; Value = "100pF"; VariantName = "[No Variations]"
Change component parameters (AddParameter): Name = "Voltage"; Value = ""; VariantName = "[No Variations]"
Change component parameters (AddParameter): Name = "Voltage Rating"; Value = "50V"; VariantName = "[No Variations]"
Change component parameters (AddParameter): Name = "Voltage Rating (DC)"; Value = "50V"; VariantName = "[No Variations]"
Change component parameters (AddParameter): Name = "Weight"; Value = ""; VariantName = "[No Variations]"
Change component parameters (AddParameter): Name = "Width"; Value = "0.049inch"; VariantName = "[No Variations]"
Change component parameters: Designator = "C20" ("C20"); Footprint = "C1206FNPC-RW"; UniqueID = "\CNKZAJHS\KVXTNWKX" ("\CNKZAJHS\KVXTNWKX")
Change component parameters (AddParameter): Name = ".Creator"; Value = "DR"; VariantName = "[No Variations]"
Change component parameters (AddParameter): Name = ".PCBcheck"; Value = ""; VariantName = "[No Variations]"
Change component parameters (AddParameter): Name = ".SCHcheck"; Value = ""; VariantName = "[No Variations]"
Change component parameters (AddParameter): Name = "Capacitance"; Value = ""; VariantName = "[No Variations]"
Change component parameters (AddParameter): Name = "Case Code (Metric)"; Value = "2012"; VariantName = "[No Variations]"
Change component parameters (AddParameter): Name = "Case/Package"; Value = "0805"; VariantName = "[No Variations]"
Change component parameters (AddParameter): Name = "Category"; Value = "Ceramic Capacitors"; VariantName = "[No Variations]"
Change component parameters (AddParameter): Name = "ComponentLink1Description"; Value = "http://www.farnell.com/datasheets/1958443.pdf?src-supplier=Farnell"; VariantName = "[No Variations]"
Change component parameters (AddParameter): Name = "ComponentLink1URL"; Value = "http://www.farnell.com/datasheets/1958443.pdf?src-supplier=Farnell"; VariantName = "[No Variations]"
Change component parameters (AddParameter): Name = "ComponentLink2Description"; Value = "https://katalog.we-online.de/pbs/datasheet/885012007057.pdf?src-supplier=Digi-Key"; VariantName = "[No Variations]"
Change component parameters (AddParameter): Name = "ComponentLink2URL"; Value = "https://katalog.we-online.de/pbs/datasheet/885012007057.pdf?src-supplier=Digi-Key"; VariantName = "[No Variations]"
Change component parameters (AddParameter): Name = "ComponentLink3Description"; Value = "http://www.farnell.com/datasheets/1958443.pdf?src-supplier=Element14"; VariantName = "[No Variations]"
Change component parameters (AddParameter): Name = "ComponentLink3URL"; Value = "http://www.farnell.com/datasheets/1958443.pdf?src-supplier=Element14"; VariantName = "[No Variations]"
Change component parameters (AddParameter): Name = "ComponentLink4Description"; Value = "http://www.farnell.com/datasheets/1958443.pdf?src-supplier=Newark"; VariantName = "[No Variations]"
Change component parameters (AddParameter): Name = "ComponentLink4URL"; Value = "http://www.farnell.com/datasheets/1958443.pdf?src-supplier=Newark"; VariantName = "[No Variations]"
Change component parameters (AddParameter): Name = "ComponentLink5Description"; Value = "Where buy it"; VariantName = "[No Variations]"
Change component parameters (AddParameter): Name = "ComponentLink5URL"; Value = "https://www.we-online.com/catalog/en/WCAP-CSGP-50VDC#885012007057"; VariantName = "[No Variations]"
Change component parameters (AddParameter): Name = "Construction"; Value = ""; VariantName = "[No Variations]"
Change component parameters (AddParameter): Name = "Depth"; Value = ""; VariantName = "[No Variations]"
Change component parameters (AddParameter): Name = "Design Item ID"; Value = "C100p-50V-0805FNPC-C0G/NP0"; VariantName = "[No Variations]"
Change component parameters (AddParameter): Name = "Diameter"; Value = ""; VariantName = "[No Variations]"
Change component parameters (AddParameter): Name = "Dielectric"; Value = "C0G"; VariantName = "[No Variations]"
Change component parameters (AddParameter): Name = "Dielectric Material"; Value = ""; VariantName = "[No Variations]"
Change component parameters (AddParameter): Name = "Dissipation Factor"; Value = ""; VariantName = "[No Variations]"
Change component parameters (AddParameter): Name = "ESR (Equivalent Series Resistance)"; Value = ""; VariantName = "[No Variations]"
Change component parameters (AddParameter): Name = "Features"; Value = ""; VariantName = "[No Variations]"
Change component parameters (AddParameter): Name = "Halogen Free"; Value = ""; VariantName = "[No Variations]"
Change component parameters (AddParameter): Name = "Height"; Value = ""; VariantName = "[No Variations]"
Change component parameters (AddParameter): Name = "Height - Seated (Max)"; Value = ""; VariantName = "[No Variations]"
Change component parameters (AddParameter): Name = "Impedance"; Value = ""; VariantName = "[No Variations]"
Change component parameters (AddParameter): Name = "Lead Diameter"; Value = ""; VariantName = "[No Variations]"
Change component parameters (AddParameter): Name = "Lead Free"; Value = ""; VariantName = "[No Variations]"
Change component parameters (AddParameter): Name = "Lead Pitch"; Value = ""; VariantName = "[No Variations]"
Change component parameters (AddParameter): Name = "Leakage Current"; Value = ""; VariantName = "[No Variations]"
Change component parameters (AddParameter): Name = "Length"; Value = "0.079inch"; VariantName = "[No Variations]"
Change component parameters (AddParameter): Name = "Life (Hours)"; Value = ""; VariantName = "[No Variations]"
Change component parameters (AddParameter): Name = "Manufacturer"; Value = "Wurth Electronics"; VariantName = "[No Variations]"
Change component parameters (AddParameter): Name = "Manufacturer 1"; Value = ""; VariantName = "[No Variations]"
Change component parameters (AddParameter): Name = "Manufacturer Part Number"; Value = "885012007057"; VariantName = "[No Variations]"
Change component parameters (AddParameter): Name = "Manufacturer Part Number 1"; Value = ""; VariantName = "[No Variations]"
Change component parameters (AddParameter): Name = "Material"; Value = ""; VariantName = "[No Variations]"
Change component parameters (AddParameter): Name = "Max Operating Temperature"; Value = "125°C"; VariantName = "[No Variations]"
Change component parameters (AddParameter): Name = "Min Operating Temperature"; Value = "-55°C"; VariantName = "[No Variations]"
Change component parameters (AddParameter): Name = "Mount"; Value = "Surface Mount"; VariantName = "[No Variations]"
Change component parameters (AddParameter): Name = "Package Quantity"; Value = ""; VariantName = "[No Variations]"
Change component parameters (AddParameter): Name = "Packaging"; Value = "Cut Tape"; VariantName = "[No Variations]"
Change component parameters (AddParameter): Name = "Pins"; Value = ""; VariantName = "[No Variations]"
Change component parameters (AddParameter): Name = "Polarity"; Value = ""; VariantName = "[No Variations]"
Change component parameters (AddParameter): Name = "Pricing 1"; Value = "4000=0,03900, 12000=0,03800 (USD)"; VariantName = "[No Variations]"
Change component parameters (AddParameter): Name = "Radiation Hardening"; Value = ""; VariantName = "[No Variations]"
Change component parameters (AddParameter): Name = "Ratings"; Value = ""; VariantName = "[No Variations]"
Change component parameters (AddParameter): Name = "REACH SVHC"; Value = "Unknown"; VariantName = "[No Variations]"
Change component parameters (AddParameter): Name = "Ripple Current"; Value = ""; VariantName = "[No Variations]"
Change component parameters (AddParameter): Name = "RoHS"; Value = "Yes"; VariantName = "[No Variations]"
Change component parameters (AddParameter): Name = "RoHS Compliant"; Value = "Yes"; VariantName = "[No Variations]"
Change component parameters (AddParameter): Name = "Series"; Value = ""; VariantName = "[No Variations]"
Change component parameters (AddParameter): Name = "Source"; Value = "Passives.SchLib"; VariantName = "[No Variations]"
Change component parameters (AddParameter): Name = "Stock 1"; Value = "1"; VariantName = "[No Variations]"
Change component parameters (AddParameter): Name = "Termination"; Value = ""; VariantName = "[No Variations]"
Change component parameters (AddParameter): Name = "Thickness"; Value = "0.035inch"; VariantName = "[No Variations]"
Change component parameters (AddParameter): Name = "Tolerance"; Value = "5%"; VariantName = "[No Variations]"
Change component parameters (AddParameter): Name = "Value"; Value = "100pF"; VariantName = "[No Variations]"
Change component parameters (AddParameter): Name = "Voltage"; Value = ""; VariantName = "[No Variations]"
Change component parameters (AddParameter): Name = "Voltage Rating"; Value = "50V"; VariantName = "[No Variations]"
Change component parameters (AddParameter): Name = "Voltage Rating (DC)"; Value = "50V"; VariantName = "[No Variations]"
Change component parameters (AddParameter): Name = "Weight"; Value = ""; VariantName = "[No Variations]"
Change component parameters (AddParameter): Name = "Width"; Value = "0.049inch"; VariantName = "[No Variations]"
Change component parameters: Designator = "C21" ("C21"); Footprint = "C0805FNPC-R"; UniqueID = "\CNKZAJHS\DEUJSDTE" ("\CNKZAJHS\DEUJSDTE")
Change component parameters (AddParameter): Name = ".Creator"; Value = "DR"; VariantName = "[No Variations]"
Change component parameters (AddParameter): Name = ".PCBcheck"; Value = ""; VariantName = "[No Variations]"
Change component parameters (AddParameter): Name = ".SCHcheck"; Value = ""; VariantName = "[No Variations]"
Change component parameters (AddParameter): Name = "Capacitance"; Value = ""; VariantName = "[No Variations]"
Change component parameters (AddParameter): Name = "Case Code (Metric)"; Value = "2012"; VariantName = "[No Variations]"
Change component parameters (AddParameter): Name = "Case/Package"; Value = "0805"; VariantName = "[No Variations]"
Change component parameters (AddParameter): Name = "Category"; Value = "Ceramic Capacitors"; VariantName = "[No Variations]"
Change component parameters (AddParameter): Name = "ComponentLink1Description"; Value = "http://www.farnell.com/datasheets/1958443.pdf?src-supplier=Farnell"; VariantName = "[No Variations]"
Change component parameters (AddParameter): Name = "ComponentLink1URL"; Value = "http://www.farnell.com/datasheets/1958443.pdf?src-supplier=Farnell"; VariantName = "[No Variations]"
Change component parameters (AddParameter): Name = "ComponentLink2Description"; Value = "https://katalog.we-online.de/pbs/datasheet/885012007057.pdf?src-supplier=Digi-Key"; VariantName = "[No Variations]"
Change component parameters (AddParameter): Name = "ComponentLink2URL"; Value = "https://katalog.we-online.de/pbs/datasheet/885012007057.pdf?src-supplier=Digi-Key"; VariantName = "[No Variations]"
Change component parameters (AddParameter): Name = "ComponentLink3Description"; Value = "http://www.farnell.com/datasheets/1958443.pdf?src-supplier=Element14"; VariantName = "[No Variations]"
Change component parameters (AddParameter): Name = "ComponentLink3URL"; Value = "http://www.farnell.com/datasheets/1958443.pdf?src-supplier=Element14"; VariantName = "[No Variations]"
Change component parameters (AddParameter): Name = "ComponentLink4Description"; Value = "http://www.farnell.com/datasheets/1958443.pdf?src-supplier=Newark"; VariantName = "[No Variations]"
Change component parameters (AddParameter): Name = "ComponentLink4URL"; Value = "http://www.farnell.com/datasheets/1958443.pdf?src-supplier=Newark"; VariantName = "[No Variations]"
Change component parameters (AddParameter): Name = "ComponentLink5Description"; Value = "Where buy it"; VariantName = "[No Variations]"
Change component parameters (AddParameter): Name = "ComponentLink5URL"; Value = "https://www.we-online.com/catalog/en/WCAP-CSGP-50VDC#885012007057"; VariantName = "[No Variations]"
Change component parameters (AddParameter): Name = "Construction"; Value = ""; VariantName = "[No Variations]"
Change component parameters (AddParameter): Name = "Depth"; Value = ""; VariantName = "[No Variations]"
Change component parameters (AddParameter): Name = "Design Item ID"; Value = "C100p-50V-0805FNPC-C0G/NP0"; VariantName = "[No Variations]"
Change component parameters (AddParameter): Name = "Diameter"; Value = ""; VariantName = "[No Variations]"
Change component parameters (AddParameter): Name = "Dielectric"; Value = "C0G"; VariantName = "[No Variations]"
Change component parameters (AddParameter): Name = "Dielectric Material"; Value = ""; VariantName = "[No Variations]"
Change component parameters (AddParameter): Name = "Dissipation Factor"; Value = ""; VariantName = "[No Variations]"
Change component parameters (AddParameter): Name = "ESR (Equivalent Series Resistance)"; Value = ""; VariantName = "[No Variations]"
Change component parameters (AddParameter): Name = "Features"; Value = ""; VariantName = "[No Variations]"
Change component parameters (AddParameter): Name = "Halogen Free"; Value = ""; VariantName = "[No Variations]"
Change component parameters (AddParameter): Name = "Height"; Value = ""; VariantName = "[No Variations]"
Change component parameters (AddParameter): Name = "Height - Seated (Max)"; Value = ""; VariantName = "[No Variations]"
Change component parameters (AddParameter): Name = "Impedance"; Value = ""; VariantName = "[No Variations]"
Change component parameters (AddParameter): Name = "Lead Diameter"; Value = ""; VariantName = "[No Variations]"
Change component parameters (AddParameter): Name = "Lead Free"; Value = ""; VariantName = "[No Variations]"
Change component parameters (AddParameter): Name = "Lead Pitch"; Value = ""; VariantName = "[No Variations]"
Change component parameters (AddParameter): Name = "Leakage Current"; Value = ""; VariantName = "[No Variations]"
Change component parameters (AddParameter): Name = "Length"; Value = "0.079inch"; VariantName = "[No Variations]"
Change component parameters (AddParameter): Name = "Life (Hours)"; Value = ""; VariantName = "[No Variations]"
Change component parameters (AddParameter): Name = "Manufacturer"; Value = "Wurth Electronics"; VariantName = "[No Variations]"
Change component parameters (AddParameter): Name = "Manufacturer 1"; Value = ""; VariantName = "[No Variations]"
Change component parameters (AddParameter): Name = "Manufacturer Part Number"; Value = "885012007057"; VariantName = "[No Variations]"
Change component parameters (AddParameter): Name = "Manufacturer Part Number 1"; Value = ""; VariantName = "[No Variations]"
Change component parameters (AddParameter): Name = "Material"; Value = ""; VariantName = "[No Variations]"
Change component parameters (AddParameter): Name = "Max Operating Temperature"; Value = "125°C"; VariantName = "[No Variations]"
Change component parameters (AddParameter): Name = "Min Operating Temperature"; Value = "-55°C"; VariantName = "[No Variations]"
Change component parameters (AddParameter): Name = "Mount"; Value = "Surface Mount"; VariantName = "[No Variations]"
Change component parameters (AddParameter): Name = "Package Quantity"; Value = ""; VariantName = "[No Variations]"
Change component parameters (AddParameter): Name = "Packaging"; Value = "Cut Tape"; VariantName = "[No Variations]"
Change component parameters (AddParameter): Name = "Pins"; Value = ""; VariantName = "[No Variations]"
Change component parameters (AddParameter): Name = "Polarity"; Value = ""; VariantName = "[No Variations]"
Change component parameters (AddParameter): Name = "Pricing 1"; Value = "4000=0,03900, 12000=0,03800 (USD)"; VariantName = "[No Variations]"
Change component parameters (AddParameter): Name = "Radiation Hardening"; Value = ""; VariantName = "[No Variations]"
Change component parameters (AddParameter): Name = "Ratings"; Value = ""; VariantName = "[No Variations]"
Change component parameters (AddParameter): Name = "REACH SVHC"; Value = "Unknown"; VariantName = "[No Variations]"
Change component parameters (AddParameter): Name = "Ripple Current"; Value = ""; VariantName = "[No Variations]"
Change component parameters (AddParameter): Name = "RoHS"; Value = "Yes"; VariantName = "[No Variations]"
Change component parameters (AddParameter): Name = "RoHS Compliant"; Value = "Yes"; VariantName = "[No Variations]"
Change component parameters (AddParameter): Name = "Series"; Value = ""; VariantName = "[No Variations]"
Change component parameters (AddParameter): Name = "Source"; Value = "Passives.SchLib"; VariantName = "[No Variations]"
Change component parameters (AddParameter): Name = "Stock 1"; Value = "1"; VariantName = "[No Variations]"
Change component parameters (AddParameter): Name = "Termination"; Value = ""; VariantName = "[No Variations]"
Change component parameters (AddParameter): Name = "Thickness"; Value = "0.035inch"; VariantName = "[No Variations]"
Change component parameters (AddParameter): Name = "Tolerance"; Value = "5%"; VariantName = "[No Variations]"
Change component parameters (AddParameter): Name = "Value"; Value = "100pF"; VariantName = "[No Variations]"
Change component parameters (AddParameter): Name = "Voltage"; Value = ""; VariantName = "[No Variations]"
Change component parameters (AddParameter): Name = "Voltage Rating"; Value = "50V"; VariantName = "[No Variations]"
Change component parameters (AddParameter): Name = "Voltage Rating (DC)"; Value = "50V"; VariantName = "[No Variations]"
Change component parameters (AddParameter): Name = "Weight"; Value = ""; VariantName = "[No Variations]"
Change component parameters (AddParameter): Name = "Width"; Value = "0.049inch"; VariantName = "[No Variations]"
Change component parameters: Designator = "C22" ("C22"); Footprint = "C0805FNPC-R"; UniqueID = "\ISPQVWGX\RCWUQHWQ" ("\ISPQVWGX\RCWUQHWQ")
Change component parameters (AddParameter): Name = "Capacitance"; Value = ""; VariantName = "[No Variations]"
Change component parameters (AddParameter): Name = "Capacitor Type"; Value = "Ceramic"; VariantName = "[No Variations]"
Change component parameters (AddParameter): Name = "Case/Package"; Value = ""; VariantName = "[No Variations]"
Change component parameters (AddParameter): Name = "Max Operating Temperature"; Value = ""; VariantName = "[No Variations]"
Change component parameters (AddParameter): Name = "Min Operating Temperature"; Value = ""; VariantName = "[No Variations]"
Change component parameters (AddParameter): Name = "Mounting Technology"; Value = ""; VariantName = "[No Variations]"
Change component parameters (AddParameter): Name = "Pins"; Value = "2"; VariantName = "[No Variations]"
Change component parameters (AddParameter): Name = "Ripple Current"; Value = ""; VariantName = "[No Variations]"
Change component parameters (AddParameter): Name = "Ripple Current (AC)"; Value = ""; VariantName = "[No Variations]"
Change component parameters (AddParameter): Name = "RoHS Compliant"; Value = "Yes"; VariantName = "[No Variations]"
Change component parameters (AddParameter): Name = "Tolerance"; Value = ""; VariantName = "[No Variations]"
Change component parameters (AddParameter): Name = "Value"; Value = ""; VariantName = "[No Variations]"
Change component parameters (AddParameter): Name = "Voltage Rating"; Value = ""; VariantName = "[No Variations]"
Change component parameters: Designator = "C23" ("C23"); Footprint = "C0805FNPC-W"; UniqueID = "\ISPQVWGX\RGGEAOPD" ("\ISPQVWGX\RGGEAOPD")
Change component parameters (AddParameter): Name = "Capacitance"; Value = ""; VariantName = "[No Variations]"
Change component parameters (AddParameter): Name = "Capacitor Type"; Value = "Ceramic"; VariantName = "[No Variations]"
Change component parameters (AddParameter): Name = "Case/Package"; Value = ""; VariantName = "[No Variations]"
Change component parameters (AddParameter): Name = "Max Operating Temperature"; Value = ""; VariantName = "[No Variations]"
Change component parameters (AddParameter): Name = "Min Operating Temperature"; Value = ""; VariantName = "[No Variations]"
Change component parameters (AddParameter): Name = "Mounting Technology"; Value = ""; VariantName = "[No Variations]"
Change component parameters (AddParameter): Name = "Pins"; Value = "2"; VariantName = "[No Variations]"
Change component parameters (AddParameter): Name = "Ripple Current"; Value = ""; VariantName = "[No Variations]"
Change component parameters (AddParameter): Name = "Ripple Current (AC)"; Value = ""; VariantName = "[No Variations]"
Change component parameters (AddParameter): Name = "RoHS Compliant"; Value = "Yes"; VariantName = "[No Variations]"
Change component parameters (AddParameter): Name = "Tolerance"; Value = ""; VariantName = "[No Variations]"
Change component parameters (AddParameter): Name = "Value"; Value = ""; VariantName = "[No Variations]"
Change component parameters (AddParameter): Name = "Voltage Rating"; Value = ""; VariantName = "[No Variations]"
Change component parameters: Designator = "C24" ("C24"); Footprint = "C0805FNPC-W"; UniqueID = "\ISPQVWGX\QRIBSXFO" ("\ISPQVWGX\QRIBSXFO")
Change component parameters (AddParameter): Name = ".Creator"; Value = "GP"; VariantName = "[No Variations]"
Change component parameters (AddParameter): Name = ".PCBcheck"; Value = ""; VariantName = "[No Variations]"
Change component parameters (AddParameter): Name = ".SCHcheck"; Value = ""; VariantName = "[No Variations]"
Change component parameters (AddParameter): Name = "Capacitance"; Value = ""; VariantName = "[No Variations]"
Change component parameters (AddParameter): Name = "Case Code (Metric)"; Value = "3216"; VariantName = "[No Variations]"
Change component parameters (AddParameter): Name = "Case/Package"; Value = "1206"; VariantName = "[No Variations]"
Change component parameters (AddParameter): Name = "Category"; Value = "Ceramic Capacitors"; VariantName = "[No Variations]"
Change component parameters (AddParameter): Name = "ComponentLink1Description"; Value = "http://www.farnell.com/datasheets/2031891.pdf?src-supplier=Farnell"; VariantName = "[No Variations]"
Change component parameters (AddParameter): Name = "ComponentLink1URL"; Value = "http://www.farnell.com/datasheets/2031891.pdf?src-supplier=Farnell"; VariantName = "[No Variations]"
Change component parameters (AddParameter): Name = "ComponentLink2Description"; Value = "http://katalog.we-online.de/pbs/datasheet/885012208009.pdf?src-supplier=Digi-Key"; VariantName = "[No Variations]"
Change component parameters (AddParameter): Name = "ComponentLink2URL"; Value = "http://katalog.we-online.de/pbs/datasheet/885012208009.pdf?src-supplier=Digi-Key"; VariantName = "[No Variations]"
Change component parameters (AddParameter): Name = "ComponentLink3Description"; Value = "https://katalog.we-online.de/pbs/datasheet/885012208009.pdf?src-supplier=Digi-Key"; VariantName = "[No Variations]"
Change component parameters (AddParameter): Name = "ComponentLink3URL"; Value = "https://katalog.we-online.de/pbs/datasheet/885012208009.pdf?src-supplier=Digi-Key"; VariantName = "[No Variations]"
Change component parameters (AddParameter): Name = "ComponentLink4Description"; Value = "Wurth Elektronik"; VariantName = "[No Variations]"
Change component parameters (AddParameter): Name = "ComponentLink4URL"; Value = "https://www.we-online.com/catalog/en/WCAP-CSGP-10VDC?sq=885012208009#885012208009"; VariantName = "[No Variations]"
Change component parameters (AddParameter): Name = "Construction"; Value = ""; VariantName = "[No Variations]"
Change component parameters (AddParameter): Name = "Depth"; Value = ""; VariantName = "[No Variations]"
Change component parameters (AddParameter): Name = "Design Item ID"; Value = "C100n-10V-1206FNPC-X7R"; VariantName = "[No Variations]"
Change component parameters (AddParameter): Name = "Diameter"; Value = ""; VariantName = "[No Variations]"
Change component parameters (AddParameter): Name = "Dielectric"; Value = ""; VariantName = "[No Variations]"
Change component parameters (AddParameter): Name = "Dielectric Material"; Value = ""; VariantName = "[No Variations]"
Change component parameters (AddParameter): Name = "Dissipation Factor"; Value = ""; VariantName = "[No Variations]"
Change component parameters (AddParameter): Name = "ESR (Equivalent Series Resistance)"; Value = ""; VariantName = "[No Variations]"
Change component parameters (AddParameter): Name = "Features"; Value = ""; VariantName = "[No Variations]"
Change component parameters (AddParameter): Name = "Halogen Free"; Value = ""; VariantName = "[No Variations]"
Change component parameters (AddParameter): Name = "Height"; Value = ""; VariantName = "[No Variations]"
Change component parameters (AddParameter): Name = "Height - Seated (Max)"; Value = ""; VariantName = "[No Variations]"
Change component parameters (AddParameter): Name = "Impedance"; Value = ""; VariantName = "[No Variations]"
Change component parameters (AddParameter): Name = "Lead Diameter"; Value = ""; VariantName = "[No Variations]"
Change component parameters (AddParameter): Name = "Lead Free"; Value = ""; VariantName = "[No Variations]"
Change component parameters (AddParameter): Name = "Lead Pitch"; Value = ""; VariantName = "[No Variations]"
Change component parameters (AddParameter): Name = "Leakage Current"; Value = ""; VariantName = "[No Variations]"
Change component parameters (AddParameter): Name = "Length"; Value = "0.126inch"; VariantName = "[No Variations]"
Change component parameters (AddParameter): Name = "Life (Hours)"; Value = ""; VariantName = "[No Variations]"
Change component parameters (AddParameter): Name = "Manufacturer"; Value = ""; VariantName = "[No Variations]"
Change component parameters (AddParameter): Name = "Manufacturer 1"; Value = "Wurth Electronics"; VariantName = "[No Variations]"
Change component parameters (AddParameter): Name = "Manufacturer Part Number"; Value = ""; VariantName = "[No Variations]"
Change component parameters (AddParameter): Name = "Manufacturer Part Number 1"; Value = "885012208009"; VariantName = "[No Variations]"
Change component parameters (AddParameter): Name = "Material"; Value = ""; VariantName = "[No Variations]"
Change component parameters (AddParameter): Name = "Max Operating Temperature"; Value = "125°C"; VariantName = "[No Variations]"
Change component parameters (AddParameter): Name = "Min Operating Temperature"; Value = "-55°C"; VariantName = "[No Variations]"
Change component parameters (AddParameter): Name = "Mount"; Value = "Surface Mount"; VariantName = "[No Variations]"
Change component parameters (AddParameter): Name = "Package Quantity"; Value = ""; VariantName = "[No Variations]"
Change component parameters (AddParameter): Name = "Packaging"; Value = "Tape and Reel"; VariantName = "[No Variations]"
Change component parameters (AddParameter): Name = "Pins"; Value = ""; VariantName = "[No Variations]"
Change component parameters (AddParameter): Name = "Polarity"; Value = ""; VariantName = "[No Variations]"
Change component parameters (AddParameter): Name = "Pricing 1"; Value = "1=0,11000, 10=0,10300, 100=0,09200, 500=0,08100 (USD)"; VariantName = "[No Variations]"
Change component parameters (AddParameter): Name = "Radiation Hardening"; Value = ""; VariantName = "[No Variations]"
Change component parameters (AddParameter): Name = "Ratings"; Value = ""; VariantName = "[No Variations]"
Change component parameters (AddParameter): Name = "REACH SVHC"; Value = ""; VariantName = "[No Variations]"
Change component parameters (AddParameter): Name = "Ripple Current"; Value = ""; VariantName = "[No Variations]"
Change component parameters (AddParameter): Name = "RoHS"; Value = "Yes"; VariantName = "[No Variations]"
Change component parameters (AddParameter): Name = "RoHS Compliant"; Value = "Yes"; VariantName = "[No Variations]"
Change component parameters (AddParameter): Name = "Series"; Value = ""; VariantName = "[No Variations]"
Change component parameters (AddParameter): Name = "Source"; Value = "Passives.SchLib"; VariantName = "[No Variations]"
Change component parameters (AddParameter): Name = "Stock 1"; Value = "7198"; VariantName = "[No Variations]"
Change component parameters (AddParameter): Name = "Termination"; Value = ""; VariantName = "[No Variations]"
Change component parameters (AddParameter): Name = "Thickness"; Value = "0.035inch"; VariantName = "[No Variations]"
Change component parameters (AddParameter): Name = "Tolerance"; Value = "10%"; VariantName = "[No Variations]"
Change component parameters (AddParameter): Name = "Value"; Value = "100nF"; VariantName = "[No Variations]"
Change component parameters (AddParameter): Name = "Voltage"; Value = ""; VariantName = "[No Variations]"
Change component parameters (AddParameter): Name = "Voltage Rating"; Value = "10V"; VariantName = "[No Variations]"
Change component parameters (AddParameter): Name = "Voltage Rating (DC)"; Value = ""; VariantName = "[No Variations]"
Change component parameters (AddParameter): Name = "Weight"; Value = ""; VariantName = "[No Variations]"
Change component parameters (AddParameter): Name = "Width"; Value = "0.063inch"; VariantName = "[No Variations]"
Change component parameters: Designator = "C25" ("C25"); Footprint = "C0805FNPC-R"; UniqueID = "\ISPQVWGX\ATXGHNEB" ("\ISPQVWGX\ATXGHNEB")
Change component parameters (AddParameter): Name = ".Creator"; Value = "GP"; VariantName = "[No Variations]"
Change component parameters (AddParameter): Name = ".PCBcheck"; Value = ""; VariantName = "[No Variations]"
Change component parameters (AddParameter): Name = ".SCHcheck"; Value = ""; VariantName = "[No Variations]"
Change component parameters (AddParameter): Name = "Capacitance"; Value = ""; VariantName = "[No Variations]"
Change component parameters (AddParameter): Name = "Case Code (Metric)"; Value = "3216"; VariantName = "[No Variations]"
Change component parameters (AddParameter): Name = "Case/Package"; Value = "1206"; VariantName = "[No Variations]"
Change component parameters (AddParameter): Name = "Category"; Value = "Ceramic Capacitors"; VariantName = "[No Variations]"
Change component parameters (AddParameter): Name = "ComponentLink1Description"; Value = "http://www.farnell.com/datasheets/2031891.pdf?src-supplier=Farnell"; VariantName = "[No Variations]"
Change component parameters (AddParameter): Name = "ComponentLink1URL"; Value = "http://www.farnell.com/datasheets/2031891.pdf?src-supplier=Farnell"; VariantName = "[No Variations]"
Change component parameters (AddParameter): Name = "ComponentLink2Description"; Value = "http://katalog.we-online.de/pbs/datasheet/885012208009.pdf?src-supplier=Digi-Key"; VariantName = "[No Variations]"
Change component parameters (AddParameter): Name = "ComponentLink2URL"; Value = "http://katalog.we-online.de/pbs/datasheet/885012208009.pdf?src-supplier=Digi-Key"; VariantName = "[No Variations]"
Change component parameters (AddParameter): Name = "ComponentLink3Description"; Value = "https://katalog.we-online.de/pbs/datasheet/885012208009.pdf?src-supplier=Digi-Key"; VariantName = "[No Variations]"
Change component parameters (AddParameter): Name = "ComponentLink3URL"; Value = "https://katalog.we-online.de/pbs/datasheet/885012208009.pdf?src-supplier=Digi-Key"; VariantName = "[No Variations]"
Change component parameters (AddParameter): Name = "ComponentLink4Description"; Value = "Wurth Elektronik"; VariantName = "[No Variations]"
Change component parameters (AddParameter): Name = "ComponentLink4URL"; Value = "https://www.we-online.com/catalog/en/WCAP-CSGP-10VDC?sq=885012208009#885012208009"; VariantName = "[No Variations]"
Change component parameters (AddParameter): Name = "Construction"; Value = ""; VariantName = "[No Variations]"
Change component parameters (AddParameter): Name = "Depth"; Value = ""; VariantName = "[No Variations]"
Change component parameters (AddParameter): Name = "Design Item ID"; Value = "C100n-10V-1206FNPC-X7R"; VariantName = "[No Variations]"
Change component parameters (AddParameter): Name = "Diameter"; Value = ""; VariantName = "[No Variations]"
Change component parameters (AddParameter): Name = "Dielectric"; Value = ""; VariantName = "[No Variations]"
Change component parameters (AddParameter): Name = "Dielectric Material"; Value = ""; VariantName = "[No Variations]"
Change component parameters (AddParameter): Name = "Dissipation Factor"; Value = ""; VariantName = "[No Variations]"
Change component parameters (AddParameter): Name = "ESR (Equivalent Series Resistance)"; Value = ""; VariantName = "[No Variations]"
Change component parameters (AddParameter): Name = "Features"; Value = ""; VariantName = "[No Variations]"
Change component parameters (AddParameter): Name = "Halogen Free"; Value = ""; VariantName = "[No Variations]"
Change component parameters (AddParameter): Name = "Height"; Value = ""; VariantName = "[No Variations]"
Change component parameters (AddParameter): Name = "Height - Seated (Max)"; Value = ""; VariantName = "[No Variations]"
Change component parameters (AddParameter): Name = "Impedance"; Value = ""; VariantName = "[No Variations]"
Change component parameters (AddParameter): Name = "Lead Diameter"; Value = ""; VariantName = "[No Variations]"
Change component parameters (AddParameter): Name = "Lead Free"; Value = ""; VariantName = "[No Variations]"
Change component parameters (AddParameter): Name = "Lead Pitch"; Value = ""; VariantName = "[No Variations]"
Change component parameters (AddParameter): Name = "Leakage Current"; Value = ""; VariantName = "[No Variations]"
Change component parameters (AddParameter): Name = "Length"; Value = "0.126inch"; VariantName = "[No Variations]"
Change component parameters (AddParameter): Name = "Life (Hours)"; Value = ""; VariantName = "[No Variations]"
Change component parameters (AddParameter): Name = "Manufacturer"; Value = ""; VariantName = "[No Variations]"
Change component parameters (AddParameter): Name = "Manufacturer 1"; Value = "Wurth Electronics"; VariantName = "[No Variations]"
Change component parameters (AddParameter): Name = "Manufacturer Part Number"; Value = ""; VariantName = "[No Variations]"
Change component parameters (AddParameter): Name = "Manufacturer Part Number 1"; Value = "885012208009"; VariantName = "[No Variations]"
Change component parameters (AddParameter): Name = "Material"; Value = ""; VariantName = "[No Variations]"
Change component parameters (AddParameter): Name = "Max Operating Temperature"; Value = "125°C"; VariantName = "[No Variations]"
Change component parameters (AddParameter): Name = "Min Operating Temperature"; Value = "-55°C"; VariantName = "[No Variations]"
Change component parameters (AddParameter): Name = "Mount"; Value = "Surface Mount"; VariantName = "[No Variations]"
Change component parameters (AddParameter): Name = "Package Quantity"; Value = ""; VariantName = "[No Variations]"
Change component parameters (AddParameter): Name = "Packaging"; Value = "Tape and Reel"; VariantName = "[No Variations]"
Change component parameters (AddParameter): Name = "Pins"; Value = ""; VariantName = "[No Variations]"
Change component parameters (AddParameter): Name = "Polarity"; Value = ""; VariantName = "[No Variations]"
Change component parameters (AddParameter): Name = "Pricing 1"; Value = "1=0,11000, 10=0,10300, 100=0,09200, 500=0,08100 (USD)"; VariantName = "[No Variations]"
Change component parameters (AddParameter): Name = "Radiation Hardening"; Value = ""; VariantName = "[No Variations]"
Change component parameters (AddParameter): Name = "Ratings"; Value = ""; VariantName = "[No Variations]"
Change component parameters (AddParameter): Name = "REACH SVHC"; Value = ""; VariantName = "[No Variations]"
Change component parameters (AddParameter): Name = "Ripple Current"; Value = ""; VariantName = "[No Variations]"
Change component parameters (AddParameter): Name = "RoHS"; Value = "Yes"; VariantName = "[No Variations]"
Change component parameters (AddParameter): Name = "RoHS Compliant"; Value = "Yes"; VariantName = "[No Variations]"
Change component parameters (AddParameter): Name = "Series"; Value = ""; VariantName = "[No Variations]"
Change component parameters (AddParameter): Name = "Source"; Value = "Passives.SchLib"; VariantName = "[No Variations]"
Change component parameters (AddParameter): Name = "Stock 1"; Value = "7198"; VariantName = "[No Variations]"
Change component parameters (AddParameter): Name = "Termination"; Value = ""; VariantName = "[No Variations]"
Change component parameters (AddParameter): Name = "Thickness"; Value = "0.035inch"; VariantName = "[No Variations]"
Change component parameters (AddParameter): Name = "Tolerance"; Value = "10%"; VariantName = "[No Variations]"
Change component parameters (AddParameter): Name = "Value"; Value = "100nF"; VariantName = "[No Variations]"
Change component parameters (AddParameter): Name = "Voltage"; Value = ""; VariantName = "[No Variations]"
Change component parameters (AddParameter): Name = "Voltage Rating"; Value = "10V"; VariantName = "[No Variations]"
Change component parameters (AddParameter): Name = "Voltage Rating (DC)"; Value = ""; VariantName = "[No Variations]"
Change component parameters (AddParameter): Name = "Weight"; Value = ""; VariantName = "[No Variations]"
Change component parameters (AddParameter): Name = "Width"; Value = "0.063inch"; VariantName = "[No Variations]"
Change component parameters: Designator = "C26" ("C26"); Footprint = "C0805FNPC-W"; UniqueID = "\ISPQVWGX\SMGGHOTS" ("\ISPQVWGX\SMGGHOTS")
Change component parameters (AddParameter): Name = ".Creator"; Value = "DR"; VariantName = "[No Variations]"
Change component parameters (AddParameter): Name = ".PCBcheck"; Value = ""; VariantName = "[No Variations]"
Change component parameters (AddParameter): Name = ".SCHcheck"; Value = ""; VariantName = "[No Variations]"
Change component parameters (AddParameter): Name = "Capacitance"; Value = ""; VariantName = "[No Variations]"
Change component parameters (AddParameter): Name = "Case Code (Metric)"; Value = "2012"; VariantName = "[No Variations]"
Change component parameters (AddParameter): Name = "Case/Package"; Value = "0805"; VariantName = "[No Variations]"
Change component parameters (AddParameter): Name = "Category"; Value = "Ceramic Capacitors"; VariantName = "[No Variations]"
Change component parameters (AddParameter): Name = "ComponentLink1Description"; Value = "http://www.farnell.com/datasheets/1958498.pdf?src-supplier=Farnell"; VariantName = "[No Variations]"
Change component parameters (AddParameter): Name = "ComponentLink1URL"; Value = "http://www.farnell.com/datasheets/1958498.pdf?src-supplier=Farnell"; VariantName = "[No Variations]"
Change component parameters (AddParameter): Name = "ComponentLink2Description"; Value = "http://www.farnell.com/datasheets/1958498.pdf?src-supplier=Element14"; VariantName = "[No Variations]"
Change component parameters (AddParameter): Name = "ComponentLink2URL"; Value = "http://www.farnell.com/datasheets/1958498.pdf?src-supplier=Element14"; VariantName = "[No Variations]"
Change component parameters (AddParameter): Name = "ComponentLink3Description"; Value = "https://katalog.we-online.de/pbs/datasheet/885012207098.pdf?src-supplier=Digi-Key"; VariantName = "[No Variations]"
Change component parameters (AddParameter): Name = "ComponentLink3URL"; Value = "https://katalog.we-online.de/pbs/datasheet/885012207098.pdf?src-supplier=Digi-Key"; VariantName = "[No Variations]"
Change component parameters (AddParameter): Name = "ComponentLink4Description"; Value = "http://www.farnell.com/datasheets/1958498.pdf?src-supplier=Newark"; VariantName = "[No Variations]"
Change component parameters (AddParameter): Name = "ComponentLink4URL"; Value = "http://www.farnell.com/datasheets/1958498.pdf?src-supplier=Newark"; VariantName = "[No Variations]"
Change component parameters (AddParameter): Name = "Construction"; Value = ""; VariantName = "[No Variations]"
Change component parameters (AddParameter): Name = "Depth"; Value = ""; VariantName = "[No Variations]"
Change component parameters (AddParameter): Name = "Design Item ID"; Value = "C100n-50V-0805FNPC-X7R"; VariantName = "[No Variations]"
Change component parameters (AddParameter): Name = "Diameter"; Value = ""; VariantName = "[No Variations]"
Change component parameters (AddParameter): Name = "Dielectric"; Value = "X7R"; VariantName = "[No Variations]"
Change component parameters (AddParameter): Name = "Dielectric Material"; Value = ""; VariantName = "[No Variations]"
Change component parameters (AddParameter): Name = "Dissipation Factor"; Value = ""; VariantName = "[No Variations]"
Change component parameters (AddParameter): Name = "ESR (Equivalent Series Resistance)"; Value = ""; VariantName = "[No Variations]"
Change component parameters (AddParameter): Name = "Features"; Value = ""; VariantName = "[No Variations]"
Change component parameters (AddParameter): Name = "Halogen Free"; Value = ""; VariantName = "[No Variations]"
Change component parameters (AddParameter): Name = "Height"; Value = ""; VariantName = "[No Variations]"
Change component parameters (AddParameter): Name = "Height - Seated (Max)"; Value = ""; VariantName = "[No Variations]"
Change component parameters (AddParameter): Name = "Impedance"; Value = ""; VariantName = "[No Variations]"
Change component parameters (AddParameter): Name = "Lead Diameter"; Value = ""; VariantName = "[No Variations]"
Change component parameters (AddParameter): Name = "Lead Free"; Value = ""; VariantName = "[No Variations]"
Change component parameters (AddParameter): Name = "Lead Pitch"; Value = ""; VariantName = "[No Variations]"
Change component parameters (AddParameter): Name = "Leakage Current"; Value = ""; VariantName = "[No Variations]"
Change component parameters (AddParameter): Name = "Length"; Value = "0.079inch"; VariantName = "[No Variations]"
Change component parameters (AddParameter): Name = "Life (Hours)"; Value = ""; VariantName = "[No Variations]"
Change component parameters (AddParameter): Name = "Manufacturer"; Value = ""; VariantName = "[No Variations]"
Change component parameters (AddParameter): Name = "Manufacturer 1"; Value = "Wurth Electronics"; VariantName = "[No Variations]"
Change component parameters (AddParameter): Name = "Manufacturer Part Number"; Value = ""; VariantName = "[No Variations]"
Change component parameters (AddParameter): Name = "Manufacturer Part Number 1"; Value = "885012207098"; VariantName = "[No Variations]"
Change component parameters (AddParameter): Name = "Material"; Value = ""; VariantName = "[No Variations]"
Change component parameters (AddParameter): Name = "Max Operating Temperature"; Value = "125°C"; VariantName = "[No Variations]"
Change component parameters (AddParameter): Name = "Min Operating Temperature"; Value = "-55°C"; VariantName = "[No Variations]"
Change component parameters (AddParameter): Name = "Mount"; Value = "Surface Mount"; VariantName = "[No Variations]"
Change component parameters (AddParameter): Name = "Package Quantity"; Value = ""; VariantName = "[No Variations]"
Change component parameters (AddParameter): Name = "Packaging"; Value = "Cut Tape"; VariantName = "[No Variations]"
Change component parameters (AddParameter): Name = "Pins"; Value = ""; VariantName = "[No Variations]"
Change component parameters (AddParameter): Name = "Polarity"; Value = ""; VariantName = "[No Variations]"
Change component parameters (AddParameter): Name = "Pricing 1"; Value = "100=0,10200, 500=0,07100, 2000=0,06100 (GBP)"; VariantName = "[No Variations]"
Change component parameters (AddParameter): Name = "Radiation Hardening"; Value = ""; VariantName = "[No Variations]"
Change component parameters (AddParameter): Name = "Ratings"; Value = ""; VariantName = "[No Variations]"
Change component parameters (AddParameter): Name = "REACH SVHC"; Value = "Unknown"; VariantName = "[No Variations]"
Change component parameters (AddParameter): Name = "Ripple Current"; Value = ""; VariantName = "[No Variations]"
Change component parameters (AddParameter): Name = "RoHS"; Value = "Yes"; VariantName = "[No Variations]"
Change component parameters (AddParameter): Name = "RoHS Compliant"; Value = "Yes"; VariantName = "[No Variations]"
Change component parameters (AddParameter): Name = "Series"; Value = ""; VariantName = "[No Variations]"
Change component parameters (AddParameter): Name = "Source"; Value = "Passives.SchLib"; VariantName = "[No Variations]"
Change component parameters (AddParameter): Name = "Stock 1"; Value = "8000"; VariantName = "[No Variations]"
Change component parameters (AddParameter): Name = "Termination"; Value = ""; VariantName = "[No Variations]"
Change component parameters (AddParameter): Name = "Thickness"; Value = "0.035inch"; VariantName = "[No Variations]"
Change component parameters (AddParameter): Name = "Tolerance"; Value = "10%"; VariantName = "[No Variations]"
Change component parameters (AddParameter): Name = "Value"; Value = "100nF"; VariantName = "[No Variations]"
Change component parameters (AddParameter): Name = "Voltage"; Value = ""; VariantName = "[No Variations]"
Change component parameters (AddParameter): Name = "Voltage Rating"; Value = "50V"; VariantName = "[No Variations]"
Change component parameters (AddParameter): Name = "Voltage Rating (DC)"; Value = "50V"; VariantName = "[No Variations]"
Change component parameters (AddParameter): Name = "Weight"; Value = ""; VariantName = "[No Variations]"
Change component parameters (AddParameter): Name = "Width"; Value = "0.049inch"; VariantName = "[No Variations]"
Change component parameters: Designator = "C27" ("C27"); Footprint = "C0805FNPC-W"; UniqueID = "\ISPQVWGX\QADPZYGS" ("\ISPQVWGX\QADPZYGS")
Change component parameters (AddParameter): Name = ".Creator"; Value = "DR"; VariantName = "[No Variations]"
Change component parameters (AddParameter): Name = ".PCBcheck"; Value = ""; VariantName = "[No Variations]"
Change component parameters (AddParameter): Name = ".SCHcheck"; Value = ""; VariantName = "[No Variations]"
Change component parameters (AddParameter): Name = "Capacitance"; Value = ""; VariantName = "[No Variations]"
Change component parameters (AddParameter): Name = "Case Code (Metric)"; Value = "2012"; VariantName = "[No Variations]"
Change component parameters (AddParameter): Name = "Case/Package"; Value = "0805"; VariantName = "[No Variations]"
Change component parameters (AddParameter): Name = "Category"; Value = "Ceramic Capacitors"; VariantName = "[No Variations]"
Change component parameters (AddParameter): Name = "ComponentLink1Description"; Value = "http://www.farnell.com/datasheets/1958498.pdf?src-supplier=Farnell"; VariantName = "[No Variations]"
Change component parameters (AddParameter): Name = "ComponentLink1URL"; Value = "http://www.farnell.com/datasheets/1958498.pdf?src-supplier=Farnell"; VariantName = "[No Variations]"
Change component parameters (AddParameter): Name = "ComponentLink2Description"; Value = "http://www.farnell.com/datasheets/1958498.pdf?src-supplier=Element14"; VariantName = "[No Variations]"
Change component parameters (AddParameter): Name = "ComponentLink2URL"; Value = "http://www.farnell.com/datasheets/1958498.pdf?src-supplier=Element14"; VariantName = "[No Variations]"
Change component parameters (AddParameter): Name = "ComponentLink3Description"; Value = "https://katalog.we-online.de/pbs/datasheet/885012207098.pdf?src-supplier=Digi-Key"; VariantName = "[No Variations]"
Change component parameters (AddParameter): Name = "ComponentLink3URL"; Value = "https://katalog.we-online.de/pbs/datasheet/885012207098.pdf?src-supplier=Digi-Key"; VariantName = "[No Variations]"
Change component parameters (AddParameter): Name = "ComponentLink4Description"; Value = "http://www.farnell.com/datasheets/1958498.pdf?src-supplier=Newark"; VariantName = "[No Variations]"
Change component parameters (AddParameter): Name = "ComponentLink4URL"; Value = "http://www.farnell.com/datasheets/1958498.pdf?src-supplier=Newark"; VariantName = "[No Variations]"
Change component parameters (AddParameter): Name = "Construction"; Value = ""; VariantName = "[No Variations]"
Change component parameters (AddParameter): Name = "Depth"; Value = ""; VariantName = "[No Variations]"
Change component parameters (AddParameter): Name = "Design Item ID"; Value = "C100n-50V-0805FNPC-X7R"; VariantName = "[No Variations]"
Change component parameters (AddParameter): Name = "Diameter"; Value = ""; VariantName = "[No Variations]"
Change component parameters (AddParameter): Name = "Dielectric"; Value = "X7R"; VariantName = "[No Variations]"
Change component parameters (AddParameter): Name = "Dielectric Material"; Value = ""; VariantName = "[No Variations]"
Change component parameters (AddParameter): Name = "Dissipation Factor"; Value = ""; VariantName = "[No Variations]"
Change component parameters (AddParameter): Name = "ESR (Equivalent Series Resistance)"; Value = ""; VariantName = "[No Variations]"
Change component parameters (AddParameter): Name = "Features"; Value = ""; VariantName = "[No Variations]"
Change component parameters (AddParameter): Name = "Halogen Free"; Value = ""; VariantName = "[No Variations]"
Change component parameters (AddParameter): Name = "Height"; Value = ""; VariantName = "[No Variations]"
Change component parameters (AddParameter): Name = "Height - Seated (Max)"; Value = ""; VariantName = "[No Variations]"
Change component parameters (AddParameter): Name = "Impedance"; Value = ""; VariantName = "[No Variations]"
Change component parameters (AddParameter): Name = "Lead Diameter"; Value = ""; VariantName = "[No Variations]"
Change component parameters (AddParameter): Name = "Lead Free"; Value = ""; VariantName = "[No Variations]"
Change component parameters (AddParameter): Name = "Lead Pitch"; Value = ""; VariantName = "[No Variations]"
Change component parameters (AddParameter): Name = "Leakage Current"; Value = ""; VariantName = "[No Variations]"
Change component parameters (AddParameter): Name = "Length"; Value = "0.079inch"; VariantName = "[No Variations]"
Change component parameters (AddParameter): Name = "Life (Hours)"; Value = ""; VariantName = "[No Variations]"
Change component parameters (AddParameter): Name = "Manufacturer"; Value = ""; VariantName = "[No Variations]"
Change component parameters (AddParameter): Name = "Manufacturer 1"; Value = "Wurth Electronics"; VariantName = "[No Variations]"
Change component parameters (AddParameter): Name = "Manufacturer Part Number"; Value = ""; VariantName = "[No Variations]"
Change component parameters (AddParameter): Name = "Manufacturer Part Number 1"; Value = "885012207098"; VariantName = "[No Variations]"
Change component parameters (AddParameter): Name = "Material"; Value = ""; VariantName = "[No Variations]"
Change component parameters (AddParameter): Name = "Max Operating Temperature"; Value = "125°C"; VariantName = "[No Variations]"
Change component parameters (AddParameter): Name = "Min Operating Temperature"; Value = "-55°C"; VariantName = "[No Variations]"
Change component parameters (AddParameter): Name = "Mount"; Value = "Surface Mount"; VariantName = "[No Variations]"
Change component parameters (AddParameter): Name = "Package Quantity"; Value = ""; VariantName = "[No Variations]"
Change component parameters (AddParameter): Name = "Packaging"; Value = "Cut Tape"; VariantName = "[No Variations]"
Change component parameters (AddParameter): Name = "Pins"; Value = ""; VariantName = "[No Variations]"
Change component parameters (AddParameter): Name = "Polarity"; Value = ""; VariantName = "[No Variations]"
Change component parameters (AddParameter): Name = "Pricing 1"; Value = "100=0,10200, 500=0,07100, 2000=0,06100 (GBP)"; VariantName = "[No Variations]"
Change component parameters (AddParameter): Name = "Radiation Hardening"; Value = ""; VariantName = "[No Variations]"
Change component parameters (AddParameter): Name = "Ratings"; Value = ""; VariantName = "[No Variations]"
Change component parameters (AddParameter): Name = "REACH SVHC"; Value = "Unknown"; VariantName = "[No Variations]"
Change component parameters (AddParameter): Name = "Ripple Current"; Value = ""; VariantName = "[No Variations]"
Change component parameters (AddParameter): Name = "RoHS"; Value = "Yes"; VariantName = "[No Variations]"
Change component parameters (AddParameter): Name = "RoHS Compliant"; Value = "Yes"; VariantName = "[No Variations]"
Change component parameters (AddParameter): Name = "Series"; Value = ""; VariantName = "[No Variations]"
Change component parameters (AddParameter): Name = "Source"; Value = "Passives.SchLib"; VariantName = "[No Variations]"
Change component parameters (AddParameter): Name = "Stock 1"; Value = "8000"; VariantName = "[No Variations]"
Change component parameters (AddParameter): Name = "Termination"; Value = ""; VariantName = "[No Variations]"
Change component parameters (AddParameter): Name = "Thickness"; Value = "0.035inch"; VariantName = "[No Variations]"
Change component parameters (AddParameter): Name = "Tolerance"; Value = "10%"; VariantName = "[No Variations]"
Change component parameters (AddParameter): Name = "Value"; Value = "100nF"; VariantName = "[No Variations]"
Change component parameters (AddParameter): Name = "Voltage"; Value = ""; VariantName = "[No Variations]"
Change component parameters (AddParameter): Name = "Voltage Rating"; Value = "50V"; VariantName = "[No Variations]"
Change component parameters (AddParameter): Name = "Voltage Rating (DC)"; Value = "50V"; VariantName = "[No Variations]"
Change component parameters (AddParameter): Name = "Weight"; Value = ""; VariantName = "[No Variations]"
Change component parameters (AddParameter): Name = "Width"; Value = "0.049inch"; VariantName = "[No Variations]"
Change component parameters: Designator = "C28" ("C28"); Footprint = "C0805FNPC-W"; UniqueID = "\ISPQVWGX\ZLMSIDSW" ("\ISPQVWGX\ZLMSIDSW")
Change component parameters (AddParameter): Name = ".Creator"; Value = "DR"; VariantName = "[No Variations]"
Change component parameters (AddParameter): Name = ".PCBcheck"; Value = ""; VariantName = "[No Variations]"
Change component parameters (AddParameter): Name = ".SCHcheck"; Value = ""; VariantName = "[No Variations]"
Change component parameters (AddParameter): Name = "Capacitance"; Value = ""; VariantName = "[No Variations]"
Change component parameters (AddParameter): Name = "Case Code (Metric)"; Value = "2012"; VariantName = "[No Variations]"
Change component parameters (AddParameter): Name = "Case/Package"; Value = "0805"; VariantName = "[No Variations]"
Change component parameters (AddParameter): Name = "Category"; Value = "Ceramic Capacitors"; VariantName = "[No Variations]"
Change component parameters (AddParameter): Name = "ComponentLink1Description"; Value = "http://www.farnell.com/datasheets/1958498.pdf?src-supplier=Farnell"; VariantName = "[No Variations]"
Change component parameters (AddParameter): Name = "ComponentLink1URL"; Value = "http://www.farnell.com/datasheets/1958498.pdf?src-supplier=Farnell"; VariantName = "[No Variations]"
Change component parameters (AddParameter): Name = "ComponentLink2Description"; Value = "http://www.farnell.com/datasheets/1958498.pdf?src-supplier=Element14"; VariantName = "[No Variations]"
Change component parameters (AddParameter): Name = "ComponentLink2URL"; Value = "http://www.farnell.com/datasheets/1958498.pdf?src-supplier=Element14"; VariantName = "[No Variations]"
Change component parameters (AddParameter): Name = "ComponentLink3Description"; Value = "https://katalog.we-online.de/pbs/datasheet/885012207098.pdf?src-supplier=Digi-Key"; VariantName = "[No Variations]"
Change component parameters (AddParameter): Name = "ComponentLink3URL"; Value = "https://katalog.we-online.de/pbs/datasheet/885012207098.pdf?src-supplier=Digi-Key"; VariantName = "[No Variations]"
Change component parameters (AddParameter): Name = "ComponentLink4Description"; Value = "http://www.farnell.com/datasheets/1958498.pdf?src-supplier=Newark"; VariantName = "[No Variations]"
Change component parameters (AddParameter): Name = "ComponentLink4URL"; Value = "http://www.farnell.com/datasheets/1958498.pdf?src-supplier=Newark"; VariantName = "[No Variations]"
Change component parameters (AddParameter): Name = "Construction"; Value = ""; VariantName = "[No Variations]"
Change component parameters (AddParameter): Name = "Depth"; Value = ""; VariantName = "[No Variations]"
Change component parameters (AddParameter): Name = "Design Item ID"; Value = "C100n-50V-0805FNPC-X7R"; VariantName = "[No Variations]"
Change component parameters (AddParameter): Name = "Diameter"; Value = ""; VariantName = "[No Variations]"
Change component parameters (AddParameter): Name = "Dielectric"; Value = "X7R"; VariantName = "[No Variations]"
Change component parameters (AddParameter): Name = "Dielectric Material"; Value = ""; VariantName = "[No Variations]"
Change component parameters (AddParameter): Name = "Dissipation Factor"; Value = ""; VariantName = "[No Variations]"
Change component parameters (AddParameter): Name = "ESR (Equivalent Series Resistance)"; Value = ""; VariantName = "[No Variations]"
Change component parameters (AddParameter): Name = "Features"; Value = ""; VariantName = "[No Variations]"
Change component parameters (AddParameter): Name = "Halogen Free"; Value = ""; VariantName = "[No Variations]"
Change component parameters (AddParameter): Name = "Height"; Value = ""; VariantName = "[No Variations]"
Change component parameters (AddParameter): Name = "Height - Seated (Max)"; Value = ""; VariantName = "[No Variations]"
Change component parameters (AddParameter): Name = "Impedance"; Value = ""; VariantName = "[No Variations]"
Change component parameters (AddParameter): Name = "Lead Diameter"; Value = ""; VariantName = "[No Variations]"
Change component parameters (AddParameter): Name = "Lead Free"; Value = ""; VariantName = "[No Variations]"
Change component parameters (AddParameter): Name = "Lead Pitch"; Value = ""; VariantName = "[No Variations]"
Change component parameters (AddParameter): Name = "Leakage Current"; Value = ""; VariantName = "[No Variations]"
Change component parameters (AddParameter): Name = "Length"; Value = "0.079inch"; VariantName = "[No Variations]"
Change component parameters (AddParameter): Name = "Life (Hours)"; Value = ""; VariantName = "[No Variations]"
Change component parameters (AddParameter): Name = "Manufacturer"; Value = ""; VariantName = "[No Variations]"
Change component parameters (AddParameter): Name = "Manufacturer 1"; Value = "Wurth Electronics"; VariantName = "[No Variations]"
Change component parameters (AddParameter): Name = "Manufacturer Part Number"; Value = ""; VariantName = "[No Variations]"
Change component parameters (AddParameter): Name = "Manufacturer Part Number 1"; Value = "885012207098"; VariantName = "[No Variations]"
Change component parameters (AddParameter): Name = "Material"; Value = ""; VariantName = "[No Variations]"
Change component parameters (AddParameter): Name = "Max Operating Temperature"; Value = "125°C"; VariantName = "[No Variations]"
Change component parameters (AddParameter): Name = "Min Operating Temperature"; Value = "-55°C"; VariantName = "[No Variations]"
Change component parameters (AddParameter): Name = "Mount"; Value = "Surface Mount"; VariantName = "[No Variations]"
Change component parameters (AddParameter): Name = "Package Quantity"; Value = ""; VariantName = "[No Variations]"
Change component parameters (AddParameter): Name = "Packaging"; Value = "Cut Tape"; VariantName = "[No Variations]"
Change component parameters (AddParameter): Name = "Pins"; Value = ""; VariantName = "[No Variations]"
Change component parameters (AddParameter): Name = "Polarity"; Value = ""; VariantName = "[No Variations]"
Change component parameters (AddParameter): Name = "Pricing 1"; Value = "100=0,10200, 500=0,07100, 2000=0,06100 (GBP)"; VariantName = "[No Variations]"
Change component parameters (AddParameter): Name = "Radiation Hardening"; Value = ""; VariantName = "[No Variations]"
Change component parameters (AddParameter): Name = "Ratings"; Value = ""; VariantName = "[No Variations]"
Change component parameters (AddParameter): Name = "REACH SVHC"; Value = "Unknown"; VariantName = "[No Variations]"
Change component parameters (AddParameter): Name = "Ripple Current"; Value = ""; VariantName = "[No Variations]"
Change component parameters (AddParameter): Name = "RoHS"; Value = "Yes"; VariantName = "[No Variations]"
Change component parameters (AddParameter): Name = "RoHS Compliant"; Value = "Yes"; VariantName = "[No Variations]"
Change component parameters (AddParameter): Name = "Series"; Value = ""; VariantName = "[No Variations]"
Change component parameters (AddParameter): Name = "Source"; Value = "Passives.SchLib"; VariantName = "[No Variations]"
Change component parameters (AddParameter): Name = "Stock 1"; Value = "8000"; VariantName = "[No Variations]"
Change component parameters (AddParameter): Name = "Termination"; Value = ""; VariantName = "[No Variations]"
Change component parameters (AddParameter): Name = "Thickness"; Value = "0.035inch"; VariantName = "[No Variations]"
Change component parameters (AddParameter): Name = "Tolerance"; Value = "10%"; VariantName = "[No Variations]"
Change component parameters (AddParameter): Name = "Value"; Value = "100nF"; VariantName = "[No Variations]"
Change component parameters (AddParameter): Name = "Voltage"; Value = ""; VariantName = "[No Variations]"
Change component parameters (AddParameter): Name = "Voltage Rating"; Value = "50V"; VariantName = "[No Variations]"
Change component parameters (AddParameter): Name = "Voltage Rating (DC)"; Value = "50V"; VariantName = "[No Variations]"
Change component parameters (AddParameter): Name = "Weight"; Value = ""; VariantName = "[No Variations]"
Change component parameters (AddParameter): Name = "Width"; Value = "0.049inch"; VariantName = "[No Variations]"
Change component parameters: Designator = "C29" ("C29"); Footprint = "WCAP-CSGP_0805_L2W1.25H0.6_Reflow"; UniqueID = "\ISPQVWGX\LFYJXZKT" ("\ISPQVWGX\LFYJXZKT")
Change component parameters (AddParameter): Name = ".Creator"; Value = "DR"; VariantName = "[No Variations]"
Change component parameters (AddParameter): Name = ".PCBcheck"; Value = ""; VariantName = "[No Variations]"
Change component parameters (AddParameter): Name = ".SCHcheck"; Value = ""; VariantName = "[No Variations]"
Change component parameters (AddParameter): Name = "Capacitance"; Value = ""; VariantName = "[No Variations]"
Change component parameters (AddParameter): Name = "Case Code (Metric)"; Value = "2012"; VariantName = "[No Variations]"
Change component parameters (AddParameter): Name = "Case/Package"; Value = "0805"; VariantName = "[No Variations]"
Change component parameters (AddParameter): Name = "Category"; Value = "Ceramic Capacitors"; VariantName = "[No Variations]"
Change component parameters (AddParameter): Name = "ComponentLink1Description"; Value = "http://www.farnell.com/datasheets/1958498.pdf?src-supplier=Farnell"; VariantName = "[No Variations]"
Change component parameters (AddParameter): Name = "ComponentLink1URL"; Value = "http://www.farnell.com/datasheets/1958498.pdf?src-supplier=Farnell"; VariantName = "[No Variations]"
Change component parameters (AddParameter): Name = "ComponentLink2Description"; Value = "http://www.farnell.com/datasheets/1958498.pdf?src-supplier=Element14"; VariantName = "[No Variations]"
Change component parameters (AddParameter): Name = "ComponentLink2URL"; Value = "http://www.farnell.com/datasheets/1958498.pdf?src-supplier=Element14"; VariantName = "[No Variations]"
Change component parameters (AddParameter): Name = "ComponentLink3Description"; Value = "https://katalog.we-online.de/pbs/datasheet/885012207098.pdf?src-supplier=Digi-Key"; VariantName = "[No Variations]"
Change component parameters (AddParameter): Name = "ComponentLink3URL"; Value = "https://katalog.we-online.de/pbs/datasheet/885012207098.pdf?src-supplier=Digi-Key"; VariantName = "[No Variations]"
Change component parameters (AddParameter): Name = "ComponentLink4Description"; Value = "http://www.farnell.com/datasheets/1958498.pdf?src-supplier=Newark"; VariantName = "[No Variations]"
Change component parameters (AddParameter): Name = "ComponentLink4URL"; Value = "http://www.farnell.com/datasheets/1958498.pdf?src-supplier=Newark"; VariantName = "[No Variations]"
Change component parameters (AddParameter): Name = "Construction"; Value = ""; VariantName = "[No Variations]"
Change component parameters (AddParameter): Name = "Depth"; Value = ""; VariantName = "[No Variations]"
Change component parameters (AddParameter): Name = "Design Item ID"; Value = "C100n-50V-0805FNPC-X7R"; VariantName = "[No Variations]"
Change component parameters (AddParameter): Name = "Diameter"; Value = ""; VariantName = "[No Variations]"
Change component parameters (AddParameter): Name = "Dielectric"; Value = "X7R"; VariantName = "[No Variations]"
Change component parameters (AddParameter): Name = "Dielectric Material"; Value = ""; VariantName = "[No Variations]"
Change component parameters (AddParameter): Name = "Dissipation Factor"; Value = ""; VariantName = "[No Variations]"
Change component parameters (AddParameter): Name = "ESR (Equivalent Series Resistance)"; Value = ""; VariantName = "[No Variations]"
Change component parameters (AddParameter): Name = "Features"; Value = ""; VariantName = "[No Variations]"
Change component parameters (AddParameter): Name = "Halogen Free"; Value = ""; VariantName = "[No Variations]"
Change component parameters (AddParameter): Name = "Height"; Value = ""; VariantName = "[No Variations]"
Change component parameters (AddParameter): Name = "Height - Seated (Max)"; Value = ""; VariantName = "[No Variations]"
Change component parameters (AddParameter): Name = "Impedance"; Value = ""; VariantName = "[No Variations]"
Change component parameters (AddParameter): Name = "Lead Diameter"; Value = ""; VariantName = "[No Variations]"
Change component parameters (AddParameter): Name = "Lead Free"; Value = ""; VariantName = "[No Variations]"
Change component parameters (AddParameter): Name = "Lead Pitch"; Value = ""; VariantName = "[No Variations]"
Change component parameters (AddParameter): Name = "Leakage Current"; Value = ""; VariantName = "[No Variations]"
Change component parameters (AddParameter): Name = "Length"; Value = "0.079inch"; VariantName = "[No Variations]"
Change component parameters (AddParameter): Name = "Life (Hours)"; Value = ""; VariantName = "[No Variations]"
Change component parameters (AddParameter): Name = "Manufacturer"; Value = ""; VariantName = "[No Variations]"
Change component parameters (AddParameter): Name = "Manufacturer 1"; Value = "Wurth Electronics"; VariantName = "[No Variations]"
Change component parameters (AddParameter): Name = "Manufacturer Part Number"; Value = ""; VariantName = "[No Variations]"
Change component parameters (AddParameter): Name = "Manufacturer Part Number 1"; Value = "885012207098"; VariantName = "[No Variations]"
Change component parameters (AddParameter): Name = "Material"; Value = ""; VariantName = "[No Variations]"
Change component parameters (AddParameter): Name = "Max Operating Temperature"; Value = "125°C"; VariantName = "[No Variations]"
Change component parameters (AddParameter): Name = "Min Operating Temperature"; Value = "-55°C"; VariantName = "[No Variations]"
Change component parameters (AddParameter): Name = "Mount"; Value = "Surface Mount"; VariantName = "[No Variations]"
Change component parameters (AddParameter): Name = "Package Quantity"; Value = ""; VariantName = "[No Variations]"
Change component parameters (AddParameter): Name = "Packaging"; Value = "Cut Tape"; VariantName = "[No Variations]"
Change component parameters (AddParameter): Name = "Pins"; Value = ""; VariantName = "[No Variations]"
Change component parameters (AddParameter): Name = "Polarity"; Value = ""; VariantName = "[No Variations]"
Change component parameters (AddParameter): Name = "Pricing 1"; Value = "100=0,10200, 500=0,07100, 2000=0,06100 (GBP)"; VariantName = "[No Variations]"
Change component parameters (AddParameter): Name = "Radiation Hardening"; Value = ""; VariantName = "[No Variations]"
Change component parameters (AddParameter): Name = "Ratings"; Value = ""; VariantName = "[No Variations]"
Change component parameters (AddParameter): Name = "REACH SVHC"; Value = "Unknown"; VariantName = "[No Variations]"
Change component parameters (AddParameter): Name = "Ripple Current"; Value = ""; VariantName = "[No Variations]"
Change component parameters (AddParameter): Name = "RoHS"; Value = "Yes"; VariantName = "[No Variations]"
Change component parameters (AddParameter): Name = "RoHS Compliant"; Value = "Yes"; VariantName = "[No Variations]"
Change component parameters (AddParameter): Name = "Series"; Value = ""; VariantName = "[No Variations]"
Change component parameters (AddParameter): Name = "Source"; Value = "Passives.SchLib"; VariantName = "[No Variations]"
Change component parameters (AddParameter): Name = "Stock 1"; Value = "8000"; VariantName = "[No Variations]"
Change component parameters (AddParameter): Name = "Termination"; Value = ""; VariantName = "[No Variations]"
Change component parameters (AddParameter): Name = "Thickness"; Value = "0.035inch"; VariantName = "[No Variations]"
Change component parameters (AddParameter): Name = "Tolerance"; Value = "10%"; VariantName = "[No Variations]"
Change component parameters (AddParameter): Name = "Value"; Value = "100nF"; VariantName = "[No Variations]"
Change component parameters (AddParameter): Name = "Voltage"; Value = ""; VariantName = "[No Variations]"
Change component parameters (AddParameter): Name = "Voltage Rating"; Value = "50V"; VariantName = "[No Variations]"
Change component parameters (AddParameter): Name = "Voltage Rating (DC)"; Value = "50V"; VariantName = "[No Variations]"
Change component parameters (AddParameter): Name = "Weight"; Value = ""; VariantName = "[No Variations]"
Change component parameters (AddParameter): Name = "Width"; Value = "0.049inch"; VariantName = "[No Variations]"
Change component parameters: Designator = "C30" ("C30"); Footprint = "WCAP-CSGP_0805_L2W1.25H0.6_Reflow"; UniqueID = "\ISPQVWGX\RHHNLDSB" ("\ISPQVWGX\RHHNLDSB")
Change component parameters (AddParameter): Name = ".Creator"; Value = "DR"; VariantName = "[No Variations]"
Change component parameters (AddParameter): Name = ".PCBcheck"; Value = ""; VariantName = "[No Variations]"
Change component parameters (AddParameter): Name = ".SCHcheck"; Value = ""; VariantName = "[No Variations]"
Change component parameters (AddParameter): Name = "Capacitance"; Value = ""; VariantName = "[No Variations]"
Change component parameters (AddParameter): Name = "Case Code (Metric)"; Value = "2012"; VariantName = "[No Variations]"
Change component parameters (AddParameter): Name = "Case/Package"; Value = "0805"; VariantName = "[No Variations]"
Change component parameters (AddParameter): Name = "Category"; Value = "Ceramic Capacitors"; VariantName = "[No Variations]"
Change component parameters (AddParameter): Name = "ComponentLink1Description"; Value = "http://www.farnell.com/datasheets/1958498.pdf?src-supplier=Farnell"; VariantName = "[No Variations]"
Change component parameters (AddParameter): Name = "ComponentLink1URL"; Value = "http://www.farnell.com/datasheets/1958498.pdf?src-supplier=Farnell"; VariantName = "[No Variations]"
Change component parameters (AddParameter): Name = "ComponentLink2Description"; Value = "http://www.farnell.com/datasheets/1958498.pdf?src-supplier=Element14"; VariantName = "[No Variations]"
Change component parameters (AddParameter): Name = "ComponentLink2URL"; Value = "http://www.farnell.com/datasheets/1958498.pdf?src-supplier=Element14"; VariantName = "[No Variations]"
Change component parameters (AddParameter): Name = "ComponentLink3Description"; Value = "https://katalog.we-online.de/pbs/datasheet/885012207098.pdf?src-supplier=Digi-Key"; VariantName = "[No Variations]"
Change component parameters (AddParameter): Name = "ComponentLink3URL"; Value = "https://katalog.we-online.de/pbs/datasheet/885012207098.pdf?src-supplier=Digi-Key"; VariantName = "[No Variations]"
Change component parameters (AddParameter): Name = "ComponentLink4Description"; Value = "http://www.farnell.com/datasheets/1958498.pdf?src-supplier=Newark"; VariantName = "[No Variations]"
Change component parameters (AddParameter): Name = "ComponentLink4URL"; Value = "http://www.farnell.com/datasheets/1958498.pdf?src-supplier=Newark"; VariantName = "[No Variations]"
Change component parameters (AddParameter): Name = "Construction"; Value = ""; VariantName = "[No Variations]"
Change component parameters (AddParameter): Name = "Depth"; Value = ""; VariantName = "[No Variations]"
Change component parameters (AddParameter): Name = "Design Item ID"; Value = "C100n-50V-0805FNPC-X7R"; VariantName = "[No Variations]"
Change component parameters (AddParameter): Name = "Diameter"; Value = ""; VariantName = "[No Variations]"
Change component parameters (AddParameter): Name = "Dielectric"; Value = "X7R"; VariantName = "[No Variations]"
Change component parameters (AddParameter): Name = "Dielectric Material"; Value = ""; VariantName = "[No Variations]"
Change component parameters (AddParameter): Name = "Dissipation Factor"; Value = ""; VariantName = "[No Variations]"
Change component parameters (AddParameter): Name = "ESR (Equivalent Series Resistance)"; Value = ""; VariantName = "[No Variations]"
Change component parameters (AddParameter): Name = "Features"; Value = ""; VariantName = "[No Variations]"
Change component parameters (AddParameter): Name = "Halogen Free"; Value = ""; VariantName = "[No Variations]"
Change component parameters (AddParameter): Name = "Height"; Value = ""; VariantName = "[No Variations]"
Change component parameters (AddParameter): Name = "Height - Seated (Max)"; Value = ""; VariantName = "[No Variations]"
Change component parameters (AddParameter): Name = "Impedance"; Value = ""; VariantName = "[No Variations]"
Change component parameters (AddParameter): Name = "Lead Diameter"; Value = ""; VariantName = "[No Variations]"
Change component parameters (AddParameter): Name = "Lead Free"; Value = ""; VariantName = "[No Variations]"
Change component parameters (AddParameter): Name = "Lead Pitch"; Value = ""; VariantName = "[No Variations]"
Change component parameters (AddParameter): Name = "Leakage Current"; Value = ""; VariantName = "[No Variations]"
Change component parameters (AddParameter): Name = "Length"; Value = "0.079inch"; VariantName = "[No Variations]"
Change component parameters (AddParameter): Name = "Life (Hours)"; Value = ""; VariantName = "[No Variations]"
Change component parameters (AddParameter): Name = "Manufacturer"; Value = ""; VariantName = "[No Variations]"
Change component parameters (AddParameter): Name = "Manufacturer 1"; Value = "Wurth Electronics"; VariantName = "[No Variations]"
Change component parameters (AddParameter): Name = "Manufacturer Part Number"; Value = ""; VariantName = "[No Variations]"
Change component parameters (AddParameter): Name = "Manufacturer Part Number 1"; Value = "885012207098"; VariantName = "[No Variations]"
Change component parameters (AddParameter): Name = "Material"; Value = ""; VariantName = "[No Variations]"
Change component parameters (AddParameter): Name = "Max Operating Temperature"; Value = "125°C"; VariantName = "[No Variations]"
Change component parameters (AddParameter): Name = "Min Operating Temperature"; Value = "-55°C"; VariantName = "[No Variations]"
Change component parameters (AddParameter): Name = "Mount"; Value = "Surface Mount"; VariantName = "[No Variations]"
Change component parameters (AddParameter): Name = "Package Quantity"; Value = ""; VariantName = "[No Variations]"
Change component parameters (AddParameter): Name = "Packaging"; Value = "Cut Tape"; VariantName = "[No Variations]"
Change component parameters (AddParameter): Name = "Pins"; Value = ""; VariantName = "[No Variations]"
Change component parameters (AddParameter): Name = "Polarity"; Value = ""; VariantName = "[No Variations]"
Change component parameters (AddParameter): Name = "Pricing 1"; Value = "100=0,10200, 500=0,07100, 2000=0,06100 (GBP)"; VariantName = "[No Variations]"
Change component parameters (AddParameter): Name = "Radiation Hardening"; Value = ""; VariantName = "[No Variations]"
Change component parameters (AddParameter): Name = "Ratings"; Value = ""; VariantName = "[No Variations]"
Change component parameters (AddParameter): Name = "REACH SVHC"; Value = "Unknown"; VariantName = "[No Variations]"
Change component parameters (AddParameter): Name = "Ripple Current"; Value = ""; VariantName = "[No Variations]"
Change component parameters (AddParameter): Name = "RoHS"; Value = "Yes"; VariantName = "[No Variations]"
Change component parameters (AddParameter): Name = "RoHS Compliant"; Value = "Yes"; VariantName = "[No Variations]"
Change component parameters (AddParameter): Name = "Series"; Value = ""; VariantName = "[No Variations]"
Change component parameters (AddParameter): Name = "Source"; Value = "Passives.SchLib"; VariantName = "[No Variations]"
Change component parameters (AddParameter): Name = "Stock 1"; Value = "8000"; VariantName = "[No Variations]"
Change component parameters (AddParameter): Name = "Termination"; Value = ""; VariantName = "[No Variations]"
Change component parameters (AddParameter): Name = "Thickness"; Value = "0.035inch"; VariantName = "[No Variations]"
Change component parameters (AddParameter): Name = "Tolerance"; Value = "10%"; VariantName = "[No Variations]"
Change component parameters (AddParameter): Name = "Value"; Value = "100nF"; VariantName = "[No Variations]"
Change component parameters (AddParameter): Name = "Voltage"; Value = ""; VariantName = "[No Variations]"
Change component parameters (AddParameter): Name = "Voltage Rating"; Value = "50V"; VariantName = "[No Variations]"
Change component parameters (AddParameter): Name = "Voltage Rating (DC)"; Value = "50V"; VariantName = "[No Variations]"
Change component parameters (AddParameter): Name = "Weight"; Value = ""; VariantName = "[No Variations]"
Change component parameters (AddParameter): Name = "Width"; Value = "0.049inch"; VariantName = "[No Variations]"
Change component parameters: Designator = "D1" ("D1"); Footprint = "DSC-SOD123"; UniqueID = "\WLAIMTSL" ("\WLAIMTSL")
Change component parameters (AddParameter): Name = ".Creator"; Value = "DO"; VariantName = "[No Variations]"
Change component parameters (AddParameter): Name = ".PCBcheck"; Value = ""; VariantName = "[No Variations]"
Change component parameters (AddParameter): Name = ".SCHcheck"; Value = ""; VariantName = "[No Variations]"
Change component parameters (AddParameter): Name = "Breakdown Voltage"; Value = ""; VariantName = "[No Variations]"
Change component parameters (AddParameter): Name = "Capacitance"; Value = ""; VariantName = "[No Variations]"
Change component parameters (AddParameter): Name = "Case/Package"; Value = ""; VariantName = "[No Variations]"
Change component parameters (AddParameter): Name = "Category"; Value = "TVS Diodes"; VariantName = "[No Variations]"
Change component parameters (AddParameter): Name = "Clamping Voltage"; Value = "10.3V"; VariantName = "[No Variations]"
Change component parameters (AddParameter): Name = "ComponentLink1Description"; Value = "Where buy it"; VariantName = "[No Variations]"
Change component parameters (AddParameter): Name = "ComponentLink1URL"; Value = "https://www.we-online.com/catalog/en/WE-TVSP?sq=824501600#824501600"; VariantName = "[No Variations]"
Change component parameters (AddParameter): Name = "ComponentLink2Description"; Value = "http://www.farnell.com/datasheets/2036401.pdf?src-supplier=Element14"; VariantName = "[No Variations]"
Change component parameters (AddParameter): Name = "ComponentLink2URL"; Value = "http://www.farnell.com/datasheets/2036401.pdf?src-supplier=Element14"; VariantName = "[No Variations]"
Change component parameters (AddParameter): Name = "ComponentLink3Description"; Value = "https://katalog.we-online.de/pbs/datasheet/824501600.pdf?src-supplier=Digi-Key"; VariantName = "[No Variations]"
Change component parameters (AddParameter): Name = "ComponentLink3URL"; Value = "https://katalog.we-online.de/pbs/datasheet/824501600.pdf?src-supplier=Digi-Key"; VariantName = "[No Variations]"
Change component parameters (AddParameter): Name = "Depth"; Value = ""; VariantName = "[No Variations]"
Change component parameters (AddParameter): Name = "Design Item ID"; Value = "DTVS-6V-DO-214AC"; VariantName = "[No Variations]"
Change component parameters (AddParameter): Name = "Diode Type"; Value = ""; VariantName = "[No Variations]"
Change component parameters (AddParameter): Name = "Direction"; Value = ""; VariantName = "[No Variations]"
Change component parameters (AddParameter): Name = "Element Configuration"; Value = ""; VariantName = "[No Variations]"
Change component parameters (AddParameter): Name = "ESD Protection"; Value = ""; VariantName = "[No Variations]"
Change component parameters (AddParameter): Name = "Forward Voltage"; Value = "7.02V"; VariantName = "[No Variations]"
Change component parameters (AddParameter): Name = "Height"; Value = ""; VariantName = "[No Variations]"
Change component parameters (AddParameter): Name = "Impedance"; Value = ""; VariantName = "[No Variations]"
Change component parameters (AddParameter): Name = "Lead Free"; Value = ""; VariantName = "[No Variations]"
Change component parameters (AddParameter): Name = "Leakage Current"; Value = ""; VariantName = "[No Variations]"
Change component parameters (AddParameter): Name = "Length"; Value = ""; VariantName = "[No Variations]"
Change component parameters (AddParameter): Name = "Manufacturer"; Value = "Wurth Electronics"; VariantName = "[No Variations]"
Change component parameters (AddParameter): Name = "Manufacturer Part Number"; Value = "824501600"; VariantName = "[No Variations]"
Change component parameters (AddParameter): Name = "Max Operating Temperature"; Value = "150°C"; VariantName = "[No Variations]"
Change component parameters (AddParameter): Name = "Max Power Dissipation"; Value = ""; VariantName = "[No Variations]"
Change component parameters (AddParameter): Name = "Max Reverse Leakage Current"; Value = ""; VariantName = "[No Variations]"
Change component parameters (AddParameter): Name = "Max Surge Current"; Value = ""; VariantName = "[No Variations]"
Change component parameters (AddParameter): Name = "Min Breakdown Voltage"; Value = "7.02V"; VariantName = "[No Variations]"
Change component parameters (AddParameter): Name = "Min Operating Temperature"; Value = "-65°C"; VariantName = "[No Variations]"
Change component parameters (AddParameter): Name = "Mount"; Value = "Surface Mount"; VariantName = "[No Variations]"
Change component parameters (AddParameter): Name = "Number of Bidirectional Channels"; Value = "1"; VariantName = "[No Variations]"
Change component parameters (AddParameter): Name = "Number of Channels"; Value = ""; VariantName = "[No Variations]"
Change component parameters (AddParameter): Name = "Number of Elements"; Value = ""; VariantName = "[No Variations]"
Change component parameters (AddParameter): Name = "Packaging"; Value = "Cut Tape"; VariantName = "[No Variations]"
Change component parameters (AddParameter): Name = "Peak Pulse Current"; Value = "38.8A"; VariantName = "[No Variations]"
Change component parameters (AddParameter): Name = "Peak Pulse Power"; Value = "400W"; VariantName = "[No Variations]"
Change component parameters (AddParameter): Name = "Pins"; Value = "2"; VariantName = "[No Variations]"
Change component parameters (AddParameter): Name = "Polarity"; Value = "Bidirectional"; VariantName = "[No Variations]"
Change component parameters (AddParameter): Name = "Power Dissipation"; Value = ""; VariantName = "[No Variations]"
Change component parameters (AddParameter): Name = "Power Line Protection"; Value = "No"; VariantName = "[No Variations]"
Change component parameters (AddParameter): Name = "Pricing 1"; Value = "1=0,28000, 10=0,26100, 50=0,26100, 100=0,23400, 500=0,20400, 1000=0,17400, 10000=0,17400 (USD)"; VariantName = "[No Variations]"
Change component parameters (AddParameter): Name = "Radiation Hardening"; Value = ""; VariantName = "[No Variations]"
Change component parameters (AddParameter): Name = "REACH SVHC"; Value = "Unknown"; VariantName = "[No Variations]"
Change component parameters (AddParameter): Name = "Resistor Type"; Value = "Zener"; VariantName = "[No Variations]"
Change component parameters (AddParameter): Name = "Reverse Breakdown Voltage"; Value = ""; VariantName = "[No Variations]"
Change component parameters (AddParameter): Name = "Reverse Standoff Voltage"; Value = "6V"; VariantName = "[No Variations]"
Change component parameters (AddParameter): Name = "RoHS"; Value = "Yes"; VariantName = "[No Variations]"
Change component parameters (AddParameter): Name = "RoHS Compliant"; Value = "Yes"; VariantName = "[No Variations]"
Change component parameters (AddParameter): Name = "Series"; Value = ""; VariantName = "[No Variations]"
Change component parameters (AddParameter): Name = "Source"; Value = "Filter components.SchLib"; VariantName = "[No Variations]"
Change component parameters (AddParameter): Name = "Stock 1"; Value = "780"; VariantName = "[No Variations]"
Change component parameters (AddParameter): Name = "Termination"; Value = ""; VariantName = "[No Variations]"
Change component parameters (AddParameter): Name = "Test Current"; Value = ""; VariantName = "[No Variations]"
Change component parameters (AddParameter): Name = "Tolerance"; Value = ""; VariantName = "[No Variations]"
Change component parameters (AddParameter): Name = "Voltage Tolerance"; Value = ""; VariantName = "[No Variations]"
Change component parameters (AddParameter): Name = "Weight"; Value = ""; VariantName = "[No Variations]"
Change component parameters (AddParameter): Name = "Width"; Value = ""; VariantName = "[No Variations]"
Change component parameters (AddParameter): Name = "Zener Current"; Value = ""; VariantName = "[No Variations]"
Change component parameters (AddParameter): Name = "Zener Voltage"; Value = ""; VariantName = "[No Variations]"
Change component parameters: Designator = "D2" ("D2"); Footprint = "DSC-SOD123"; UniqueID = "\PNRCTBLY" ("\PNRCTBLY")
Change component parameters (AddParameter): Name = ".Creator"; Value = "DO"; VariantName = "[No Variations]"
Change component parameters (AddParameter): Name = ".PCBcheck"; Value = ""; VariantName = "[No Variations]"
Change component parameters (AddParameter): Name = ".SCHcheck"; Value = ""; VariantName = "[No Variations]"
Change component parameters (AddParameter): Name = "Breakdown Voltage"; Value = ""; VariantName = "[No Variations]"
Change component parameters (AddParameter): Name = "Capacitance"; Value = ""; VariantName = "[No Variations]"
Change component parameters (AddParameter): Name = "Case/Package"; Value = ""; VariantName = "[No Variations]"
Change component parameters (AddParameter): Name = "Category"; Value = "TVS Diodes"; VariantName = "[No Variations]"
Change component parameters (AddParameter): Name = "Clamping Voltage"; Value = "10.3V"; VariantName = "[No Variations]"
Change component parameters (AddParameter): Name = "ComponentLink1Description"; Value = "Where buy it"; VariantName = "[No Variations]"
Change component parameters (AddParameter): Name = "ComponentLink1URL"; Value = "https://www.we-online.com/catalog/en/WE-TVSP?sq=824501600#824501600"; VariantName = "[No Variations]"
Change component parameters (AddParameter): Name = "ComponentLink2Description"; Value = "http://www.farnell.com/datasheets/2036401.pdf?src-supplier=Element14"; VariantName = "[No Variations]"
Change component parameters (AddParameter): Name = "ComponentLink2URL"; Value = "http://www.farnell.com/datasheets/2036401.pdf?src-supplier=Element14"; VariantName = "[No Variations]"
Change component parameters (AddParameter): Name = "ComponentLink3Description"; Value = "https://katalog.we-online.de/pbs/datasheet/824501600.pdf?src-supplier=Digi-Key"; VariantName = "[No Variations]"
Change component parameters (AddParameter): Name = "ComponentLink3URL"; Value = "https://katalog.we-online.de/pbs/datasheet/824501600.pdf?src-supplier=Digi-Key"; VariantName = "[No Variations]"
Change component parameters (AddParameter): Name = "Depth"; Value = ""; VariantName = "[No Variations]"
Change component parameters (AddParameter): Name = "Design Item ID"; Value = "DTVS-6V-DO-214AC"; VariantName = "[No Variations]"
Change component parameters (AddParameter): Name = "Diode Type"; Value = ""; VariantName = "[No Variations]"
Change component parameters (AddParameter): Name = "Direction"; Value = ""; VariantName = "[No Variations]"
Change component parameters (AddParameter): Name = "Element Configuration"; Value = ""; VariantName = "[No Variations]"
Change component parameters (AddParameter): Name = "ESD Protection"; Value = ""; VariantName = "[No Variations]"
Change component parameters (AddParameter): Name = "Forward Voltage"; Value = "7.02V"; VariantName = "[No Variations]"
Change component parameters (AddParameter): Name = "Height"; Value = ""; VariantName = "[No Variations]"
Change component parameters (AddParameter): Name = "Impedance"; Value = ""; VariantName = "[No Variations]"
Change component parameters (AddParameter): Name = "Lead Free"; Value = ""; VariantName = "[No Variations]"
Change component parameters (AddParameter): Name = "Leakage Current"; Value = ""; VariantName = "[No Variations]"
Change component parameters (AddParameter): Name = "Length"; Value = ""; VariantName = "[No Variations]"
Change component parameters (AddParameter): Name = "Manufacturer"; Value = "Wurth Electronics"; VariantName = "[No Variations]"
Change component parameters (AddParameter): Name = "Manufacturer Part Number"; Value = "824501600"; VariantName = "[No Variations]"
Change component parameters (AddParameter): Name = "Max Operating Temperature"; Value = "150°C"; VariantName = "[No Variations]"
Change component parameters (AddParameter): Name = "Max Power Dissipation"; Value = ""; VariantName = "[No Variations]"
Change component parameters (AddParameter): Name = "Max Reverse Leakage Current"; Value = ""; VariantName = "[No Variations]"
Change component parameters (AddParameter): Name = "Max Surge Current"; Value = ""; VariantName = "[No Variations]"
Change component parameters (AddParameter): Name = "Min Breakdown Voltage"; Value = "7.02V"; VariantName = "[No Variations]"
Change component parameters (AddParameter): Name = "Min Operating Temperature"; Value = "-65°C"; VariantName = "[No Variations]"
Change component parameters (AddParameter): Name = "Mount"; Value = "Surface Mount"; VariantName = "[No Variations]"
Change component parameters (AddParameter): Name = "Number of Bidirectional Channels"; Value = "1"; VariantName = "[No Variations]"
Change component parameters (AddParameter): Name = "Number of Channels"; Value = ""; VariantName = "[No Variations]"
Change component parameters (AddParameter): Name = "Number of Elements"; Value = ""; VariantName = "[No Variations]"
Change component parameters (AddParameter): Name = "Packaging"; Value = "Cut Tape"; VariantName = "[No Variations]"
Change component parameters (AddParameter): Name = "Peak Pulse Current"; Value = "38.8A"; VariantName = "[No Variations]"
Change component parameters (AddParameter): Name = "Peak Pulse Power"; Value = "400W"; VariantName = "[No Variations]"
Change component parameters (AddParameter): Name = "Pins"; Value = "2"; VariantName = "[No Variations]"
Change component parameters (AddParameter): Name = "Polarity"; Value = "Bidirectional"; VariantName = "[No Variations]"
Change component parameters (AddParameter): Name = "Power Dissipation"; Value = ""; VariantName = "[No Variations]"
Change component parameters (AddParameter): Name = "Power Line Protection"; Value = "No"; VariantName = "[No Variations]"
Change component parameters (AddParameter): Name = "Pricing 1"; Value = "1=0,28000, 10=0,26100, 50=0,26100, 100=0,23400, 500=0,20400, 1000=0,17400, 10000=0,17400 (USD)"; VariantName = "[No Variations]"
Change component parameters (AddParameter): Name = "Radiation Hardening"; Value = ""; VariantName = "[No Variations]"
Change component parameters (AddParameter): Name = "REACH SVHC"; Value = "Unknown"; VariantName = "[No Variations]"
Change component parameters (AddParameter): Name = "Resistor Type"; Value = "Zener"; VariantName = "[No Variations]"
Change component parameters (AddParameter): Name = "Reverse Breakdown Voltage"; Value = ""; VariantName = "[No Variations]"
Change component parameters (AddParameter): Name = "Reverse Standoff Voltage"; Value = "6V"; VariantName = "[No Variations]"
Change component parameters (AddParameter): Name = "RoHS"; Value = "Yes"; VariantName = "[No Variations]"
Change component parameters (AddParameter): Name = "RoHS Compliant"; Value = "Yes"; VariantName = "[No Variations]"
Change component parameters (AddParameter): Name = "Series"; Value = ""; VariantName = "[No Variations]"
Change component parameters (AddParameter): Name = "Source"; Value = "Filter components.SchLib"; VariantName = "[No Variations]"
Change component parameters (AddParameter): Name = "Stock 1"; Value = "780"; VariantName = "[No Variations]"
Change component parameters (AddParameter): Name = "Termination"; Value = ""; VariantName = "[No Variations]"
Change component parameters (AddParameter): Name = "Test Current"; Value = ""; VariantName = "[No Variations]"
Change component parameters (AddParameter): Name = "Tolerance"; Value = ""; VariantName = "[No Variations]"
Change component parameters (AddParameter): Name = "Voltage Tolerance"; Value = ""; VariantName = "[No Variations]"
Change component parameters (AddParameter): Name = "Weight"; Value = ""; VariantName = "[No Variations]"
Change component parameters (AddParameter): Name = "Width"; Value = ""; VariantName = "[No Variations]"
Change component parameters (AddParameter): Name = "Zener Current"; Value = ""; VariantName = "[No Variations]"
Change component parameters (AddParameter): Name = "Zener Voltage"; Value = ""; VariantName = "[No Variations]"
Change component parameters: Designator = "D5" ("D5"); Footprint = "LED_0805_WE"; UniqueID = "\CNKZAJHS\FWXUFGGX" ("\CNKZAJHS\FWXUFGGX")
Change component parameters (AddParameter): Name = ".Creator"; Value = "DO"; VariantName = "[No Variations]"
Change component parameters (AddParameter): Name = ".PCBcheck"; Value = ""; VariantName = "[No Variations]"
Change component parameters (AddParameter): Name = ".SCHcheck"; Value = ""; VariantName = "[No Variations]"
Change component parameters (AddParameter): Name = "Breakdown Voltage"; Value = ""; VariantName = "[No Variations]"
Change component parameters (AddParameter): Name = "Capacitance"; Value = ""; VariantName = "[No Variations]"
Change component parameters (AddParameter): Name = "Case/Package"; Value = ""; VariantName = "[No Variations]"
Change component parameters (AddParameter): Name = "Category"; Value = "TVS Diodes"; VariantName = "[No Variations]"
Change component parameters (AddParameter): Name = "Clamping Voltage"; Value = "10.3V"; VariantName = "[No Variations]"
Change component parameters (AddParameter): Name = "ComponentLink1Description"; Value = "Where buy it"; VariantName = "[No Variations]"
Change component parameters (AddParameter): Name = "ComponentLink1URL"; Value = "https://www.we-online.com/catalog/en/WE-TVSP?sq=824501600#824501600"; VariantName = "[No Variations]"
Change component parameters (AddParameter): Name = "ComponentLink2Description"; Value = "http://www.farnell.com/datasheets/2036401.pdf?src-supplier=Element14"; VariantName = "[No Variations]"
Change component parameters (AddParameter): Name = "ComponentLink2URL"; Value = "http://www.farnell.com/datasheets/2036401.pdf?src-supplier=Element14"; VariantName = "[No Variations]"
Change component parameters (AddParameter): Name = "ComponentLink3Description"; Value = "https://katalog.we-online.de/pbs/datasheet/824501600.pdf?src-supplier=Digi-Key"; VariantName = "[No Variations]"
Change component parameters (AddParameter): Name = "ComponentLink3URL"; Value = "https://katalog.we-online.de/pbs/datasheet/824501600.pdf?src-supplier=Digi-Key"; VariantName = "[No Variations]"
Change component parameters (AddParameter): Name = "Depth"; Value = ""; VariantName = "[No Variations]"
Change component parameters (AddParameter): Name = "Design Item ID"; Value = "DTVS-6V-DO-214AC"; VariantName = "[No Variations]"
Change component parameters (AddParameter): Name = "Diode Type"; Value = ""; VariantName = "[No Variations]"
Change component parameters (AddParameter): Name = "Direction"; Value = ""; VariantName = "[No Variations]"
Change component parameters (AddParameter): Name = "Element Configuration"; Value = ""; VariantName = "[No Variations]"
Change component parameters (AddParameter): Name = "ESD Protection"; Value = ""; VariantName = "[No Variations]"
Change component parameters (AddParameter): Name = "Forward Voltage"; Value = "7.02V"; VariantName = "[No Variations]"
Change component parameters (AddParameter): Name = "Height"; Value = ""; VariantName = "[No Variations]"
Change component parameters (AddParameter): Name = "Impedance"; Value = ""; VariantName = "[No Variations]"
Change component parameters (AddParameter): Name = "Lead Free"; Value = ""; VariantName = "[No Variations]"
Change component parameters (AddParameter): Name = "Leakage Current"; Value = ""; VariantName = "[No Variations]"
Change component parameters (AddParameter): Name = "Length"; Value = ""; VariantName = "[No Variations]"
Change component parameters (AddParameter): Name = "Manufacturer"; Value = "Wurth Electronics"; VariantName = "[No Variations]"
Change component parameters (AddParameter): Name = "Manufacturer Part Number"; Value = "824501600"; VariantName = "[No Variations]"
Change component parameters (AddParameter): Name = "Max Operating Temperature"; Value = "150°C"; VariantName = "[No Variations]"
Change component parameters (AddParameter): Name = "Max Power Dissipation"; Value = ""; VariantName = "[No Variations]"
Change component parameters (AddParameter): Name = "Max Reverse Leakage Current"; Value = ""; VariantName = "[No Variations]"
Change component parameters (AddParameter): Name = "Max Surge Current"; Value = ""; VariantName = "[No Variations]"
Change component parameters (AddParameter): Name = "Min Breakdown Voltage"; Value = "7.02V"; VariantName = "[No Variations]"
Change component parameters (AddParameter): Name = "Min Operating Temperature"; Value = "-65°C"; VariantName = "[No Variations]"
Change component parameters (AddParameter): Name = "Mount"; Value = "Surface Mount"; VariantName = "[No Variations]"
Change component parameters (AddParameter): Name = "Number of Bidirectional Channels"; Value = "1"; VariantName = "[No Variations]"
Change component parameters (AddParameter): Name = "Number of Channels"; Value = ""; VariantName = "[No Variations]"
Change component parameters (AddParameter): Name = "Number of Elements"; Value = ""; VariantName = "[No Variations]"
Change component parameters (AddParameter): Name = "Packaging"; Value = "Cut Tape"; VariantName = "[No Variations]"
Change component parameters (AddParameter): Name = "Peak Pulse Current"; Value = "38.8A"; VariantName = "[No Variations]"
Change component parameters (AddParameter): Name = "Peak Pulse Power"; Value = "400W"; VariantName = "[No Variations]"
Change component parameters (AddParameter): Name = "Pins"; Value = "2"; VariantName = "[No Variations]"
Change component parameters (AddParameter): Name = "Polarity"; Value = "Bidirectional"; VariantName = "[No Variations]"
Change component parameters (AddParameter): Name = "Power Dissipation"; Value = ""; VariantName = "[No Variations]"
Change component parameters (AddParameter): Name = "Power Line Protection"; Value = "No"; VariantName = "[No Variations]"
Change component parameters (AddParameter): Name = "Pricing 1"; Value = "1=0,28000, 10=0,26100, 50=0,26100, 100=0,23400, 500=0,20400, 1000=0,17400, 10000=0,17400 (USD)"; VariantName = "[No Variations]"
Change component parameters (AddParameter): Name = "Radiation Hardening"; Value = ""; VariantName = "[No Variations]"
Change component parameters (AddParameter): Name = "REACH SVHC"; Value = "Unknown"; VariantName = "[No Variations]"
Change component parameters (AddParameter): Name = "Resistor Type"; Value = "Zener"; VariantName = "[No Variations]"
Change component parameters (AddParameter): Name = "Reverse Breakdown Voltage"; Value = ""; VariantName = "[No Variations]"
Change component parameters (AddParameter): Name = "Reverse Standoff Voltage"; Value = "6V"; VariantName = "[No Variations]"
Change component parameters (AddParameter): Name = "RoHS"; Value = "Yes"; VariantName = "[No Variations]"
Change component parameters (AddParameter): Name = "RoHS Compliant"; Value = "Yes"; VariantName = "[No Variations]"
Change component parameters (AddParameter): Name = "Series"; Value = ""; VariantName = "[No Variations]"
Change component parameters (AddParameter): Name = "Source"; Value = "Filter components.SchLib"; VariantName = "[No Variations]"
Change component parameters (AddParameter): Name = "Stock 1"; Value = "780"; VariantName = "[No Variations]"
Change component parameters (AddParameter): Name = "Termination"; Value = ""; VariantName = "[No Variations]"
Change component parameters (AddParameter): Name = "Test Current"; Value = ""; VariantName = "[No Variations]"
Change component parameters (AddParameter): Name = "Tolerance"; Value = ""; VariantName = "[No Variations]"
Change component parameters (AddParameter): Name = "Voltage Tolerance"; Value = ""; VariantName = "[No Variations]"
Change component parameters (AddParameter): Name = "Weight"; Value = ""; VariantName = "[No Variations]"
Change component parameters (AddParameter): Name = "Width"; Value = ""; VariantName = "[No Variations]"
Change component parameters (AddParameter): Name = "Zener Current"; Value = ""; VariantName = "[No Variations]"
Change component parameters (AddParameter): Name = "Zener Voltage"; Value = ""; VariantName = "[No Variations]"
Change component parameters: Designator = "D6" ("D6"); Footprint = "LED_0805_WE"; UniqueID = "\CNKZAJHS\YHYRRKBQ" ("\CNKZAJHS\YHYRRKBQ")
Change component parameters (AddParameter): Name = ".Creator"; Value = "DO"; VariantName = "[No Variations]"
Change component parameters (AddParameter): Name = ".PCBcheck"; Value = ""; VariantName = "[No Variations]"
Change component parameters (AddParameter): Name = ".SCHcheck"; Value = ""; VariantName = "[No Variations]"
Change component parameters (AddParameter): Name = "Breakdown Voltage"; Value = ""; VariantName = "[No Variations]"
Change component parameters (AddParameter): Name = "Capacitance"; Value = ""; VariantName = "[No Variations]"
Change component parameters (AddParameter): Name = "Case/Package"; Value = ""; VariantName = "[No Variations]"
Change component parameters (AddParameter): Name = "Category"; Value = "TVS Diodes"; VariantName = "[No Variations]"
Change component parameters (AddParameter): Name = "Clamping Voltage"; Value = "10.3V"; VariantName = "[No Variations]"
Change component parameters (AddParameter): Name = "ComponentLink1Description"; Value = "Where buy it"; VariantName = "[No Variations]"
Change component parameters (AddParameter): Name = "ComponentLink1URL"; Value = "https://www.we-online.com/catalog/en/WE-TVSP?sq=824501600#824501600"; VariantName = "[No Variations]"
Change component parameters (AddParameter): Name = "ComponentLink2Description"; Value = "http://www.farnell.com/datasheets/2036401.pdf?src-supplier=Element14"; VariantName = "[No Variations]"
Change component parameters (AddParameter): Name = "ComponentLink2URL"; Value = "http://www.farnell.com/datasheets/2036401.pdf?src-supplier=Element14"; VariantName = "[No Variations]"
Change component parameters (AddParameter): Name = "ComponentLink3Description"; Value = "https://katalog.we-online.de/pbs/datasheet/824501600.pdf?src-supplier=Digi-Key"; VariantName = "[No Variations]"
Change component parameters (AddParameter): Name = "ComponentLink3URL"; Value = "https://katalog.we-online.de/pbs/datasheet/824501600.pdf?src-supplier=Digi-Key"; VariantName = "[No Variations]"
Change component parameters (AddParameter): Name = "Depth"; Value = ""; VariantName = "[No Variations]"
Change component parameters (AddParameter): Name = "Design Item ID"; Value = "DTVS-6V-DO-214AC"; VariantName = "[No Variations]"
Change component parameters (AddParameter): Name = "Diode Type"; Value = ""; VariantName = "[No Variations]"
Change component parameters (AddParameter): Name = "Direction"; Value = ""; VariantName = "[No Variations]"
Change component parameters (AddParameter): Name = "Element Configuration"; Value = ""; VariantName = "[No Variations]"
Change component parameters (AddParameter): Name = "ESD Protection"; Value = ""; VariantName = "[No Variations]"
Change component parameters (AddParameter): Name = "Forward Voltage"; Value = "7.02V"; VariantName = "[No Variations]"
Change component parameters (AddParameter): Name = "Height"; Value = ""; VariantName = "[No Variations]"
Change component parameters (AddParameter): Name = "Impedance"; Value = ""; VariantName = "[No Variations]"
Change component parameters (AddParameter): Name = "Lead Free"; Value = ""; VariantName = "[No Variations]"
Change component parameters (AddParameter): Name = "Leakage Current"; Value = ""; VariantName = "[No Variations]"
Change component parameters (AddParameter): Name = "Length"; Value = ""; VariantName = "[No Variations]"
Change component parameters (AddParameter): Name = "Manufacturer"; Value = "Wurth Electronics"; VariantName = "[No Variations]"
Change component parameters (AddParameter): Name = "Manufacturer Part Number"; Value = "824501600"; VariantName = "[No Variations]"
Change component parameters (AddParameter): Name = "Max Operating Temperature"; Value = "150°C"; VariantName = "[No Variations]"
Change component parameters (AddParameter): Name = "Max Power Dissipation"; Value = ""; VariantName = "[No Variations]"
Change component parameters (AddParameter): Name = "Max Reverse Leakage Current"; Value = ""; VariantName = "[No Variations]"
Change component parameters (AddParameter): Name = "Max Surge Current"; Value = ""; VariantName = "[No Variations]"
Change component parameters (AddParameter): Name = "Min Breakdown Voltage"; Value = "7.02V"; VariantName = "[No Variations]"
Change component parameters (AddParameter): Name = "Min Operating Temperature"; Value = "-65°C"; VariantName = "[No Variations]"
Change component parameters (AddParameter): Name = "Mount"; Value = "Surface Mount"; VariantName = "[No Variations]"
Change component parameters (AddParameter): Name = "Number of Bidirectional Channels"; Value = "1"; VariantName = "[No Variations]"
Change component parameters (AddParameter): Name = "Number of Channels"; Value = ""; VariantName = "[No Variations]"
Change component parameters (AddParameter): Name = "Number of Elements"; Value = ""; VariantName = "[No Variations]"
Change component parameters (AddParameter): Name = "Packaging"; Value = "Cut Tape"; VariantName = "[No Variations]"
Change component parameters (AddParameter): Name = "Peak Pulse Current"; Value = "38.8A"; VariantName = "[No Variations]"
Change component parameters (AddParameter): Name = "Peak Pulse Power"; Value = "400W"; VariantName = "[No Variations]"
Change component parameters (AddParameter): Name = "Pins"; Value = "2"; VariantName = "[No Variations]"
Change component parameters (AddParameter): Name = "Polarity"; Value = "Bidirectional"; VariantName = "[No Variations]"
Change component parameters (AddParameter): Name = "Power Dissipation"; Value = ""; VariantName = "[No Variations]"
Change component parameters (AddParameter): Name = "Power Line Protection"; Value = "No"; VariantName = "[No Variations]"
Change component parameters (AddParameter): Name = "Pricing 1"; Value = "1=0,28000, 10=0,26100, 50=0,26100, 100=0,23400, 500=0,20400, 1000=0,17400, 10000=0,17400 (USD)"; VariantName = "[No Variations]"
Change component parameters (AddParameter): Name = "Radiation Hardening"; Value = ""; VariantName = "[No Variations]"
Change component parameters (AddParameter): Name = "REACH SVHC"; Value = "Unknown"; VariantName = "[No Variations]"
Change component parameters (AddParameter): Name = "Resistor Type"; Value = "Zener"; VariantName = "[No Variations]"
Change component parameters (AddParameter): Name = "Reverse Breakdown Voltage"; Value = ""; VariantName = "[No Variations]"
Change component parameters (AddParameter): Name = "Reverse Standoff Voltage"; Value = "6V"; VariantName = "[No Variations]"
Change component parameters (AddParameter): Name = "RoHS"; Value = "Yes"; VariantName = "[No Variations]"
Change component parameters (AddParameter): Name = "RoHS Compliant"; Value = "Yes"; VariantName = "[No Variations]"
Change component parameters (AddParameter): Name = "Series"; Value = ""; VariantName = "[No Variations]"
Change component parameters (AddParameter): Name = "Source"; Value = "Filter components.SchLib"; VariantName = "[No Variations]"
Change component parameters (AddParameter): Name = "Stock 1"; Value = "780"; VariantName = "[No Variations]"
Change component parameters (AddParameter): Name = "Termination"; Value = ""; VariantName = "[No Variations]"
Change component parameters (AddParameter): Name = "Test Current"; Value = ""; VariantName = "[No Variations]"
Change component parameters (AddParameter): Name = "Tolerance"; Value = ""; VariantName = "[No Variations]"
Change component parameters (AddParameter): Name = "Voltage Tolerance"; Value = ""; VariantName = "[No Variations]"
Change component parameters (AddParameter): Name = "Weight"; Value = ""; VariantName = "[No Variations]"
Change component parameters (AddParameter): Name = "Width"; Value = ""; VariantName = "[No Variations]"
Change component parameters (AddParameter): Name = "Zener Current"; Value = ""; VariantName = "[No Variations]"
Change component parameters (AddParameter): Name = "Zener Voltage"; Value = ""; VariantName = "[No Variations]"
Change component parameters: Designator = "D9" ("D9"); Footprint = "LED_0805_WE"; UniqueID = "\ISPQVWGX\TLWOHUGG" ("\ISPQVWGX\TLWOHUGG")
Change component parameters (AddParameter): Name = ".Creator"; Value = "GP"; VariantName = "[No Variations]"
Change component parameters (AddParameter): Name = ".PCBcheck"; Value = ""; VariantName = "[No Variations]"
Change component parameters (AddParameter): Name = ".SCHcheck"; Value = ""; VariantName = "[No Variations]"
Change component parameters (AddParameter): Name = "Accuracy"; Value = ""; VariantName = "[No Variations]"
Change component parameters (AddParameter): Name = "Case Code (Imperial)"; Value = "0805"; VariantName = "[No Variations]"
Change component parameters (AddParameter): Name = "Case Code (Metric)"; Value = "2012"; VariantName = "[No Variations]"
Change component parameters (AddParameter): Name = "Case/Package"; Value = "0805"; VariantName = "[No Variations]"
Change component parameters (AddParameter): Name = "Category"; Value = "LEDs"; VariantName = "[No Variations]"
Change component parameters (AddParameter): Name = "Collector Base Voltage (VCBO)"; Value = ""; VariantName = "[No Variations]"
Change component parameters (AddParameter): Name = "Collector Emitter Breakdown Voltage"; Value = ""; VariantName = "[No Variations]"
Change component parameters (AddParameter): Name = "Collector Emitter Saturation Voltage"; Value = ""; VariantName = "[No Variations]"
Change component parameters (AddParameter): Name = "Collector Emitter Voltage (VCEO)"; Value = ""; VariantName = "[No Variations]"
Change component parameters (AddParameter): Name = "Collector-emitter Voltage-Max"; Value = ""; VariantName = "[No Variations]"
Change component parameters (AddParameter): Name = "Color"; Value = "Blue"; VariantName = "[No Variations]"
Change component parameters (AddParameter): Name = "ComponentLink1Description"; Value = "Datasheet"; VariantName = "[No Variations]"
Change component parameters (AddParameter): Name = "ComponentLink1URL"; Value = "https://www.we-online.com/catalog/datasheet/150080BS75000.pdf"; VariantName = "[No Variations]"
Change component parameters (AddParameter): Name = "ComponentLink2Description"; Value = "Where buy it"; VariantName = "[No Variations]"
Change component parameters (AddParameter): Name = "ComponentLink2URL"; Value = "https://katalog.we-online.de/en/led/WL-SMCW/150080BS75000"; VariantName = "[No Variations]"
Change component parameters (AddParameter): Name = "ComponentLink3Description"; Value = "https://datasheet.ciiva.com/23843/150080bs75000-23843251.pdf?src-supplier=Newark"; VariantName = "[No Variations]"
Change component parameters (AddParameter): Name = "ComponentLink3URL"; Value = "https://datasheet.ciiva.com/23843/150080bs75000-23843251.pdf?src-supplier=Newark"; VariantName = "[No Variations]"
Change component parameters (AddParameter): Name = "ComponentLink4Description"; Value = "https://datasheet.ciiva.com/22656/1740214-22656954.pdf?src-supplier=Element14"; VariantName = "[No Variations]"
Change component parameters (AddParameter): Name = "ComponentLink4URL"; Value = "https://datasheet.ciiva.com/22656/1740214-22656954.pdf?src-supplier=Element14"; VariantName = "[No Variations]"
Change component parameters (AddParameter): Name = "ComponentLink5Description"; Value = "https://datasheet.ciiva.com/29279/759433-da-01-en-chipled-0805-w-kl-blau-150080bs75000-29279203.pdf?src-supplier=Conrad"; VariantName = "[No Variations]"
Change component parameters (AddParameter): Name = "ComponentLink5URL"; Value = "https://datasheet.ciiva.com/29279/759433-da-01-en-chipled-0805-w-kl-blau-150080bs75000-29279203.pdf?src-supplier=Conrad"; VariantName = "[No Variations]"
Change component parameters (AddParameter): Name = "ComponentLink6Description"; Value = "https://datasheet.ciiva.com/29562/150080bs75000-29562922.pdf?src-supplier=Digi-Key"; VariantName = "[No Variations]"
Change component parameters (AddParameter): Name = "ComponentLink6URL"; Value = "https://datasheet.ciiva.com/29562/150080bs75000-29562922.pdf?src-supplier=Digi-Key"; VariantName = "[No Variations]"
Change component parameters (AddParameter): Name = "ComponentLink7Description"; Value = "https://datasheet.ciiva.com/29562/150080bs75000-29562923.pdf?src-supplier=Digi-Key"; VariantName = "[No Variations]"
Change component parameters (AddParameter): Name = "ComponentLink7URL"; Value = "https://datasheet.ciiva.com/29562/150080bs75000-29562923.pdf?src-supplier=Digi-Key"; VariantName = "[No Variations]"
Change component parameters (AddParameter): Name = "Contact Plating"; Value = ""; VariantName = "[No Variations]"
Change component parameters (AddParameter): Name = "Continuous Collector Current"; Value = ""; VariantName = "[No Variations]"
Change component parameters (AddParameter): Name = "Continuous Drain Current (ID)"; Value = ""; VariantName = "[No Variations]"
Change component parameters (AddParameter): Name = "Current Rating"; Value = ""; VariantName = "[No Variations]"
Change component parameters (AddParameter): Name = "Design Item ID"; Value = "LEDBS-0805-145"; VariantName = "[No Variations]"
Change component parameters (AddParameter): Name = "Dominant Wavelength"; Value = "470nm"; VariantName = "[No Variations]"
Change component parameters (AddParameter): Name = "Drain to Source Breakdown Voltage"; Value = ""; VariantName = "[No Variations]"
Change component parameters (AddParameter): Name = "Drain to Source Resistance"; Value = ""; VariantName = "[No Variations]"
Change component parameters (AddParameter): Name = "Drain to Source Voltage (Vdss)"; Value = ""; VariantName = "[No Variations]"
Change component parameters (AddParameter): Name = "Dropout Voltage"; Value = ""; VariantName = "[No Variations]"
Change component parameters (AddParameter): Name = "Element Configuration"; Value = ""; VariantName = "[No Variations]"
Change component parameters (AddParameter): Name = "Emitter Base Voltage (VEBO)"; Value = ""; VariantName = "[No Variations]"
Change component parameters (AddParameter): Name = "Fall Time"; Value = ""; VariantName = "[No Variations]"
Change component parameters (AddParameter): Name = "Forward Current"; Value = "30mA"; VariantName = "[No Variations]"
Change component parameters (AddParameter): Name = "Forward Voltage"; Value = "3.2V"; VariantName = "[No Variations]"
Change component parameters (AddParameter): Name = "Frequency"; Value = ""; VariantName = "[No Variations]"
Change component parameters (AddParameter): Name = "Gain"; Value = ""; VariantName = "[No Variations]"
Change component parameters (AddParameter): Name = "Gain Bandwidth Product"; Value = ""; VariantName = "[No Variations]"
Change component parameters (AddParameter): Name = "Gate to Source Voltage (Vgs)"; Value = ""; VariantName = "[No Variations]"
Change component parameters (AddParameter): Name = "Halogen Free"; Value = ""; VariantName = "[No Variations]"
Change component parameters (AddParameter): Name = "Height"; Value = "0.7mm"; VariantName = "[No Variations]"
Change component parameters (AddParameter): Name = "hFE Min"; Value = ""; VariantName = "[No Variations]"
Change component parameters (AddParameter): Name = "Ic max"; Value = ""; VariantName = "[No Variations]"
Change component parameters (AddParameter): Name = "Input Capacitance"; Value = ""; VariantName = "[No Variations]"
Change component parameters (AddParameter): Name = "Lead Free"; Value = "Lead Free"; VariantName = "[No Variations]"
Change component parameters (AddParameter): Name = "Length"; Value = "2mm"; VariantName = "[No Variations]"
Change component parameters (AddParameter): Name = "Lens Color"; Value = ""; VariantName = "[No Variations]"
Change component parameters (AddParameter): Name = "Lens Style"; Value = "Clear,Rectangular"; VariantName = "[No Variations]"
Change component parameters (AddParameter): Name = "Lens Transparency"; Value = ""; VariantName = "[No Variations]"
Change component parameters (AddParameter): Name = "Luminous Flux"; Value = ""; VariantName = "[No Variations]"
Change component parameters (AddParameter): Name = "Luminous Intensity"; Value = "145mcd"; VariantName = "[No Variations]"
Change component parameters (AddParameter): Name = "Manufacturer"; Value = ""; VariantName = "[No Variations]"
Change component parameters (AddParameter): Name = "Manufacturer 1"; Value = "Wurth Electronics"; VariantName = "[No Variations]"
Change component parameters (AddParameter): Name = "Manufacturer Part Number"; Value = ""; VariantName = "[No Variations]"
Change component parameters (AddParameter): Name = "Manufacturer Part Number 1"; Value = "150080BS75000"; VariantName = "[No Variations]"
Change component parameters (AddParameter): Name = "Max Breakdown Voltage"; Value = ""; VariantName = "[No Variations]"
Change component parameters (AddParameter): Name = "Max Collector Current"; Value = ""; VariantName = "[No Variations]"
Change component parameters (AddParameter): Name = "Max Current Rating"; Value = ""; VariantName = "[No Variations]"
Change component parameters (AddParameter): Name = "Max Dual Supply Voltage"; Value = ""; VariantName = "[No Variations]"
Change component parameters (AddParameter): Name = "Max Frequency"; Value = ""; VariantName = "[No Variations]"
Change component parameters (AddParameter): Name = "Max Gain"; Value = ""; VariantName = "[No Variations]"
Change component parameters (AddParameter): Name = "Max Input Voltage"; Value = ""; VariantName = "[No Variations]"
Change component parameters (AddParameter): Name = "Max Operating Temperature"; Value = "85°C"; VariantName = "[No Variations]"
Change component parameters (AddParameter): Name = "Max Output Current"; Value = ""; VariantName = "[No Variations]"
Change component parameters (AddParameter): Name = "Max Power Dissipation"; Value = ""; VariantName = "[No Variations]"
Change component parameters (AddParameter): Name = "Max Supply Voltage"; Value = ""; VariantName = "[No Variations]"
Change component parameters (AddParameter): Name = "Maximum current collector"; Value = ""; VariantName = "[No Variations]"
Change component parameters (AddParameter): Name = "Min Current Limit"; Value = ""; VariantName = "[No Variations]"
Change component parameters (AddParameter): Name = "Min Input Voltage"; Value = ""; VariantName = "[No Variations]"
Change component parameters (AddParameter): Name = "Min Operating Temperature"; Value = "-40°C"; VariantName = "[No Variations]"
Change component parameters (AddParameter): Name = "Min Supply Voltage"; Value = ""; VariantName = "[No Variations]"
Change component parameters (AddParameter): Name = "Mount"; Value = "Surface Mount"; VariantName = "[No Variations]"
Change component parameters (AddParameter): Name = "Nominal Output Voltage"; Value = ""; VariantName = "[No Variations]"
Change component parameters (AddParameter): Name = "Number of Elements"; Value = ""; VariantName = "[No Variations]"
Change component parameters (AddParameter): Name = "Number of Outputs"; Value = ""; VariantName = "[No Variations]"
Change component parameters (AddParameter): Name = "Number of Pins"; Value = ""; VariantName = "[No Variations]"
Change component parameters (AddParameter): Name = "Number of Regulators"; Value = ""; VariantName = "[No Variations]"
Change component parameters (AddParameter): Name = "Operating voltage BE sat"; Value = ""; VariantName = "[No Variations]"
Change component parameters (AddParameter): Name = "Output Current"; Value = ""; VariantName = "[No Variations]"
Change component parameters (AddParameter): Name = "Output Type"; Value = ""; VariantName = "[No Variations]"
Change component parameters (AddParameter): Name = "Output Voltage"; Value = ""; VariantName = "[No Variations]"
Change component parameters (AddParameter): Name = "Output Voltage Accuracy"; Value = ""; VariantName = "[No Variations]"
Change component parameters (AddParameter): Name = "Package"; Value = ""; VariantName = "[No Variations]"
Change component parameters (AddParameter): Name = "Package Quantity"; Value = "4000"; VariantName = "[No Variations]"
Change component parameters (AddParameter): Name = "Packaging"; Value = "Tape and Reel"; VariantName = "[No Variations]"
Change component parameters (AddParameter): Name = "Polarity"; Value = ""; VariantName = "[No Variations]"
Change component parameters (AddParameter): Name = "Polarization"; Value = ""; VariantName = "[No Variations]"
Change component parameters (AddParameter): Name = "Power Dissipation"; Value = ""; VariantName = "[No Variations]"
Change component parameters (AddParameter): Name = "Power rating"; Value = ""; VariantName = "[No Variations]"
Change component parameters (AddParameter): Name = "Pricing 1"; Value = "50=0,19300, 500=0,12900, 1000=0,12200, 2000=0,11700, 4000=0,11100 (USD)"; VariantName = "[No Variations]"
Change component parameters (AddParameter): Name = "Quiescent Current"; Value = ""; VariantName = "[No Variations]"
Change component parameters (AddParameter): Name = "Radiation Hardening"; Value = ""; VariantName = "[No Variations]"
Change component parameters (AddParameter): Name = "Rds On Max"; Value = ""; VariantName = "[No Variations]"
Change component parameters (AddParameter): Name = "REACH SVHC"; Value = "Unknown"; VariantName = "[No Variations]"
Change component parameters (AddParameter): Name = "Reach SVHC Compliant"; Value = ""; VariantName = "[No Variations]"
Change component parameters (AddParameter): Name = "Rise Time"; Value = ""; VariantName = "[No Variations]"
Change component parameters (AddParameter): Name = "RoHS"; Value = "Yes"; VariantName = "[No Variations]"
Change component parameters (AddParameter): Name = "RoHS Compliant"; Value = "Yes"; VariantName = "[No Variations]"
Change component parameters (AddParameter): Name = "Series"; Value = ""; VariantName = "[No Variations]"
Change component parameters (AddParameter): Name = "Source"; Value = "Semiconductor.SchLib"; VariantName = "[No Variations]"
Change component parameters (AddParameter): Name = "Stock 1"; Value = "7400"; VariantName = "[No Variations]"
Change component parameters (AddParameter): Name = "Termination"; Value = ""; VariantName = "[No Variations]"
Change component parameters (AddParameter): Name = "Test Current"; Value = "20mA"; VariantName = "[No Variations]"
Change component parameters (AddParameter): Name = "Test Temperature"; Value = ""; VariantName = "[No Variations]"
Change component parameters (AddParameter): Name = "Thermal Resistance of Package"; Value = ""; VariantName = "[No Variations]"
Change component parameters (AddParameter): Name = "Threshold Voltage"; Value = ""; VariantName = "[No Variations]"
Change component parameters (AddParameter): Name = "Transition Frequency"; Value = ""; VariantName = "[No Variations]"
Change component parameters (AddParameter): Name = "Turn-Off Delay Time"; Value = ""; VariantName = "[No Variations]"
Change component parameters (AddParameter): Name = "Turn-On Delay Time"; Value = ""; VariantName = "[No Variations]"
Change component parameters (AddParameter): Name = "Type"; Value = ""; VariantName = "[No Variations]"
Change component parameters (AddParameter): Name = "Vce max"; Value = ""; VariantName = "[No Variations]"
Change component parameters (AddParameter): Name = "Vds"; Value = ""; VariantName = "[No Variations]"
Change component parameters (AddParameter): Name = "Viewing Angle"; Value = "140°"; VariantName = "[No Variations]"
Change component parameters (AddParameter): Name = "Voltage"; Value = ""; VariantName = "[No Variations]"
Change component parameters (AddParameter): Name = "Voltage Rating (DC)"; Value = ""; VariantName = "[No Variations]"
Change component parameters (AddParameter): Name = "Wavelength"; Value = "470nm"; VariantName = "[No Variations]"
Change component parameters (AddParameter): Name = "Weight"; Value = ""; VariantName = "[No Variations]"
Change component parameters (AddParameter): Name = "Width"; Value = "1.25mm"; VariantName = "[No Variations]"
Change component parameters: Designator = "J1" ("J1"); Footprint = "CON_1053101106"; UniqueID = "\LLWZQDTP" ("\LLWZQDTP")
Change component parameters (AddParameter): Name = ".Creator"; Value = "DO"; VariantName = "[No Variations]"
Change component parameters (AddParameter): Name = ".PCBcheck"; Value = ""; VariantName = "[No Variations]"
Change component parameters (AddParameter): Name = ".SCHcheck"; Value = ""; VariantName = "[No Variations]"
Change component parameters (AddParameter): Name = "Application"; Value = ""; VariantName = "[No Variations]"
Change component parameters (AddParameter): Name = "Approvals"; Value = ""; VariantName = "[No Variations]"
Change component parameters (AddParameter): Name = "Case/Package"; Value = ""; VariantName = "[No Variations]"
Change component parameters (AddParameter): Name = "Category"; Value = "Headers and Wire Housings"; VariantName = "[No Variations]"
Change component parameters (AddParameter): Name = "Category type"; Value = ""; VariantName = "[No Variations]"
Change component parameters (AddParameter): Name = "Coil Current"; Value = ""; VariantName = "[No Variations]"
Change component parameters (AddParameter): Name = "Coil Resistance"; Value = ""; VariantName = "[No Variations]"
Change component parameters (AddParameter): Name = "Coil Type"; Value = ""; VariantName = "[No Variations]"
Change component parameters (AddParameter): Name = "Coil Voltage (DC)"; Value = ""; VariantName = "[No Variations]"
Change component parameters (AddParameter): Name = "Color"; Value = ""; VariantName = "[No Variations]"
Change component parameters (AddParameter): Name = "ComponentLink1Description"; Value = "http://farnell.com//datasheets/2221349.pdf?src-supplier=Farnell"; VariantName = "[No Variations]"
Change component parameters (AddParameter): Name = "ComponentLink1URL"; Value = "http://farnell.com//datasheets/2221349.pdf?src-supplier=Farnell"; VariantName = "[No Variations]"
Change component parameters (AddParameter): Name = "ComponentLink2Description"; Value = "http://www.farnell.com/datasheets/2221349.pdf?src-supplier=Newark"; VariantName = "[No Variations]"
Change component parameters (AddParameter): Name = "ComponentLink2URL"; Value = "http://www.farnell.com/datasheets/2221349.pdf?src-supplier=Newark"; VariantName = "[No Variations]"
Change component parameters (AddParameter): Name = "ComponentLink3Description"; Value = "http://www.literature.molex.com/SQLImages/kelmscott/Molex/PDF_Images/987651-1223.PDF?src-supplier=Digi-Key"; VariantName = "[No Variations]"
Change component parameters (AddParameter): Name = "ComponentLink3URL"; Value = "http://www.literature.molex.com/SQLImages/kelmscott/Molex/PDF_Images/987651-1223.PDF?src-supplier=Digi-Key"; VariantName = "[No Variations]"
Change component parameters (AddParameter): Name = "ComponentLink4Description"; Value = "http://www.farnell.com/datasheets/2059602.pdf?src-supplier=Element14"; VariantName = "[No Variations]"
Change component parameters (AddParameter): Name = "ComponentLink4URL"; Value = "http://www.farnell.com/datasheets/2059602.pdf?src-supplier=Element14"; VariantName = "[No Variations]"
Change component parameters (AddParameter): Name = "Connections"; Value = ""; VariantName = "[No Variations]"
Change component parameters (AddParameter): Name = "Connector Type"; Value = ""; VariantName = "[No Variations]"
Change component parameters (AddParameter): Name = "Contact Current Rating"; Value = ""; VariantName = "[No Variations]"
Change component parameters (AddParameter): Name = "Contact Gender"; Value = ""; VariantName = "[No Variations]"
Change component parameters (AddParameter): Name = "Contact Material"; Value = ""; VariantName = "[No Variations]"
Change component parameters (AddParameter): Name = "Contact Mating Length"; Value = ""; VariantName = "[No Variations]"
Change component parameters (AddParameter): Name = "Contact Plating"; Value = ""; VariantName = "[No Variations]"
Change component parameters (AddParameter): Name = "Contact Resistance"; Value = ""; VariantName = "[No Variations]"
Change component parameters (AddParameter): Name = "Contact Shape"; Value = ""; VariantName = "[No Variations]"
Change component parameters (AddParameter): Name = "Current Rating"; Value = ""; VariantName = "[No Variations]"
Change component parameters (AddParameter): Name = "Depth"; Value = ""; VariantName = "[No Variations]"
Change component parameters (AddParameter): Name = "Design Item ID"; Value = "J_NanoFit_1x4_V"; VariantName = "[No Variations]"
Change component parameters (AddParameter): Name = "Diameter"; Value = ""; VariantName = "[No Variations]"
Change component parameters (AddParameter): Name = "Fastening Type"; Value = ""; VariantName = "[No Variations]"
Change component parameters (AddParameter): Name = "Features"; Value = ""; VariantName = "[No Variations]"
Change component parameters (AddParameter): Name = "Flammability"; Value = ""; VariantName = "[No Variations]"
Change component parameters (AddParameter): Name = "Flammability Rating"; Value = ""; VariantName = "[No Variations]"
Change component parameters (AddParameter): Name = "Gender"; Value = ""; VariantName = "[No Variations]"
Change component parameters (AddParameter): Name = "Glow Wire Compliant"; Value = ""; VariantName = "[No Variations]"
Change component parameters (AddParameter): Name = "Halogen Free"; Value = ""; VariantName = "[No Variations]"
Change component parameters (AddParameter): Name = "Height"; Value = ""; VariantName = "[No Variations]"
Change component parameters (AddParameter): Name = "Housing Color"; Value = ""; VariantName = "[No Variations]"
Change component parameters (AddParameter): Name = "Housing Material"; Value = ""; VariantName = "[No Variations]"
Change component parameters (AddParameter): Name = "Insulation Color"; Value = ""; VariantName = "[No Variations]"
Change component parameters (AddParameter): Name = "Insulation Material"; Value = ""; VariantName = "[No Variations]"
Change component parameters (AddParameter): Name = "Insulation Resistance"; Value = ""; VariantName = "[No Variations]"
Change component parameters (AddParameter): Name = "Lead Free"; Value = ""; VariantName = "[No Variations]"
Change component parameters (AddParameter): Name = "Length"; Value = ""; VariantName = "[No Variations]"
Change component parameters (AddParameter): Name = "Life (Hours)"; Value = ""; VariantName = "[No Variations]"
Change component parameters (AddParameter): Name = "Manufacturer"; Value = ""; VariantName = "[No Variations]"
Change component parameters (AddParameter): Name = "Manufacturer 1"; Value = "Molex"; VariantName = "[No Variations]"
Change component parameters (AddParameter): Name = "Manufacturer 2"; Value = ""; VariantName = "[No Variations]"
Change component parameters (AddParameter): Name = "Manufacturer part number"; Value = ""; VariantName = "[No Variations]"
Change component parameters (AddParameter): Name = "Manufacturer Part Number 1"; Value = "105309-1204"; VariantName = "[No Variations]"
Change component parameters (AddParameter): Name = "Manufacturer Part Number 2"; Value = ""; VariantName = "[No Variations]"
Change component parameters (AddParameter): Name = "Material"; Value = ""; VariantName = "[No Variations]"
Change component parameters (AddParameter): Name = "Max Operating Temperature"; Value = ""; VariantName = "[No Variations]"
Change component parameters (AddParameter): Name = "Max Voltage Rating (DC)"; Value = ""; VariantName = "[No Variations]"
Change component parameters (AddParameter): Name = "Maximum current"; Value = ""; VariantName = "[No Variations]"
Change component parameters (AddParameter): Name = "Maximum voltage"; Value = ""; VariantName = "[No Variations]"
Change component parameters (AddParameter): Name = "Min Operating Temperature"; Value = ""; VariantName = "[No Variations]"
Change component parameters (AddParameter): Name = "Mount"; Value = ""; VariantName = "[No Variations]"
Change component parameters (AddParameter): Name = "Number of Circuits"; Value = ""; VariantName = "[No Variations]"
Change component parameters (AddParameter): Name = "Number of Contacts"; Value = ""; VariantName = "[No Variations]"
Change component parameters (AddParameter): Name = "Number of Poles"; Value = ""; VariantName = "[No Variations]"
Change component parameters (AddParameter): Name = "Number of Positions"; Value = ""; VariantName = "[No Variations]"
Change component parameters (AddParameter): Name = "Number of Rows"; Value = ""; VariantName = "[No Variations]"
Change component parameters (AddParameter): Name = "Operate Time"; Value = ""; VariantName = "[No Variations]"
Change component parameters (AddParameter): Name = "Orientation"; Value = ""; VariantName = "[No Variations]"
Change component parameters (AddParameter): Name = "Package Quantity"; Value = ""; VariantName = "[No Variations]"
Change component parameters (AddParameter): Name = "Packaging"; Value = ""; VariantName = "[No Variations]"
Change component parameters (AddParameter): Name = "Pins"; Value = ""; VariantName = "[No Variations]"
Change component parameters (AddParameter): Name = "Pitch"; Value = ""; VariantName = "[No Variations]"
Change component parameters (AddParameter): Name = "Pricing 1"; Value = "1=1,37050, 10=1,11700, 100=0,95270, 500=0,86980, 1000=0,74060, 2500=0,71930, 5000=0,68450, 10000=0,66860 (USD)"; VariantName = "[No Variations]"
Change component parameters (AddParameter): Name = "Pricing 2"; Value = ""; VariantName = "[No Variations]"
Change component parameters (AddParameter): Name = "Pricing 3"; Value = ""; VariantName = "[No Variations]"
Change component parameters (AddParameter): Name = "Product name"; Value = ""; VariantName = "[No Variations]"
Change component parameters (AddParameter): Name = "Radiation Hardening"; Value = ""; VariantName = "[No Variations]"
Change component parameters (AddParameter): Name = "REACH SVHC"; Value = ""; VariantName = "[No Variations]"
Change component parameters (AddParameter): Name = "Relay Type"; Value = ""; VariantName = "[No Variations]"
Change component parameters (AddParameter): Name = "Release Time"; Value = ""; VariantName = "[No Variations]"
Change component parameters (AddParameter): Name = "RoHS"; Value = "No"; VariantName = "[No Variations]"
Change component parameters (AddParameter): Name = "RoHS Compliant"; Value = ""; VariantName = "[No Variations]"
Change component parameters (AddParameter): Name = "Row Spacing"; Value = ""; VariantName = "[No Variations]"
Change component parameters (AddParameter): Name = "Series"; Value = ""; VariantName = "[No Variations]"
Change component parameters (AddParameter): Name = "Source"; Value = "Electromechanical.SchLib"; VariantName = "[No Variations]"
Change component parameters (AddParameter): Name = "Stock 1"; Value = "709"; VariantName = "[No Variations]"
Change component parameters (AddParameter): Name = "Stock 2"; Value = ""; VariantName = "[No Variations]"
Change component parameters (AddParameter): Name = "Stock 3"; Value = ""; VariantName = "[No Variations]"
Change component parameters (AddParameter): Name = "Temperature rating"; Value = ""; VariantName = "[No Variations]"
Change component parameters (AddParameter): Name = "Termination"; Value = ""; VariantName = "[No Variations]"
Change component parameters (AddParameter): Name = "Throw Configuration"; Value = ""; VariantName = "[No Variations]"
Change component parameters (AddParameter): Name = "USB Standard"; Value = ""; VariantName = "[No Variations]"
Change component parameters (AddParameter): Name = "Voltage Rating"; Value = ""; VariantName = "[No Variations]"
Change component parameters (AddParameter): Name = "Voltage Rating (DC)"; Value = ""; VariantName = "[No Variations]"
Change component parameters: Designator = "J2" ("J2"); Footprint = "CON_1053101106"; UniqueID = "\RVFICHKL" ("\RVFICHKL")
Change component parameters (AddParameter): Name = ".Creator"; Value = "DO"; VariantName = "[No Variations]"
Change component parameters (AddParameter): Name = ".PCBcheck"; Value = ""; VariantName = "[No Variations]"
Change component parameters (AddParameter): Name = ".SCHcheck"; Value = ""; VariantName = "[No Variations]"
Change component parameters (AddParameter): Name = "Application"; Value = ""; VariantName = "[No Variations]"
Change component parameters (AddParameter): Name = "Approvals"; Value = ""; VariantName = "[No Variations]"
Change component parameters (AddParameter): Name = "Case/Package"; Value = ""; VariantName = "[No Variations]"
Change component parameters (AddParameter): Name = "Category"; Value = "Headers and Wire Housings"; VariantName = "[No Variations]"
Change component parameters (AddParameter): Name = "Category type"; Value = ""; VariantName = "[No Variations]"
Change component parameters (AddParameter): Name = "Coil Current"; Value = ""; VariantName = "[No Variations]"
Change component parameters (AddParameter): Name = "Coil Resistance"; Value = ""; VariantName = "[No Variations]"
Change component parameters (AddParameter): Name = "Coil Type"; Value = ""; VariantName = "[No Variations]"
Change component parameters (AddParameter): Name = "Coil Voltage (DC)"; Value = ""; VariantName = "[No Variations]"
Change component parameters (AddParameter): Name = "Color"; Value = ""; VariantName = "[No Variations]"
Change component parameters (AddParameter): Name = "ComponentLink1Description"; Value = "http://farnell.com//datasheets/2221349.pdf?src-supplier=Farnell"; VariantName = "[No Variations]"
Change component parameters (AddParameter): Name = "ComponentLink1URL"; Value = "http://farnell.com//datasheets/2221349.pdf?src-supplier=Farnell"; VariantName = "[No Variations]"
Change component parameters (AddParameter): Name = "ComponentLink2Description"; Value = "http://www.farnell.com/datasheets/2221349.pdf?src-supplier=Newark"; VariantName = "[No Variations]"
Change component parameters (AddParameter): Name = "ComponentLink2URL"; Value = "http://www.farnell.com/datasheets/2221349.pdf?src-supplier=Newark"; VariantName = "[No Variations]"
Change component parameters (AddParameter): Name = "ComponentLink3Description"; Value = "http://www.literature.molex.com/SQLImages/kelmscott/Molex/PDF_Images/987651-1223.PDF?src-supplier=Digi-Key"; VariantName = "[No Variations]"
Change component parameters (AddParameter): Name = "ComponentLink3URL"; Value = "http://www.literature.molex.com/SQLImages/kelmscott/Molex/PDF_Images/987651-1223.PDF?src-supplier=Digi-Key"; VariantName = "[No Variations]"
Change component parameters (AddParameter): Name = "ComponentLink4Description"; Value = "http://www.farnell.com/datasheets/2059602.pdf?src-supplier=Element14"; VariantName = "[No Variations]"
Change component parameters (AddParameter): Name = "ComponentLink4URL"; Value = "http://www.farnell.com/datasheets/2059602.pdf?src-supplier=Element14"; VariantName = "[No Variations]"
Change component parameters (AddParameter): Name = "Connections"; Value = ""; VariantName = "[No Variations]"
Change component parameters (AddParameter): Name = "Connector Type"; Value = ""; VariantName = "[No Variations]"
Change component parameters (AddParameter): Name = "Contact Current Rating"; Value = ""; VariantName = "[No Variations]"
Change component parameters (AddParameter): Name = "Contact Gender"; Value = ""; VariantName = "[No Variations]"
Change component parameters (AddParameter): Name = "Contact Material"; Value = ""; VariantName = "[No Variations]"
Change component parameters (AddParameter): Name = "Contact Mating Length"; Value = ""; VariantName = "[No Variations]"
Change component parameters (AddParameter): Name = "Contact Plating"; Value = ""; VariantName = "[No Variations]"
Change component parameters (AddParameter): Name = "Contact Resistance"; Value = ""; VariantName = "[No Variations]"
Change component parameters (AddParameter): Name = "Contact Shape"; Value = ""; VariantName = "[No Variations]"
Change component parameters (AddParameter): Name = "Current Rating"; Value = ""; VariantName = "[No Variations]"
Change component parameters (AddParameter): Name = "Depth"; Value = ""; VariantName = "[No Variations]"
Change component parameters (AddParameter): Name = "Design Item ID"; Value = "J_NanoFit_1x4_V"; VariantName = "[No Variations]"
Change component parameters (AddParameter): Name = "Diameter"; Value = ""; VariantName = "[No Variations]"
Change component parameters (AddParameter): Name = "Fastening Type"; Value = ""; VariantName = "[No Variations]"
Change component parameters (AddParameter): Name = "Features"; Value = ""; VariantName = "[No Variations]"
Change component parameters (AddParameter): Name = "Flammability"; Value = ""; VariantName = "[No Variations]"
Change component parameters (AddParameter): Name = "Flammability Rating"; Value = ""; VariantName = "[No Variations]"
Change component parameters (AddParameter): Name = "Gender"; Value = ""; VariantName = "[No Variations]"
Change component parameters (AddParameter): Name = "Glow Wire Compliant"; Value = ""; VariantName = "[No Variations]"
Change component parameters (AddParameter): Name = "Halogen Free"; Value = ""; VariantName = "[No Variations]"
Change component parameters (AddParameter): Name = "Height"; Value = ""; VariantName = "[No Variations]"
Change component parameters (AddParameter): Name = "Housing Color"; Value = ""; VariantName = "[No Variations]"
Change component parameters (AddParameter): Name = "Housing Material"; Value = ""; VariantName = "[No Variations]"
Change component parameters (AddParameter): Name = "Insulation Color"; Value = ""; VariantName = "[No Variations]"
Change component parameters (AddParameter): Name = "Insulation Material"; Value = ""; VariantName = "[No Variations]"
Change component parameters (AddParameter): Name = "Insulation Resistance"; Value = ""; VariantName = "[No Variations]"
Change component parameters (AddParameter): Name = "Lead Free"; Value = ""; VariantName = "[No Variations]"
Change component parameters (AddParameter): Name = "Length"; Value = ""; VariantName = "[No Variations]"
Change component parameters (AddParameter): Name = "Life (Hours)"; Value = ""; VariantName = "[No Variations]"
Change component parameters (AddParameter): Name = "Manufacturer"; Value = ""; VariantName = "[No Variations]"
Change component parameters (AddParameter): Name = "Manufacturer 1"; Value = "Molex"; VariantName = "[No Variations]"
Change component parameters (AddParameter): Name = "Manufacturer 2"; Value = ""; VariantName = "[No Variations]"
Change component parameters (AddParameter): Name = "Manufacturer part number"; Value = ""; VariantName = "[No Variations]"
Change component parameters (AddParameter): Name = "Manufacturer Part Number 1"; Value = "105309-1204"; VariantName = "[No Variations]"
Change component parameters (AddParameter): Name = "Manufacturer Part Number 2"; Value = ""; VariantName = "[No Variations]"
Change component parameters (AddParameter): Name = "Material"; Value = ""; VariantName = "[No Variations]"
Change component parameters (AddParameter): Name = "Max Operating Temperature"; Value = ""; VariantName = "[No Variations]"
Change component parameters (AddParameter): Name = "Max Voltage Rating (DC)"; Value = ""; VariantName = "[No Variations]"
Change component parameters (AddParameter): Name = "Maximum current"; Value = ""; VariantName = "[No Variations]"
Change component parameters (AddParameter): Name = "Maximum voltage"; Value = ""; VariantName = "[No Variations]"
Change component parameters (AddParameter): Name = "Min Operating Temperature"; Value = ""; VariantName = "[No Variations]"
Change component parameters (AddParameter): Name = "Mount"; Value = ""; VariantName = "[No Variations]"
Change component parameters (AddParameter): Name = "Number of Circuits"; Value = ""; VariantName = "[No Variations]"
Change component parameters (AddParameter): Name = "Number of Contacts"; Value = ""; VariantName = "[No Variations]"
Change component parameters (AddParameter): Name = "Number of Poles"; Value = ""; VariantName = "[No Variations]"
Change component parameters (AddParameter): Name = "Number of Positions"; Value = ""; VariantName = "[No Variations]"
Change component parameters (AddParameter): Name = "Number of Rows"; Value = ""; VariantName = "[No Variations]"
Change component parameters (AddParameter): Name = "Operate Time"; Value = ""; VariantName = "[No Variations]"
Change component parameters (AddParameter): Name = "Orientation"; Value = ""; VariantName = "[No Variations]"
Change component parameters (AddParameter): Name = "Package Quantity"; Value = ""; VariantName = "[No Variations]"
Change component parameters (AddParameter): Name = "Packaging"; Value = ""; VariantName = "[No Variations]"
Change component parameters (AddParameter): Name = "Pins"; Value = ""; VariantName = "[No Variations]"
Change component parameters (AddParameter): Name = "Pitch"; Value = ""; VariantName = "[No Variations]"
Change component parameters (AddParameter): Name = "Pricing 1"; Value = "1=1,37050, 10=1,11700, 100=0,95270, 500=0,86980, 1000=0,74060, 2500=0,71930, 5000=0,68450, 10000=0,66860 (USD)"; VariantName = "[No Variations]"
Change component parameters (AddParameter): Name = "Pricing 2"; Value = ""; VariantName = "[No Variations]"
Change component parameters (AddParameter): Name = "Pricing 3"; Value = ""; VariantName = "[No Variations]"
Change component parameters (AddParameter): Name = "Product name"; Value = ""; VariantName = "[No Variations]"
Change component parameters (AddParameter): Name = "Radiation Hardening"; Value = ""; VariantName = "[No Variations]"
Change component parameters (AddParameter): Name = "REACH SVHC"; Value = ""; VariantName = "[No Variations]"
Change component parameters (AddParameter): Name = "Relay Type"; Value = ""; VariantName = "[No Variations]"
Change component parameters (AddParameter): Name = "Release Time"; Value = ""; VariantName = "[No Variations]"
Change component parameters (AddParameter): Name = "RoHS"; Value = "No"; VariantName = "[No Variations]"
Change component parameters (AddParameter): Name = "RoHS Compliant"; Value = ""; VariantName = "[No Variations]"
Change component parameters (AddParameter): Name = "Row Spacing"; Value = ""; VariantName = "[No Variations]"
Change component parameters (AddParameter): Name = "Series"; Value = ""; VariantName = "[No Variations]"
Change component parameters (AddParameter): Name = "Source"; Value = "Electromechanical.SchLib"; VariantName = "[No Variations]"
Change component parameters (AddParameter): Name = "Stock 1"; Value = "709"; VariantName = "[No Variations]"
Change component parameters (AddParameter): Name = "Stock 2"; Value = ""; VariantName = "[No Variations]"
Change component parameters (AddParameter): Name = "Stock 3"; Value = ""; VariantName = "[No Variations]"
Change component parameters (AddParameter): Name = "Temperature rating"; Value = ""; VariantName = "[No Variations]"
Change component parameters (AddParameter): Name = "Termination"; Value = ""; VariantName = "[No Variations]"
Change component parameters (AddParameter): Name = "Throw Configuration"; Value = ""; VariantName = "[No Variations]"
Change component parameters (AddParameter): Name = "USB Standard"; Value = ""; VariantName = "[No Variations]"
Change component parameters (AddParameter): Name = "Voltage Rating"; Value = ""; VariantName = "[No Variations]"
Change component parameters (AddParameter): Name = "Voltage Rating (DC)"; Value = ""; VariantName = "[No Variations]"
Change component parameters: Designator = "R11" ("R11"); Footprint = "0805"; UniqueID = "\CNKZAJHS\VNRIKNGD" ("\CNKZAJHS\VNRIKNGD")
Change component parameters (AddParameter): Name = ".Creator"; Value = "DR"; VariantName = "[No Variations]"
Change component parameters (AddParameter): Name = ".PCBcheck"; Value = ""; VariantName = "[No Variations]"
Change component parameters (AddParameter): Name = ".SCHcheck"; Value = ""; VariantName = "[No Variations]"
Change component parameters (AddParameter): Name = "Case Code (Metric)"; Value = "2012"; VariantName = "[No Variations]"
Change component parameters (AddParameter): Name = "Case/Package"; Value = "0805"; VariantName = "[No Variations]"
Change component parameters (AddParameter): Name = "Category"; Value = "Chip SMD Resistors"; VariantName = "[No Variations]"
Change component parameters (AddParameter): Name = "Circuit Type"; Value = ""; VariantName = "[No Variations]"
Change component parameters (AddParameter): Name = "Color"; Value = ""; VariantName = "[No Variations]"
Change component parameters (AddParameter): Name = "ComponentLink1Description"; Value = "https://datasheet.ciiva.com/11811/0900766b80eb1d8c-11811180.pdf?src-supplier=RSComponents"; VariantName = "[No Variations]"
Change component parameters (AddParameter): Name = "ComponentLink1URL"; Value = "https://datasheet.ciiva.com/11811/0900766b80eb1d8c-11811180.pdf?src-supplier=RSComponents"; VariantName = "[No Variations]"
Change component parameters (AddParameter): Name = "ComponentLink2Description"; Value = "https://datasheet.ciiva.com/41450/001181146-da-01-en-widerstand-era-0805-60r4-0-1-5000st-41450303.pdf?src-supplier=Conrad"; VariantName = "[No Variations]"
Change component parameters (AddParameter): Name = "ComponentLink2URL"; Value = "https://datasheet.ciiva.com/41450/001181146-da-01-en-widerstand-era-0805-60r4-0-1-5000st-41450303.pdf?src-supplier=Conrad"; VariantName = "[No Variations]"
Change component parameters (AddParameter): Name = "ComponentLink3Description"; Value = "https://datasheet.ciiva.com/5951/485442-5951173.pdf?src-supplier=Farnell"; VariantName = "[No Variations]"
Change component parameters (AddParameter): Name = "ComponentLink3URL"; Value = "https://datasheet.ciiva.com/5951/485442-5951173.pdf?src-supplier=Farnell"; VariantName = "[No Variations]"
Change component parameters (AddParameter): Name = "ComponentLink4Description"; Value = "https://datasheet.ciiva.com/30184/54aoa0000ce26-30184022.pdf?src-supplier=Onlinecomponents.com"; VariantName = "[No Variations]"
Change component parameters (AddParameter): Name = "ComponentLink4URL"; Value = "https://datasheet.ciiva.com/30184/54aoa0000ce26-30184022.pdf?src-supplier=Onlinecomponents.com"; VariantName = "[No Variations]"
Change component parameters (AddParameter): Name = "ComponentLink5Description"; Value = "https://datasheet.ciiva.com/9188/aoa0000ce26-9188476.pdf?src-supplier=Avnet"; VariantName = "[No Variations]"
Change component parameters (AddParameter): Name = "ComponentLink5URL"; Value = "https://datasheet.ciiva.com/9188/aoa0000ce26-9188476.pdf?src-supplier=Avnet"; VariantName = "[No Variations]"
Change component parameters (AddParameter): Name = "Construction"; Value = ""; VariantName = "[No Variations]"
Change component parameters (AddParameter): Name = "Contact Plating"; Value = "Tin"; VariantName = "[No Variations]"
Change component parameters (AddParameter): Name = "Current Rating"; Value = ""; VariantName = "[No Variations]"
Change component parameters (AddParameter): Name = "Depth"; Value = "1.25mm"; VariantName = "[No Variations]"
Change component parameters (AddParameter): Name = "Design Item ID"; Value = "R60-0805FTN"; VariantName = "[No Variations]"
Change component parameters (AddParameter): Name = "ELV"; Value = ""; VariantName = "[No Variations]"
Change component parameters (AddParameter): Name = "Features"; Value = "Automotive AEC-Q200"; VariantName = "[No Variations]"
Change component parameters (AddParameter): Name = "Height"; Value = "0.5mm"; VariantName = "[No Variations]"
Change component parameters (AddParameter): Name = "Insulation Resistance"; Value = ""; VariantName = "[No Variations]"
Change component parameters (AddParameter): Name = "Lead Free"; Value = "Lead Free"; VariantName = "[No Variations]"
Change component parameters (AddParameter): Name = "Lead Length"; Value = ""; VariantName = "[No Variations]"
Change component parameters (AddParameter): Name = "Length"; Value = "2mm"; VariantName = "[No Variations]"
Change component parameters (AddParameter): Name = "Manufacturer"; Value = ""; VariantName = "[No Variations]"
Change component parameters (AddParameter): Name = "Manufacturer 1"; Value = "Panasonic"; VariantName = "[No Variations]"
Change component parameters (AddParameter): Name = "Manufacturer Part Number"; Value = ""; VariantName = "[No Variations]"
Change component parameters (AddParameter): Name = "Manufacturer Part Number 1"; Value = "ERA-6AEB60R4V"; VariantName = "[No Variations]"
Change component parameters (AddParameter): Name = "Max Operating Temperature"; Value = "155°C"; VariantName = "[No Variations]"
Change component parameters (AddParameter): Name = "Max Power Dissipation"; Value = "125mW"; VariantName = "[No Variations]"
Change component parameters (AddParameter): Name = "Military Standard"; Value = ""; VariantName = "[No Variations]"
Change component parameters (AddParameter): Name = "Min Operating Temperature"; Value = "-55°C"; VariantName = "[No Variations]"
Change component parameters (AddParameter): Name = "Mount"; Value = "Surface Mount"; VariantName = "[No Variations]"
Change component parameters (AddParameter): Name = "Number of Contacts"; Value = ""; VariantName = "[No Variations]"
Change component parameters (AddParameter): Name = "Number of Elements"; Value = ""; VariantName = "[No Variations]"
Change component parameters (AddParameter): Name = "Number of Resistors"; Value = ""; VariantName = "[No Variations]"
Change component parameters (AddParameter): Name = "Number of Terminals/Pins"; Value = ""; VariantName = "[No Variations]"
Change component parameters (AddParameter): Name = "Number of Terminations"; Value = "2"; VariantName = "[No Variations]"
Change component parameters (AddParameter): Name = "Number of Turns"; Value = ""; VariantName = "[No Variations]"
Change component parameters (AddParameter): Name = "Package Quantity"; Value = "5000"; VariantName = "[No Variations]"
Change component parameters (AddParameter): Name = "Package Shape"; Value = ""; VariantName = "[No Variations]"
Change component parameters (AddParameter): Name = "Packaging"; Value = "Tape and Reel"; VariantName = "[No Variations]"
Change component parameters (AddParameter): Name = "Pins"; Value = "2"; VariantName = "[No Variations]"
Change component parameters (AddParameter): Name = "Power Per Element"; Value = ""; VariantName = "[No Variations]"
Change component parameters (AddParameter): Name = "Power Rating"; Value = "125mW"; VariantName = "[No Variations]"
Change component parameters (AddParameter): Name = "Pricing 1"; Value = "1=0,04650, 10=0,03900, 100=0,02860 (USD)"; VariantName = "[No Variations]"
Change component parameters (AddParameter): Name = "Radiation Hardening"; Value = "No"; VariantName = "[No Variations]"
Change component parameters (AddParameter): Name = "REACH SVHC"; Value = ""; VariantName = "[No Variations]"
Change component parameters (AddParameter): Name = "Resistance"; Value = ""; VariantName = "[No Variations]"
Change component parameters (AddParameter): Name = "Resistance Tolerance"; Value = ""; VariantName = "[No Variations]"
Change component parameters (AddParameter): Name = "Resistence"; Value = ""; VariantName = "[No Variations]"
Change component parameters (AddParameter): Name = "Resistor Type"; Value = "Thin Film,Metal Film"; VariantName = "[No Variations]"
Change component parameters (AddParameter): Name = "RoHS"; Value = "Yes"; VariantName = "[No Variations]"
Change component parameters (AddParameter): Name = "RoHS Compliant"; Value = ""; VariantName = "[No Variations]"
Change component parameters (AddParameter): Name = "Series"; Value = ""; VariantName = "[No Variations]"
Change component parameters (AddParameter): Name = "Size Code"; Value = ""; VariantName = "[No Variations]"
Change component parameters (AddParameter): Name = "Source"; Value = "Passives.SchLib"; VariantName = "[No Variations]"
Change component parameters (AddParameter): Name = "Stock 1"; Value = "5000"; VariantName = "[No Variations]"
Change component parameters (AddParameter): Name = "Taper"; Value = ""; VariantName = "[No Variations]"
Change component parameters (AddParameter): Name = "Technology"; Value = ""; VariantName = "[No Variations]"
Change component parameters (AddParameter): Name = "Temperature Coefficient"; Value = "25ppm/°C"; VariantName = "[No Variations]"
Change component parameters (AddParameter): Name = "Terminal Finish"; Value = ""; VariantName = "[No Variations]"
Change component parameters (AddParameter): Name = "Terminal Pitch"; Value = ""; VariantName = "[No Variations]"
Change component parameters (AddParameter): Name = "Termination"; Value = "SMD/SMT"; VariantName = "[No Variations]"
Change component parameters (AddParameter): Name = "Thickness"; Value = ""; VariantName = "[No Variations]"
Change component parameters (AddParameter): Name = "Tolerance"; Value = "0.1%"; VariantName = "[No Variations]"
Change component parameters (AddParameter): Name = "Value"; Value = "60.4R 0805"; VariantName = "[No Variations]"
Change component parameters (AddParameter): Name = "Voltage Rating"; Value = "200V"; VariantName = "[No Variations]"
Change component parameters (AddParameter): Name = "Voltage Rating (DC)"; Value = "100V"; VariantName = "[No Variations]"
Change component parameters (AddParameter): Name = "Weight"; Value = "0.000194oz"; VariantName = "[No Variations]"
Change component parameters (AddParameter): Name = "Width"; Value = "1.25mm"; VariantName = "[No Variations]"
Change component parameters (AddParameter): Name = "Working Voltage"; Value = ""; VariantName = "[No Variations]"
Change component parameters: Designator = "R12" ("R12"); Footprint = "0805"; UniqueID = "\CNKZAJHS\YFJBIQUK" ("\CNKZAJHS\YFJBIQUK")
Change component parameters (AddParameter): Name = ".Creator"; Value = "DR"; VariantName = "[No Variations]"
Change component parameters (AddParameter): Name = ".PCBcheck"; Value = ""; VariantName = "[No Variations]"
Change component parameters (AddParameter): Name = ".SCHcheck"; Value = ""; VariantName = "[No Variations]"
Change component parameters (AddParameter): Name = "Case Code (Metric)"; Value = "2012"; VariantName = "[No Variations]"
Change component parameters (AddParameter): Name = "Case/Package"; Value = "0805"; VariantName = "[No Variations]"
Change component parameters (AddParameter): Name = "Category"; Value = "Chip SMD Resistors"; VariantName = "[No Variations]"
Change component parameters (AddParameter): Name = "Circuit Type"; Value = ""; VariantName = "[No Variations]"
Change component parameters (AddParameter): Name = "Color"; Value = ""; VariantName = "[No Variations]"
Change component parameters (AddParameter): Name = "ComponentLink1Description"; Value = "https://datasheet.ciiva.com/11811/0900766b80eb1d8c-11811180.pdf?src-supplier=RSComponents"; VariantName = "[No Variations]"
Change component parameters (AddParameter): Name = "ComponentLink1URL"; Value = "https://datasheet.ciiva.com/11811/0900766b80eb1d8c-11811180.pdf?src-supplier=RSComponents"; VariantName = "[No Variations]"
Change component parameters (AddParameter): Name = "ComponentLink2Description"; Value = "https://datasheet.ciiva.com/41450/001181146-da-01-en-widerstand-era-0805-60r4-0-1-5000st-41450303.pdf?src-supplier=Conrad"; VariantName = "[No Variations]"
Change component parameters (AddParameter): Name = "ComponentLink2URL"; Value = "https://datasheet.ciiva.com/41450/001181146-da-01-en-widerstand-era-0805-60r4-0-1-5000st-41450303.pdf?src-supplier=Conrad"; VariantName = "[No Variations]"
Change component parameters (AddParameter): Name = "ComponentLink3Description"; Value = "https://datasheet.ciiva.com/5951/485442-5951173.pdf?src-supplier=Farnell"; VariantName = "[No Variations]"
Change component parameters (AddParameter): Name = "ComponentLink3URL"; Value = "https://datasheet.ciiva.com/5951/485442-5951173.pdf?src-supplier=Farnell"; VariantName = "[No Variations]"
Change component parameters (AddParameter): Name = "ComponentLink4Description"; Value = "https://datasheet.ciiva.com/30184/54aoa0000ce26-30184022.pdf?src-supplier=Onlinecomponents.com"; VariantName = "[No Variations]"
Change component parameters (AddParameter): Name = "ComponentLink4URL"; Value = "https://datasheet.ciiva.com/30184/54aoa0000ce26-30184022.pdf?src-supplier=Onlinecomponents.com"; VariantName = "[No Variations]"
Change component parameters (AddParameter): Name = "ComponentLink5Description"; Value = "https://datasheet.ciiva.com/9188/aoa0000ce26-9188476.pdf?src-supplier=Avnet"; VariantName = "[No Variations]"
Change component parameters (AddParameter): Name = "ComponentLink5URL"; Value = "https://datasheet.ciiva.com/9188/aoa0000ce26-9188476.pdf?src-supplier=Avnet"; VariantName = "[No Variations]"
Change component parameters (AddParameter): Name = "Construction"; Value = ""; VariantName = "[No Variations]"
Change component parameters (AddParameter): Name = "Contact Plating"; Value = "Tin"; VariantName = "[No Variations]"
Change component parameters (AddParameter): Name = "Current Rating"; Value = ""; VariantName = "[No Variations]"
Change component parameters (AddParameter): Name = "Depth"; Value = "1.25mm"; VariantName = "[No Variations]"
Change component parameters (AddParameter): Name = "Design Item ID"; Value = "R60-0805FTN"; VariantName = "[No Variations]"
Change component parameters (AddParameter): Name = "ELV"; Value = ""; VariantName = "[No Variations]"
Change component parameters (AddParameter): Name = "Features"; Value = "Automotive AEC-Q200"; VariantName = "[No Variations]"
Change component parameters (AddParameter): Name = "Height"; Value = "0.5mm"; VariantName = "[No Variations]"
Change component parameters (AddParameter): Name = "Insulation Resistance"; Value = ""; VariantName = "[No Variations]"
Change component parameters (AddParameter): Name = "Lead Free"; Value = "Lead Free"; VariantName = "[No Variations]"
Change component parameters (AddParameter): Name = "Lead Length"; Value = ""; VariantName = "[No Variations]"
Change component parameters (AddParameter): Name = "Length"; Value = "2mm"; VariantName = "[No Variations]"
Change component parameters (AddParameter): Name = "Manufacturer"; Value = ""; VariantName = "[No Variations]"
Change component parameters (AddParameter): Name = "Manufacturer 1"; Value = "Panasonic"; VariantName = "[No Variations]"
Change component parameters (AddParameter): Name = "Manufacturer Part Number"; Value = ""; VariantName = "[No Variations]"
Change component parameters (AddParameter): Name = "Manufacturer Part Number 1"; Value = "ERA-6AEB60R4V"; VariantName = "[No Variations]"
Change component parameters (AddParameter): Name = "Max Operating Temperature"; Value = "155°C"; VariantName = "[No Variations]"
Change component parameters (AddParameter): Name = "Max Power Dissipation"; Value = "125mW"; VariantName = "[No Variations]"
Change component parameters (AddParameter): Name = "Military Standard"; Value = ""; VariantName = "[No Variations]"
Change component parameters (AddParameter): Name = "Min Operating Temperature"; Value = "-55°C"; VariantName = "[No Variations]"
Change component parameters (AddParameter): Name = "Mount"; Value = "Surface Mount"; VariantName = "[No Variations]"
Change component parameters (AddParameter): Name = "Number of Contacts"; Value = ""; VariantName = "[No Variations]"
Change component parameters (AddParameter): Name = "Number of Elements"; Value = ""; VariantName = "[No Variations]"
Change component parameters (AddParameter): Name = "Number of Resistors"; Value = ""; VariantName = "[No Variations]"
Change component parameters (AddParameter): Name = "Number of Terminals/Pins"; Value = ""; VariantName = "[No Variations]"
Change component parameters (AddParameter): Name = "Number of Terminations"; Value = "2"; VariantName = "[No Variations]"
Change component parameters (AddParameter): Name = "Number of Turns"; Value = ""; VariantName = "[No Variations]"
Change component parameters (AddParameter): Name = "Package Quantity"; Value = "5000"; VariantName = "[No Variations]"
Change component parameters (AddParameter): Name = "Package Shape"; Value = ""; VariantName = "[No Variations]"
Change component parameters (AddParameter): Name = "Packaging"; Value = "Tape and Reel"; VariantName = "[No Variations]"
Change component parameters (AddParameter): Name = "Pins"; Value = "2"; VariantName = "[No Variations]"
Change component parameters (AddParameter): Name = "Power Per Element"; Value = ""; VariantName = "[No Variations]"
Change component parameters (AddParameter): Name = "Power Rating"; Value = "125mW"; VariantName = "[No Variations]"
Change component parameters (AddParameter): Name = "Pricing 1"; Value = "1=0,04650, 10=0,03900, 100=0,02860 (USD)"; VariantName = "[No Variations]"
Change component parameters (AddParameter): Name = "Radiation Hardening"; Value = "No"; VariantName = "[No Variations]"
Change component parameters (AddParameter): Name = "REACH SVHC"; Value = ""; VariantName = "[No Variations]"
Change component parameters (AddParameter): Name = "Resistance"; Value = ""; VariantName = "[No Variations]"
Change component parameters (AddParameter): Name = "Resistance Tolerance"; Value = ""; VariantName = "[No Variations]"
Change component parameters (AddParameter): Name = "Resistence"; Value = ""; VariantName = "[No Variations]"
Change component parameters (AddParameter): Name = "Resistor Type"; Value = "Thin Film,Metal Film"; VariantName = "[No Variations]"
Change component parameters (AddParameter): Name = "RoHS"; Value = "Yes"; VariantName = "[No Variations]"
Change component parameters (AddParameter): Name = "RoHS Compliant"; Value = ""; VariantName = "[No Variations]"
Change component parameters (AddParameter): Name = "Series"; Value = ""; VariantName = "[No Variations]"
Change component parameters (AddParameter): Name = "Size Code"; Value = ""; VariantName = "[No Variations]"
Change component parameters (AddParameter): Name = "Source"; Value = "Passives.SchLib"; VariantName = "[No Variations]"
Change component parameters (AddParameter): Name = "Stock 1"; Value = "5000"; VariantName = "[No Variations]"
Change component parameters (AddParameter): Name = "Taper"; Value = ""; VariantName = "[No Variations]"
Change component parameters (AddParameter): Name = "Technology"; Value = ""; VariantName = "[No Variations]"
Change component parameters (AddParameter): Name = "Temperature Coefficient"; Value = "25ppm/°C"; VariantName = "[No Variations]"
Change component parameters (AddParameter): Name = "Terminal Finish"; Value = ""; VariantName = "[No Variations]"
Change component parameters (AddParameter): Name = "Terminal Pitch"; Value = ""; VariantName = "[No Variations]"
Change component parameters (AddParameter): Name = "Termination"; Value = "SMD/SMT"; VariantName = "[No Variations]"
Change component parameters (AddParameter): Name = "Thickness"; Value = ""; VariantName = "[No Variations]"
Change component parameters (AddParameter): Name = "Tolerance"; Value = "0.1%"; VariantName = "[No Variations]"
Change component parameters (AddParameter): Name = "Value"; Value = "60.4R 0805"; VariantName = "[No Variations]"
Change component parameters (AddParameter): Name = "Voltage Rating"; Value = "200V"; VariantName = "[No Variations]"
Change component parameters (AddParameter): Name = "Voltage Rating (DC)"; Value = "100V"; VariantName = "[No Variations]"
Change component parameters (AddParameter): Name = "Weight"; Value = "0.000194oz"; VariantName = "[No Variations]"
Change component parameters (AddParameter): Name = "Width"; Value = "1.25mm"; VariantName = "[No Variations]"
Change component parameters (AddParameter): Name = "Working Voltage"; Value = ""; VariantName = "[No Variations]"
Change component parameters: Designator = "R19" ("R19"); Footprint = "R0805FTK"; UniqueID = "\ISPQVWGX\JKNBAKDF" ("\ISPQVWGX\JKNBAKDF")
Change component parameters (AddParameter): Name = "Case/Package"; Value = ""; VariantName = "[No Variations]"
Change component parameters (AddParameter): Name = "Max Operating Temperature"; Value = ""; VariantName = "[No Variations]"
Change component parameters (AddParameter): Name = "Min Operating Temperature"; Value = ""; VariantName = "[No Variations]"
Change component parameters (AddParameter): Name = "Mounting Technology"; Value = ""; VariantName = "[No Variations]"
Change component parameters (AddParameter): Name = "Pins"; Value = ""; VariantName = "[No Variations]"
Change component parameters (AddParameter): Name = "Power"; Value = ""; VariantName = "[No Variations]"
Change component parameters (AddParameter): Name = "Resistance"; Value = ""; VariantName = "[No Variations]"
Change component parameters (AddParameter): Name = "RoHS Compliant"; Value = ""; VariantName = "[No Variations]"
Change component parameters (AddParameter): Name = "Tolerance"; Value = ""; VariantName = "[No Variations]"
Change component parameters (AddParameter): Name = "Value"; Value = "10k"; VariantName = "[No Variations]"
Change component parameters (AddParameter): Name = "Voltage Rating"; Value = ""; VariantName = "[No Variations]"
Change component parameters: Designator = "R20" ("R20"); Footprint = "R0805FTK"; UniqueID = "\ISPQVWGX\BHGZCADG" ("\ISPQVWGX\BHGZCADG")
Change component parameters (AddParameter): Name = "Case/Package"; Value = ""; VariantName = "[No Variations]"
Change component parameters (AddParameter): Name = "Max Operating Temperature"; Value = ""; VariantName = "[No Variations]"
Change component parameters (AddParameter): Name = "Min Operating Temperature"; Value = ""; VariantName = "[No Variations]"
Change component parameters (AddParameter): Name = "Mounting Technology"; Value = ""; VariantName = "[No Variations]"
Change component parameters (AddParameter): Name = "Pins"; Value = ""; VariantName = "[No Variations]"
Change component parameters (AddParameter): Name = "Power"; Value = ""; VariantName = "[No Variations]"
Change component parameters (AddParameter): Name = "Resistance"; Value = ""; VariantName = "[No Variations]"
Change component parameters (AddParameter): Name = "RoHS Compliant"; Value = ""; VariantName = "[No Variations]"
Change component parameters (AddParameter): Name = "Tolerance"; Value = ""; VariantName = "[No Variations]"
Change component parameters (AddParameter): Name = "Value"; Value = "10k"; VariantName = "[No Variations]"
Change component parameters (AddParameter): Name = "Voltage Rating"; Value = ""; VariantName = "[No Variations]"
Change component parameters: Designator = "R23" ("R23"); Footprint = "0805"; UniqueID = "\ISPQVWGX\UVIEMVAH" ("\ISPQVWGX\UVIEMVAH")
Change component parameters (AddParameter): Name = ".Creator"; Value = "DR"; VariantName = "[No Variations]"
Change component parameters (AddParameter): Name = ".PCBcheck"; Value = ""; VariantName = "[No Variations]"
Change component parameters (AddParameter): Name = ".SCHcheck"; Value = ""; VariantName = "[No Variations]"
Change component parameters (AddParameter): Name = "Case Code (Metric)"; Value = "2012"; VariantName = "[No Variations]"
Change component parameters (AddParameter): Name = "Case/Package"; Value = "0805"; VariantName = "[No Variations]"
Change component parameters (AddParameter): Name = "Category"; Value = "Chip SMD Resistors"; VariantName = "[No Variations]"
Change component parameters (AddParameter): Name = "Circuit Type"; Value = ""; VariantName = "[No Variations]"
Change component parameters (AddParameter): Name = "Color"; Value = ""; VariantName = "[No Variations]"
Change component parameters (AddParameter): Name = "ComponentLink1Description"; Value = "https://datasheet.ciiva.com/11808/0900766b80fcdb72-11808686.pdf?src-supplier=RSComponents"; VariantName = "[No Variations]"
Change component parameters (AddParameter): Name = "ComponentLink1URL"; Value = "https://datasheet.ciiva.com/11808/0900766b80fcdb72-11808686.pdf?src-supplier=RSComponents"; VariantName = "[No Variations]"
Change component parameters (AddParameter): Name = "ComponentLink2Description"; Value = "https://datasheet.ciiva.com/7985/1856384-7985880.pdf?src-supplier=Element14"; VariantName = "[No Variations]"
Change component parameters (AddParameter): Name = "ComponentLink2URL"; Value = "https://datasheet.ciiva.com/7985/1856384-7985880.pdf?src-supplier=Element14"; VariantName = "[No Variations]"
Change component parameters (AddParameter): Name = "ComponentLink3Description"; Value = "https://datasheet.ciiva.com/22693/1902866-22693247.pdf?src-supplier=Element14"; VariantName = "[No Variations]"
Change component parameters (AddParameter): Name = "ComponentLink3URL"; Value = "https://datasheet.ciiva.com/22693/1902866-22693247.pdf?src-supplier=Element14"; VariantName = "[No Variations]"
Change component parameters (AddParameter): Name = "ComponentLink4Description"; Value = "https://datasheet.ciiva.com/5541/chpreztr-5541930.pdf?src-supplier=Mouser"; VariantName = "[No Variations]"
Change component parameters (AddParameter): Name = "ComponentLink4URL"; Value = "https://datasheet.ciiva.com/5541/chpreztr-5541930.pdf?src-supplier=Mouser"; VariantName = "[No Variations]"
Change component parameters (AddParameter): Name = "Construction"; Value = "Rectangular"; VariantName = "[No Variations]"
Change component parameters (AddParameter): Name = "Contact Plating"; Value = "Tin"; VariantName = "[No Variations]"
Change component parameters (AddParameter): Name = "Current Rating"; Value = ""; VariantName = "[No Variations]"
Change component parameters (AddParameter): Name = "Depth"; Value = "1.25mm"; VariantName = "[No Variations]"
Change component parameters (AddParameter): Name = "Design Item ID"; Value = "R470-0805FTK"; VariantName = "[No Variations]"
Change component parameters (AddParameter): Name = "ELV"; Value = ""; VariantName = "[No Variations]"
Change component parameters (AddParameter): Name = "Features"; Value = "Moisture Resistant"; VariantName = "[No Variations]"
Change component parameters (AddParameter): Name = "Height"; Value = "0.5mm"; VariantName = "[No Variations]"
Change component parameters (AddParameter): Name = "Insulation Resistance"; Value = ""; VariantName = "[No Variations]"
Change component parameters (AddParameter): Name = "Lead Free"; Value = ""; VariantName = "[No Variations]"
Change component parameters (AddParameter): Name = "Lead Length"; Value = ""; VariantName = "[No Variations]"
Change component parameters (AddParameter): Name = "Length"; Value = "2mm"; VariantName = "[No Variations]"
Change component parameters (AddParameter): Name = "Manufacturer"; Value = ""; VariantName = "[No Variations]"
Change component parameters (AddParameter): Name = "Manufacturer 1"; Value = "Bourns"; VariantName = "[No Variations]"
Change component parameters (AddParameter): Name = "Manufacturer Part Number"; Value = ""; VariantName = "[No Variations]"
Change component parameters (AddParameter): Name = "Manufacturer Part Number 1"; Value = "CR0805-FX-4700GLF"; VariantName = "[No Variations]"
Change component parameters (AddParameter): Name = "Max Operating Temperature"; Value = "155°C"; VariantName = "[No Variations]"
Change component parameters (AddParameter): Name = "Max Power Dissipation"; Value = "125mW"; VariantName = "[No Variations]"
Change component parameters (AddParameter): Name = "Military Standard"; Value = "Not"; VariantName = "[No Variations]"
Change component parameters (AddParameter): Name = "Min Operating Temperature"; Value = "-55°C"; VariantName = "[No Variations]"
Change component parameters (AddParameter): Name = "Mount"; Value = "Surface Mount"; VariantName = "[No Variations]"
Change component parameters (AddParameter): Name = "Number of Contacts"; Value = ""; VariantName = "[No Variations]"
Change component parameters (AddParameter): Name = "Number of Elements"; Value = ""; VariantName = "[No Variations]"
Change component parameters (AddParameter): Name = "Number of Resistors"; Value = ""; VariantName = "[No Variations]"
Change component parameters (AddParameter): Name = "Number of Terminals/Pins"; Value = ""; VariantName = "[No Variations]"
Change component parameters (AddParameter): Name = "Number of Terminations"; Value = "2"; VariantName = "[No Variations]"
Change component parameters (AddParameter): Name = "Number of Turns"; Value = ""; VariantName = "[No Variations]"
Change component parameters (AddParameter): Name = "Package Quantity"; Value = ""; VariantName = "[No Variations]"
Change component parameters (AddParameter): Name = "Package Shape"; Value = ""; VariantName = "[No Variations]"
Change component parameters (AddParameter): Name = "Packaging"; Value = "Tape and Reel"; VariantName = "[No Variations]"
Change component parameters (AddParameter): Name = "Pins"; Value = "2"; VariantName = "[No Variations]"
Change component parameters (AddParameter): Name = "Power Per Element"; Value = ""; VariantName = "[No Variations]"
Change component parameters (AddParameter): Name = "Power Rating"; Value = "125mW"; VariantName = "[No Variations]"
Change component parameters (AddParameter): Name = "Pricing 1"; Value = "1=0,00990, 10=0,00980, 25=0,00950, 50=0,00940, 100=0,00930, 250=0,00920, 500=0,00910, 1000=0,00890, 3000=0,00870, 6000=0,00860 (USD)"; VariantName = "[No Variations]"
Change component parameters (AddParameter): Name = "Radiation Hardening"; Value = "No"; VariantName = "[No Variations]"
Change component parameters (AddParameter): Name = "REACH SVHC"; Value = "No SVHC"; VariantName = "[No Variations]"
Change component parameters (AddParameter): Name = "Resistance"; Value = ""; VariantName = "[No Variations]"
Change component parameters (AddParameter): Name = "Resistance Tolerance"; Value = "1%"; VariantName = "[No Variations]"
Change component parameters (AddParameter): Name = "Resistence"; Value = ""; VariantName = "[No Variations]"
Change component parameters (AddParameter): Name = "Resistor Type"; Value = "Thick Film"; VariantName = "[No Variations]"
Change component parameters (AddParameter): Name = "RoHS"; Value = "Yes"; VariantName = "[No Variations]"
Change component parameters (AddParameter): Name = "RoHS Compliant"; Value = ""; VariantName = "[No Variations]"
Change component parameters (AddParameter): Name = "Series"; Value = "CR0805"; VariantName = "[No Variations]"
Change component parameters (AddParameter): Name = "Size Code"; Value = ""; VariantName = "[No Variations]"
Change component parameters (AddParameter): Name = "Source"; Value = "Passives.SchLib"; VariantName = "[No Variations]"
Change component parameters (AddParameter): Name = "Stock 1"; Value = "12623"; VariantName = "[No Variations]"
Change component parameters (AddParameter): Name = "Taper"; Value = ""; VariantName = "[No Variations]"
Change component parameters (AddParameter): Name = "Technology"; Value = "THICK FILM"; VariantName = "[No Variations]"
Change component parameters (AddParameter): Name = "Temperature Coefficient"; Value = "100ppm/°C"; VariantName = "[No Variations]"
Change component parameters (AddParameter): Name = "Terminal Finish"; Value = ""; VariantName = "[No Variations]"
Change component parameters (AddParameter): Name = "Terminal Pitch"; Value = ""; VariantName = "[No Variations]"
Change component parameters (AddParameter): Name = "Termination"; Value = "SMD/SMT"; VariantName = "[No Variations]"
Change component parameters (AddParameter): Name = "Thickness"; Value = "508um"; VariantName = "[No Variations]"
Change component parameters (AddParameter): Name = "Tolerance"; Value = "1%"; VariantName = "[No Variations]"
Change component parameters (AddParameter): Name = "Value"; Value = "470"; VariantName = "[No Variations]"
Change component parameters (AddParameter): Name = "Voltage Rating"; Value = "150V"; VariantName = "[No Variations]"
Change component parameters (AddParameter): Name = "Voltage Rating (DC)"; Value = "150V"; VariantName = "[No Variations]"
Change component parameters (AddParameter): Name = "Weight"; Value = ""; VariantName = "[No Variations]"
Change component parameters (AddParameter): Name = "Width"; Value = ""; VariantName = "[No Variations]"
Change component parameters (AddParameter): Name = "Working Voltage"; Value = ""; VariantName = "[No Variations]"
Change component parameters: Designator = "R24" ("R24"); Footprint = "RESC2013X70X40NL20T20"; UniqueID = "\ISPQVWGX\RVJBXCNN" ("\ISPQVWGX\RVJBXCNN")
Change component parameters (AddParameter): Name = ".Creator"; Value = "DR"; VariantName = "[No Variations]"
Change component parameters (AddParameter): Name = ".PCBcheck"; Value = ""; VariantName = "[No Variations]"
Change component parameters (AddParameter): Name = ".SCHcheck"; Value = ""; VariantName = "[No Variations]"
Change component parameters (AddParameter): Name = "Case Code (Metric)"; Value = "2012"; VariantName = "[No Variations]"
Change component parameters (AddParameter): Name = "Case/Package"; Value = "0805"; VariantName = "[No Variations]"
Change component parameters (AddParameter): Name = "Category"; Value = "Chip SMD Resistors"; VariantName = "[No Variations]"
Change component parameters (AddParameter): Name = "Circuit Type"; Value = ""; VariantName = "[No Variations]"
Change component parameters (AddParameter): Name = "Color"; Value = ""; VariantName = "[No Variations]"
Change component parameters (AddParameter): Name = "ComponentLink1Description"; Value = "https://datasheet.ciiva.com/11808/0900766b80fcdb72-11808686.pdf?src-supplier=RSComponents"; VariantName = "[No Variations]"
Change component parameters (AddParameter): Name = "ComponentLink1URL"; Value = "https://datasheet.ciiva.com/11808/0900766b80fcdb72-11808686.pdf?src-supplier=RSComponents"; VariantName = "[No Variations]"
Change component parameters (AddParameter): Name = "ComponentLink2Description"; Value = "https://datasheet.ciiva.com/7985/1856384-7985880.pdf?src-supplier=Element14"; VariantName = "[No Variations]"
Change component parameters (AddParameter): Name = "ComponentLink2URL"; Value = "https://datasheet.ciiva.com/7985/1856384-7985880.pdf?src-supplier=Element14"; VariantName = "[No Variations]"
Change component parameters (AddParameter): Name = "ComponentLink3Description"; Value = "https://datasheet.ciiva.com/22693/1902866-22693247.pdf?src-supplier=Element14"; VariantName = "[No Variations]"
Change component parameters (AddParameter): Name = "ComponentLink3URL"; Value = "https://datasheet.ciiva.com/22693/1902866-22693247.pdf?src-supplier=Element14"; VariantName = "[No Variations]"
Change component parameters (AddParameter): Name = "ComponentLink4Description"; Value = "https://datasheet.ciiva.com/5541/chpreztr-5541930.pdf?src-supplier=Mouser"; VariantName = "[No Variations]"
Change component parameters (AddParameter): Name = "ComponentLink4URL"; Value = "https://datasheet.ciiva.com/5541/chpreztr-5541930.pdf?src-supplier=Mouser"; VariantName = "[No Variations]"
Change component parameters (AddParameter): Name = "Construction"; Value = "Rectangular"; VariantName = "[No Variations]"
Change component parameters (AddParameter): Name = "Contact Plating"; Value = "Tin"; VariantName = "[No Variations]"
Change component parameters (AddParameter): Name = "Current Rating"; Value = ""; VariantName = "[No Variations]"
Change component parameters (AddParameter): Name = "Depth"; Value = "1.25mm"; VariantName = "[No Variations]"
Change component parameters (AddParameter): Name = "Design Item ID"; Value = "R470-0805FTK"; VariantName = "[No Variations]"
Change component parameters (AddParameter): Name = "ELV"; Value = ""; VariantName = "[No Variations]"
Change component parameters (AddParameter): Name = "Features"; Value = "Moisture Resistant"; VariantName = "[No Variations]"
Change component parameters (AddParameter): Name = "Height"; Value = "0.5mm"; VariantName = "[No Variations]"
Change component parameters (AddParameter): Name = "Insulation Resistance"; Value = ""; VariantName = "[No Variations]"
Change component parameters (AddParameter): Name = "Lead Free"; Value = ""; VariantName = "[No Variations]"
Change component parameters (AddParameter): Name = "Lead Length"; Value = ""; VariantName = "[No Variations]"
Change component parameters (AddParameter): Name = "Length"; Value = "2mm"; VariantName = "[No Variations]"
Change component parameters (AddParameter): Name = "Manufacturer"; Value = ""; VariantName = "[No Variations]"
Change component parameters (AddParameter): Name = "Manufacturer 1"; Value = "Bourns"; VariantName = "[No Variations]"
Change component parameters (AddParameter): Name = "Manufacturer Part Number"; Value = ""; VariantName = "[No Variations]"
Change component parameters (AddParameter): Name = "Manufacturer Part Number 1"; Value = "CR0805-FX-4700GLF"; VariantName = "[No Variations]"
Change component parameters (AddParameter): Name = "Max Operating Temperature"; Value = "155°C"; VariantName = "[No Variations]"
Change component parameters (AddParameter): Name = "Max Power Dissipation"; Value = "125mW"; VariantName = "[No Variations]"
Change component parameters (AddParameter): Name = "Military Standard"; Value = "Not"; VariantName = "[No Variations]"
Change component parameters (AddParameter): Name = "Min Operating Temperature"; Value = "-55°C"; VariantName = "[No Variations]"
Change component parameters (AddParameter): Name = "Mount"; Value = "Surface Mount"; VariantName = "[No Variations]"
Change component parameters (AddParameter): Name = "Number of Contacts"; Value = ""; VariantName = "[No Variations]"
Change component parameters (AddParameter): Name = "Number of Elements"; Value = ""; VariantName = "[No Variations]"
Change component parameters (AddParameter): Name = "Number of Resistors"; Value = ""; VariantName = "[No Variations]"
Change component parameters (AddParameter): Name = "Number of Terminals/Pins"; Value = ""; VariantName = "[No Variations]"
Change component parameters (AddParameter): Name = "Number of Terminations"; Value = "2"; VariantName = "[No Variations]"
Change component parameters (AddParameter): Name = "Number of Turns"; Value = ""; VariantName = "[No Variations]"
Change component parameters (AddParameter): Name = "Package Quantity"; Value = ""; VariantName = "[No Variations]"
Change component parameters (AddParameter): Name = "Package Shape"; Value = ""; VariantName = "[No Variations]"
Change component parameters (AddParameter): Name = "Packaging"; Value = "Tape and Reel"; VariantName = "[No Variations]"
Change component parameters (AddParameter): Name = "Pins"; Value = "2"; VariantName = "[No Variations]"
Change component parameters (AddParameter): Name = "Power Per Element"; Value = ""; VariantName = "[No Variations]"
Change component parameters (AddParameter): Name = "Power Rating"; Value = "125mW"; VariantName = "[No Variations]"
Change component parameters (AddParameter): Name = "Pricing 1"; Value = "1=0,00990, 10=0,00980, 25=0,00950, 50=0,00940, 100=0,00930, 250=0,00920, 500=0,00910, 1000=0,00890, 3000=0,00870, 6000=0,00860 (USD)"; VariantName = "[No Variations]"
Change component parameters (AddParameter): Name = "Radiation Hardening"; Value = "No"; VariantName = "[No Variations]"
Change component parameters (AddParameter): Name = "REACH SVHC"; Value = "No SVHC"; VariantName = "[No Variations]"
Change component parameters (AddParameter): Name = "Resistance"; Value = ""; VariantName = "[No Variations]"
Change component parameters (AddParameter): Name = "Resistance Tolerance"; Value = "1%"; VariantName = "[No Variations]"
Change component parameters (AddParameter): Name = "Resistence"; Value = ""; VariantName = "[No Variations]"
Change component parameters (AddParameter): Name = "Resistor Type"; Value = "Thick Film"; VariantName = "[No Variations]"
Change component parameters (AddParameter): Name = "RoHS"; Value = "Yes"; VariantName = "[No Variations]"
Change component parameters (AddParameter): Name = "RoHS Compliant"; Value = ""; VariantName = "[No Variations]"
Change component parameters (AddParameter): Name = "Series"; Value = "CR0805"; VariantName = "[No Variations]"
Change component parameters (AddParameter): Name = "Size Code"; Value = ""; VariantName = "[No Variations]"
Change component parameters (AddParameter): Name = "Source"; Value = "Passives.SchLib"; VariantName = "[No Variations]"
Change component parameters (AddParameter): Name = "Stock 1"; Value = "12623"; VariantName = "[No Variations]"
Change component parameters (AddParameter): Name = "Taper"; Value = ""; VariantName = "[No Variations]"
Change component parameters (AddParameter): Name = "Technology"; Value = "THICK FILM"; VariantName = "[No Variations]"
Change component parameters (AddParameter): Name = "Temperature Coefficient"; Value = "100ppm/°C"; VariantName = "[No Variations]"
Change component parameters (AddParameter): Name = "Terminal Finish"; Value = ""; VariantName = "[No Variations]"
Change component parameters (AddParameter): Name = "Terminal Pitch"; Value = ""; VariantName = "[No Variations]"
Change component parameters (AddParameter): Name = "Termination"; Value = "SMD/SMT"; VariantName = "[No Variations]"
Change component parameters (AddParameter): Name = "Thickness"; Value = "508um"; VariantName = "[No Variations]"
Change component parameters (AddParameter): Name = "Tolerance"; Value = "1%"; VariantName = "[No Variations]"
Change component parameters (AddParameter): Name = "Value"; Value = "470"; VariantName = "[No Variations]"
Change component parameters (AddParameter): Name = "Voltage Rating"; Value = "150V"; VariantName = "[No Variations]"
Change component parameters (AddParameter): Name = "Voltage Rating (DC)"; Value = "150V"; VariantName = "[No Variations]"
Change component parameters (AddParameter): Name = "Weight"; Value = ""; VariantName = "[No Variations]"
Change component parameters (AddParameter): Name = "Width"; Value = ""; VariantName = "[No Variations]"
Change component parameters (AddParameter): Name = "Working Voltage"; Value = ""; VariantName = "[No Variations]"
Change component parameters: Designator = "U8" ("U8"); Footprint = "LDO_10V-0.8/3V3-SOT223"; UniqueID = "\MZCCKMFO\UKGVXCPZ" ("\MZCCKMFO\UKGVXCPZ")
Change component parameters (AddParameter): Name = "Case/Package"; Value = "QFN12 (2mmx3mm)"; VariantName = "[No Variations]"
Change component parameters (AddParameter): Name = "Max Operating Temperature"; Value = "150°C"; VariantName = "[No Variations]"
Change component parameters (AddParameter): Name = "Max Supply Voltage"; Value = "36V"; VariantName = "[No Variations]"
Change component parameters (AddParameter): Name = "Min Operating Temperature"; Value = "-40°C"; VariantName = "[No Variations]"
Change component parameters (AddParameter): Name = "Min Supply Voltage"; Value = "3.3V"; VariantName = "[No Variations]"
Change component parameters (AddParameter): Name = "Mounting Technology"; Value = "SMD"; VariantName = "[No Variations]"
Change component parameters (AddParameter): Name = "Pins"; Value = "12"; VariantName = "[No Variations]"
Change component parameters (AddParameter): Name = "RoHS Compliant"; Value = "Yes"; VariantName = "[No Variations]"
Added Component: Designator=C12_NTC1(C1206FNPC-RW)
Add component (AddParameter): Name = ".Creator"; Value = "GP"; VariantName = "[No Variations]"
Add component (AddParameter): Name = ".PCBcheck"; Value = ""; VariantName = "[No Variations]"
Add component (AddParameter): Name = ".SCHcheck"; Value = ""; VariantName = "[No Variations]"
Add component (AddParameter): Name = "Capacitance"; Value = ""; VariantName = "[No Variations]"
Add component (AddParameter): Name = "Case Code (Metric)"; Value = "3216"; VariantName = "[No Variations]"
Add component (AddParameter): Name = "Case/Package"; Value = "1206"; VariantName = "[No Variations]"
Add component (AddParameter): Name = "Category"; Value = "Ceramic Capacitors"; VariantName = "[No Variations]"
Add component (AddParameter): Name = "ComponentLink1Description"; Value = "http://www.farnell.com/datasheets/2031891.pdf?src-supplier=Farnell"; VariantName = "[No Variations]"
Add component (AddParameter): Name = "ComponentLink1URL"; Value = "http://www.farnell.com/datasheets/2031891.pdf?src-supplier=Farnell"; VariantName = "[No Variations]"
Add component (AddParameter): Name = "ComponentLink2Description"; Value = "http://katalog.we-online.de/pbs/datasheet/885012208009.pdf?src-supplier=Digi-Key"; VariantName = "[No Variations]"
Add component (AddParameter): Name = "ComponentLink2URL"; Value = "http://katalog.we-online.de/pbs/datasheet/885012208009.pdf?src-supplier=Digi-Key"; VariantName = "[No Variations]"
Add component (AddParameter): Name = "ComponentLink3Description"; Value = "https://katalog.we-online.de/pbs/datasheet/885012208009.pdf?src-supplier=Digi-Key"; VariantName = "[No Variations]"
Add component (AddParameter): Name = "ComponentLink3URL"; Value = "https://katalog.we-online.de/pbs/datasheet/885012208009.pdf?src-supplier=Digi-Key"; VariantName = "[No Variations]"
Add component (AddParameter): Name = "ComponentLink4Description"; Value = "Wurth Elektronik"; VariantName = "[No Variations]"
Add component (AddParameter): Name = "ComponentLink4URL"; Value = "https://www.we-online.com/catalog/en/WCAP-CSGP-10VDC?sq=885012208009#885012208009"; VariantName = "[No Variations]"
Add component (AddParameter): Name = "Construction"; Value = ""; VariantName = "[No Variations]"
Add component (AddParameter): Name = "Depth"; Value = ""; VariantName = "[No Variations]"
Add component (AddParameter): Name = "Design Item ID"; Value = "C100n-10V-1206FNPC-X7R"; VariantName = "[No Variations]"
Add component (AddParameter): Name = "Diameter"; Value = ""; VariantName = "[No Variations]"
Add component (AddParameter): Name = "Dielectric"; Value = ""; VariantName = "[No Variations]"
Add component (AddParameter): Name = "Dielectric Material"; Value = ""; VariantName = "[No Variations]"
Add component (AddParameter): Name = "Dissipation Factor"; Value = ""; VariantName = "[No Variations]"
Add component (AddParameter): Name = "ESR (Equivalent Series Resistance)"; Value = ""; VariantName = "[No Variations]"
Add component (AddParameter): Name = "Features"; Value = ""; VariantName = "[No Variations]"
Add component (AddParameter): Name = "Halogen Free"; Value = ""; VariantName = "[No Variations]"
Add component (AddParameter): Name = "Height"; Value = ""; VariantName = "[No Variations]"
Add component (AddParameter): Name = "Height - Seated (Max)"; Value = ""; VariantName = "[No Variations]"
Add component (AddParameter): Name = "Impedance"; Value = ""; VariantName = "[No Variations]"
Add component (AddParameter): Name = "Lead Diameter"; Value = ""; VariantName = "[No Variations]"
Add component (AddParameter): Name = "Lead Free"; Value = ""; VariantName = "[No Variations]"
Add component (AddParameter): Name = "Lead Pitch"; Value = ""; VariantName = "[No Variations]"
Add component (AddParameter): Name = "Leakage Current"; Value = ""; VariantName = "[No Variations]"
Add component (AddParameter): Name = "Length"; Value = "0.126inch"; VariantName = "[No Variations]"
Add component (AddParameter): Name = "Life (Hours)"; Value = ""; VariantName = "[No Variations]"
Add component (AddParameter): Name = "Manufacturer"; Value = ""; VariantName = "[No Variations]"
Add component (AddParameter): Name = "Manufacturer 1"; Value = "Wurth Electronics"; VariantName = "[No Variations]"
Add component (AddParameter): Name = "Manufacturer Part Number"; Value = ""; VariantName = "[No Variations]"
Add component (AddParameter): Name = "Manufacturer Part Number 1"; Value = "885012208009"; VariantName = "[No Variations]"
Add component (AddParameter): Name = "Material"; Value = ""; VariantName = "[No Variations]"
Add component (AddParameter): Name = "Max Operating Temperature"; Value = "125°C"; VariantName = "[No Variations]"
Add component (AddParameter): Name = "Min Operating Temperature"; Value = "-55°C"; VariantName = "[No Variations]"
Add component (AddParameter): Name = "Mount"; Value = "Surface Mount"; VariantName = "[No Variations]"
Add component (AddParameter): Name = "Package Quantity"; Value = ""; VariantName = "[No Variations]"
Add component (AddParameter): Name = "Packaging"; Value = "Tape and Reel"; VariantName = "[No Variations]"
Add component (AddParameter): Name = "Pins"; Value = ""; VariantName = "[No Variations]"
Add component (AddParameter): Name = "Polarity"; Value = ""; VariantName = "[No Variations]"
Add component (AddParameter): Name = "Pricing 1"; Value = "1=0,11000, 10=0,10300, 100=0,09200, 500=0,08100 (USD)"; VariantName = "[No Variations]"
Add component (AddParameter): Name = "Radiation Hardening"; Value = ""; VariantName = "[No Variations]"
Add component (AddParameter): Name = "Ratings"; Value = ""; VariantName = "[No Variations]"
Add component (AddParameter): Name = "REACH SVHC"; Value = ""; VariantName = "[No Variations]"
Add component (AddParameter): Name = "Ripple Current"; Value = ""; VariantName = "[No Variations]"
Add component (AddParameter): Name = "RoHS"; Value = "Yes"; VariantName = "[No Variations]"
Add component (AddParameter): Name = "RoHS Compliant"; Value = "Yes"; VariantName = "[No Variations]"
Add component (AddParameter): Name = "Series"; Value = ""; VariantName = "[No Variations]"
Add component (AddParameter): Name = "Source"; Value = "Passives.SchLib"; VariantName = "[No Variations]"
Add component (AddParameter): Name = "Stock 1"; Value = "7198"; VariantName = "[No Variations]"
Add component (AddParameter): Name = "Termination"; Value = ""; VariantName = "[No Variations]"
Add component (AddParameter): Name = "Thickness"; Value = "0.035inch"; VariantName = "[No Variations]"
Add component (AddParameter): Name = "Tolerance"; Value = "10%"; VariantName = "[No Variations]"
Add component (AddParameter): Name = "Value"; Value = "100nF"; VariantName = "[No Variations]"
Add component (AddParameter): Name = "Voltage"; Value = ""; VariantName = "[No Variations]"
Add component (AddParameter): Name = "Voltage Rating"; Value = "10V"; VariantName = "[No Variations]"
Add component (AddParameter): Name = "Voltage Rating (DC)"; Value = ""; VariantName = "[No Variations]"
Add component (AddParameter): Name = "Weight"; Value = ""; VariantName = "[No Variations]"
Add component (AddParameter): Name = "Width"; Value = "0.063inch"; VariantName = "[No Variations]"
Added Component: Designator=C12_NTC2(C1206FNPC-RW)
Add component (AddParameter): Name = ".Creator"; Value = "GP"; VariantName = "[No Variations]"
Add component (AddParameter): Name = ".PCBcheck"; Value = ""; VariantName = "[No Variations]"
Add component (AddParameter): Name = ".SCHcheck"; Value = ""; VariantName = "[No Variations]"
Add component (AddParameter): Name = "Capacitance"; Value = ""; VariantName = "[No Variations]"
Add component (AddParameter): Name = "Case Code (Metric)"; Value = "3216"; VariantName = "[No Variations]"
Add component (AddParameter): Name = "Case/Package"; Value = "1206"; VariantName = "[No Variations]"
Add component (AddParameter): Name = "Category"; Value = "Ceramic Capacitors"; VariantName = "[No Variations]"
Add component (AddParameter): Name = "ComponentLink1Description"; Value = "http://www.farnell.com/datasheets/2031891.pdf?src-supplier=Farnell"; VariantName = "[No Variations]"
Add component (AddParameter): Name = "ComponentLink1URL"; Value = "http://www.farnell.com/datasheets/2031891.pdf?src-supplier=Farnell"; VariantName = "[No Variations]"
Add component (AddParameter): Name = "ComponentLink2Description"; Value = "http://katalog.we-online.de/pbs/datasheet/885012208009.pdf?src-supplier=Digi-Key"; VariantName = "[No Variations]"
Add component (AddParameter): Name = "ComponentLink2URL"; Value = "http://katalog.we-online.de/pbs/datasheet/885012208009.pdf?src-supplier=Digi-Key"; VariantName = "[No Variations]"
Add component (AddParameter): Name = "ComponentLink3Description"; Value = "https://katalog.we-online.de/pbs/datasheet/885012208009.pdf?src-supplier=Digi-Key"; VariantName = "[No Variations]"
Add component (AddParameter): Name = "ComponentLink3URL"; Value = "https://katalog.we-online.de/pbs/datasheet/885012208009.pdf?src-supplier=Digi-Key"; VariantName = "[No Variations]"
Add component (AddParameter): Name = "ComponentLink4Description"; Value = "Wurth Elektronik"; VariantName = "[No Variations]"
Add component (AddParameter): Name = "ComponentLink4URL"; Value = "https://www.we-online.com/catalog/en/WCAP-CSGP-10VDC?sq=885012208009#885012208009"; VariantName = "[No Variations]"
Add component (AddParameter): Name = "Construction"; Value = ""; VariantName = "[No Variations]"
Add component (AddParameter): Name = "Depth"; Value = ""; VariantName = "[No Variations]"
Add component (AddParameter): Name = "Design Item ID"; Value = "C100n-10V-1206FNPC-X7R"; VariantName = "[No Variations]"
Add component (AddParameter): Name = "Diameter"; Value = ""; VariantName = "[No Variations]"
Add component (AddParameter): Name = "Dielectric"; Value = ""; VariantName = "[No Variations]"
Add component (AddParameter): Name = "Dielectric Material"; Value = ""; VariantName = "[No Variations]"
Add component (AddParameter): Name = "Dissipation Factor"; Value = ""; VariantName = "[No Variations]"
Add component (AddParameter): Name = "ESR (Equivalent Series Resistance)"; Value = ""; VariantName = "[No Variations]"
Add component (AddParameter): Name = "Features"; Value = ""; VariantName = "[No Variations]"
Add component (AddParameter): Name = "Halogen Free"; Value = ""; VariantName = "[No Variations]"
Add component (AddParameter): Name = "Height"; Value = ""; VariantName = "[No Variations]"
Add component (AddParameter): Name = "Height - Seated (Max)"; Value = ""; VariantName = "[No Variations]"
Add component (AddParameter): Name = "Impedance"; Value = ""; VariantName = "[No Variations]"
Add component (AddParameter): Name = "Lead Diameter"; Value = ""; VariantName = "[No Variations]"
Add component (AddParameter): Name = "Lead Free"; Value = ""; VariantName = "[No Variations]"
Add component (AddParameter): Name = "Lead Pitch"; Value = ""; VariantName = "[No Variations]"
Add component (AddParameter): Name = "Leakage Current"; Value = ""; VariantName = "[No Variations]"
Add component (AddParameter): Name = "Length"; Value = "0.126inch"; VariantName = "[No Variations]"
Add component (AddParameter): Name = "Life (Hours)"; Value = ""; VariantName = "[No Variations]"
Add component (AddParameter): Name = "Manufacturer"; Value = ""; VariantName = "[No Variations]"
Add component (AddParameter): Name = "Manufacturer 1"; Value = "Wurth Electronics"; VariantName = "[No Variations]"
Add component (AddParameter): Name = "Manufacturer Part Number"; Value = ""; VariantName = "[No Variations]"
Add component (AddParameter): Name = "Manufacturer Part Number 1"; Value = "885012208009"; VariantName = "[No Variations]"
Add component (AddParameter): Name = "Material"; Value = ""; VariantName = "[No Variations]"
Add component (AddParameter): Name = "Max Operating Temperature"; Value = "125°C"; VariantName = "[No Variations]"
Add component (AddParameter): Name = "Min Operating Temperature"; Value = "-55°C"; VariantName = "[No Variations]"
Add component (AddParameter): Name = "Mount"; Value = "Surface Mount"; VariantName = "[No Variations]"
Add component (AddParameter): Name = "Package Quantity"; Value = ""; VariantName = "[No Variations]"
Add component (AddParameter): Name = "Packaging"; Value = "Tape and Reel"; VariantName = "[No Variations]"
Add component (AddParameter): Name = "Pins"; Value = ""; VariantName = "[No Variations]"
Add component (AddParameter): Name = "Polarity"; Value = ""; VariantName = "[No Variations]"
Add component (AddParameter): Name = "Pricing 1"; Value = "1=0,11000, 10=0,10300, 100=0,09200, 500=0,08100 (USD)"; VariantName = "[No Variations]"
Add component (AddParameter): Name = "Radiation Hardening"; Value = ""; VariantName = "[No Variations]"
Add component (AddParameter): Name = "Ratings"; Value = ""; VariantName = "[No Variations]"
Add component (AddParameter): Name = "REACH SVHC"; Value = ""; VariantName = "[No Variations]"
Add component (AddParameter): Name = "Ripple Current"; Value = ""; VariantName = "[No Variations]"
Add component (AddParameter): Name = "RoHS"; Value = "Yes"; VariantName = "[No Variations]"
Add component (AddParameter): Name = "RoHS Compliant"; Value = "Yes"; VariantName = "[No Variations]"
Add component (AddParameter): Name = "Series"; Value = ""; VariantName = "[No Variations]"
Add component (AddParameter): Name = "Source"; Value = "Passives.SchLib"; VariantName = "[No Variations]"
Add component (AddParameter): Name = "Stock 1"; Value = "7198"; VariantName = "[No Variations]"
Add component (AddParameter): Name = "Termination"; Value = ""; VariantName = "[No Variations]"
Add component (AddParameter): Name = "Thickness"; Value = "0.035inch"; VariantName = "[No Variations]"
Add component (AddParameter): Name = "Tolerance"; Value = "10%"; VariantName = "[No Variations]"
Add component (AddParameter): Name = "Value"; Value = "100nF"; VariantName = "[No Variations]"
Add component (AddParameter): Name = "Voltage"; Value = ""; VariantName = "[No Variations]"
Add component (AddParameter): Name = "Voltage Rating"; Value = "10V"; VariantName = "[No Variations]"
Add component (AddParameter): Name = "Voltage Rating (DC)"; Value = ""; VariantName = "[No Variations]"
Add component (AddParameter): Name = "Weight"; Value = ""; VariantName = "[No Variations]"
Add component (AddParameter): Name = "Width"; Value = "0.063inch"; VariantName = "[No Variations]"
Added Component: Designator=C13_NTC1(C1206FNPC-RW)
Add component (AddParameter): Name = ".Creator"; Value = "GP"; VariantName = "[No Variations]"
Add component (AddParameter): Name = ".PCBcheck"; Value = ""; VariantName = "[No Variations]"
Add component (AddParameter): Name = ".SCHcheck"; Value = ""; VariantName = "[No Variations]"
Add component (AddParameter): Name = "Capacitance"; Value = ""; VariantName = "[No Variations]"
Add component (AddParameter): Name = "Case Code (Metric)"; Value = "3216"; VariantName = "[No Variations]"
Add component (AddParameter): Name = "Case/Package"; Value = "1206"; VariantName = "[No Variations]"
Add component (AddParameter): Name = "Category"; Value = "Ceramic Capacitors"; VariantName = "[No Variations]"
Add component (AddParameter): Name = "ComponentLink1Description"; Value = "http://www.farnell.com/datasheets/2031891.pdf?src-supplier=Farnell"; VariantName = "[No Variations]"
Add component (AddParameter): Name = "ComponentLink1URL"; Value = "http://www.farnell.com/datasheets/2031891.pdf?src-supplier=Farnell"; VariantName = "[No Variations]"
Add component (AddParameter): Name = "ComponentLink2Description"; Value = "http://katalog.we-online.de/pbs/datasheet/885012208009.pdf?src-supplier=Digi-Key"; VariantName = "[No Variations]"
Add component (AddParameter): Name = "ComponentLink2URL"; Value = "http://katalog.we-online.de/pbs/datasheet/885012208009.pdf?src-supplier=Digi-Key"; VariantName = "[No Variations]"
Add component (AddParameter): Name = "ComponentLink3Description"; Value = "https://katalog.we-online.de/pbs/datasheet/885012208009.pdf?src-supplier=Digi-Key"; VariantName = "[No Variations]"
Add component (AddParameter): Name = "ComponentLink3URL"; Value = "https://katalog.we-online.de/pbs/datasheet/885012208009.pdf?src-supplier=Digi-Key"; VariantName = "[No Variations]"
Add component (AddParameter): Name = "ComponentLink4Description"; Value = "Wurth Elektronik"; VariantName = "[No Variations]"
Add component (AddParameter): Name = "ComponentLink4URL"; Value = "https://www.we-online.com/catalog/en/WCAP-CSGP-10VDC?sq=885012208009#885012208009"; VariantName = "[No Variations]"
Add component (AddParameter): Name = "Construction"; Value = ""; VariantName = "[No Variations]"
Add component (AddParameter): Name = "Depth"; Value = ""; VariantName = "[No Variations]"
Add component (AddParameter): Name = "Design Item ID"; Value = "C100n-10V-1206FNPC-X7R"; VariantName = "[No Variations]"
Add component (AddParameter): Name = "Diameter"; Value = ""; VariantName = "[No Variations]"
Add component (AddParameter): Name = "Dielectric"; Value = ""; VariantName = "[No Variations]"
Add component (AddParameter): Name = "Dielectric Material"; Value = ""; VariantName = "[No Variations]"
Add component (AddParameter): Name = "Dissipation Factor"; Value = ""; VariantName = "[No Variations]"
Add component (AddParameter): Name = "ESR (Equivalent Series Resistance)"; Value = ""; VariantName = "[No Variations]"
Add component (AddParameter): Name = "Features"; Value = ""; VariantName = "[No Variations]"
Add component (AddParameter): Name = "Halogen Free"; Value = ""; VariantName = "[No Variations]"
Add component (AddParameter): Name = "Height"; Value = ""; VariantName = "[No Variations]"
Add component (AddParameter): Name = "Height - Seated (Max)"; Value = ""; VariantName = "[No Variations]"
Add component (AddParameter): Name = "Impedance"; Value = ""; VariantName = "[No Variations]"
Add component (AddParameter): Name = "Lead Diameter"; Value = ""; VariantName = "[No Variations]"
Add component (AddParameter): Name = "Lead Free"; Value = ""; VariantName = "[No Variations]"
Add component (AddParameter): Name = "Lead Pitch"; Value = ""; VariantName = "[No Variations]"
Add component (AddParameter): Name = "Leakage Current"; Value = ""; VariantName = "[No Variations]"
Add component (AddParameter): Name = "Length"; Value = "0.126inch"; VariantName = "[No Variations]"
Add component (AddParameter): Name = "Life (Hours)"; Value = ""; VariantName = "[No Variations]"
Add component (AddParameter): Name = "Manufacturer"; Value = ""; VariantName = "[No Variations]"
Add component (AddParameter): Name = "Manufacturer 1"; Value = "Wurth Electronics"; VariantName = "[No Variations]"
Add component (AddParameter): Name = "Manufacturer Part Number"; Value = ""; VariantName = "[No Variations]"
Add component (AddParameter): Name = "Manufacturer Part Number 1"; Value = "885012208009"; VariantName = "[No Variations]"
Add component (AddParameter): Name = "Material"; Value = ""; VariantName = "[No Variations]"
Add component (AddParameter): Name = "Max Operating Temperature"; Value = "125°C"; VariantName = "[No Variations]"
Add component (AddParameter): Name = "Min Operating Temperature"; Value = "-55°C"; VariantName = "[No Variations]"
Add component (AddParameter): Name = "Mount"; Value = "Surface Mount"; VariantName = "[No Variations]"
Add component (AddParameter): Name = "Package Quantity"; Value = ""; VariantName = "[No Variations]"
Add component (AddParameter): Name = "Packaging"; Value = "Tape and Reel"; VariantName = "[No Variations]"
Add component (AddParameter): Name = "Pins"; Value = ""; VariantName = "[No Variations]"
Add component (AddParameter): Name = "Polarity"; Value = ""; VariantName = "[No Variations]"
Add component (AddParameter): Name = "Pricing 1"; Value = "1=0,11000, 10=0,10300, 100=0,09200, 500=0,08100 (USD)"; VariantName = "[No Variations]"
Add component (AddParameter): Name = "Radiation Hardening"; Value = ""; VariantName = "[No Variations]"
Add component (AddParameter): Name = "Ratings"; Value = ""; VariantName = "[No Variations]"
Add component (AddParameter): Name = "REACH SVHC"; Value = ""; VariantName = "[No Variations]"
Add component (AddParameter): Name = "Ripple Current"; Value = ""; VariantName = "[No Variations]"
Add component (AddParameter): Name = "RoHS"; Value = "Yes"; VariantName = "[No Variations]"
Add component (AddParameter): Name = "RoHS Compliant"; Value = "Yes"; VariantName = "[No Variations]"
Add component (AddParameter): Name = "Series"; Value = ""; VariantName = "[No Variations]"
Add component (AddParameter): Name = "Source"; Value = "Passives.SchLib"; VariantName = "[No Variations]"
Add component (AddParameter): Name = "Stock 1"; Value = "7198"; VariantName = "[No Variations]"
Add component (AddParameter): Name = "Termination"; Value = ""; VariantName = "[No Variations]"
Add component (AddParameter): Name = "Thickness"; Value = "0.035inch"; VariantName = "[No Variations]"
Add component (AddParameter): Name = "Tolerance"; Value = "10%"; VariantName = "[No Variations]"
Add component (AddParameter): Name = "Value"; Value = "100nF"; VariantName = "[No Variations]"
Add component (AddParameter): Name = "Voltage"; Value = ""; VariantName = "[No Variations]"
Add component (AddParameter): Name = "Voltage Rating"; Value = "10V"; VariantName = "[No Variations]"
Add component (AddParameter): Name = "Voltage Rating (DC)"; Value = ""; VariantName = "[No Variations]"
Add component (AddParameter): Name = "Weight"; Value = ""; VariantName = "[No Variations]"
Add component (AddParameter): Name = "Width"; Value = "0.063inch"; VariantName = "[No Variations]"
Added Component: Designator=C13_NTC2(C1206FNPC-RW)
Add component (AddParameter): Name = ".Creator"; Value = "GP"; VariantName = "[No Variations]"
Add component (AddParameter): Name = ".PCBcheck"; Value = ""; VariantName = "[No Variations]"
Add component (AddParameter): Name = ".SCHcheck"; Value = ""; VariantName = "[No Variations]"
Add component (AddParameter): Name = "Capacitance"; Value = ""; VariantName = "[No Variations]"
Add component (AddParameter): Name = "Case Code (Metric)"; Value = "3216"; VariantName = "[No Variations]"
Add component (AddParameter): Name = "Case/Package"; Value = "1206"; VariantName = "[No Variations]"
Add component (AddParameter): Name = "Category"; Value = "Ceramic Capacitors"; VariantName = "[No Variations]"
Add component (AddParameter): Name = "ComponentLink1Description"; Value = "http://www.farnell.com/datasheets/2031891.pdf?src-supplier=Farnell"; VariantName = "[No Variations]"
Add component (AddParameter): Name = "ComponentLink1URL"; Value = "http://www.farnell.com/datasheets/2031891.pdf?src-supplier=Farnell"; VariantName = "[No Variations]"
Add component (AddParameter): Name = "ComponentLink2Description"; Value = "http://katalog.we-online.de/pbs/datasheet/885012208009.pdf?src-supplier=Digi-Key"; VariantName = "[No Variations]"
Add component (AddParameter): Name = "ComponentLink2URL"; Value = "http://katalog.we-online.de/pbs/datasheet/885012208009.pdf?src-supplier=Digi-Key"; VariantName = "[No Variations]"
Add component (AddParameter): Name = "ComponentLink3Description"; Value = "https://katalog.we-online.de/pbs/datasheet/885012208009.pdf?src-supplier=Digi-Key"; VariantName = "[No Variations]"
Add component (AddParameter): Name = "ComponentLink3URL"; Value = "https://katalog.we-online.de/pbs/datasheet/885012208009.pdf?src-supplier=Digi-Key"; VariantName = "[No Variations]"
Add component (AddParameter): Name = "ComponentLink4Description"; Value = "Wurth Elektronik"; VariantName = "[No Variations]"
Add component (AddParameter): Name = "ComponentLink4URL"; Value = "https://www.we-online.com/catalog/en/WCAP-CSGP-10VDC?sq=885012208009#885012208009"; VariantName = "[No Variations]"
Add component (AddParameter): Name = "Construction"; Value = ""; VariantName = "[No Variations]"
Add component (AddParameter): Name = "Depth"; Value = ""; VariantName = "[No Variations]"
Add component (AddParameter): Name = "Design Item ID"; Value = "C100n-10V-1206FNPC-X7R"; VariantName = "[No Variations]"
Add component (AddParameter): Name = "Diameter"; Value = ""; VariantName = "[No Variations]"
Add component (AddParameter): Name = "Dielectric"; Value = ""; VariantName = "[No Variations]"
Add component (AddParameter): Name = "Dielectric Material"; Value = ""; VariantName = "[No Variations]"
Add component (AddParameter): Name = "Dissipation Factor"; Value = ""; VariantName = "[No Variations]"
Add component (AddParameter): Name = "ESR (Equivalent Series Resistance)"; Value = ""; VariantName = "[No Variations]"
Add component (AddParameter): Name = "Features"; Value = ""; VariantName = "[No Variations]"
Add component (AddParameter): Name = "Halogen Free"; Value = ""; VariantName = "[No Variations]"
Add component (AddParameter): Name = "Height"; Value = ""; VariantName = "[No Variations]"
Add component (AddParameter): Name = "Height - Seated (Max)"; Value = ""; VariantName = "[No Variations]"
Add component (AddParameter): Name = "Impedance"; Value = ""; VariantName = "[No Variations]"
Add component (AddParameter): Name = "Lead Diameter"; Value = ""; VariantName = "[No Variations]"
Add component (AddParameter): Name = "Lead Free"; Value = ""; VariantName = "[No Variations]"
Add component (AddParameter): Name = "Lead Pitch"; Value = ""; VariantName = "[No Variations]"
Add component (AddParameter): Name = "Leakage Current"; Value = ""; VariantName = "[No Variations]"
Add component (AddParameter): Name = "Length"; Value = "0.126inch"; VariantName = "[No Variations]"
Add component (AddParameter): Name = "Life (Hours)"; Value = ""; VariantName = "[No Variations]"
Add component (AddParameter): Name = "Manufacturer"; Value = ""; VariantName = "[No Variations]"
Add component (AddParameter): Name = "Manufacturer 1"; Value = "Wurth Electronics"; VariantName = "[No Variations]"
Add component (AddParameter): Name = "Manufacturer Part Number"; Value = ""; VariantName = "[No Variations]"
Add component (AddParameter): Name = "Manufacturer Part Number 1"; Value = "885012208009"; VariantName = "[No Variations]"
Add component (AddParameter): Name = "Material"; Value = ""; VariantName = "[No Variations]"
Add component (AddParameter): Name = "Max Operating Temperature"; Value = "125°C"; VariantName = "[No Variations]"
Add component (AddParameter): Name = "Min Operating Temperature"; Value = "-55°C"; VariantName = "[No Variations]"
Add component (AddParameter): Name = "Mount"; Value = "Surface Mount"; VariantName = "[No Variations]"
Add component (AddParameter): Name = "Package Quantity"; Value = ""; VariantName = "[No Variations]"
Add component (AddParameter): Name = "Packaging"; Value = "Tape and Reel"; VariantName = "[No Variations]"
Add component (AddParameter): Name = "Pins"; Value = ""; VariantName = "[No Variations]"
Add component (AddParameter): Name = "Polarity"; Value = ""; VariantName = "[No Variations]"
Add component (AddParameter): Name = "Pricing 1"; Value = "1=0,11000, 10=0,10300, 100=0,09200, 500=0,08100 (USD)"; VariantName = "[No Variations]"
Add component (AddParameter): Name = "Radiation Hardening"; Value = ""; VariantName = "[No Variations]"
Add component (AddParameter): Name = "Ratings"; Value = ""; VariantName = "[No Variations]"
Add component (AddParameter): Name = "REACH SVHC"; Value = ""; VariantName = "[No Variations]"
Add component (AddParameter): Name = "Ripple Current"; Value = ""; VariantName = "[No Variations]"
Add component (AddParameter): Name = "RoHS"; Value = "Yes"; VariantName = "[No Variations]"
Add component (AddParameter): Name = "RoHS Compliant"; Value = "Yes"; VariantName = "[No Variations]"
Add component (AddParameter): Name = "Series"; Value = ""; VariantName = "[No Variations]"
Add component (AddParameter): Name = "Source"; Value = "Passives.SchLib"; VariantName = "[No Variations]"
Add component (AddParameter): Name = "Stock 1"; Value = "7198"; VariantName = "[No Variations]"
Add component (AddParameter): Name = "Termination"; Value = ""; VariantName = "[No Variations]"
Add component (AddParameter): Name = "Thickness"; Value = "0.035inch"; VariantName = "[No Variations]"
Add component (AddParameter): Name = "Tolerance"; Value = "10%"; VariantName = "[No Variations]"
Add component (AddParameter): Name = "Value"; Value = "100nF"; VariantName = "[No Variations]"
Add component (AddParameter): Name = "Voltage"; Value = ""; VariantName = "[No Variations]"
Add component (AddParameter): Name = "Voltage Rating"; Value = "10V"; VariantName = "[No Variations]"
Add component (AddParameter): Name = "Voltage Rating (DC)"; Value = ""; VariantName = "[No Variations]"
Add component (AddParameter): Name = "Weight"; Value = ""; VariantName = "[No Variations]"
Add component (AddParameter): Name = "Width"; Value = "0.063inch"; VariantName = "[No Variations]"
Added Component: Designator=C31_CH1(CAPC1608X92X38LL15T08)
Add component (AddParameter): Name = "Capacitance"; Value = ""; VariantName = "[No Variations]"
Add component (AddParameter): Name = "Capacitor Type"; Value = "Ceramic"; VariantName = "[No Variations]"
Add component (AddParameter): Name = "Case/Package"; Value = "0603"; VariantName = "[No Variations]"
Add component (AddParameter): Name = "Max Operating Temperature"; Value = "125°C"; VariantName = "[No Variations]"
Add component (AddParameter): Name = "Min Operating Temperature"; Value = "-55°C"; VariantName = "[No Variations]"
Add component (AddParameter): Name = "Mounting Technology"; Value = "Surface Mount"; VariantName = "[No Variations]"
Add component (AddParameter): Name = "Pins"; Value = "2"; VariantName = "[No Variations]"
Add component (AddParameter): Name = "Ripple Current"; Value = ""; VariantName = "[No Variations]"
Add component (AddParameter): Name = "Ripple Current (AC)"; Value = ""; VariantName = "[No Variations]"
Add component (AddParameter): Name = "RoHS Compliant"; Value = "Yes"; VariantName = "[No Variations]"
Add component (AddParameter): Name = "Tolerance"; Value = ""; VariantName = "[No Variations]"
Add component (AddParameter): Name = "Value"; Value = "100nF"; VariantName = "[No Variations]"
Add component (AddParameter): Name = "Voltage Rating"; Value = ""; VariantName = "[No Variations]"
Added Component: Designator=C31_CH2(CAPC1608X92X38LL15T08)
Add component (AddParameter): Name = "Capacitance"; Value = ""; VariantName = "[No Variations]"
Add component (AddParameter): Name = "Capacitor Type"; Value = "Ceramic"; VariantName = "[No Variations]"
Add component (AddParameter): Name = "Case/Package"; Value = "0603"; VariantName = "[No Variations]"
Add component (AddParameter): Name = "Max Operating Temperature"; Value = "125°C"; VariantName = "[No Variations]"
Add component (AddParameter): Name = "Min Operating Temperature"; Value = "-55°C"; VariantName = "[No Variations]"
Add component (AddParameter): Name = "Mounting Technology"; Value = "Surface Mount"; VariantName = "[No Variations]"
Add component (AddParameter): Name = "Pins"; Value = "2"; VariantName = "[No Variations]"
Add component (AddParameter): Name = "Ripple Current"; Value = ""; VariantName = "[No Variations]"
Add component (AddParameter): Name = "Ripple Current (AC)"; Value = ""; VariantName = "[No Variations]"
Add component (AddParameter): Name = "RoHS Compliant"; Value = "Yes"; VariantName = "[No Variations]"
Add component (AddParameter): Name = "Tolerance"; Value = ""; VariantName = "[No Variations]"
Add component (AddParameter): Name = "Value"; Value = "100nF"; VariantName = "[No Variations]"
Add component (AddParameter): Name = "Voltage Rating"; Value = ""; VariantName = "[No Variations]"
Added Component: Designator=C32_CH1(WCAP-CSGP_0805_L2W1.25H0.8_Reflow)
Add component (AddParameter): Name = "Capacitance"; Value = ""; VariantName = "[No Variations]"
Add component (AddParameter): Name = "Capacitor Type"; Value = "Ceramic"; VariantName = "[No Variations]"
Add component (AddParameter): Name = "Case/Package"; Value = "0805"; VariantName = "[No Variations]"
Add component (AddParameter): Name = "Max Operating Temperature"; Value = "85°C"; VariantName = "[No Variations]"
Add component (AddParameter): Name = "Min Operating Temperature"; Value = "-55°C"; VariantName = "[No Variations]"
Add component (AddParameter): Name = "Mounting Technology"; Value = "Surface Mount"; VariantName = "[No Variations]"
Add component (AddParameter): Name = "Pins"; Value = "2"; VariantName = "[No Variations]"
Add component (AddParameter): Name = "Ripple Current"; Value = ""; VariantName = "[No Variations]"
Add component (AddParameter): Name = "Ripple Current (AC)"; Value = ""; VariantName = "[No Variations]"
Add component (AddParameter): Name = "RoHS Compliant"; Value = "Yes"; VariantName = "[No Variations]"
Add component (AddParameter): Name = "Tolerance"; Value = ""; VariantName = "[No Variations]"
Add component (AddParameter): Name = "Value"; Value = "22µF"; VariantName = "[No Variations]"
Add component (AddParameter): Name = "Voltage Rating"; Value = ""; VariantName = "[No Variations]"
Added Component: Designator=C32_CH2(WCAP-CSGP_0805_L2W1.25H0.8_Reflow)
Add component (AddParameter): Name = "Capacitance"; Value = ""; VariantName = "[No Variations]"
Add component (AddParameter): Name = "Capacitor Type"; Value = "Ceramic"; VariantName = "[No Variations]"
Add component (AddParameter): Name = "Case/Package"; Value = "0805"; VariantName = "[No Variations]"
Add component (AddParameter): Name = "Max Operating Temperature"; Value = "85°C"; VariantName = "[No Variations]"
Add component (AddParameter): Name = "Min Operating Temperature"; Value = "-55°C"; VariantName = "[No Variations]"
Add component (AddParameter): Name = "Mounting Technology"; Value = "Surface Mount"; VariantName = "[No Variations]"
Add component (AddParameter): Name = "Pins"; Value = "2"; VariantName = "[No Variations]"
Add component (AddParameter): Name = "Ripple Current"; Value = ""; VariantName = "[No Variations]"
Add component (AddParameter): Name = "Ripple Current (AC)"; Value = ""; VariantName = "[No Variations]"
Add component (AddParameter): Name = "RoHS Compliant"; Value = "Yes"; VariantName = "[No Variations]"
Add component (AddParameter): Name = "Tolerance"; Value = ""; VariantName = "[No Variations]"
Add component (AddParameter): Name = "Value"; Value = "22µF"; VariantName = "[No Variations]"
Add component (AddParameter): Name = "Voltage Rating"; Value = ""; VariantName = "[No Variations]"
Added Component: Designator=C33_CH1(WCAP-CSGP_0805_L2W1.25H0.8_Reflow)
Add component (AddParameter): Name = "Capacitance"; Value = ""; VariantName = "[No Variations]"
Add component (AddParameter): Name = "Capacitor Type"; Value = "Ceramic"; VariantName = "[No Variations]"
Add component (AddParameter): Name = "Case/Package"; Value = "0805"; VariantName = "[No Variations]"
Add component (AddParameter): Name = "Max Operating Temperature"; Value = "85°C"; VariantName = "[No Variations]"
Add component (AddParameter): Name = "Min Operating Temperature"; Value = "-55°C"; VariantName = "[No Variations]"
Add component (AddParameter): Name = "Mounting Technology"; Value = "Surface Mount"; VariantName = "[No Variations]"
Add component (AddParameter): Name = "Pins"; Value = "2"; VariantName = "[No Variations]"
Add component (AddParameter): Name = "Ripple Current"; Value = ""; VariantName = "[No Variations]"
Add component (AddParameter): Name = "Ripple Current (AC)"; Value = ""; VariantName = "[No Variations]"
Add component (AddParameter): Name = "RoHS Compliant"; Value = "Yes"; VariantName = "[No Variations]"
Add component (AddParameter): Name = "Tolerance"; Value = ""; VariantName = "[No Variations]"
Add component (AddParameter): Name = "Value"; Value = "22µF"; VariantName = "[No Variations]"
Add component (AddParameter): Name = "Voltage Rating"; Value = ""; VariantName = "[No Variations]"
Added Component: Designator=C33_CH2(WCAP-CSGP_0805_L2W1.25H0.8_Reflow)
Add component (AddParameter): Name = "Capacitance"; Value = ""; VariantName = "[No Variations]"
Add component (AddParameter): Name = "Capacitor Type"; Value = "Ceramic"; VariantName = "[No Variations]"
Add component (AddParameter): Name = "Case/Package"; Value = "0805"; VariantName = "[No Variations]"
Add component (AddParameter): Name = "Max Operating Temperature"; Value = "85°C"; VariantName = "[No Variations]"
Add component (AddParameter): Name = "Min Operating Temperature"; Value = "-55°C"; VariantName = "[No Variations]"
Add component (AddParameter): Name = "Mounting Technology"; Value = "Surface Mount"; VariantName = "[No Variations]"
Add component (AddParameter): Name = "Pins"; Value = "2"; VariantName = "[No Variations]"
Add component (AddParameter): Name = "Ripple Current"; Value = ""; VariantName = "[No Variations]"
Add component (AddParameter): Name = "Ripple Current (AC)"; Value = ""; VariantName = "[No Variations]"
Add component (AddParameter): Name = "RoHS Compliant"; Value = "Yes"; VariantName = "[No Variations]"
Add component (AddParameter): Name = "Tolerance"; Value = ""; VariantName = "[No Variations]"
Add component (AddParameter): Name = "Value"; Value = "22µF"; VariantName = "[No Variations]"
Add component (AddParameter): Name = "Voltage Rating"; Value = ""; VariantName = "[No Variations]"
Added Component: Designator=C34_CH1(FP-GRM32E-0_3-0_2-IPC_C)
Add component (AddParameter): Name = "Capacitance"; Value = ""; VariantName = "[No Variations]"
Add component (AddParameter): Name = "Capacitor Type"; Value = "Ceramic"; VariantName = "[No Variations]"
Add component (AddParameter): Name = "Case/Package"; Value = "1210"; VariantName = "[No Variations]"
Add component (AddParameter): Name = "Max Operating Temperature"; Value = "105°C"; VariantName = "[No Variations]"
Add component (AddParameter): Name = "Min Operating Temperature"; Value = "-55°C"; VariantName = "[No Variations]"
Add component (AddParameter): Name = "Mounting Technology"; Value = "Surface Mount"; VariantName = "[No Variations]"
Add component (AddParameter): Name = "Pins"; Value = "2"; VariantName = "[No Variations]"
Add component (AddParameter): Name = "Ripple Current"; Value = ""; VariantName = "[No Variations]"
Add component (AddParameter): Name = "Ripple Current (AC)"; Value = ""; VariantName = "[No Variations]"
Add component (AddParameter): Name = "RoHS Compliant"; Value = "Yes"; VariantName = "[No Variations]"
Add component (AddParameter): Name = "Tolerance"; Value = ""; VariantName = "[No Variations]"
Add component (AddParameter): Name = "Value"; Value = "47µF"; VariantName = "[No Variations]"
Add component (AddParameter): Name = "Voltage Rating"; Value = ""; VariantName = "[No Variations]"
Added Component: Designator=C34_CH2(FP-GRM32E-0_3-0_2-IPC_C)
Add component (AddParameter): Name = "Capacitance"; Value = ""; VariantName = "[No Variations]"
Add component (AddParameter): Name = "Capacitor Type"; Value = "Ceramic"; VariantName = "[No Variations]"
Add component (AddParameter): Name = "Case/Package"; Value = "1210"; VariantName = "[No Variations]"
Add component (AddParameter): Name = "Max Operating Temperature"; Value = "105°C"; VariantName = "[No Variations]"
Add component (AddParameter): Name = "Min Operating Temperature"; Value = "-55°C"; VariantName = "[No Variations]"
Add component (AddParameter): Name = "Mounting Technology"; Value = "Surface Mount"; VariantName = "[No Variations]"
Add component (AddParameter): Name = "Pins"; Value = "2"; VariantName = "[No Variations]"
Add component (AddParameter): Name = "Ripple Current"; Value = ""; VariantName = "[No Variations]"
Add component (AddParameter): Name = "Ripple Current (AC)"; Value = ""; VariantName = "[No Variations]"
Add component (AddParameter): Name = "RoHS Compliant"; Value = "Yes"; VariantName = "[No Variations]"
Add component (AddParameter): Name = "Tolerance"; Value = ""; VariantName = "[No Variations]"
Add component (AddParameter): Name = "Value"; Value = "47µF"; VariantName = "[No Variations]"
Add component (AddParameter): Name = "Voltage Rating"; Value = ""; VariantName = "[No Variations]"
Added Component: Designator=C35_CH1(FP-GRM32E-0_3-0_2-IPC_C)
Add component (AddParameter): Name = "Capacitance"; Value = ""; VariantName = "[No Variations]"
Add component (AddParameter): Name = "Capacitor Type"; Value = "Ceramic"; VariantName = "[No Variations]"
Add component (AddParameter): Name = "Case/Package"; Value = "1210"; VariantName = "[No Variations]"
Add component (AddParameter): Name = "Max Operating Temperature"; Value = "105°C"; VariantName = "[No Variations]"
Add component (AddParameter): Name = "Min Operating Temperature"; Value = "-55°C"; VariantName = "[No Variations]"
Add component (AddParameter): Name = "Mounting Technology"; Value = "Surface Mount"; VariantName = "[No Variations]"
Add component (AddParameter): Name = "Pins"; Value = "2"; VariantName = "[No Variations]"
Add component (AddParameter): Name = "Ripple Current"; Value = ""; VariantName = "[No Variations]"
Add component (AddParameter): Name = "Ripple Current (AC)"; Value = ""; VariantName = "[No Variations]"
Add component (AddParameter): Name = "RoHS Compliant"; Value = "Yes"; VariantName = "[No Variations]"
Add component (AddParameter): Name = "Tolerance"; Value = ""; VariantName = "[No Variations]"
Add component (AddParameter): Name = "Value"; Value = "47µF"; VariantName = "[No Variations]"
Add component (AddParameter): Name = "Voltage Rating"; Value = ""; VariantName = "[No Variations]"
Added Component: Designator=C35_CH2(FP-GRM32E-0_3-0_2-IPC_C)
Add component (AddParameter): Name = "Capacitance"; Value = ""; VariantName = "[No Variations]"
Add component (AddParameter): Name = "Capacitor Type"; Value = "Ceramic"; VariantName = "[No Variations]"
Add component (AddParameter): Name = "Case/Package"; Value = "1210"; VariantName = "[No Variations]"
Add component (AddParameter): Name = "Max Operating Temperature"; Value = "105°C"; VariantName = "[No Variations]"
Add component (AddParameter): Name = "Min Operating Temperature"; Value = "-55°C"; VariantName = "[No Variations]"
Add component (AddParameter): Name = "Mounting Technology"; Value = "Surface Mount"; VariantName = "[No Variations]"
Add component (AddParameter): Name = "Pins"; Value = "2"; VariantName = "[No Variations]"
Add component (AddParameter): Name = "Ripple Current"; Value = ""; VariantName = "[No Variations]"
Add component (AddParameter): Name = "Ripple Current (AC)"; Value = ""; VariantName = "[No Variations]"
Add component (AddParameter): Name = "RoHS Compliant"; Value = "Yes"; VariantName = "[No Variations]"
Add component (AddParameter): Name = "Tolerance"; Value = ""; VariantName = "[No Variations]"
Add component (AddParameter): Name = "Value"; Value = "47µF"; VariantName = "[No Variations]"
Add component (AddParameter): Name = "Voltage Rating"; Value = ""; VariantName = "[No Variations]"
Added Component: Designator=C36_CH1(WCAP-CSGP_0603_L1.6W0.8H0.8_Reflow)
Add component (AddParameter): Name = "Capacitance"; Value = ""; VariantName = "[No Variations]"
Add component (AddParameter): Name = "Capacitor Type"; Value = "Ceramic"; VariantName = "[No Variations]"
Add component (AddParameter): Name = "Case/Package"; Value = "0603"; VariantName = "[No Variations]"
Add component (AddParameter): Name = "Max Operating Temperature"; Value = ""; VariantName = "[No Variations]"
Add component (AddParameter): Name = "Min Operating Temperature"; Value = ""; VariantName = "[No Variations]"
Add component (AddParameter): Name = "Mounting Technology"; Value = ""; VariantName = "[No Variations]"
Add component (AddParameter): Name = "Pins"; Value = "2"; VariantName = "[No Variations]"
Add component (AddParameter): Name = "Ripple Current"; Value = ""; VariantName = "[No Variations]"
Add component (AddParameter): Name = "Ripple Current (AC)"; Value = ""; VariantName = "[No Variations]"
Add component (AddParameter): Name = "RoHS Compliant"; Value = "Yes"; VariantName = "[No Variations]"
Add component (AddParameter): Name = "Tolerance"; Value = "10%"; VariantName = "[No Variations]"
Add component (AddParameter): Name = "Value"; Value = "1µF"; VariantName = "[No Variations]"
Add component (AddParameter): Name = "Voltage Rating"; Value = "10V"; VariantName = "[No Variations]"
Added Component: Designator=C36_CH2(WCAP-CSGP_0603_L1.6W0.8H0.8_Reflow)
Add component (AddParameter): Name = "Capacitance"; Value = ""; VariantName = "[No Variations]"
Add component (AddParameter): Name = "Capacitor Type"; Value = "Ceramic"; VariantName = "[No Variations]"
Add component (AddParameter): Name = "Case/Package"; Value = "0603"; VariantName = "[No Variations]"
Add component (AddParameter): Name = "Max Operating Temperature"; Value = ""; VariantName = "[No Variations]"
Add component (AddParameter): Name = "Min Operating Temperature"; Value = ""; VariantName = "[No Variations]"
Add component (AddParameter): Name = "Mounting Technology"; Value = ""; VariantName = "[No Variations]"
Add component (AddParameter): Name = "Pins"; Value = "2"; VariantName = "[No Variations]"
Add component (AddParameter): Name = "Ripple Current"; Value = ""; VariantName = "[No Variations]"
Add component (AddParameter): Name = "Ripple Current (AC)"; Value = ""; VariantName = "[No Variations]"
Add component (AddParameter): Name = "RoHS Compliant"; Value = "Yes"; VariantName = "[No Variations]"
Add component (AddParameter): Name = "Tolerance"; Value = "10%"; VariantName = "[No Variations]"
Add component (AddParameter): Name = "Value"; Value = "1µF"; VariantName = "[No Variations]"
Add component (AddParameter): Name = "Voltage Rating"; Value = "10V"; VariantName = "[No Variations]"
Added Component: Designator=C37_DCH1(C1206FNPC-RW)
Add component (AddParameter): Name = ".Creator"; Value = "GP"; VariantName = "[No Variations]"
Add component (AddParameter): Name = ".PCBcheck"; Value = ""; VariantName = "[No Variations]"
Add component (AddParameter): Name = ".SCHcheck"; Value = ""; VariantName = "[No Variations]"
Add component (AddParameter): Name = "Capacitance"; Value = ""; VariantName = "[No Variations]"
Add component (AddParameter): Name = "Case Code (Metric)"; Value = "3216"; VariantName = "[No Variations]"
Add component (AddParameter): Name = "Case/Package"; Value = "1206"; VariantName = "[No Variations]"
Add component (AddParameter): Name = "Category"; Value = "Capacitor"; VariantName = "[No Variations]"
Add component (AddParameter): Name = "ComponentLink1Description"; Value = "Datasheet"; VariantName = "[No Variations]"
Add component (AddParameter): Name = "ComponentLink1URL"; Value = "https://www.we-online.com/catalog/datasheet/885012208036.pdf"; VariantName = "[No Variations]"
Add component (AddParameter): Name = "ComponentLink2Description"; Value = "Where buy it"; VariantName = "[No Variations]"
Add component (AddParameter): Name = "ComponentLink2URL"; Value = "https://www.we-online.com/catalog/en/WCAP-CSGP-16VDC#885012208036"; VariantName = "[No Variations]"
Add component (AddParameter): Name = "Construction"; Value = ""; VariantName = "[No Variations]"
Add component (AddParameter): Name = "Depth"; Value = ""; VariantName = "[No Variations]"
Add component (AddParameter): Name = "Design Item ID"; Value = "C1u-16V-1206FNPC-X7R"; VariantName = "[No Variations]"
Add component (AddParameter): Name = "Diameter"; Value = ""; VariantName = "[No Variations]"
Add component (AddParameter): Name = "Dielectric"; Value = ""; VariantName = "[No Variations]"
Add component (AddParameter): Name = "Dielectric Material"; Value = ""; VariantName = "[No Variations]"
Add component (AddParameter): Name = "Dissipation Factor"; Value = ""; VariantName = "[No Variations]"
Add component (AddParameter): Name = "ESR (Equivalent Series Resistance)"; Value = ""; VariantName = "[No Variations]"
Add component (AddParameter): Name = "Features"; Value = ""; VariantName = "[No Variations]"
Add component (AddParameter): Name = "Halogen Free"; Value = ""; VariantName = "[No Variations]"
Add component (AddParameter): Name = "Height"; Value = ""; VariantName = "[No Variations]"
Add component (AddParameter): Name = "Height - Seated (Max)"; Value = ""; VariantName = "[No Variations]"
Add component (AddParameter): Name = "Impedance"; Value = ""; VariantName = "[No Variations]"
Add component (AddParameter): Name = "Lead Diameter"; Value = ""; VariantName = "[No Variations]"
Add component (AddParameter): Name = "Lead Free"; Value = ""; VariantName = "[No Variations]"
Add component (AddParameter): Name = "Lead Pitch"; Value = ""; VariantName = "[No Variations]"
Add component (AddParameter): Name = "Leakage Current"; Value = ""; VariantName = "[No Variations]"
Add component (AddParameter): Name = "Length"; Value = "0.126inch"; VariantName = "[No Variations]"
Add component (AddParameter): Name = "Life (Hours)"; Value = ""; VariantName = "[No Variations]"
Add component (AddParameter): Name = "Manufacturer"; Value = "Wurth Electronics"; VariantName = "[No Variations]"
Add component (AddParameter): Name = "Manufacturer 1"; Value = ""; VariantName = "[No Variations]"
Add component (AddParameter): Name = "Manufacturer Part Number"; Value = "885012208036"; VariantName = "[No Variations]"
Add component (AddParameter): Name = "Manufacturer Part Number 1"; Value = ""; VariantName = "[No Variations]"
Add component (AddParameter): Name = "Material"; Value = ""; VariantName = "[No Variations]"
Add component (AddParameter): Name = "Max Operating Temperature"; Value = "125°C"; VariantName = "[No Variations]"
Add component (AddParameter): Name = "Min Operating Temperature"; Value = "-55°C"; VariantName = "[No Variations]"
Add component (AddParameter): Name = "Mount"; Value = "Surface Mount"; VariantName = "[No Variations]"
Add component (AddParameter): Name = "Package Quantity"; Value = ""; VariantName = "[No Variations]"
Add component (AddParameter): Name = "Packaging"; Value = "Tape and Reel"; VariantName = "[No Variations]"
Add component (AddParameter): Name = "Pins"; Value = ""; VariantName = "[No Variations]"
Add component (AddParameter): Name = "Polarity"; Value = ""; VariantName = "[No Variations]"
Add component (AddParameter): Name = "Pricing 1"; Value = "1=0,15000, 10=0,13900, 50=0,13900, 100=0,12400, 500=0,11000, 1000=0,11000, 3000=0,09100, 10000=0,09100 (USD)"; VariantName = "[No Variations]"
Add component (AddParameter): Name = "Radiation Hardening"; Value = ""; VariantName = "[No Variations]"
Add component (AddParameter): Name = "Ratings"; Value = ""; VariantName = "[No Variations]"
Add component (AddParameter): Name = "REACH SVHC"; Value = ""; VariantName = "[No Variations]"
Add component (AddParameter): Name = "Ripple Current"; Value = ""; VariantName = "[No Variations]"
Add component (AddParameter): Name = "RoHS"; Value = "Yes"; VariantName = "[No Variations]"
Add component (AddParameter): Name = "RoHS Compliant"; Value = "Yes"; VariantName = "[No Variations]"
Add component (AddParameter): Name = "Series"; Value = ""; VariantName = "[No Variations]"
Add component (AddParameter): Name = "Source"; Value = "Passives.SchLib"; VariantName = "[No Variations]"
Add component (AddParameter): Name = "Stock 1"; Value = "5938"; VariantName = "[No Variations]"
Add component (AddParameter): Name = "Termination"; Value = ""; VariantName = "[No Variations]"
Add component (AddParameter): Name = "Thickness"; Value = "0.051inch"; VariantName = "[No Variations]"
Add component (AddParameter): Name = "Tolerance"; Value = "10%"; VariantName = "[No Variations]"
Add component (AddParameter): Name = "Value"; Value = "1µF"; VariantName = "[No Variations]"
Add component (AddParameter): Name = "Voltage"; Value = ""; VariantName = "[No Variations]"
Add component (AddParameter): Name = "Voltage Rating"; Value = "16V"; VariantName = "[No Variations]"
Add component (AddParameter): Name = "Voltage Rating (DC)"; Value = ""; VariantName = "[No Variations]"
Add component (AddParameter): Name = "Weight"; Value = ""; VariantName = "[No Variations]"
Add component (AddParameter): Name = "Width"; Value = "0.063inch"; VariantName = "[No Variations]"
Added Component: Designator=C37_DCH2(C1206FNPC-RW)
Add component (AddParameter): Name = ".Creator"; Value = "GP"; VariantName = "[No Variations]"
Add component (AddParameter): Name = ".PCBcheck"; Value = ""; VariantName = "[No Variations]"
Add component (AddParameter): Name = ".SCHcheck"; Value = ""; VariantName = "[No Variations]"
Add component (AddParameter): Name = "Capacitance"; Value = ""; VariantName = "[No Variations]"
Add component (AddParameter): Name = "Case Code (Metric)"; Value = "3216"; VariantName = "[No Variations]"
Add component (AddParameter): Name = "Case/Package"; Value = "1206"; VariantName = "[No Variations]"
Add component (AddParameter): Name = "Category"; Value = "Capacitor"; VariantName = "[No Variations]"
Add component (AddParameter): Name = "ComponentLink1Description"; Value = "Datasheet"; VariantName = "[No Variations]"
Add component (AddParameter): Name = "ComponentLink1URL"; Value = "https://www.we-online.com/catalog/datasheet/885012208036.pdf"; VariantName = "[No Variations]"
Add component (AddParameter): Name = "ComponentLink2Description"; Value = "Where buy it"; VariantName = "[No Variations]"
Add component (AddParameter): Name = "ComponentLink2URL"; Value = "https://www.we-online.com/catalog/en/WCAP-CSGP-16VDC#885012208036"; VariantName = "[No Variations]"
Add component (AddParameter): Name = "Construction"; Value = ""; VariantName = "[No Variations]"
Add component (AddParameter): Name = "Depth"; Value = ""; VariantName = "[No Variations]"
Add component (AddParameter): Name = "Design Item ID"; Value = "C1u-16V-1206FNPC-X7R"; VariantName = "[No Variations]"
Add component (AddParameter): Name = "Diameter"; Value = ""; VariantName = "[No Variations]"
Add component (AddParameter): Name = "Dielectric"; Value = ""; VariantName = "[No Variations]"
Add component (AddParameter): Name = "Dielectric Material"; Value = ""; VariantName = "[No Variations]"
Add component (AddParameter): Name = "Dissipation Factor"; Value = ""; VariantName = "[No Variations]"
Add component (AddParameter): Name = "ESR (Equivalent Series Resistance)"; Value = ""; VariantName = "[No Variations]"
Add component (AddParameter): Name = "Features"; Value = ""; VariantName = "[No Variations]"
Add component (AddParameter): Name = "Halogen Free"; Value = ""; VariantName = "[No Variations]"
Add component (AddParameter): Name = "Height"; Value = ""; VariantName = "[No Variations]"
Add component (AddParameter): Name = "Height - Seated (Max)"; Value = ""; VariantName = "[No Variations]"
Add component (AddParameter): Name = "Impedance"; Value = ""; VariantName = "[No Variations]"
Add component (AddParameter): Name = "Lead Diameter"; Value = ""; VariantName = "[No Variations]"
Add component (AddParameter): Name = "Lead Free"; Value = ""; VariantName = "[No Variations]"
Add component (AddParameter): Name = "Lead Pitch"; Value = ""; VariantName = "[No Variations]"
Add component (AddParameter): Name = "Leakage Current"; Value = ""; VariantName = "[No Variations]"
Add component (AddParameter): Name = "Length"; Value = "0.126inch"; VariantName = "[No Variations]"
Add component (AddParameter): Name = "Life (Hours)"; Value = ""; VariantName = "[No Variations]"
Add component (AddParameter): Name = "Manufacturer"; Value = "Wurth Electronics"; VariantName = "[No Variations]"
Add component (AddParameter): Name = "Manufacturer 1"; Value = ""; VariantName = "[No Variations]"
Add component (AddParameter): Name = "Manufacturer Part Number"; Value = "885012208036"; VariantName = "[No Variations]"
Add component (AddParameter): Name = "Manufacturer Part Number 1"; Value = ""; VariantName = "[No Variations]"
Add component (AddParameter): Name = "Material"; Value = ""; VariantName = "[No Variations]"
Add component (AddParameter): Name = "Max Operating Temperature"; Value = "125°C"; VariantName = "[No Variations]"
Add component (AddParameter): Name = "Min Operating Temperature"; Value = "-55°C"; VariantName = "[No Variations]"
Add component (AddParameter): Name = "Mount"; Value = "Surface Mount"; VariantName = "[No Variations]"
Add component (AddParameter): Name = "Package Quantity"; Value = ""; VariantName = "[No Variations]"
Add component (AddParameter): Name = "Packaging"; Value = "Tape and Reel"; VariantName = "[No Variations]"
Add component (AddParameter): Name = "Pins"; Value = ""; VariantName = "[No Variations]"
Add component (AddParameter): Name = "Polarity"; Value = ""; VariantName = "[No Variations]"
Add component (AddParameter): Name = "Pricing 1"; Value = "1=0,15000, 10=0,13900, 50=0,13900, 100=0,12400, 500=0,11000, 1000=0,11000, 3000=0,09100, 10000=0,09100 (USD)"; VariantName = "[No Variations]"
Add component (AddParameter): Name = "Radiation Hardening"; Value = ""; VariantName = "[No Variations]"
Add component (AddParameter): Name = "Ratings"; Value = ""; VariantName = "[No Variations]"
Add component (AddParameter): Name = "REACH SVHC"; Value = ""; VariantName = "[No Variations]"
Add component (AddParameter): Name = "Ripple Current"; Value = ""; VariantName = "[No Variations]"
Add component (AddParameter): Name = "RoHS"; Value = "Yes"; VariantName = "[No Variations]"
Add component (AddParameter): Name = "RoHS Compliant"; Value = "Yes"; VariantName = "[No Variations]"
Add component (AddParameter): Name = "Series"; Value = ""; VariantName = "[No Variations]"
Add component (AddParameter): Name = "Source"; Value = "Passives.SchLib"; VariantName = "[No Variations]"
Add component (AddParameter): Name = "Stock 1"; Value = "5938"; VariantName = "[No Variations]"
Add component (AddParameter): Name = "Termination"; Value = ""; VariantName = "[No Variations]"
Add component (AddParameter): Name = "Thickness"; Value = "0.051inch"; VariantName = "[No Variations]"
Add component (AddParameter): Name = "Tolerance"; Value = "10%"; VariantName = "[No Variations]"
Add component (AddParameter): Name = "Value"; Value = "1µF"; VariantName = "[No Variations]"
Add component (AddParameter): Name = "Voltage"; Value = ""; VariantName = "[No Variations]"
Add component (AddParameter): Name = "Voltage Rating"; Value = "16V"; VariantName = "[No Variations]"
Add component (AddParameter): Name = "Voltage Rating (DC)"; Value = ""; VariantName = "[No Variations]"
Add component (AddParameter): Name = "Weight"; Value = ""; VariantName = "[No Variations]"
Add component (AddParameter): Name = "Width"; Value = "0.063inch"; VariantName = "[No Variations]"
Added Component: Designator=C38_DCH1(C0805FNPC-W)
Add component (AddParameter): Name = ".Creator"; Value = "DR"; VariantName = "[No Variations]"
Add component (AddParameter): Name = ".PCBcheck"; Value = ""; VariantName = "[No Variations]"
Add component (AddParameter): Name = ".SCHcheck"; Value = ""; VariantName = "[No Variations]"
Add component (AddParameter): Name = "Capacitance"; Value = ""; VariantName = "[No Variations]"
Add component (AddParameter): Name = "Case Code (Metric)"; Value = "2012"; VariantName = "[No Variations]"
Add component (AddParameter): Name = "Case/Package"; Value = "0805"; VariantName = "[No Variations]"
Add component (AddParameter): Name = "Category"; Value = "Ceramic Capacitors"; VariantName = "[No Variations]"
Add component (AddParameter): Name = "ComponentLink1Description"; Value = "http://www.farnell.com/datasheets/1958443.pdf?src-supplier=Farnell"; VariantName = "[No Variations]"
Add component (AddParameter): Name = "ComponentLink1URL"; Value = "http://www.farnell.com/datasheets/1958443.pdf?src-supplier=Farnell"; VariantName = "[No Variations]"
Add component (AddParameter): Name = "ComponentLink2Description"; Value = "https://katalog.we-online.de/pbs/datasheet/885012007057.pdf?src-supplier=Digi-Key"; VariantName = "[No Variations]"
Add component (AddParameter): Name = "ComponentLink2URL"; Value = "https://katalog.we-online.de/pbs/datasheet/885012007057.pdf?src-supplier=Digi-Key"; VariantName = "[No Variations]"
Add component (AddParameter): Name = "ComponentLink3Description"; Value = "http://www.farnell.com/datasheets/1958443.pdf?src-supplier=Element14"; VariantName = "[No Variations]"
Add component (AddParameter): Name = "ComponentLink3URL"; Value = "http://www.farnell.com/datasheets/1958443.pdf?src-supplier=Element14"; VariantName = "[No Variations]"
Add component (AddParameter): Name = "ComponentLink4Description"; Value = "http://www.farnell.com/datasheets/1958443.pdf?src-supplier=Newark"; VariantName = "[No Variations]"
Add component (AddParameter): Name = "ComponentLink4URL"; Value = "http://www.farnell.com/datasheets/1958443.pdf?src-supplier=Newark"; VariantName = "[No Variations]"
Add component (AddParameter): Name = "ComponentLink5Description"; Value = "Where buy it"; VariantName = "[No Variations]"
Add component (AddParameter): Name = "ComponentLink5URL"; Value = "https://www.we-online.com/catalog/en/WCAP-CSGP-50VDC#885012007057"; VariantName = "[No Variations]"
Add component (AddParameter): Name = "Construction"; Value = ""; VariantName = "[No Variations]"
Add component (AddParameter): Name = "Depth"; Value = ""; VariantName = "[No Variations]"
Add component (AddParameter): Name = "Design Item ID"; Value = "C100p-50V-0805FNPC-C0G/NP0"; VariantName = "[No Variations]"
Add component (AddParameter): Name = "Diameter"; Value = ""; VariantName = "[No Variations]"
Add component (AddParameter): Name = "Dielectric"; Value = "C0G"; VariantName = "[No Variations]"
Add component (AddParameter): Name = "Dielectric Material"; Value = ""; VariantName = "[No Variations]"
Add component (AddParameter): Name = "Dissipation Factor"; Value = ""; VariantName = "[No Variations]"
Add component (AddParameter): Name = "ESR (Equivalent Series Resistance)"; Value = ""; VariantName = "[No Variations]"
Add component (AddParameter): Name = "Features"; Value = ""; VariantName = "[No Variations]"
Add component (AddParameter): Name = "Halogen Free"; Value = ""; VariantName = "[No Variations]"
Add component (AddParameter): Name = "Height"; Value = ""; VariantName = "[No Variations]"
Add component (AddParameter): Name = "Height - Seated (Max)"; Value = ""; VariantName = "[No Variations]"
Add component (AddParameter): Name = "Impedance"; Value = ""; VariantName = "[No Variations]"
Add component (AddParameter): Name = "Lead Diameter"; Value = ""; VariantName = "[No Variations]"
Add component (AddParameter): Name = "Lead Free"; Value = ""; VariantName = "[No Variations]"
Add component (AddParameter): Name = "Lead Pitch"; Value = ""; VariantName = "[No Variations]"
Add component (AddParameter): Name = "Leakage Current"; Value = ""; VariantName = "[No Variations]"
Add component (AddParameter): Name = "Length"; Value = "0.079inch"; VariantName = "[No Variations]"
Add component (AddParameter): Name = "Life (Hours)"; Value = ""; VariantName = "[No Variations]"
Add component (AddParameter): Name = "Manufacturer"; Value = "Wurth Electronics"; VariantName = "[No Variations]"
Add component (AddParameter): Name = "Manufacturer 1"; Value = ""; VariantName = "[No Variations]"
Add component (AddParameter): Name = "Manufacturer Part Number"; Value = "885012007057"; VariantName = "[No Variations]"
Add component (AddParameter): Name = "Manufacturer Part Number 1"; Value = ""; VariantName = "[No Variations]"
Add component (AddParameter): Name = "Material"; Value = ""; VariantName = "[No Variations]"
Add component (AddParameter): Name = "Max Operating Temperature"; Value = "125°C"; VariantName = "[No Variations]"
Add component (AddParameter): Name = "Min Operating Temperature"; Value = "-55°C"; VariantName = "[No Variations]"
Add component (AddParameter): Name = "Mount"; Value = "Surface Mount"; VariantName = "[No Variations]"
Add component (AddParameter): Name = "Package Quantity"; Value = ""; VariantName = "[No Variations]"
Add component (AddParameter): Name = "Packaging"; Value = "Cut Tape"; VariantName = "[No Variations]"
Add component (AddParameter): Name = "Pins"; Value = ""; VariantName = "[No Variations]"
Add component (AddParameter): Name = "Polarity"; Value = ""; VariantName = "[No Variations]"
Add component (AddParameter): Name = "Pricing 1"; Value = "4000=0,03900, 12000=0,03800 (USD)"; VariantName = "[No Variations]"
Add component (AddParameter): Name = "Radiation Hardening"; Value = ""; VariantName = "[No Variations]"
Add component (AddParameter): Name = "Ratings"; Value = ""; VariantName = "[No Variations]"
Add component (AddParameter): Name = "REACH SVHC"; Value = "Unknown"; VariantName = "[No Variations]"
Add component (AddParameter): Name = "Ripple Current"; Value = ""; VariantName = "[No Variations]"
Add component (AddParameter): Name = "RoHS"; Value = "Yes"; VariantName = "[No Variations]"
Add component (AddParameter): Name = "RoHS Compliant"; Value = "Yes"; VariantName = "[No Variations]"
Add component (AddParameter): Name = "Series"; Value = ""; VariantName = "[No Variations]"
Add component (AddParameter): Name = "Source"; Value = "Passives.SchLib"; VariantName = "[No Variations]"
Add component (AddParameter): Name = "Stock 1"; Value = "1"; VariantName = "[No Variations]"
Add component (AddParameter): Name = "Termination"; Value = ""; VariantName = "[No Variations]"
Add component (AddParameter): Name = "Thickness"; Value = "0.035inch"; VariantName = "[No Variations]"
Add component (AddParameter): Name = "Tolerance"; Value = "5%"; VariantName = "[No Variations]"
Add component (AddParameter): Name = "Value"; Value = "100pF"; VariantName = "[No Variations]"
Add component (AddParameter): Name = "Voltage"; Value = ""; VariantName = "[No Variations]"
Add component (AddParameter): Name = "Voltage Rating"; Value = "50V"; VariantName = "[No Variations]"
Add component (AddParameter): Name = "Voltage Rating (DC)"; Value = "50V"; VariantName = "[No Variations]"
Add component (AddParameter): Name = "Weight"; Value = ""; VariantName = "[No Variations]"
Add component (AddParameter): Name = "Width"; Value = "0.049inch"; VariantName = "[No Variations]"
Added Component: Designator=C38_DCH2(C0805FNPC-W)
Add component (AddParameter): Name = ".Creator"; Value = "DR"; VariantName = "[No Variations]"
Add component (AddParameter): Name = ".PCBcheck"; Value = ""; VariantName = "[No Variations]"
Add component (AddParameter): Name = ".SCHcheck"; Value = ""; VariantName = "[No Variations]"
Add component (AddParameter): Name = "Capacitance"; Value = ""; VariantName = "[No Variations]"
Add component (AddParameter): Name = "Case Code (Metric)"; Value = "2012"; VariantName = "[No Variations]"
Add component (AddParameter): Name = "Case/Package"; Value = "0805"; VariantName = "[No Variations]"
Add component (AddParameter): Name = "Category"; Value = "Ceramic Capacitors"; VariantName = "[No Variations]"
Add component (AddParameter): Name = "ComponentLink1Description"; Value = "http://www.farnell.com/datasheets/1958443.pdf?src-supplier=Farnell"; VariantName = "[No Variations]"
Add component (AddParameter): Name = "ComponentLink1URL"; Value = "http://www.farnell.com/datasheets/1958443.pdf?src-supplier=Farnell"; VariantName = "[No Variations]"
Add component (AddParameter): Name = "ComponentLink2Description"; Value = "https://katalog.we-online.de/pbs/datasheet/885012007057.pdf?src-supplier=Digi-Key"; VariantName = "[No Variations]"
Add component (AddParameter): Name = "ComponentLink2URL"; Value = "https://katalog.we-online.de/pbs/datasheet/885012007057.pdf?src-supplier=Digi-Key"; VariantName = "[No Variations]"
Add component (AddParameter): Name = "ComponentLink3Description"; Value = "http://www.farnell.com/datasheets/1958443.pdf?src-supplier=Element14"; VariantName = "[No Variations]"
Add component (AddParameter): Name = "ComponentLink3URL"; Value = "http://www.farnell.com/datasheets/1958443.pdf?src-supplier=Element14"; VariantName = "[No Variations]"
Add component (AddParameter): Name = "ComponentLink4Description"; Value = "http://www.farnell.com/datasheets/1958443.pdf?src-supplier=Newark"; VariantName = "[No Variations]"
Add component (AddParameter): Name = "ComponentLink4URL"; Value = "http://www.farnell.com/datasheets/1958443.pdf?src-supplier=Newark"; VariantName = "[No Variations]"
Add component (AddParameter): Name = "ComponentLink5Description"; Value = "Where buy it"; VariantName = "[No Variations]"
Add component (AddParameter): Name = "ComponentLink5URL"; Value = "https://www.we-online.com/catalog/en/WCAP-CSGP-50VDC#885012007057"; VariantName = "[No Variations]"
Add component (AddParameter): Name = "Construction"; Value = ""; VariantName = "[No Variations]"
Add component (AddParameter): Name = "Depth"; Value = ""; VariantName = "[No Variations]"
Add component (AddParameter): Name = "Design Item ID"; Value = "C100p-50V-0805FNPC-C0G/NP0"; VariantName = "[No Variations]"
Add component (AddParameter): Name = "Diameter"; Value = ""; VariantName = "[No Variations]"
Add component (AddParameter): Name = "Dielectric"; Value = "C0G"; VariantName = "[No Variations]"
Add component (AddParameter): Name = "Dielectric Material"; Value = ""; VariantName = "[No Variations]"
Add component (AddParameter): Name = "Dissipation Factor"; Value = ""; VariantName = "[No Variations]"
Add component (AddParameter): Name = "ESR (Equivalent Series Resistance)"; Value = ""; VariantName = "[No Variations]"
Add component (AddParameter): Name = "Features"; Value = ""; VariantName = "[No Variations]"
Add component (AddParameter): Name = "Halogen Free"; Value = ""; VariantName = "[No Variations]"
Add component (AddParameter): Name = "Height"; Value = ""; VariantName = "[No Variations]"
Add component (AddParameter): Name = "Height - Seated (Max)"; Value = ""; VariantName = "[No Variations]"
Add component (AddParameter): Name = "Impedance"; Value = ""; VariantName = "[No Variations]"
Add component (AddParameter): Name = "Lead Diameter"; Value = ""; VariantName = "[No Variations]"
Add component (AddParameter): Name = "Lead Free"; Value = ""; VariantName = "[No Variations]"
Add component (AddParameter): Name = "Lead Pitch"; Value = ""; VariantName = "[No Variations]"
Add component (AddParameter): Name = "Leakage Current"; Value = ""; VariantName = "[No Variations]"
Add component (AddParameter): Name = "Length"; Value = "0.079inch"; VariantName = "[No Variations]"
Add component (AddParameter): Name = "Life (Hours)"; Value = ""; VariantName = "[No Variations]"
Add component (AddParameter): Name = "Manufacturer"; Value = "Wurth Electronics"; VariantName = "[No Variations]"
Add component (AddParameter): Name = "Manufacturer 1"; Value = ""; VariantName = "[No Variations]"
Add component (AddParameter): Name = "Manufacturer Part Number"; Value = "885012007057"; VariantName = "[No Variations]"
Add component (AddParameter): Name = "Manufacturer Part Number 1"; Value = ""; VariantName = "[No Variations]"
Add component (AddParameter): Name = "Material"; Value = ""; VariantName = "[No Variations]"
Add component (AddParameter): Name = "Max Operating Temperature"; Value = "125°C"; VariantName = "[No Variations]"
Add component (AddParameter): Name = "Min Operating Temperature"; Value = "-55°C"; VariantName = "[No Variations]"
Add component (AddParameter): Name = "Mount"; Value = "Surface Mount"; VariantName = "[No Variations]"
Add component (AddParameter): Name = "Package Quantity"; Value = ""; VariantName = "[No Variations]"
Add component (AddParameter): Name = "Packaging"; Value = "Cut Tape"; VariantName = "[No Variations]"
Add component (AddParameter): Name = "Pins"; Value = ""; VariantName = "[No Variations]"
Add component (AddParameter): Name = "Polarity"; Value = ""; VariantName = "[No Variations]"
Add component (AddParameter): Name = "Pricing 1"; Value = "4000=0,03900, 12000=0,03800 (USD)"; VariantName = "[No Variations]"
Add component (AddParameter): Name = "Radiation Hardening"; Value = ""; VariantName = "[No Variations]"
Add component (AddParameter): Name = "Ratings"; Value = ""; VariantName = "[No Variations]"
Add component (AddParameter): Name = "REACH SVHC"; Value = "Unknown"; VariantName = "[No Variations]"
Add component (AddParameter): Name = "Ripple Current"; Value = ""; VariantName = "[No Variations]"
Add component (AddParameter): Name = "RoHS"; Value = "Yes"; VariantName = "[No Variations]"
Add component (AddParameter): Name = "RoHS Compliant"; Value = "Yes"; VariantName = "[No Variations]"
Add component (AddParameter): Name = "Series"; Value = ""; VariantName = "[No Variations]"
Add component (AddParameter): Name = "Source"; Value = "Passives.SchLib"; VariantName = "[No Variations]"
Add component (AddParameter): Name = "Stock 1"; Value = "1"; VariantName = "[No Variations]"
Add component (AddParameter): Name = "Termination"; Value = ""; VariantName = "[No Variations]"
Add component (AddParameter): Name = "Thickness"; Value = "0.035inch"; VariantName = "[No Variations]"
Add component (AddParameter): Name = "Tolerance"; Value = "5%"; VariantName = "[No Variations]"
Add component (AddParameter): Name = "Value"; Value = "100pF"; VariantName = "[No Variations]"
Add component (AddParameter): Name = "Voltage"; Value = ""; VariantName = "[No Variations]"
Add component (AddParameter): Name = "Voltage Rating"; Value = "50V"; VariantName = "[No Variations]"
Add component (AddParameter): Name = "Voltage Rating (DC)"; Value = "50V"; VariantName = "[No Variations]"
Add component (AddParameter): Name = "Weight"; Value = ""; VariantName = "[No Variations]"
Add component (AddParameter): Name = "Width"; Value = "0.049inch"; VariantName = "[No Variations]"
Added Component: Designator=D3_KCELL1(DSC-SOD123)
Add component (AddParameter): Name = ".Creator"; Value = "GP"; VariantName = "[No Variations]"
Add component (AddParameter): Name = ".PCBcheck"; Value = ""; VariantName = "[No Variations]"
Add component (AddParameter): Name = ".SCHcheck"; Value = ""; VariantName = "[No Variations]"
Add component (AddParameter): Name = "Approvals"; Value = ""; VariantName = "[No Variations]"
Add component (AddParameter): Name = "Average Rectified Current"; Value = "500mA"; VariantName = "[No Variations]"
Add component (AddParameter): Name = "Body Material"; Value = ""; VariantName = "[No Variations]"
Add component (AddParameter): Name = "Case Code (Imperial)"; Value = ""; VariantName = "[No Variations]"
Add component (AddParameter): Name = "Case Code (Metric)"; Value = ""; VariantName = "[No Variations]"
Add component (AddParameter): Name = "Case/Package"; Value = ""; VariantName = "[No Variations]"
Add component (AddParameter): Name = "Category"; Value = "Diode"; VariantName = "[No Variations]"
Add component (AddParameter): Name = "ComponentLink1Description"; Value = "Datasheet"; VariantName = "[No Variations]"
Add component (AddParameter): Name = "ComponentLink1URL"; Value = ""; VariantName = "[No Variations]"
Add component (AddParameter): Name = "ComponentLink2Description"; Value = "Where buy it"; VariantName = "[No Variations]"
Add component (AddParameter): Name = "ComponentLink2URL"; Value = ""; VariantName = "[No Variations]"
Add component (AddParameter): Name = "ComponentLink3Description"; Value = "https://datasheet.ciiva.com/30479/0900766b810e2512-30479401.pdf?src-supplier=RSComponents"; VariantName = "[No Variations]"
Add component (AddParameter): Name = "ComponentLink3URL"; Value = "https://datasheet.ciiva.com/30479/0900766b810e2512-30479401.pdf?src-supplier=RSComponents"; VariantName = "[No Variations]"
Add component (AddParameter): Name = "ComponentLink4Description"; Value = "https://datasheet.ciiva.com/34301/974753-34301826.pdf?src-supplier=Jameco"; VariantName = "[No Variations]"
Add component (AddParameter): Name = "ComponentLink4URL"; Value = "https://datasheet.ciiva.com/34301/974753-34301826.pdf?src-supplier=Jameco"; VariantName = "[No Variations]"
Add component (AddParameter): Name = "ComponentLink5Description"; Value = "https://datasheet.ciiva.com/910/mbr0530-910516.pdf?src-supplier=Digi-Key"; VariantName = "[No Variations]"
Add component (AddParameter): Name = "ComponentLink5URL"; Value = "https://datasheet.ciiva.com/910/mbr0530-910516.pdf?src-supplier=Digi-Key"; VariantName = "[No Variations]"
Add component (AddParameter): Name = "ComponentLink6Description"; Value = "https://datasheet.ciiva.com/25931/mbr0530-25931989.pdf?src-supplier=Avnet+Europe"; VariantName = "[No Variations]"
Add component (AddParameter): Name = "ComponentLink6URL"; Value = "https://datasheet.ciiva.com/25931/mbr0530-25931989.pdf?src-supplier=Avnet+Europe"; VariantName = "[No Variations]"
Add component (AddParameter): Name = "ComponentLink7Description"; Value = "https://datasheet.ciiva.com/8300/mbr0530-8300905.pdf?src-supplier=Avnet"; VariantName = "[No Variations]"
Add component (AddParameter): Name = "ComponentLink7URL"; Value = "https://datasheet.ciiva.com/8300/mbr0530-8300905.pdf?src-supplier=Avnet"; VariantName = "[No Variations]"
Add component (AddParameter): Name = "ComponentLink8Description"; Value = "https://datasheet.ciiva.com/17318/mbr0530-17318568.pdf?src-supplier=Future+Electronics"; VariantName = "[No Variations]"
Add component (AddParameter): Name = "ComponentLink8URL"; Value = "https://datasheet.ciiva.com/17318/mbr0530-17318568.pdf?src-supplier=Future+Electronics"; VariantName = "[No Variations]"
Add component (AddParameter): Name = "ComponentLink9Description"; Value = "https://datasheet.ciiva.com/15144/getdatasheetpartid-86760-15144598.pdf?src-supplier=Verical"; VariantName = "[No Variations]"
Add component (AddParameter): Name = "ComponentLink9URL"; Value = "https://datasheet.ciiva.com/15144/getdatasheetpartid-86760-15144598.pdf?src-supplier=Verical"; VariantName = "[No Variations]"
Add component (AddParameter): Name = "ComponentLink10Description"; Value = "https://datasheet.ciiva.com/910/mbr0530-910518.pdf?src-supplier=Digi-Key"; VariantName = "[No Variations]"
Add component (AddParameter): Name = "ComponentLink10URL"; Value = "https://datasheet.ciiva.com/910/mbr0530-910518.pdf?src-supplier=Digi-Key"; VariantName = "[No Variations]"
Add component (AddParameter): Name = "Contact Plating"; Value = "Tin,Matte"; VariantName = "[No Variations]"
Add component (AddParameter): Name = "Core Material"; Value = ""; VariantName = "[No Variations]"
Add component (AddParameter): Name = "Current"; Value = ""; VariantName = "[No Variations]"
Add component (AddParameter): Name = "Current Rating"; Value = "500mA"; VariantName = "[No Variations]"
Add component (AddParameter): Name = "DC Cold Resistance"; Value = ""; VariantName = "[No Variations]"
Add component (AddParameter): Name = "DC Current"; Value = ""; VariantName = "[No Variations]"
Add component (AddParameter): Name = "DC Resistance (DCR)"; Value = ""; VariantName = "[No Variations]"
Add component (AddParameter): Name = "Depth"; Value = ""; VariantName = "[No Variations]"
Add component (AddParameter): Name = "Design Item ID"; Value = "DSC-0.5/30-SOD123"; VariantName = "[No Variations]"
Add component (AddParameter): Name = "Element Configuration"; Value = "Single"; VariantName = "[No Variations]"
Add component (AddParameter): Name = "Forward Current"; Value = "500mA"; VariantName = "[No Variations]"
Add component (AddParameter): Name = "Forward Voltage"; Value = "430mV"; VariantName = "[No Variations]"
Add component (AddParameter): Name = "Fuse Current"; Value = ""; VariantName = "[No Variations]"
Add component (AddParameter): Name = "Fuse Type"; Value = ""; VariantName = "[No Variations]"
Add component (AddParameter): Name = "Height"; Value = "1.03mm"; VariantName = "[No Variations]"
Add component (AddParameter): Name = "Housing Material"; Value = ""; VariantName = "[No Variations]"
Add component (AddParameter): Name = "Impedance"; Value = ""; VariantName = "[No Variations]"
Add component (AddParameter): Name = "Inductance"; Value = ""; VariantName = "[No Variations]"
Add component (AddParameter): Name = "Inductance Tolerance"; Value = ""; VariantName = "[No Variations]"
Add component (AddParameter): Name = "Lead Diameter"; Value = ""; VariantName = "[No Variations]"
Add component (AddParameter): Name = "Lead Free"; Value = "Lead Free"; VariantName = "[No Variations]"
Add component (AddParameter): Name = "Lead Pitch"; Value = ""; VariantName = "[No Variations]"
Add component (AddParameter): Name = "Length"; Value = "2.7mm"; VariantName = "[No Variations]"
Add component (AddParameter): Name = "Manufacturer"; Value = ""; VariantName = "[No Variations]"
Add component (AddParameter): Name = "Manufacturer 1"; Value = ""; VariantName = "[No Variations]"
Add component (AddParameter): Name = "Manufacturer Part Number"; Value = ""; VariantName = "[No Variations]"
Add component (AddParameter): Name = "Manufacturer Part Number 1"; Value = ""; VariantName = "[No Variations]"
Add component (AddParameter): Name = "Material"; Value = ""; VariantName = "[No Variations]"
Add component (AddParameter): Name = "Max Current Rating"; Value = ""; VariantName = "[No Variations]"
Add component (AddParameter): Name = "Max DC Current"; Value = ""; VariantName = "[No Variations]"
Add component (AddParameter): Name = "Max Forward Surge Current (Ifsm)"; Value = "5.5A"; VariantName = "[No Variations]"
Add component (AddParameter): Name = "Max Operating Temperature"; Value = ""; VariantName = "[No Variations]"
Add component (AddParameter): Name = "Max Repetitive Reverse Voltage (Vrrm)"; Value = "30V"; VariantName = "[No Variations]"
Add component (AddParameter): Name = "Max Reverse Current"; Value = "130uA"; VariantName = "[No Variations]"
Add component (AddParameter): Name = "Max Reverse Leakage Current"; Value = "130uA"; VariantName = "[No Variations]"
Add component (AddParameter): Name = "Max Reverse Voltage (DC)"; Value = "30V"; VariantName = "[No Variations]"
Add component (AddParameter): Name = "Max Surge Current"; Value = "5.5A"; VariantName = "[No Variations]"
Add component (AddParameter): Name = "Min Operating Temperature"; Value = ""; VariantName = "[No Variations]"
Add component (AddParameter): Name = "Mount"; Value = "Surface Mount"; VariantName = "[No Variations]"
Add component (AddParameter): Name = "Number of Circuits"; Value = ""; VariantName = "[No Variations]"
Add component (AddParameter): Name = "Number of Lines"; Value = ""; VariantName = "[No Variations]"
Add component (AddParameter): Name = "Number of Pins"; Value = ""; VariantName = "[No Variations]"
Add component (AddParameter): Name = "Output Current"; Value = "500mA"; VariantName = "[No Variations]"
Add component (AddParameter): Name = "Package Quantity"; Value = "1"; VariantName = "[No Variations]"
Add component (AddParameter): Name = "Packaging"; Value = ""; VariantName = "[No Variations]"
Add component (AddParameter): Name = "Peak Non-Repetitive Surge Current"; Value = "5.5A"; VariantName = "[No Variations]"
Add component (AddParameter): Name = "Polarity"; Value = "Standard"; VariantName = "[No Variations]"
Add component (AddParameter): Name = "Pricing 1"; Value = "1=0,34400, 10=0,23900, 100=0,12200, 500=0,10000 (USD)"; VariantName = "[No Variations]"
Add component (AddParameter): Name = "Radiation Hardening"; Value = "No"; VariantName = "[No Variations]"
Add component (AddParameter): Name = "REACH SVHC"; Value = "No SVHC"; VariantName = "[No Variations]"
Add component (AddParameter): Name = "Resistance"; Value = ""; VariantName = "[No Variations]"
Add component (AddParameter): Name = "RoHS"; Value = ""; VariantName = "[No Variations]"
Add component (AddParameter): Name = "RoHS Compliant"; Value = "Yes"; VariantName = "[No Variations]"
Add component (AddParameter): Name = "Series"; Value = "-"; VariantName = "[No Variations]"
Add component (AddParameter): Name = "Source"; Value = "Filter components.SchLib"; VariantName = "[No Variations]"
Add component (AddParameter): Name = "Stock 1"; Value = "9"; VariantName = "[No Variations]"
Add component (AddParameter): Name = "Termination"; Value = ""; VariantName = "[No Variations]"
Add component (AddParameter): Name = "Test Frequency"; Value = ""; VariantName = "[No Variations]"
Add component (AddParameter): Name = "Tolerance"; Value = ""; VariantName = "[No Variations]"
Add component (AddParameter): Name = "Voltage Rating"; Value = ""; VariantName = "[No Variations]"
Add component (AddParameter): Name = "Voltage Rating (AC)"; Value = ""; VariantName = "[No Variations]"
Add component (AddParameter): Name = "Voltage Rating (DC)"; Value = "30V"; VariantName = "[No Variations]"
Add component (AddParameter): Name = "Weight"; Value = "0.03g"; VariantName = "[No Variations]"
Add component (AddParameter): Name = "Width"; Value = "1.6mm"; VariantName = "[No Variations]"
Added Component: Designator=D3_KCELL2(DSC-SOD123)
Add component (AddParameter): Name = ".Creator"; Value = "GP"; VariantName = "[No Variations]"
Add component (AddParameter): Name = ".PCBcheck"; Value = ""; VariantName = "[No Variations]"
Add component (AddParameter): Name = ".SCHcheck"; Value = ""; VariantName = "[No Variations]"
Add component (AddParameter): Name = "Approvals"; Value = ""; VariantName = "[No Variations]"
Add component (AddParameter): Name = "Average Rectified Current"; Value = "500mA"; VariantName = "[No Variations]"
Add component (AddParameter): Name = "Body Material"; Value = ""; VariantName = "[No Variations]"
Add component (AddParameter): Name = "Case Code (Imperial)"; Value = ""; VariantName = "[No Variations]"
Add component (AddParameter): Name = "Case Code (Metric)"; Value = ""; VariantName = "[No Variations]"
Add component (AddParameter): Name = "Case/Package"; Value = ""; VariantName = "[No Variations]"
Add component (AddParameter): Name = "Category"; Value = "Diode"; VariantName = "[No Variations]"
Add component (AddParameter): Name = "ComponentLink1Description"; Value = "Datasheet"; VariantName = "[No Variations]"
Add component (AddParameter): Name = "ComponentLink1URL"; Value = ""; VariantName = "[No Variations]"
Add component (AddParameter): Name = "ComponentLink2Description"; Value = "Where buy it"; VariantName = "[No Variations]"
Add component (AddParameter): Name = "ComponentLink2URL"; Value = ""; VariantName = "[No Variations]"
Add component (AddParameter): Name = "ComponentLink3Description"; Value = "https://datasheet.ciiva.com/30479/0900766b810e2512-30479401.pdf?src-supplier=RSComponents"; VariantName = "[No Variations]"
Add component (AddParameter): Name = "ComponentLink3URL"; Value = "https://datasheet.ciiva.com/30479/0900766b810e2512-30479401.pdf?src-supplier=RSComponents"; VariantName = "[No Variations]"
Add component (AddParameter): Name = "ComponentLink4Description"; Value = "https://datasheet.ciiva.com/34301/974753-34301826.pdf?src-supplier=Jameco"; VariantName = "[No Variations]"
Add component (AddParameter): Name = "ComponentLink4URL"; Value = "https://datasheet.ciiva.com/34301/974753-34301826.pdf?src-supplier=Jameco"; VariantName = "[No Variations]"
Add component (AddParameter): Name = "ComponentLink5Description"; Value = "https://datasheet.ciiva.com/910/mbr0530-910516.pdf?src-supplier=Digi-Key"; VariantName = "[No Variations]"
Add component (AddParameter): Name = "ComponentLink5URL"; Value = "https://datasheet.ciiva.com/910/mbr0530-910516.pdf?src-supplier=Digi-Key"; VariantName = "[No Variations]"
Add component (AddParameter): Name = "ComponentLink6Description"; Value = "https://datasheet.ciiva.com/25931/mbr0530-25931989.pdf?src-supplier=Avnet+Europe"; VariantName = "[No Variations]"
Add component (AddParameter): Name = "ComponentLink6URL"; Value = "https://datasheet.ciiva.com/25931/mbr0530-25931989.pdf?src-supplier=Avnet+Europe"; VariantName = "[No Variations]"
Add component (AddParameter): Name = "ComponentLink7Description"; Value = "https://datasheet.ciiva.com/8300/mbr0530-8300905.pdf?src-supplier=Avnet"; VariantName = "[No Variations]"
Add component (AddParameter): Name = "ComponentLink7URL"; Value = "https://datasheet.ciiva.com/8300/mbr0530-8300905.pdf?src-supplier=Avnet"; VariantName = "[No Variations]"
Add component (AddParameter): Name = "ComponentLink8Description"; Value = "https://datasheet.ciiva.com/17318/mbr0530-17318568.pdf?src-supplier=Future+Electronics"; VariantName = "[No Variations]"
Add component (AddParameter): Name = "ComponentLink8URL"; Value = "https://datasheet.ciiva.com/17318/mbr0530-17318568.pdf?src-supplier=Future+Electronics"; VariantName = "[No Variations]"
Add component (AddParameter): Name = "ComponentLink9Description"; Value = "https://datasheet.ciiva.com/15144/getdatasheetpartid-86760-15144598.pdf?src-supplier=Verical"; VariantName = "[No Variations]"
Add component (AddParameter): Name = "ComponentLink9URL"; Value = "https://datasheet.ciiva.com/15144/getdatasheetpartid-86760-15144598.pdf?src-supplier=Verical"; VariantName = "[No Variations]"
Add component (AddParameter): Name = "ComponentLink10Description"; Value = "https://datasheet.ciiva.com/910/mbr0530-910518.pdf?src-supplier=Digi-Key"; VariantName = "[No Variations]"
Add component (AddParameter): Name = "ComponentLink10URL"; Value = "https://datasheet.ciiva.com/910/mbr0530-910518.pdf?src-supplier=Digi-Key"; VariantName = "[No Variations]"
Add component (AddParameter): Name = "Contact Plating"; Value = "Tin,Matte"; VariantName = "[No Variations]"
Add component (AddParameter): Name = "Core Material"; Value = ""; VariantName = "[No Variations]"
Add component (AddParameter): Name = "Current"; Value = ""; VariantName = "[No Variations]"
Add component (AddParameter): Name = "Current Rating"; Value = "500mA"; VariantName = "[No Variations]"
Add component (AddParameter): Name = "DC Cold Resistance"; Value = ""; VariantName = "[No Variations]"
Add component (AddParameter): Name = "DC Current"; Value = ""; VariantName = "[No Variations]"
Add component (AddParameter): Name = "DC Resistance (DCR)"; Value = ""; VariantName = "[No Variations]"
Add component (AddParameter): Name = "Depth"; Value = ""; VariantName = "[No Variations]"
Add component (AddParameter): Name = "Design Item ID"; Value = "DSC-0.5/30-SOD123"; VariantName = "[No Variations]"
Add component (AddParameter): Name = "Element Configuration"; Value = "Single"; VariantName = "[No Variations]"
Add component (AddParameter): Name = "Forward Current"; Value = "500mA"; VariantName = "[No Variations]"
Add component (AddParameter): Name = "Forward Voltage"; Value = "430mV"; VariantName = "[No Variations]"
Add component (AddParameter): Name = "Fuse Current"; Value = ""; VariantName = "[No Variations]"
Add component (AddParameter): Name = "Fuse Type"; Value = ""; VariantName = "[No Variations]"
Add component (AddParameter): Name = "Height"; Value = "1.03mm"; VariantName = "[No Variations]"
Add component (AddParameter): Name = "Housing Material"; Value = ""; VariantName = "[No Variations]"
Add component (AddParameter): Name = "Impedance"; Value = ""; VariantName = "[No Variations]"
Add component (AddParameter): Name = "Inductance"; Value = ""; VariantName = "[No Variations]"
Add component (AddParameter): Name = "Inductance Tolerance"; Value = ""; VariantName = "[No Variations]"
Add component (AddParameter): Name = "Lead Diameter"; Value = ""; VariantName = "[No Variations]"
Add component (AddParameter): Name = "Lead Free"; Value = "Lead Free"; VariantName = "[No Variations]"
Add component (AddParameter): Name = "Lead Pitch"; Value = ""; VariantName = "[No Variations]"
Add component (AddParameter): Name = "Length"; Value = "2.7mm"; VariantName = "[No Variations]"
Add component (AddParameter): Name = "Manufacturer"; Value = ""; VariantName = "[No Variations]"
Add component (AddParameter): Name = "Manufacturer 1"; Value = ""; VariantName = "[No Variations]"
Add component (AddParameter): Name = "Manufacturer Part Number"; Value = ""; VariantName = "[No Variations]"
Add component (AddParameter): Name = "Manufacturer Part Number 1"; Value = ""; VariantName = "[No Variations]"
Add component (AddParameter): Name = "Material"; Value = ""; VariantName = "[No Variations]"
Add component (AddParameter): Name = "Max Current Rating"; Value = ""; VariantName = "[No Variations]"
Add component (AddParameter): Name = "Max DC Current"; Value = ""; VariantName = "[No Variations]"
Add component (AddParameter): Name = "Max Forward Surge Current (Ifsm)"; Value = "5.5A"; VariantName = "[No Variations]"
Add component (AddParameter): Name = "Max Operating Temperature"; Value = ""; VariantName = "[No Variations]"
Add component (AddParameter): Name = "Max Repetitive Reverse Voltage (Vrrm)"; Value = "30V"; VariantName = "[No Variations]"
Add component (AddParameter): Name = "Max Reverse Current"; Value = "130uA"; VariantName = "[No Variations]"
Add component (AddParameter): Name = "Max Reverse Leakage Current"; Value = "130uA"; VariantName = "[No Variations]"
Add component (AddParameter): Name = "Max Reverse Voltage (DC)"; Value = "30V"; VariantName = "[No Variations]"
Add component (AddParameter): Name = "Max Surge Current"; Value = "5.5A"; VariantName = "[No Variations]"
Add component (AddParameter): Name = "Min Operating Temperature"; Value = ""; VariantName = "[No Variations]"
Add component (AddParameter): Name = "Mount"; Value = "Surface Mount"; VariantName = "[No Variations]"
Add component (AddParameter): Name = "Number of Circuits"; Value = ""; VariantName = "[No Variations]"
Add component (AddParameter): Name = "Number of Lines"; Value = ""; VariantName = "[No Variations]"
Add component (AddParameter): Name = "Number of Pins"; Value = ""; VariantName = "[No Variations]"
Add component (AddParameter): Name = "Output Current"; Value = "500mA"; VariantName = "[No Variations]"
Add component (AddParameter): Name = "Package Quantity"; Value = "1"; VariantName = "[No Variations]"
Add component (AddParameter): Name = "Packaging"; Value = ""; VariantName = "[No Variations]"
Add component (AddParameter): Name = "Peak Non-Repetitive Surge Current"; Value = "5.5A"; VariantName = "[No Variations]"
Add component (AddParameter): Name = "Polarity"; Value = "Standard"; VariantName = "[No Variations]"
Add component (AddParameter): Name = "Pricing 1"; Value = "1=0,34400, 10=0,23900, 100=0,12200, 500=0,10000 (USD)"; VariantName = "[No Variations]"
Add component (AddParameter): Name = "Radiation Hardening"; Value = "No"; VariantName = "[No Variations]"
Add component (AddParameter): Name = "REACH SVHC"; Value = "No SVHC"; VariantName = "[No Variations]"
Add component (AddParameter): Name = "Resistance"; Value = ""; VariantName = "[No Variations]"
Add component (AddParameter): Name = "RoHS"; Value = ""; VariantName = "[No Variations]"
Add component (AddParameter): Name = "RoHS Compliant"; Value = "Yes"; VariantName = "[No Variations]"
Add component (AddParameter): Name = "Series"; Value = "-"; VariantName = "[No Variations]"
Add component (AddParameter): Name = "Source"; Value = "Filter components.SchLib"; VariantName = "[No Variations]"
Add component (AddParameter): Name = "Stock 1"; Value = "9"; VariantName = "[No Variations]"
Add component (AddParameter): Name = "Termination"; Value = ""; VariantName = "[No Variations]"
Add component (AddParameter): Name = "Test Frequency"; Value = ""; VariantName = "[No Variations]"
Add component (AddParameter): Name = "Tolerance"; Value = ""; VariantName = "[No Variations]"
Add component (AddParameter): Name = "Voltage Rating"; Value = ""; VariantName = "[No Variations]"
Add component (AddParameter): Name = "Voltage Rating (AC)"; Value = ""; VariantName = "[No Variations]"
Add component (AddParameter): Name = "Voltage Rating (DC)"; Value = "30V"; VariantName = "[No Variations]"
Add component (AddParameter): Name = "Weight"; Value = "0.03g"; VariantName = "[No Variations]"
Add component (AddParameter): Name = "Width"; Value = "1.6mm"; VariantName = "[No Variations]"
Added Component: Designator=D4_KCELL1(DSC-SOD123)
Add component (AddParameter): Name = ".Creator"; Value = "GP"; VariantName = "[No Variations]"
Add component (AddParameter): Name = ".PCBcheck"; Value = ""; VariantName = "[No Variations]"
Add component (AddParameter): Name = ".SCHcheck"; Value = ""; VariantName = "[No Variations]"
Add component (AddParameter): Name = "Approvals"; Value = ""; VariantName = "[No Variations]"
Add component (AddParameter): Name = "Average Rectified Current"; Value = "500mA"; VariantName = "[No Variations]"
Add component (AddParameter): Name = "Body Material"; Value = ""; VariantName = "[No Variations]"
Add component (AddParameter): Name = "Case Code (Imperial)"; Value = ""; VariantName = "[No Variations]"
Add component (AddParameter): Name = "Case Code (Metric)"; Value = ""; VariantName = "[No Variations]"
Add component (AddParameter): Name = "Case/Package"; Value = ""; VariantName = "[No Variations]"
Add component (AddParameter): Name = "Category"; Value = "Diode"; VariantName = "[No Variations]"
Add component (AddParameter): Name = "ComponentLink1Description"; Value = "Datasheet"; VariantName = "[No Variations]"
Add component (AddParameter): Name = "ComponentLink1URL"; Value = ""; VariantName = "[No Variations]"
Add component (AddParameter): Name = "ComponentLink2Description"; Value = "Where buy it"; VariantName = "[No Variations]"
Add component (AddParameter): Name = "ComponentLink2URL"; Value = ""; VariantName = "[No Variations]"
Add component (AddParameter): Name = "ComponentLink3Description"; Value = "https://datasheet.ciiva.com/30479/0900766b810e2512-30479401.pdf?src-supplier=RSComponents"; VariantName = "[No Variations]"
Add component (AddParameter): Name = "ComponentLink3URL"; Value = "https://datasheet.ciiva.com/30479/0900766b810e2512-30479401.pdf?src-supplier=RSComponents"; VariantName = "[No Variations]"
Add component (AddParameter): Name = "ComponentLink4Description"; Value = "https://datasheet.ciiva.com/34301/974753-34301826.pdf?src-supplier=Jameco"; VariantName = "[No Variations]"
Add component (AddParameter): Name = "ComponentLink4URL"; Value = "https://datasheet.ciiva.com/34301/974753-34301826.pdf?src-supplier=Jameco"; VariantName = "[No Variations]"
Add component (AddParameter): Name = "ComponentLink5Description"; Value = "https://datasheet.ciiva.com/910/mbr0530-910516.pdf?src-supplier=Digi-Key"; VariantName = "[No Variations]"
Add component (AddParameter): Name = "ComponentLink5URL"; Value = "https://datasheet.ciiva.com/910/mbr0530-910516.pdf?src-supplier=Digi-Key"; VariantName = "[No Variations]"
Add component (AddParameter): Name = "ComponentLink6Description"; Value = "https://datasheet.ciiva.com/25931/mbr0530-25931989.pdf?src-supplier=Avnet+Europe"; VariantName = "[No Variations]"
Add component (AddParameter): Name = "ComponentLink6URL"; Value = "https://datasheet.ciiva.com/25931/mbr0530-25931989.pdf?src-supplier=Avnet+Europe"; VariantName = "[No Variations]"
Add component (AddParameter): Name = "ComponentLink7Description"; Value = "https://datasheet.ciiva.com/8300/mbr0530-8300905.pdf?src-supplier=Avnet"; VariantName = "[No Variations]"
Add component (AddParameter): Name = "ComponentLink7URL"; Value = "https://datasheet.ciiva.com/8300/mbr0530-8300905.pdf?src-supplier=Avnet"; VariantName = "[No Variations]"
Add component (AddParameter): Name = "ComponentLink8Description"; Value = "https://datasheet.ciiva.com/17318/mbr0530-17318568.pdf?src-supplier=Future+Electronics"; VariantName = "[No Variations]"
Add component (AddParameter): Name = "ComponentLink8URL"; Value = "https://datasheet.ciiva.com/17318/mbr0530-17318568.pdf?src-supplier=Future+Electronics"; VariantName = "[No Variations]"
Add component (AddParameter): Name = "ComponentLink9Description"; Value = "https://datasheet.ciiva.com/15144/getdatasheetpartid-86760-15144598.pdf?src-supplier=Verical"; VariantName = "[No Variations]"
Add component (AddParameter): Name = "ComponentLink9URL"; Value = "https://datasheet.ciiva.com/15144/getdatasheetpartid-86760-15144598.pdf?src-supplier=Verical"; VariantName = "[No Variations]"
Add component (AddParameter): Name = "ComponentLink10Description"; Value = "https://datasheet.ciiva.com/910/mbr0530-910518.pdf?src-supplier=Digi-Key"; VariantName = "[No Variations]"
Add component (AddParameter): Name = "ComponentLink10URL"; Value = "https://datasheet.ciiva.com/910/mbr0530-910518.pdf?src-supplier=Digi-Key"; VariantName = "[No Variations]"
Add component (AddParameter): Name = "Contact Plating"; Value = "Tin,Matte"; VariantName = "[No Variations]"
Add component (AddParameter): Name = "Core Material"; Value = ""; VariantName = "[No Variations]"
Add component (AddParameter): Name = "Current"; Value = ""; VariantName = "[No Variations]"
Add component (AddParameter): Name = "Current Rating"; Value = "500mA"; VariantName = "[No Variations]"
Add component (AddParameter): Name = "DC Cold Resistance"; Value = ""; VariantName = "[No Variations]"
Add component (AddParameter): Name = "DC Current"; Value = ""; VariantName = "[No Variations]"
Add component (AddParameter): Name = "DC Resistance (DCR)"; Value = ""; VariantName = "[No Variations]"
Add component (AddParameter): Name = "Depth"; Value = ""; VariantName = "[No Variations]"
Add component (AddParameter): Name = "Design Item ID"; Value = "DSC-0.5/30-SOD123"; VariantName = "[No Variations]"
Add component (AddParameter): Name = "Element Configuration"; Value = "Single"; VariantName = "[No Variations]"
Add component (AddParameter): Name = "Forward Current"; Value = "500mA"; VariantName = "[No Variations]"
Add component (AddParameter): Name = "Forward Voltage"; Value = "430mV"; VariantName = "[No Variations]"
Add component (AddParameter): Name = "Fuse Current"; Value = ""; VariantName = "[No Variations]"
Add component (AddParameter): Name = "Fuse Type"; Value = ""; VariantName = "[No Variations]"
Add component (AddParameter): Name = "Height"; Value = "1.03mm"; VariantName = "[No Variations]"
Add component (AddParameter): Name = "Housing Material"; Value = ""; VariantName = "[No Variations]"
Add component (AddParameter): Name = "Impedance"; Value = ""; VariantName = "[No Variations]"
Add component (AddParameter): Name = "Inductance"; Value = ""; VariantName = "[No Variations]"
Add component (AddParameter): Name = "Inductance Tolerance"; Value = ""; VariantName = "[No Variations]"
Add component (AddParameter): Name = "Lead Diameter"; Value = ""; VariantName = "[No Variations]"
Add component (AddParameter): Name = "Lead Free"; Value = "Lead Free"; VariantName = "[No Variations]"
Add component (AddParameter): Name = "Lead Pitch"; Value = ""; VariantName = "[No Variations]"
Add component (AddParameter): Name = "Length"; Value = "2.7mm"; VariantName = "[No Variations]"
Add component (AddParameter): Name = "Manufacturer"; Value = ""; VariantName = "[No Variations]"
Add component (AddParameter): Name = "Manufacturer 1"; Value = ""; VariantName = "[No Variations]"
Add component (AddParameter): Name = "Manufacturer Part Number"; Value = ""; VariantName = "[No Variations]"
Add component (AddParameter): Name = "Manufacturer Part Number 1"; Value = ""; VariantName = "[No Variations]"
Add component (AddParameter): Name = "Material"; Value = ""; VariantName = "[No Variations]"
Add component (AddParameter): Name = "Max Current Rating"; Value = ""; VariantName = "[No Variations]"
Add component (AddParameter): Name = "Max DC Current"; Value = ""; VariantName = "[No Variations]"
Add component (AddParameter): Name = "Max Forward Surge Current (Ifsm)"; Value = "5.5A"; VariantName = "[No Variations]"
Add component (AddParameter): Name = "Max Operating Temperature"; Value = ""; VariantName = "[No Variations]"
Add component (AddParameter): Name = "Max Repetitive Reverse Voltage (Vrrm)"; Value = "30V"; VariantName = "[No Variations]"
Add component (AddParameter): Name = "Max Reverse Current"; Value = "130uA"; VariantName = "[No Variations]"
Add component (AddParameter): Name = "Max Reverse Leakage Current"; Value = "130uA"; VariantName = "[No Variations]"
Add component (AddParameter): Name = "Max Reverse Voltage (DC)"; Value = "30V"; VariantName = "[No Variations]"
Add component (AddParameter): Name = "Max Surge Current"; Value = "5.5A"; VariantName = "[No Variations]"
Add component (AddParameter): Name = "Min Operating Temperature"; Value = ""; VariantName = "[No Variations]"
Add component (AddParameter): Name = "Mount"; Value = "Surface Mount"; VariantName = "[No Variations]"
Add component (AddParameter): Name = "Number of Circuits"; Value = ""; VariantName = "[No Variations]"
Add component (AddParameter): Name = "Number of Lines"; Value = ""; VariantName = "[No Variations]"
Add component (AddParameter): Name = "Number of Pins"; Value = ""; VariantName = "[No Variations]"
Add component (AddParameter): Name = "Output Current"; Value = "500mA"; VariantName = "[No Variations]"
Add component (AddParameter): Name = "Package Quantity"; Value = "1"; VariantName = "[No Variations]"
Add component (AddParameter): Name = "Packaging"; Value = ""; VariantName = "[No Variations]"
Add component (AddParameter): Name = "Peak Non-Repetitive Surge Current"; Value = "5.5A"; VariantName = "[No Variations]"
Add component (AddParameter): Name = "Polarity"; Value = "Standard"; VariantName = "[No Variations]"
Add component (AddParameter): Name = "Pricing 1"; Value = "1=0,34400, 10=0,23900, 100=0,12200, 500=0,10000 (USD)"; VariantName = "[No Variations]"
Add component (AddParameter): Name = "Radiation Hardening"; Value = "No"; VariantName = "[No Variations]"
Add component (AddParameter): Name = "REACH SVHC"; Value = "No SVHC"; VariantName = "[No Variations]"
Add component (AddParameter): Name = "Resistance"; Value = ""; VariantName = "[No Variations]"
Add component (AddParameter): Name = "RoHS"; Value = ""; VariantName = "[No Variations]"
Add component (AddParameter): Name = "RoHS Compliant"; Value = "Yes"; VariantName = "[No Variations]"
Add component (AddParameter): Name = "Series"; Value = "-"; VariantName = "[No Variations]"
Add component (AddParameter): Name = "Source"; Value = "Filter components.SchLib"; VariantName = "[No Variations]"
Add component (AddParameter): Name = "Stock 1"; Value = "9"; VariantName = "[No Variations]"
Add component (AddParameter): Name = "Termination"; Value = ""; VariantName = "[No Variations]"
Add component (AddParameter): Name = "Test Frequency"; Value = ""; VariantName = "[No Variations]"
Add component (AddParameter): Name = "Tolerance"; Value = ""; VariantName = "[No Variations]"
Add component (AddParameter): Name = "Voltage Rating"; Value = ""; VariantName = "[No Variations]"
Add component (AddParameter): Name = "Voltage Rating (AC)"; Value = ""; VariantName = "[No Variations]"
Add component (AddParameter): Name = "Voltage Rating (DC)"; Value = "30V"; VariantName = "[No Variations]"
Add component (AddParameter): Name = "Weight"; Value = "0.03g"; VariantName = "[No Variations]"
Add component (AddParameter): Name = "Width"; Value = "1.6mm"; VariantName = "[No Variations]"
Added Component: Designator=D4_KCELL2(DSC-SOD123)
Add component (AddParameter): Name = ".Creator"; Value = "GP"; VariantName = "[No Variations]"
Add component (AddParameter): Name = ".PCBcheck"; Value = ""; VariantName = "[No Variations]"
Add component (AddParameter): Name = ".SCHcheck"; Value = ""; VariantName = "[No Variations]"
Add component (AddParameter): Name = "Approvals"; Value = ""; VariantName = "[No Variations]"
Add component (AddParameter): Name = "Average Rectified Current"; Value = "500mA"; VariantName = "[No Variations]"
Add component (AddParameter): Name = "Body Material"; Value = ""; VariantName = "[No Variations]"
Add component (AddParameter): Name = "Case Code (Imperial)"; Value = ""; VariantName = "[No Variations]"
Add component (AddParameter): Name = "Case Code (Metric)"; Value = ""; VariantName = "[No Variations]"
Add component (AddParameter): Name = "Case/Package"; Value = ""; VariantName = "[No Variations]"
Add component (AddParameter): Name = "Category"; Value = "Diode"; VariantName = "[No Variations]"
Add component (AddParameter): Name = "ComponentLink1Description"; Value = "Datasheet"; VariantName = "[No Variations]"
Add component (AddParameter): Name = "ComponentLink1URL"; Value = ""; VariantName = "[No Variations]"
Add component (AddParameter): Name = "ComponentLink2Description"; Value = "Where buy it"; VariantName = "[No Variations]"
Add component (AddParameter): Name = "ComponentLink2URL"; Value = ""; VariantName = "[No Variations]"
Add component (AddParameter): Name = "ComponentLink3Description"; Value = "https://datasheet.ciiva.com/30479/0900766b810e2512-30479401.pdf?src-supplier=RSComponents"; VariantName = "[No Variations]"
Add component (AddParameter): Name = "ComponentLink3URL"; Value = "https://datasheet.ciiva.com/30479/0900766b810e2512-30479401.pdf?src-supplier=RSComponents"; VariantName = "[No Variations]"
Add component (AddParameter): Name = "ComponentLink4Description"; Value = "https://datasheet.ciiva.com/34301/974753-34301826.pdf?src-supplier=Jameco"; VariantName = "[No Variations]"
Add component (AddParameter): Name = "ComponentLink4URL"; Value = "https://datasheet.ciiva.com/34301/974753-34301826.pdf?src-supplier=Jameco"; VariantName = "[No Variations]"
Add component (AddParameter): Name = "ComponentLink5Description"; Value = "https://datasheet.ciiva.com/910/mbr0530-910516.pdf?src-supplier=Digi-Key"; VariantName = "[No Variations]"
Add component (AddParameter): Name = "ComponentLink5URL"; Value = "https://datasheet.ciiva.com/910/mbr0530-910516.pdf?src-supplier=Digi-Key"; VariantName = "[No Variations]"
Add component (AddParameter): Name = "ComponentLink6Description"; Value = "https://datasheet.ciiva.com/25931/mbr0530-25931989.pdf?src-supplier=Avnet+Europe"; VariantName = "[No Variations]"
Add component (AddParameter): Name = "ComponentLink6URL"; Value = "https://datasheet.ciiva.com/25931/mbr0530-25931989.pdf?src-supplier=Avnet+Europe"; VariantName = "[No Variations]"
Add component (AddParameter): Name = "ComponentLink7Description"; Value = "https://datasheet.ciiva.com/8300/mbr0530-8300905.pdf?src-supplier=Avnet"; VariantName = "[No Variations]"
Add component (AddParameter): Name = "ComponentLink7URL"; Value = "https://datasheet.ciiva.com/8300/mbr0530-8300905.pdf?src-supplier=Avnet"; VariantName = "[No Variations]"
Add component (AddParameter): Name = "ComponentLink8Description"; Value = "https://datasheet.ciiva.com/17318/mbr0530-17318568.pdf?src-supplier=Future+Electronics"; VariantName = "[No Variations]"
Add component (AddParameter): Name = "ComponentLink8URL"; Value = "https://datasheet.ciiva.com/17318/mbr0530-17318568.pdf?src-supplier=Future+Electronics"; VariantName = "[No Variations]"
Add component (AddParameter): Name = "ComponentLink9Description"; Value = "https://datasheet.ciiva.com/15144/getdatasheetpartid-86760-15144598.pdf?src-supplier=Verical"; VariantName = "[No Variations]"
Add component (AddParameter): Name = "ComponentLink9URL"; Value = "https://datasheet.ciiva.com/15144/getdatasheetpartid-86760-15144598.pdf?src-supplier=Verical"; VariantName = "[No Variations]"
Add component (AddParameter): Name = "ComponentLink10Description"; Value = "https://datasheet.ciiva.com/910/mbr0530-910518.pdf?src-supplier=Digi-Key"; VariantName = "[No Variations]"
Add component (AddParameter): Name = "ComponentLink10URL"; Value = "https://datasheet.ciiva.com/910/mbr0530-910518.pdf?src-supplier=Digi-Key"; VariantName = "[No Variations]"
Add component (AddParameter): Name = "Contact Plating"; Value = "Tin,Matte"; VariantName = "[No Variations]"
Add component (AddParameter): Name = "Core Material"; Value = ""; VariantName = "[No Variations]"
Add component (AddParameter): Name = "Current"; Value = ""; VariantName = "[No Variations]"
Add component (AddParameter): Name = "Current Rating"; Value = "500mA"; VariantName = "[No Variations]"
Add component (AddParameter): Name = "DC Cold Resistance"; Value = ""; VariantName = "[No Variations]"
Add component (AddParameter): Name = "DC Current"; Value = ""; VariantName = "[No Variations]"
Add component (AddParameter): Name = "DC Resistance (DCR)"; Value = ""; VariantName = "[No Variations]"
Add component (AddParameter): Name = "Depth"; Value = ""; VariantName = "[No Variations]"
Add component (AddParameter): Name = "Design Item ID"; Value = "DSC-0.5/30-SOD123"; VariantName = "[No Variations]"
Add component (AddParameter): Name = "Element Configuration"; Value = "Single"; VariantName = "[No Variations]"
Add component (AddParameter): Name = "Forward Current"; Value = "500mA"; VariantName = "[No Variations]"
Add component (AddParameter): Name = "Forward Voltage"; Value = "430mV"; VariantName = "[No Variations]"
Add component (AddParameter): Name = "Fuse Current"; Value = ""; VariantName = "[No Variations]"
Add component (AddParameter): Name = "Fuse Type"; Value = ""; VariantName = "[No Variations]"
Add component (AddParameter): Name = "Height"; Value = "1.03mm"; VariantName = "[No Variations]"
Add component (AddParameter): Name = "Housing Material"; Value = ""; VariantName = "[No Variations]"
Add component (AddParameter): Name = "Impedance"; Value = ""; VariantName = "[No Variations]"
Add component (AddParameter): Name = "Inductance"; Value = ""; VariantName = "[No Variations]"
Add component (AddParameter): Name = "Inductance Tolerance"; Value = ""; VariantName = "[No Variations]"
Add component (AddParameter): Name = "Lead Diameter"; Value = ""; VariantName = "[No Variations]"
Add component (AddParameter): Name = "Lead Free"; Value = "Lead Free"; VariantName = "[No Variations]"
Add component (AddParameter): Name = "Lead Pitch"; Value = ""; VariantName = "[No Variations]"
Add component (AddParameter): Name = "Length"; Value = "2.7mm"; VariantName = "[No Variations]"
Add component (AddParameter): Name = "Manufacturer"; Value = ""; VariantName = "[No Variations]"
Add component (AddParameter): Name = "Manufacturer 1"; Value = ""; VariantName = "[No Variations]"
Add component (AddParameter): Name = "Manufacturer Part Number"; Value = ""; VariantName = "[No Variations]"
Add component (AddParameter): Name = "Manufacturer Part Number 1"; Value = ""; VariantName = "[No Variations]"
Add component (AddParameter): Name = "Material"; Value = ""; VariantName = "[No Variations]"
Add component (AddParameter): Name = "Max Current Rating"; Value = ""; VariantName = "[No Variations]"
Add component (AddParameter): Name = "Max DC Current"; Value = ""; VariantName = "[No Variations]"
Add component (AddParameter): Name = "Max Forward Surge Current (Ifsm)"; Value = "5.5A"; VariantName = "[No Variations]"
Add component (AddParameter): Name = "Max Operating Temperature"; Value = ""; VariantName = "[No Variations]"
Add component (AddParameter): Name = "Max Repetitive Reverse Voltage (Vrrm)"; Value = "30V"; VariantName = "[No Variations]"
Add component (AddParameter): Name = "Max Reverse Current"; Value = "130uA"; VariantName = "[No Variations]"
Add component (AddParameter): Name = "Max Reverse Leakage Current"; Value = "130uA"; VariantName = "[No Variations]"
Add component (AddParameter): Name = "Max Reverse Voltage (DC)"; Value = "30V"; VariantName = "[No Variations]"
Add component (AddParameter): Name = "Max Surge Current"; Value = "5.5A"; VariantName = "[No Variations]"
Add component (AddParameter): Name = "Min Operating Temperature"; Value = ""; VariantName = "[No Variations]"
Add component (AddParameter): Name = "Mount"; Value = "Surface Mount"; VariantName = "[No Variations]"
Add component (AddParameter): Name = "Number of Circuits"; Value = ""; VariantName = "[No Variations]"
Add component (AddParameter): Name = "Number of Lines"; Value = ""; VariantName = "[No Variations]"
Add component (AddParameter): Name = "Number of Pins"; Value = ""; VariantName = "[No Variations]"
Add component (AddParameter): Name = "Output Current"; Value = "500mA"; VariantName = "[No Variations]"
Add component (AddParameter): Name = "Package Quantity"; Value = "1"; VariantName = "[No Variations]"
Add component (AddParameter): Name = "Packaging"; Value = ""; VariantName = "[No Variations]"
Add component (AddParameter): Name = "Peak Non-Repetitive Surge Current"; Value = "5.5A"; VariantName = "[No Variations]"
Add component (AddParameter): Name = "Polarity"; Value = "Standard"; VariantName = "[No Variations]"
Add component (AddParameter): Name = "Pricing 1"; Value = "1=0,34400, 10=0,23900, 100=0,12200, 500=0,10000 (USD)"; VariantName = "[No Variations]"
Add component (AddParameter): Name = "Radiation Hardening"; Value = "No"; VariantName = "[No Variations]"
Add component (AddParameter): Name = "REACH SVHC"; Value = "No SVHC"; VariantName = "[No Variations]"
Add component (AddParameter): Name = "Resistance"; Value = ""; VariantName = "[No Variations]"
Add component (AddParameter): Name = "RoHS"; Value = ""; VariantName = "[No Variations]"
Add component (AddParameter): Name = "RoHS Compliant"; Value = "Yes"; VariantName = "[No Variations]"
Add component (AddParameter): Name = "Series"; Value = "-"; VariantName = "[No Variations]"
Add component (AddParameter): Name = "Source"; Value = "Filter components.SchLib"; VariantName = "[No Variations]"
Add component (AddParameter): Name = "Stock 1"; Value = "9"; VariantName = "[No Variations]"
Add component (AddParameter): Name = "Termination"; Value = ""; VariantName = "[No Variations]"
Add component (AddParameter): Name = "Test Frequency"; Value = ""; VariantName = "[No Variations]"
Add component (AddParameter): Name = "Tolerance"; Value = ""; VariantName = "[No Variations]"
Add component (AddParameter): Name = "Voltage Rating"; Value = ""; VariantName = "[No Variations]"
Add component (AddParameter): Name = "Voltage Rating (AC)"; Value = ""; VariantName = "[No Variations]"
Add component (AddParameter): Name = "Voltage Rating (DC)"; Value = "30V"; VariantName = "[No Variations]"
Add component (AddParameter): Name = "Weight"; Value = "0.03g"; VariantName = "[No Variations]"
Add component (AddParameter): Name = "Width"; Value = "1.6mm"; VariantName = "[No Variations]"
Added Component: Designator=D10(LED_0805_WE)
Add component (AddParameter): Name = ".Creator"; Value = "GP"; VariantName = "[No Variations]"
Add component (AddParameter): Name = ".PCBcheck"; Value = ""; VariantName = "[No Variations]"
Add component (AddParameter): Name = ".SCHcheck"; Value = ""; VariantName = "[No Variations]"
Add component (AddParameter): Name = "Accuracy"; Value = ""; VariantName = "[No Variations]"
Add component (AddParameter): Name = "Case Code (Imperial)"; Value = "0805"; VariantName = "[No Variations]"
Add component (AddParameter): Name = "Case Code (Metric)"; Value = "2012"; VariantName = "[No Variations]"
Add component (AddParameter): Name = "Case/Package"; Value = "0805"; VariantName = "[No Variations]"
Add component (AddParameter): Name = "Category"; Value = "LEDs"; VariantName = "[No Variations]"
Add component (AddParameter): Name = "Collector Base Voltage (VCBO)"; Value = ""; VariantName = "[No Variations]"
Add component (AddParameter): Name = "Collector Emitter Breakdown Voltage"; Value = ""; VariantName = "[No Variations]"
Add component (AddParameter): Name = "Collector Emitter Saturation Voltage"; Value = ""; VariantName = "[No Variations]"
Add component (AddParameter): Name = "Collector Emitter Voltage (VCEO)"; Value = ""; VariantName = "[No Variations]"
Add component (AddParameter): Name = "Collector-emitter Voltage-Max"; Value = ""; VariantName = "[No Variations]"
Add component (AddParameter): Name = "Color"; Value = "Blue"; VariantName = "[No Variations]"
Add component (AddParameter): Name = "ComponentLink1Description"; Value = "Datasheet"; VariantName = "[No Variations]"
Add component (AddParameter): Name = "ComponentLink1URL"; Value = "https://www.we-online.com/catalog/datasheet/150080BS75000.pdf"; VariantName = "[No Variations]"
Add component (AddParameter): Name = "ComponentLink2Description"; Value = "Where buy it"; VariantName = "[No Variations]"
Add component (AddParameter): Name = "ComponentLink2URL"; Value = "https://katalog.we-online.de/en/led/WL-SMCW/150080BS75000"; VariantName = "[No Variations]"
Add component (AddParameter): Name = "ComponentLink3Description"; Value = "https://datasheet.ciiva.com/23843/150080bs75000-23843251.pdf?src-supplier=Newark"; VariantName = "[No Variations]"
Add component (AddParameter): Name = "ComponentLink3URL"; Value = "https://datasheet.ciiva.com/23843/150080bs75000-23843251.pdf?src-supplier=Newark"; VariantName = "[No Variations]"
Add component (AddParameter): Name = "ComponentLink4Description"; Value = "https://datasheet.ciiva.com/22656/1740214-22656954.pdf?src-supplier=Element14"; VariantName = "[No Variations]"
Add component (AddParameter): Name = "ComponentLink4URL"; Value = "https://datasheet.ciiva.com/22656/1740214-22656954.pdf?src-supplier=Element14"; VariantName = "[No Variations]"
Add component (AddParameter): Name = "ComponentLink5Description"; Value = "https://datasheet.ciiva.com/29279/759433-da-01-en-chipled-0805-w-kl-blau-150080bs75000-29279203.pdf?src-supplier=Conrad"; VariantName = "[No Variations]"
Add component (AddParameter): Name = "ComponentLink5URL"; Value = "https://datasheet.ciiva.com/29279/759433-da-01-en-chipled-0805-w-kl-blau-150080bs75000-29279203.pdf?src-supplier=Conrad"; VariantName = "[No Variations]"
Add component (AddParameter): Name = "ComponentLink6Description"; Value = "https://datasheet.ciiva.com/29562/150080bs75000-29562922.pdf?src-supplier=Digi-Key"; VariantName = "[No Variations]"
Add component (AddParameter): Name = "ComponentLink6URL"; Value = "https://datasheet.ciiva.com/29562/150080bs75000-29562922.pdf?src-supplier=Digi-Key"; VariantName = "[No Variations]"
Add component (AddParameter): Name = "ComponentLink7Description"; Value = "https://datasheet.ciiva.com/29562/150080bs75000-29562923.pdf?src-supplier=Digi-Key"; VariantName = "[No Variations]"
Add component (AddParameter): Name = "ComponentLink7URL"; Value = "https://datasheet.ciiva.com/29562/150080bs75000-29562923.pdf?src-supplier=Digi-Key"; VariantName = "[No Variations]"
Add component (AddParameter): Name = "Contact Plating"; Value = ""; VariantName = "[No Variations]"
Add component (AddParameter): Name = "Continuous Collector Current"; Value = ""; VariantName = "[No Variations]"
Add component (AddParameter): Name = "Continuous Drain Current (ID)"; Value = ""; VariantName = "[No Variations]"
Add component (AddParameter): Name = "Current Rating"; Value = ""; VariantName = "[No Variations]"
Add component (AddParameter): Name = "Design Item ID"; Value = "LEDBS-0805-145"; VariantName = "[No Variations]"
Add component (AddParameter): Name = "Dominant Wavelength"; Value = "470nm"; VariantName = "[No Variations]"
Add component (AddParameter): Name = "Drain to Source Breakdown Voltage"; Value = ""; VariantName = "[No Variations]"
Add component (AddParameter): Name = "Drain to Source Resistance"; Value = ""; VariantName = "[No Variations]"
Add component (AddParameter): Name = "Drain to Source Voltage (Vdss)"; Value = ""; VariantName = "[No Variations]"
Add component (AddParameter): Name = "Dropout Voltage"; Value = ""; VariantName = "[No Variations]"
Add component (AddParameter): Name = "Element Configuration"; Value = ""; VariantName = "[No Variations]"
Add component (AddParameter): Name = "Emitter Base Voltage (VEBO)"; Value = ""; VariantName = "[No Variations]"
Add component (AddParameter): Name = "Fall Time"; Value = ""; VariantName = "[No Variations]"
Add component (AddParameter): Name = "Forward Current"; Value = "30mA"; VariantName = "[No Variations]"
Add component (AddParameter): Name = "Forward Voltage"; Value = "3.2V"; VariantName = "[No Variations]"
Add component (AddParameter): Name = "Frequency"; Value = ""; VariantName = "[No Variations]"
Add component (AddParameter): Name = "Gain"; Value = ""; VariantName = "[No Variations]"
Add component (AddParameter): Name = "Gain Bandwidth Product"; Value = ""; VariantName = "[No Variations]"
Add component (AddParameter): Name = "Gate to Source Voltage (Vgs)"; Value = ""; VariantName = "[No Variations]"
Add component (AddParameter): Name = "Halogen Free"; Value = ""; VariantName = "[No Variations]"
Add component (AddParameter): Name = "Height"; Value = "0.7mm"; VariantName = "[No Variations]"
Add component (AddParameter): Name = "hFE Min"; Value = ""; VariantName = "[No Variations]"
Add component (AddParameter): Name = "Ic max"; Value = ""; VariantName = "[No Variations]"
Add component (AddParameter): Name = "Input Capacitance"; Value = ""; VariantName = "[No Variations]"
Add component (AddParameter): Name = "Lead Free"; Value = "Lead Free"; VariantName = "[No Variations]"
Add component (AddParameter): Name = "Length"; Value = "2mm"; VariantName = "[No Variations]"
Add component (AddParameter): Name = "Lens Color"; Value = ""; VariantName = "[No Variations]"
Add component (AddParameter): Name = "Lens Style"; Value = "Clear,Rectangular"; VariantName = "[No Variations]"
Add component (AddParameter): Name = "Lens Transparency"; Value = ""; VariantName = "[No Variations]"
Add component (AddParameter): Name = "Luminous Flux"; Value = ""; VariantName = "[No Variations]"
Add component (AddParameter): Name = "Luminous Intensity"; Value = "145mcd"; VariantName = "[No Variations]"
Add component (AddParameter): Name = "Manufacturer"; Value = ""; VariantName = "[No Variations]"
Add component (AddParameter): Name = "Manufacturer 1"; Value = "Wurth Electronics"; VariantName = "[No Variations]"
Add component (AddParameter): Name = "Manufacturer Part Number"; Value = ""; VariantName = "[No Variations]"
Add component (AddParameter): Name = "Manufacturer Part Number 1"; Value = "150080BS75000"; VariantName = "[No Variations]"
Add component (AddParameter): Name = "Max Breakdown Voltage"; Value = ""; VariantName = "[No Variations]"
Add component (AddParameter): Name = "Max Collector Current"; Value = ""; VariantName = "[No Variations]"
Add component (AddParameter): Name = "Max Current Rating"; Value = ""; VariantName = "[No Variations]"
Add component (AddParameter): Name = "Max Dual Supply Voltage"; Value = ""; VariantName = "[No Variations]"
Add component (AddParameter): Name = "Max Frequency"; Value = ""; VariantName = "[No Variations]"
Add component (AddParameter): Name = "Max Gain"; Value = ""; VariantName = "[No Variations]"
Add component (AddParameter): Name = "Max Input Voltage"; Value = ""; VariantName = "[No Variations]"
Add component (AddParameter): Name = "Max Operating Temperature"; Value = "85°C"; VariantName = "[No Variations]"
Add component (AddParameter): Name = "Max Output Current"; Value = ""; VariantName = "[No Variations]"
Add component (AddParameter): Name = "Max Power Dissipation"; Value = ""; VariantName = "[No Variations]"
Add component (AddParameter): Name = "Max Supply Voltage"; Value = ""; VariantName = "[No Variations]"
Add component (AddParameter): Name = "Maximum current collector"; Value = ""; VariantName = "[No Variations]"
Add component (AddParameter): Name = "Min Current Limit"; Value = ""; VariantName = "[No Variations]"
Add component (AddParameter): Name = "Min Input Voltage"; Value = ""; VariantName = "[No Variations]"
Add component (AddParameter): Name = "Min Operating Temperature"; Value = "-40°C"; VariantName = "[No Variations]"
Add component (AddParameter): Name = "Min Supply Voltage"; Value = ""; VariantName = "[No Variations]"
Add component (AddParameter): Name = "Mount"; Value = "Surface Mount"; VariantName = "[No Variations]"
Add component (AddParameter): Name = "Nominal Output Voltage"; Value = ""; VariantName = "[No Variations]"
Add component (AddParameter): Name = "Number of Elements"; Value = ""; VariantName = "[No Variations]"
Add component (AddParameter): Name = "Number of Outputs"; Value = ""; VariantName = "[No Variations]"
Add component (AddParameter): Name = "Number of Pins"; Value = ""; VariantName = "[No Variations]"
Add component (AddParameter): Name = "Number of Regulators"; Value = ""; VariantName = "[No Variations]"
Add component (AddParameter): Name = "Operating voltage BE sat"; Value = ""; VariantName = "[No Variations]"
Add component (AddParameter): Name = "Output Current"; Value = ""; VariantName = "[No Variations]"
Add component (AddParameter): Name = "Output Type"; Value = ""; VariantName = "[No Variations]"
Add component (AddParameter): Name = "Output Voltage"; Value = ""; VariantName = "[No Variations]"
Add component (AddParameter): Name = "Output Voltage Accuracy"; Value = ""; VariantName = "[No Variations]"
Add component (AddParameter): Name = "Package"; Value = ""; VariantName = "[No Variations]"
Add component (AddParameter): Name = "Package Quantity"; Value = "4000"; VariantName = "[No Variations]"
Add component (AddParameter): Name = "Packaging"; Value = "Tape and Reel"; VariantName = "[No Variations]"
Add component (AddParameter): Name = "Polarity"; Value = ""; VariantName = "[No Variations]"
Add component (AddParameter): Name = "Polarization"; Value = ""; VariantName = "[No Variations]"
Add component (AddParameter): Name = "Power Dissipation"; Value = ""; VariantName = "[No Variations]"
Add component (AddParameter): Name = "Power rating"; Value = ""; VariantName = "[No Variations]"
Add component (AddParameter): Name = "Pricing 1"; Value = "50=0,19300, 500=0,12900, 1000=0,12200, 2000=0,11700, 4000=0,11100 (USD)"; VariantName = "[No Variations]"
Add component (AddParameter): Name = "Quiescent Current"; Value = ""; VariantName = "[No Variations]"
Add component (AddParameter): Name = "Radiation Hardening"; Value = ""; VariantName = "[No Variations]"
Add component (AddParameter): Name = "Rds On Max"; Value = ""; VariantName = "[No Variations]"
Add component (AddParameter): Name = "REACH SVHC"; Value = "Unknown"; VariantName = "[No Variations]"
Add component (AddParameter): Name = "Reach SVHC Compliant"; Value = ""; VariantName = "[No Variations]"
Add component (AddParameter): Name = "Rise Time"; Value = ""; VariantName = "[No Variations]"
Add component (AddParameter): Name = "RoHS"; Value = "Yes"; VariantName = "[No Variations]"
Add component (AddParameter): Name = "RoHS Compliant"; Value = "Yes"; VariantName = "[No Variations]"
Add component (AddParameter): Name = "Series"; Value = ""; VariantName = "[No Variations]"
Add component (AddParameter): Name = "Source"; Value = "Semiconductor.SchLib"; VariantName = "[No Variations]"
Add component (AddParameter): Name = "Stock 1"; Value = "7400"; VariantName = "[No Variations]"
Add component (AddParameter): Name = "Termination"; Value = ""; VariantName = "[No Variations]"
Add component (AddParameter): Name = "Test Current"; Value = "20mA"; VariantName = "[No Variations]"
Add component (AddParameter): Name = "Test Temperature"; Value = ""; VariantName = "[No Variations]"
Add component (AddParameter): Name = "Thermal Resistance of Package"; Value = ""; VariantName = "[No Variations]"
Add component (AddParameter): Name = "Threshold Voltage"; Value = ""; VariantName = "[No Variations]"
Add component (AddParameter): Name = "Transition Frequency"; Value = ""; VariantName = "[No Variations]"
Add component (AddParameter): Name = "Turn-Off Delay Time"; Value = ""; VariantName = "[No Variations]"
Add component (AddParameter): Name = "Turn-On Delay Time"; Value = ""; VariantName = "[No Variations]"
Add component (AddParameter): Name = "Type"; Value = ""; VariantName = "[No Variations]"
Add component (AddParameter): Name = "Vce max"; Value = ""; VariantName = "[No Variations]"
Add component (AddParameter): Name = "Vds"; Value = ""; VariantName = "[No Variations]"
Add component (AddParameter): Name = "Viewing Angle"; Value = "140°"; VariantName = "[No Variations]"
Add component (AddParameter): Name = "Voltage"; Value = ""; VariantName = "[No Variations]"
Add component (AddParameter): Name = "Voltage Rating (DC)"; Value = ""; VariantName = "[No Variations]"
Add component (AddParameter): Name = "Wavelength"; Value = "470nm"; VariantName = "[No Variations]"
Add component (AddParameter): Name = "Weight"; Value = ""; VariantName = "[No Variations]"
Add component (AddParameter): Name = "Width"; Value = "1.25mm"; VariantName = "[No Variations]"
Added Component: Designator=D11(CAPM3216X18N)
Add component (AddParameter): Name = "Case/Package"; Value = ""; VariantName = "[No Variations]"
Add component (AddParameter): Name = "Connector Type"; Value = ""; VariantName = "[No Variations]"
Add component (AddParameter): Name = "Forward Current"; Value = ""; VariantName = "[No Variations]"
Add component (AddParameter): Name = "Forward Voltage"; Value = ""; VariantName = "[No Variations]"
Add component (AddParameter): Name = "Gender"; Value = ""; VariantName = "[No Variations]"
Add component (AddParameter): Name = "Max Current Rating"; Value = ""; VariantName = "[No Variations]"
Add component (AddParameter): Name = "Max Operating Temperature"; Value = ""; VariantName = "[No Variations]"
Add component (AddParameter): Name = "Max Surge Current"; Value = ""; VariantName = "[No Variations]"
Add component (AddParameter): Name = "Min Operating Temperature"; Value = ""; VariantName = "[No Variations]"
Add component (AddParameter): Name = "Mounting Technology"; Value = ""; VariantName = "[No Variations]"
Add component (AddParameter): Name = "Peak Inverse Voltage"; Value = ""; VariantName = "[No Variations]"
Add component (AddParameter): Name = "Pins"; Value = ""; VariantName = "[No Variations]"
Add component (AddParameter): Name = "RoHS Compliant"; Value = ""; VariantName = "[No Variations]"
Add component (AddParameter): Name = "Voltage Rating"; Value = ""; VariantName = "[No Variations]"
Added Component: Designator=D12(LED_0805_WE)
Add component (AddParameter): Name = ".Creator"; Value = "DR"; VariantName = "[No Variations]"
Add component (AddParameter): Name = ".PCBcheck"; Value = ""; VariantName = "[No Variations]"
Add component (AddParameter): Name = ".SCHcheck"; Value = ""; VariantName = "[No Variations]"
Add component (AddParameter): Name = "Case Code (Imperial)"; Value = "0805"; VariantName = "[No Variations]"
Add component (AddParameter): Name = "Case Code (Metric)"; Value = "2012"; VariantName = "[No Variations]"
Add component (AddParameter): Name = "Case/Package"; Value = "0805"; VariantName = "[No Variations]"
Add component (AddParameter): Name = "Category"; Value = "LEDs"; VariantName = "[No Variations]"
Add component (AddParameter): Name = "Color"; Value = "Green"; VariantName = "[No Variations]"
Add component (AddParameter): Name = "ComponentLink1Description"; Value = "Datasheet"; VariantName = "[No Variations]"
Add component (AddParameter): Name = "ComponentLink1URL"; Value = "https://www.we-online.com/catalog/datasheet/150080VS75000.pdf"; VariantName = "[No Variations]"
Add component (AddParameter): Name = "ComponentLink2Description"; Value = "Where buy it"; VariantName = "[No Variations]"
Add component (AddParameter): Name = "ComponentLink2URL"; Value = "https://katalog.we-online.de/en/led/WL-SMCW/150080VS75000"; VariantName = "[No Variations]"
Add component (AddParameter): Name = "ComponentLink3Description"; Value = "https://datasheet.ciiva.com/22656/150080vs75000-22656966.pdf?src-supplier=Element14"; VariantName = "[No Variations]"
Add component (AddParameter): Name = "ComponentLink3URL"; Value = "https://datasheet.ciiva.com/22656/150080vs75000-22656966.pdf?src-supplier=Element14"; VariantName = "[No Variations]"
Add component (AddParameter): Name = "ComponentLink4Description"; Value = "https://datasheet.ciiva.com/29279/759437-da-01-en-chipled-0805-w-kl-h-gruen-150080vs7500-29279047.pdf?src-supplier=Conrad"; VariantName = "[No Variations]"
Add component (AddParameter): Name = "ComponentLink4URL"; Value = "https://datasheet.ciiva.com/29279/759437-da-01-en-chipled-0805-w-kl-h-gruen-150080vs7500-29279047.pdf?src-supplier=Conrad"; VariantName = "[No Variations]"
Add component (AddParameter): Name = "ComponentLink5Description"; Value = "https://datasheet.ciiva.com/29563/150080vs75000-29563018.pdf?src-supplier=Digi-Key"; VariantName = "[No Variations]"
Add component (AddParameter): Name = "ComponentLink5URL"; Value = "https://datasheet.ciiva.com/29563/150080vs75000-29563018.pdf?src-supplier=Digi-Key"; VariantName = "[No Variations]"
Add component (AddParameter): Name = "Dominant Wavelength"; Value = "570nm"; VariantName = "[No Variations]"
Add component (AddParameter): Name = "Forward Current"; Value = "30mA"; VariantName = "[No Variations]"
Add component (AddParameter): Name = "Forward Voltage"; Value = "2V"; VariantName = "[No Variations]"
Add component (AddParameter): Name = "Height"; Value = "0.7mm"; VariantName = "[No Variations]"
Add component (AddParameter): Name = "Length"; Value = "2mm"; VariantName = "[No Variations]"
Add component (AddParameter): Name = "Lens Style"; Value = "Clear,Rectangular"; VariantName = "[No Variations]"
Add component (AddParameter): Name = "Luminous Intensity"; Value = "40mcd"; VariantName = "[No Variations]"
Add component (AddParameter): Name = "Manufacturer 1"; Value = "Wurth Electronics"; VariantName = "[No Variations]"
Add component (AddParameter): Name = "Manufacturer Part Number 1"; Value = "150080VS75000"; VariantName = "[No Variations]"
Add component (AddParameter): Name = "Max Operating Temperature"; Value = "85°C"; VariantName = "[No Variations]"
Add component (AddParameter): Name = "Min Operating Temperature"; Value = "-40°C"; VariantName = "[No Variations]"
Add component (AddParameter): Name = "Mount"; Value = "Surface Mount"; VariantName = "[No Variations]"
Add component (AddParameter): Name = "Package Quantity"; Value = "4000"; VariantName = "[No Variations]"
Add component (AddParameter): Name = "Packaging"; Value = "Tape and Reel"; VariantName = "[No Variations]"
Add component (AddParameter): Name = "Pricing 1"; Value = "50=0,19300, 500=0,12900, 1000=0,12300, 2000=0,11700, 4000=0,11100 (USD)"; VariantName = "[No Variations]"
Add component (AddParameter): Name = "REACH SVHC"; Value = "Unknown"; VariantName = "[No Variations]"
Add component (AddParameter): Name = "RoHS"; Value = "Yes"; VariantName = "[No Variations]"
Add component (AddParameter): Name = "Stock 1"; Value = "850"; VariantName = "[No Variations]"
Add component (AddParameter): Name = "Supplier 1"; Value = "RSComponents"; VariantName = "[No Variations]"
Add component (AddParameter): Name = "Supplier Part Number 1"; Value = "8154237"; VariantName = "[No Variations]"
Add component (AddParameter): Name = "Test Current"; Value = "20mA"; VariantName = "[No Variations]"
Add component (AddParameter): Name = "Viewing Angle"; Value = "140°"; VariantName = "[No Variations]"
Add component (AddParameter): Name = "Wavelength"; Value = "570nm"; VariantName = "[No Variations]"
Add component (AddParameter): Name = "Width"; Value = "1.25mm"; VariantName = "[No Variations]"
Added Component: Designator=K1_KCELL1(FP-1415899-7-MFG)
Add component (AddParameter): Name = "Case/Package"; Value = ""; VariantName = "[No Variations]"
Add component (AddParameter): Name = "Max Operating Temperature"; Value = "85°C"; VariantName = "[No Variations]"
Add component (AddParameter): Name = "Min Operating Temperature"; Value = "-40°C"; VariantName = "[No Variations]"
Add component (AddParameter): Name = "Mounting Technology"; Value = "Through Hole"; VariantName = "[No Variations]"
Add component (AddParameter): Name = "Pins"; Value = ""; VariantName = "[No Variations]"
Add component (AddParameter): Name = "RoHS Compliant"; Value = "Yes"; VariantName = "[No Variations]"
Added Component: Designator=K1_KCELL2(FP-1415899-7-MFG)
Add component (AddParameter): Name = "Case/Package"; Value = ""; VariantName = "[No Variations]"
Add component (AddParameter): Name = "Max Operating Temperature"; Value = "85°C"; VariantName = "[No Variations]"
Add component (AddParameter): Name = "Min Operating Temperature"; Value = "-40°C"; VariantName = "[No Variations]"
Add component (AddParameter): Name = "Mounting Technology"; Value = "Through Hole"; VariantName = "[No Variations]"
Add component (AddParameter): Name = "Pins"; Value = ""; VariantName = "[No Variations]"
Add component (AddParameter): Name = "RoHS Compliant"; Value = "Yes"; VariantName = "[No Variations]"
Added Component: Designator=K2_KCELL1(FP-1415899-7-MFG)
Add component (AddParameter): Name = "Case/Package"; Value = ""; VariantName = "[No Variations]"
Add component (AddParameter): Name = "Max Operating Temperature"; Value = "85°C"; VariantName = "[No Variations]"
Add component (AddParameter): Name = "Min Operating Temperature"; Value = "-40°C"; VariantName = "[No Variations]"
Add component (AddParameter): Name = "Mounting Technology"; Value = "Through Hole"; VariantName = "[No Variations]"
Add component (AddParameter): Name = "Pins"; Value = ""; VariantName = "[No Variations]"
Add component (AddParameter): Name = "RoHS Compliant"; Value = "Yes"; VariantName = "[No Variations]"
Added Component: Designator=K2_KCELL2(FP-1415899-7-MFG)
Add component (AddParameter): Name = "Case/Package"; Value = ""; VariantName = "[No Variations]"
Add component (AddParameter): Name = "Max Operating Temperature"; Value = "85°C"; VariantName = "[No Variations]"
Add component (AddParameter): Name = "Min Operating Temperature"; Value = "-40°C"; VariantName = "[No Variations]"
Add component (AddParameter): Name = "Mounting Technology"; Value = "Through Hole"; VariantName = "[No Variations]"
Add component (AddParameter): Name = "Pins"; Value = ""; VariantName = "[No Variations]"
Add component (AddParameter): Name = "RoHS Compliant"; Value = "Yes"; VariantName = "[No Variations]"
Added Component: Designator=L4_CH1(WE-PD_7345)
Add component (AddParameter): Name = "Case/Package"; Value = ""; VariantName = "[No Variations]"
Add component (AddParameter): Name = "Current Rating"; Value = ""; VariantName = "[No Variations]"
Add component (AddParameter): Name = "Max Current Rating"; Value = "8A"; VariantName = "[No Variations]"
Add component (AddParameter): Name = "Max Operating Temperature"; Value = "125°C"; VariantName = "[No Variations]"
Add component (AddParameter): Name = "Min Operating Temperature"; Value = "-40°C"; VariantName = "[No Variations]"
Add component (AddParameter): Name = "Mounting Technology"; Value = ""; VariantName = "[No Variations]"
Add component (AddParameter): Name = "Pins"; Value = "2"; VariantName = "[No Variations]"
Add component (AddParameter): Name = "RoHS Compliant"; Value = "Yes"; VariantName = "[No Variations]"
Add component (AddParameter): Name = "Self Resonant Frequency"; Value = "90MHz"; VariantName = "[No Variations]"
Add component (AddParameter): Name = "Tolerance"; Value = "40%"; VariantName = "[No Variations]"
Add component (AddParameter): Name = "Value"; Value = "1uH"; VariantName = "[No Variations]"
Added Component: Designator=L4_CH2(WE-PD_7345)
Add component (AddParameter): Name = "Case/Package"; Value = ""; VariantName = "[No Variations]"
Add component (AddParameter): Name = "Current Rating"; Value = ""; VariantName = "[No Variations]"
Add component (AddParameter): Name = "Max Current Rating"; Value = "8A"; VariantName = "[No Variations]"
Add component (AddParameter): Name = "Max Operating Temperature"; Value = "125°C"; VariantName = "[No Variations]"
Add component (AddParameter): Name = "Min Operating Temperature"; Value = "-40°C"; VariantName = "[No Variations]"
Add component (AddParameter): Name = "Mounting Technology"; Value = ""; VariantName = "[No Variations]"
Add component (AddParameter): Name = "Pins"; Value = "2"; VariantName = "[No Variations]"
Add component (AddParameter): Name = "RoHS Compliant"; Value = "Yes"; VariantName = "[No Variations]"
Add component (AddParameter): Name = "Self Resonant Frequency"; Value = "90MHz"; VariantName = "[No Variations]"
Add component (AddParameter): Name = "Tolerance"; Value = "40%"; VariantName = "[No Variations]"
Add component (AddParameter): Name = "Value"; Value = "1uH"; VariantName = "[No Variations]"
Added Component: Designator=L5(WE-PD_7345)
Add component (AddParameter): Name = "Case/Package"; Value = ""; VariantName = "[No Variations]"
Add component (AddParameter): Name = "Current Rating"; Value = ""; VariantName = "[No Variations]"
Add component (AddParameter): Name = "Max Current Rating"; Value = "6A"; VariantName = "[No Variations]"
Add component (AddParameter): Name = "Max Operating Temperature"; Value = "125°C"; VariantName = "[No Variations]"
Add component (AddParameter): Name = "Min Operating Temperature"; Value = "-40°C"; VariantName = "[No Variations]"
Add component (AddParameter): Name = "Mounting Technology"; Value = ""; VariantName = "[No Variations]"
Add component (AddParameter): Name = "Pins"; Value = "2"; VariantName = "[No Variations]"
Add component (AddParameter): Name = "RoHS Compliant"; Value = "Yes"; VariantName = "[No Variations]"
Add component (AddParameter): Name = "Self Resonant Frequency"; Value = "60MHz"; VariantName = "[No Variations]"
Add component (AddParameter): Name = "Tolerance"; Value = "20%"; VariantName = "[No Variations]"
Add component (AddParameter): Name = "Value"; Value = ""; VariantName = "[No Variations]"
Added Component: Designator=MH1(Mounting_Hole_M3)
Add component (AddParameter): Name = ".Creator"; Value = ""; VariantName = "[No Variations]"
Add component (AddParameter): Name = ".PCBcheck"; Value = ""; VariantName = "[No Variations]"
Add component (AddParameter): Name = ".SCHcheck"; Value = ""; VariantName = "[No Variations]"
Add component (AddParameter): Name = "Application(s)"; Value = ""; VariantName = "[No Variations]"
Add component (AddParameter): Name = "Approvals"; Value = ""; VariantName = "[No Variations]"
Add component (AddParameter): Name = "Case/Package"; Value = ""; VariantName = "[No Variations]"
Add component (AddParameter): Name = "Category"; Value = ""; VariantName = "[No Variations]"
Add component (AddParameter): Name = "Closed End"; Value = ""; VariantName = "[No Variations]"
Add component (AddParameter): Name = "Coil Current"; Value = ""; VariantName = "[No Variations]"
Add component (AddParameter): Name = "Coil Power"; Value = ""; VariantName = "[No Variations]"
Add component (AddParameter): Name = "Coil Resistance"; Value = ""; VariantName = "[No Variations]"
Add component (AddParameter): Name = "Coil Type"; Value = ""; VariantName = "[No Variations]"
Add component (AddParameter): Name = "Coil Voltage (DC)"; Value = ""; VariantName = "[No Variations]"
Add component (AddParameter): Name = "Color"; Value = ""; VariantName = "[No Variations]"
Add component (AddParameter): Name = "Connector Type"; Value = ""; VariantName = "[No Variations]"
Add component (AddParameter): Name = "Contact Current Rating"; Value = ""; VariantName = "[No Variations]"
Add component (AddParameter): Name = "Contact Material"; Value = ""; VariantName = "[No Variations]"
Add component (AddParameter): Name = "Contact Plating"; Value = ""; VariantName = "[No Variations]"
Add component (AddParameter): Name = "Current"; Value = ""; VariantName = "[No Variations]"
Add component (AddParameter): Name = "Current Rating"; Value = ""; VariantName = "[No Variations]"
Add component (AddParameter): Name = "Depth"; Value = ""; VariantName = "[No Variations]"
Add component (AddParameter): Name = "Design Item ID"; Value = "Mounting_Hole_M3"; VariantName = "[No Variations]"
Add component (AddParameter): Name = "ELV"; Value = ""; VariantName = "[No Variations]"
Add component (AddParameter): Name = "Flammability Rating"; Value = ""; VariantName = "[No Variations]"
Add component (AddParameter): Name = "Housing Color"; Value = ""; VariantName = "[No Variations]"
Add component (AddParameter): Name = "Housing Material"; Value = ""; VariantName = "[No Variations]"
Add component (AddParameter): Name = "Insulation Material"; Value = ""; VariantName = "[No Variations]"
Add component (AddParameter): Name = "Interlock"; Value = ""; VariantName = "[No Variations]"
Add component (AddParameter): Name = "Lead Free"; Value = ""; VariantName = "[No Variations]"
Add component (AddParameter): Name = "Length"; Value = ""; VariantName = "[No Variations]"
Add component (AddParameter): Name = "Manufacturer"; Value = ""; VariantName = "[No Variations]"
Add component (AddParameter): Name = "Manufacturer 1"; Value = ""; VariantName = "[No Variations]"
Add component (AddParameter): Name = "Manufacturer Part Number"; Value = ""; VariantName = "[No Variations]"
Add component (AddParameter): Name = "Manufacturer Part Number 1"; Value = ""; VariantName = "[No Variations]"
Add component (AddParameter): Name = "Max Current Rating"; Value = ""; VariantName = "[No Variations]"
Add component (AddParameter): Name = "Max Operating Temperature"; Value = ""; VariantName = "[No Variations]"
Add component (AddParameter): Name = "Max Supply Voltage (AC)"; Value = ""; VariantName = "[No Variations]"
Add component (AddParameter): Name = "Max Voltage Rating (AC)"; Value = ""; VariantName = "[No Variations]"
Add component (AddParameter): Name = "Max Voltage Rating (DC)"; Value = ""; VariantName = "[No Variations]"
Add component (AddParameter): Name = "Min Operating Temperature"; Value = ""; VariantName = "[No Variations]"
Add component (AddParameter): Name = "Mount"; Value = ""; VariantName = "[No Variations]"
Add component (AddParameter): Name = "Number of Circuits"; Value = ""; VariantName = "[No Variations]"
Add component (AddParameter): Name = "Number of Contacts"; Value = ""; VariantName = "[No Variations]"
Add component (AddParameter): Name = "Number of Levels"; Value = ""; VariantName = "[No Variations]"
Add component (AddParameter): Name = "Number of Pins"; Value = ""; VariantName = "[No Variations]"
Add component (AddParameter): Name = "Number of Poles"; Value = ""; VariantName = "[No Variations]"
Add component (AddParameter): Name = "Number of Positions"; Value = ""; VariantName = "[No Variations]"
Add component (AddParameter): Name = "Number of Positions Per Level"; Value = ""; VariantName = "[No Variations]"
Add component (AddParameter): Name = "Number of Rows"; Value = ""; VariantName = "[No Variations]"
Add component (AddParameter): Name = "Operate Time"; Value = ""; VariantName = "[No Variations]"
Add component (AddParameter): Name = "Orientation"; Value = ""; VariantName = "[No Variations]"
Add component (AddParameter): Name = "Package Quantity"; Value = ""; VariantName = "[No Variations]"
Add component (AddParameter): Name = "Packaging"; Value = ""; VariantName = "[No Variations]"
Add component (AddParameter): Name = "Pitch"; Value = ""; VariantName = "[No Variations]"
Add component (AddParameter): Name = "Plating"; Value = ""; VariantName = "[No Variations]"
Add component (AddParameter): Name = "Power Consumption"; Value = ""; VariantName = "[No Variations]"
Add component (AddParameter): Name = "Pricing 1"; Value = ""; VariantName = "[No Variations]"
Add component (AddParameter): Name = "Radiation Hardening"; Value = ""; VariantName = "[No Variations]"
Add component (AddParameter): Name = "REACH SVHC"; Value = ""; VariantName = "[No Variations]"
Add component (AddParameter): Name = "Relay Type"; Value = ""; VariantName = "[No Variations]"
Add component (AddParameter): Name = "Release Time"; Value = ""; VariantName = "[No Variations]"
Add component (AddParameter): Name = "RMS Current (Irms)"; Value = ""; VariantName = "[No Variations]"
Add component (AddParameter): Name = "RoHS"; Value = ""; VariantName = "[No Variations]"
Add component (AddParameter): Name = "RoHS Compliant"; Value = ""; VariantName = "[No Variations]"
Add component (AddParameter): Name = "Screw Flange"; Value = ""; VariantName = "[No Variations]"
Add component (AddParameter): Name = "Screwless Terminal Block"; Value = ""; VariantName = "[No Variations]"
Add component (AddParameter): Name = "Series"; Value = ""; VariantName = "[No Variations]"
Add component (AddParameter): Name = "Side Stackable"; Value = ""; VariantName = "[No Variations]"
Add component (AddParameter): Name = "Source"; Value = "Electromechanical.SchLib"; VariantName = "[No Variations]"
Add component (AddParameter): Name = "Stock 1"; Value = ""; VariantName = "[No Variations]"
Add component (AddParameter): Name = "Tail Length"; Value = ""; VariantName = "[No Variations]"
Add component (AddParameter): Name = "Termination"; Value = ""; VariantName = "[No Variations]"
Add component (AddParameter): Name = "Thread Size"; Value = ""; VariantName = "[No Variations]"
Add component (AddParameter): Name = "Throw Configuration"; Value = ""; VariantName = "[No Variations]"
Add component (AddParameter): Name = "Voltage"; Value = ""; VariantName = "[No Variations]"
Add component (AddParameter): Name = "Voltage Rating"; Value = ""; VariantName = "[No Variations]"
Add component (AddParameter): Name = "Voltage Rating (AC)"; Value = ""; VariantName = "[No Variations]"
Add component (AddParameter): Name = "Voltage Rating (DC)"; Value = ""; VariantName = "[No Variations]"
Add component (AddParameter): Name = "Width"; Value = ""; VariantName = "[No Variations]"
Add component (AddParameter): Name = "Wire Gauge (Max)"; Value = ""; VariantName = "[No Variations]"
Add component (AddParameter): Name = "Wire Gauge (Min)"; Value = ""; VariantName = "[No Variations]"
Add component (AddParameter): Name = "Wire/Cable Gauge"; Value = ""; VariantName = "[No Variations]"
Add component (AddParameter): Name = "Working Voltage"; Value = ""; VariantName = "[No Variations]"
Added Component: Designator=MH2(Mounting_Hole_M3)
Add component (AddParameter): Name = ".Creator"; Value = ""; VariantName = "[No Variations]"
Add component (AddParameter): Name = ".PCBcheck"; Value = ""; VariantName = "[No Variations]"
Add component (AddParameter): Name = ".SCHcheck"; Value = ""; VariantName = "[No Variations]"
Add component (AddParameter): Name = "Application(s)"; Value = ""; VariantName = "[No Variations]"
Add component (AddParameter): Name = "Approvals"; Value = ""; VariantName = "[No Variations]"
Add component (AddParameter): Name = "Case/Package"; Value = ""; VariantName = "[No Variations]"
Add component (AddParameter): Name = "Category"; Value = ""; VariantName = "[No Variations]"
Add component (AddParameter): Name = "Closed End"; Value = ""; VariantName = "[No Variations]"
Add component (AddParameter): Name = "Coil Current"; Value = ""; VariantName = "[No Variations]"
Add component (AddParameter): Name = "Coil Power"; Value = ""; VariantName = "[No Variations]"
Add component (AddParameter): Name = "Coil Resistance"; Value = ""; VariantName = "[No Variations]"
Add component (AddParameter): Name = "Coil Type"; Value = ""; VariantName = "[No Variations]"
Add component (AddParameter): Name = "Coil Voltage (DC)"; Value = ""; VariantName = "[No Variations]"
Add component (AddParameter): Name = "Color"; Value = ""; VariantName = "[No Variations]"
Add component (AddParameter): Name = "Connector Type"; Value = ""; VariantName = "[No Variations]"
Add component (AddParameter): Name = "Contact Current Rating"; Value = ""; VariantName = "[No Variations]"
Add component (AddParameter): Name = "Contact Material"; Value = ""; VariantName = "[No Variations]"
Add component (AddParameter): Name = "Contact Plating"; Value = ""; VariantName = "[No Variations]"
Add component (AddParameter): Name = "Current"; Value = ""; VariantName = "[No Variations]"
Add component (AddParameter): Name = "Current Rating"; Value = ""; VariantName = "[No Variations]"
Add component (AddParameter): Name = "Depth"; Value = ""; VariantName = "[No Variations]"
Add component (AddParameter): Name = "Design Item ID"; Value = "Mounting_Hole_M3"; VariantName = "[No Variations]"
Add component (AddParameter): Name = "ELV"; Value = ""; VariantName = "[No Variations]"
Add component (AddParameter): Name = "Flammability Rating"; Value = ""; VariantName = "[No Variations]"
Add component (AddParameter): Name = "Housing Color"; Value = ""; VariantName = "[No Variations]"
Add component (AddParameter): Name = "Housing Material"; Value = ""; VariantName = "[No Variations]"
Add component (AddParameter): Name = "Insulation Material"; Value = ""; VariantName = "[No Variations]"
Add component (AddParameter): Name = "Interlock"; Value = ""; VariantName = "[No Variations]"
Add component (AddParameter): Name = "Lead Free"; Value = ""; VariantName = "[No Variations]"
Add component (AddParameter): Name = "Length"; Value = ""; VariantName = "[No Variations]"
Add component (AddParameter): Name = "Manufacturer"; Value = ""; VariantName = "[No Variations]"
Add component (AddParameter): Name = "Manufacturer 1"; Value = ""; VariantName = "[No Variations]"
Add component (AddParameter): Name = "Manufacturer Part Number"; Value = ""; VariantName = "[No Variations]"
Add component (AddParameter): Name = "Manufacturer Part Number 1"; Value = ""; VariantName = "[No Variations]"
Add component (AddParameter): Name = "Max Current Rating"; Value = ""; VariantName = "[No Variations]"
Add component (AddParameter): Name = "Max Operating Temperature"; Value = ""; VariantName = "[No Variations]"
Add component (AddParameter): Name = "Max Supply Voltage (AC)"; Value = ""; VariantName = "[No Variations]"
Add component (AddParameter): Name = "Max Voltage Rating (AC)"; Value = ""; VariantName = "[No Variations]"
Add component (AddParameter): Name = "Max Voltage Rating (DC)"; Value = ""; VariantName = "[No Variations]"
Add component (AddParameter): Name = "Min Operating Temperature"; Value = ""; VariantName = "[No Variations]"
Add component (AddParameter): Name = "Mount"; Value = ""; VariantName = "[No Variations]"
Add component (AddParameter): Name = "Number of Circuits"; Value = ""; VariantName = "[No Variations]"
Add component (AddParameter): Name = "Number of Contacts"; Value = ""; VariantName = "[No Variations]"
Add component (AddParameter): Name = "Number of Levels"; Value = ""; VariantName = "[No Variations]"
Add component (AddParameter): Name = "Number of Pins"; Value = ""; VariantName = "[No Variations]"
Add component (AddParameter): Name = "Number of Poles"; Value = ""; VariantName = "[No Variations]"
Add component (AddParameter): Name = "Number of Positions"; Value = ""; VariantName = "[No Variations]"
Add component (AddParameter): Name = "Number of Positions Per Level"; Value = ""; VariantName = "[No Variations]"
Add component (AddParameter): Name = "Number of Rows"; Value = ""; VariantName = "[No Variations]"
Add component (AddParameter): Name = "Operate Time"; Value = ""; VariantName = "[No Variations]"
Add component (AddParameter): Name = "Orientation"; Value = ""; VariantName = "[No Variations]"
Add component (AddParameter): Name = "Package Quantity"; Value = ""; VariantName = "[No Variations]"
Add component (AddParameter): Name = "Packaging"; Value = ""; VariantName = "[No Variations]"
Add component (AddParameter): Name = "Pitch"; Value = ""; VariantName = "[No Variations]"
Add component (AddParameter): Name = "Plating"; Value = ""; VariantName = "[No Variations]"
Add component (AddParameter): Name = "Power Consumption"; Value = ""; VariantName = "[No Variations]"
Add component (AddParameter): Name = "Pricing 1"; Value = ""; VariantName = "[No Variations]"
Add component (AddParameter): Name = "Radiation Hardening"; Value = ""; VariantName = "[No Variations]"
Add component (AddParameter): Name = "REACH SVHC"; Value = ""; VariantName = "[No Variations]"
Add component (AddParameter): Name = "Relay Type"; Value = ""; VariantName = "[No Variations]"
Add component (AddParameter): Name = "Release Time"; Value = ""; VariantName = "[No Variations]"
Add component (AddParameter): Name = "RMS Current (Irms)"; Value = ""; VariantName = "[No Variations]"
Add component (AddParameter): Name = "RoHS"; Value = ""; VariantName = "[No Variations]"
Add component (AddParameter): Name = "RoHS Compliant"; Value = ""; VariantName = "[No Variations]"
Add component (AddParameter): Name = "Screw Flange"; Value = ""; VariantName = "[No Variations]"
Add component (AddParameter): Name = "Screwless Terminal Block"; Value = ""; VariantName = "[No Variations]"
Add component (AddParameter): Name = "Series"; Value = ""; VariantName = "[No Variations]"
Add component (AddParameter): Name = "Side Stackable"; Value = ""; VariantName = "[No Variations]"
Add component (AddParameter): Name = "Source"; Value = "Electromechanical.SchLib"; VariantName = "[No Variations]"
Add component (AddParameter): Name = "Stock 1"; Value = ""; VariantName = "[No Variations]"
Add component (AddParameter): Name = "Tail Length"; Value = ""; VariantName = "[No Variations]"
Add component (AddParameter): Name = "Termination"; Value = ""; VariantName = "[No Variations]"
Add component (AddParameter): Name = "Thread Size"; Value = ""; VariantName = "[No Variations]"
Add component (AddParameter): Name = "Throw Configuration"; Value = ""; VariantName = "[No Variations]"
Add component (AddParameter): Name = "Voltage"; Value = ""; VariantName = "[No Variations]"
Add component (AddParameter): Name = "Voltage Rating"; Value = ""; VariantName = "[No Variations]"
Add component (AddParameter): Name = "Voltage Rating (AC)"; Value = ""; VariantName = "[No Variations]"
Add component (AddParameter): Name = "Voltage Rating (DC)"; Value = ""; VariantName = "[No Variations]"
Add component (AddParameter): Name = "Width"; Value = ""; VariantName = "[No Variations]"
Add component (AddParameter): Name = "Wire Gauge (Max)"; Value = ""; VariantName = "[No Variations]"
Add component (AddParameter): Name = "Wire Gauge (Min)"; Value = ""; VariantName = "[No Variations]"
Add component (AddParameter): Name = "Wire/Cable Gauge"; Value = ""; VariantName = "[No Variations]"
Add component (AddParameter): Name = "Working Voltage"; Value = ""; VariantName = "[No Variations]"
Added Component: Designator=MH3(Mounting_Hole_M3)
Add component (AddParameter): Name = ".Creator"; Value = ""; VariantName = "[No Variations]"
Add component (AddParameter): Name = ".PCBcheck"; Value = ""; VariantName = "[No Variations]"
Add component (AddParameter): Name = ".SCHcheck"; Value = ""; VariantName = "[No Variations]"
Add component (AddParameter): Name = "Application(s)"; Value = ""; VariantName = "[No Variations]"
Add component (AddParameter): Name = "Approvals"; Value = ""; VariantName = "[No Variations]"
Add component (AddParameter): Name = "Case/Package"; Value = ""; VariantName = "[No Variations]"
Add component (AddParameter): Name = "Category"; Value = ""; VariantName = "[No Variations]"
Add component (AddParameter): Name = "Closed End"; Value = ""; VariantName = "[No Variations]"
Add component (AddParameter): Name = "Coil Current"; Value = ""; VariantName = "[No Variations]"
Add component (AddParameter): Name = "Coil Power"; Value = ""; VariantName = "[No Variations]"
Add component (AddParameter): Name = "Coil Resistance"; Value = ""; VariantName = "[No Variations]"
Add component (AddParameter): Name = "Coil Type"; Value = ""; VariantName = "[No Variations]"
Add component (AddParameter): Name = "Coil Voltage (DC)"; Value = ""; VariantName = "[No Variations]"
Add component (AddParameter): Name = "Color"; Value = ""; VariantName = "[No Variations]"
Add component (AddParameter): Name = "Connector Type"; Value = ""; VariantName = "[No Variations]"
Add component (AddParameter): Name = "Contact Current Rating"; Value = ""; VariantName = "[No Variations]"
Add component (AddParameter): Name = "Contact Material"; Value = ""; VariantName = "[No Variations]"
Add component (AddParameter): Name = "Contact Plating"; Value = ""; VariantName = "[No Variations]"
Add component (AddParameter): Name = "Current"; Value = ""; VariantName = "[No Variations]"
Add component (AddParameter): Name = "Current Rating"; Value = ""; VariantName = "[No Variations]"
Add component (AddParameter): Name = "Depth"; Value = ""; VariantName = "[No Variations]"
Add component (AddParameter): Name = "Design Item ID"; Value = "Mounting_Hole_M3"; VariantName = "[No Variations]"
Add component (AddParameter): Name = "ELV"; Value = ""; VariantName = "[No Variations]"
Add component (AddParameter): Name = "Flammability Rating"; Value = ""; VariantName = "[No Variations]"
Add component (AddParameter): Name = "Housing Color"; Value = ""; VariantName = "[No Variations]"
Add component (AddParameter): Name = "Housing Material"; Value = ""; VariantName = "[No Variations]"
Add component (AddParameter): Name = "Insulation Material"; Value = ""; VariantName = "[No Variations]"
Add component (AddParameter): Name = "Interlock"; Value = ""; VariantName = "[No Variations]"
Add component (AddParameter): Name = "Lead Free"; Value = ""; VariantName = "[No Variations]"
Add component (AddParameter): Name = "Length"; Value = ""; VariantName = "[No Variations]"
Add component (AddParameter): Name = "Manufacturer"; Value = ""; VariantName = "[No Variations]"
Add component (AddParameter): Name = "Manufacturer 1"; Value = ""; VariantName = "[No Variations]"
Add component (AddParameter): Name = "Manufacturer Part Number"; Value = ""; VariantName = "[No Variations]"
Add component (AddParameter): Name = "Manufacturer Part Number 1"; Value = ""; VariantName = "[No Variations]"
Add component (AddParameter): Name = "Max Current Rating"; Value = ""; VariantName = "[No Variations]"
Add component (AddParameter): Name = "Max Operating Temperature"; Value = ""; VariantName = "[No Variations]"
Add component (AddParameter): Name = "Max Supply Voltage (AC)"; Value = ""; VariantName = "[No Variations]"
Add component (AddParameter): Name = "Max Voltage Rating (AC)"; Value = ""; VariantName = "[No Variations]"
Add component (AddParameter): Name = "Max Voltage Rating (DC)"; Value = ""; VariantName = "[No Variations]"
Add component (AddParameter): Name = "Min Operating Temperature"; Value = ""; VariantName = "[No Variations]"
Add component (AddParameter): Name = "Mount"; Value = ""; VariantName = "[No Variations]"
Add component (AddParameter): Name = "Number of Circuits"; Value = ""; VariantName = "[No Variations]"
Add component (AddParameter): Name = "Number of Contacts"; Value = ""; VariantName = "[No Variations]"
Add component (AddParameter): Name = "Number of Levels"; Value = ""; VariantName = "[No Variations]"
Add component (AddParameter): Name = "Number of Pins"; Value = ""; VariantName = "[No Variations]"
Add component (AddParameter): Name = "Number of Poles"; Value = ""; VariantName = "[No Variations]"
Add component (AddParameter): Name = "Number of Positions"; Value = ""; VariantName = "[No Variations]"
Add component (AddParameter): Name = "Number of Positions Per Level"; Value = ""; VariantName = "[No Variations]"
Add component (AddParameter): Name = "Number of Rows"; Value = ""; VariantName = "[No Variations]"
Add component (AddParameter): Name = "Operate Time"; Value = ""; VariantName = "[No Variations]"
Add component (AddParameter): Name = "Orientation"; Value = ""; VariantName = "[No Variations]"
Add component (AddParameter): Name = "Package Quantity"; Value = ""; VariantName = "[No Variations]"
Add component (AddParameter): Name = "Packaging"; Value = ""; VariantName = "[No Variations]"
Add component (AddParameter): Name = "Pitch"; Value = ""; VariantName = "[No Variations]"
Add component (AddParameter): Name = "Plating"; Value = ""; VariantName = "[No Variations]"
Add component (AddParameter): Name = "Power Consumption"; Value = ""; VariantName = "[No Variations]"
Add component (AddParameter): Name = "Pricing 1"; Value = ""; VariantName = "[No Variations]"
Add component (AddParameter): Name = "Radiation Hardening"; Value = ""; VariantName = "[No Variations]"
Add component (AddParameter): Name = "REACH SVHC"; Value = ""; VariantName = "[No Variations]"
Add component (AddParameter): Name = "Relay Type"; Value = ""; VariantName = "[No Variations]"
Add component (AddParameter): Name = "Release Time"; Value = ""; VariantName = "[No Variations]"
Add component (AddParameter): Name = "RMS Current (Irms)"; Value = ""; VariantName = "[No Variations]"
Add component (AddParameter): Name = "RoHS"; Value = ""; VariantName = "[No Variations]"
Add component (AddParameter): Name = "RoHS Compliant"; Value = ""; VariantName = "[No Variations]"
Add component (AddParameter): Name = "Screw Flange"; Value = ""; VariantName = "[No Variations]"
Add component (AddParameter): Name = "Screwless Terminal Block"; Value = ""; VariantName = "[No Variations]"
Add component (AddParameter): Name = "Series"; Value = ""; VariantName = "[No Variations]"
Add component (AddParameter): Name = "Side Stackable"; Value = ""; VariantName = "[No Variations]"
Add component (AddParameter): Name = "Source"; Value = "Electromechanical.SchLib"; VariantName = "[No Variations]"
Add component (AddParameter): Name = "Stock 1"; Value = ""; VariantName = "[No Variations]"
Add component (AddParameter): Name = "Tail Length"; Value = ""; VariantName = "[No Variations]"
Add component (AddParameter): Name = "Termination"; Value = ""; VariantName = "[No Variations]"
Add component (AddParameter): Name = "Thread Size"; Value = ""; VariantName = "[No Variations]"
Add component (AddParameter): Name = "Throw Configuration"; Value = ""; VariantName = "[No Variations]"
Add component (AddParameter): Name = "Voltage"; Value = ""; VariantName = "[No Variations]"
Add component (AddParameter): Name = "Voltage Rating"; Value = ""; VariantName = "[No Variations]"
Add component (AddParameter): Name = "Voltage Rating (AC)"; Value = ""; VariantName = "[No Variations]"
Add component (AddParameter): Name = "Voltage Rating (DC)"; Value = ""; VariantName = "[No Variations]"
Add component (AddParameter): Name = "Width"; Value = ""; VariantName = "[No Variations]"
Add component (AddParameter): Name = "Wire Gauge (Max)"; Value = ""; VariantName = "[No Variations]"
Add component (AddParameter): Name = "Wire Gauge (Min)"; Value = ""; VariantName = "[No Variations]"
Add component (AddParameter): Name = "Wire/Cable Gauge"; Value = ""; VariantName = "[No Variations]"
Add component (AddParameter): Name = "Working Voltage"; Value = ""; VariantName = "[No Variations]"
Added Component: Designator=MH4(Mounting_Hole_M3)
Add component (AddParameter): Name = ".Creator"; Value = ""; VariantName = "[No Variations]"
Add component (AddParameter): Name = ".PCBcheck"; Value = ""; VariantName = "[No Variations]"
Add component (AddParameter): Name = ".SCHcheck"; Value = ""; VariantName = "[No Variations]"
Add component (AddParameter): Name = "Application(s)"; Value = ""; VariantName = "[No Variations]"
Add component (AddParameter): Name = "Approvals"; Value = ""; VariantName = "[No Variations]"
Add component (AddParameter): Name = "Case/Package"; Value = ""; VariantName = "[No Variations]"
Add component (AddParameter): Name = "Category"; Value = ""; VariantName = "[No Variations]"
Add component (AddParameter): Name = "Closed End"; Value = ""; VariantName = "[No Variations]"
Add component (AddParameter): Name = "Coil Current"; Value = ""; VariantName = "[No Variations]"
Add component (AddParameter): Name = "Coil Power"; Value = ""; VariantName = "[No Variations]"
Add component (AddParameter): Name = "Coil Resistance"; Value = ""; VariantName = "[No Variations]"
Add component (AddParameter): Name = "Coil Type"; Value = ""; VariantName = "[No Variations]"
Add component (AddParameter): Name = "Coil Voltage (DC)"; Value = ""; VariantName = "[No Variations]"
Add component (AddParameter): Name = "Color"; Value = ""; VariantName = "[No Variations]"
Add component (AddParameter): Name = "Connector Type"; Value = ""; VariantName = "[No Variations]"
Add component (AddParameter): Name = "Contact Current Rating"; Value = ""; VariantName = "[No Variations]"
Add component (AddParameter): Name = "Contact Material"; Value = ""; VariantName = "[No Variations]"
Add component (AddParameter): Name = "Contact Plating"; Value = ""; VariantName = "[No Variations]"
Add component (AddParameter): Name = "Current"; Value = ""; VariantName = "[No Variations]"
Add component (AddParameter): Name = "Current Rating"; Value = ""; VariantName = "[No Variations]"
Add component (AddParameter): Name = "Depth"; Value = ""; VariantName = "[No Variations]"
Add component (AddParameter): Name = "Design Item ID"; Value = "Mounting_Hole_M3"; VariantName = "[No Variations]"
Add component (AddParameter): Name = "ELV"; Value = ""; VariantName = "[No Variations]"
Add component (AddParameter): Name = "Flammability Rating"; Value = ""; VariantName = "[No Variations]"
Add component (AddParameter): Name = "Housing Color"; Value = ""; VariantName = "[No Variations]"
Add component (AddParameter): Name = "Housing Material"; Value = ""; VariantName = "[No Variations]"
Add component (AddParameter): Name = "Insulation Material"; Value = ""; VariantName = "[No Variations]"
Add component (AddParameter): Name = "Interlock"; Value = ""; VariantName = "[No Variations]"
Add component (AddParameter): Name = "Lead Free"; Value = ""; VariantName = "[No Variations]"
Add component (AddParameter): Name = "Length"; Value = ""; VariantName = "[No Variations]"
Add component (AddParameter): Name = "Manufacturer"; Value = ""; VariantName = "[No Variations]"
Add component (AddParameter): Name = "Manufacturer 1"; Value = ""; VariantName = "[No Variations]"
Add component (AddParameter): Name = "Manufacturer Part Number"; Value = ""; VariantName = "[No Variations]"
Add component (AddParameter): Name = "Manufacturer Part Number 1"; Value = ""; VariantName = "[No Variations]"
Add component (AddParameter): Name = "Max Current Rating"; Value = ""; VariantName = "[No Variations]"
Add component (AddParameter): Name = "Max Operating Temperature"; Value = ""; VariantName = "[No Variations]"
Add component (AddParameter): Name = "Max Supply Voltage (AC)"; Value = ""; VariantName = "[No Variations]"
Add component (AddParameter): Name = "Max Voltage Rating (AC)"; Value = ""; VariantName = "[No Variations]"
Add component (AddParameter): Name = "Max Voltage Rating (DC)"; Value = ""; VariantName = "[No Variations]"
Add component (AddParameter): Name = "Min Operating Temperature"; Value = ""; VariantName = "[No Variations]"
Add component (AddParameter): Name = "Mount"; Value = ""; VariantName = "[No Variations]"
Add component (AddParameter): Name = "Number of Circuits"; Value = ""; VariantName = "[No Variations]"
Add component (AddParameter): Name = "Number of Contacts"; Value = ""; VariantName = "[No Variations]"
Add component (AddParameter): Name = "Number of Levels"; Value = ""; VariantName = "[No Variations]"
Add component (AddParameter): Name = "Number of Pins"; Value = ""; VariantName = "[No Variations]"
Add component (AddParameter): Name = "Number of Poles"; Value = ""; VariantName = "[No Variations]"
Add component (AddParameter): Name = "Number of Positions"; Value = ""; VariantName = "[No Variations]"
Add component (AddParameter): Name = "Number of Positions Per Level"; Value = ""; VariantName = "[No Variations]"
Add component (AddParameter): Name = "Number of Rows"; Value = ""; VariantName = "[No Variations]"
Add component (AddParameter): Name = "Operate Time"; Value = ""; VariantName = "[No Variations]"
Add component (AddParameter): Name = "Orientation"; Value = ""; VariantName = "[No Variations]"
Add component (AddParameter): Name = "Package Quantity"; Value = ""; VariantName = "[No Variations]"
Add component (AddParameter): Name = "Packaging"; Value = ""; VariantName = "[No Variations]"
Add component (AddParameter): Name = "Pitch"; Value = ""; VariantName = "[No Variations]"
Add component (AddParameter): Name = "Plating"; Value = ""; VariantName = "[No Variations]"
Add component (AddParameter): Name = "Power Consumption"; Value = ""; VariantName = "[No Variations]"
Add component (AddParameter): Name = "Pricing 1"; Value = ""; VariantName = "[No Variations]"
Add component (AddParameter): Name = "Radiation Hardening"; Value = ""; VariantName = "[No Variations]"
Add component (AddParameter): Name = "REACH SVHC"; Value = ""; VariantName = "[No Variations]"
Add component (AddParameter): Name = "Relay Type"; Value = ""; VariantName = "[No Variations]"
Add component (AddParameter): Name = "Release Time"; Value = ""; VariantName = "[No Variations]"
Add component (AddParameter): Name = "RMS Current (Irms)"; Value = ""; VariantName = "[No Variations]"
Add component (AddParameter): Name = "RoHS"; Value = ""; VariantName = "[No Variations]"
Add component (AddParameter): Name = "RoHS Compliant"; Value = ""; VariantName = "[No Variations]"
Add component (AddParameter): Name = "Screw Flange"; Value = ""; VariantName = "[No Variations]"
Add component (AddParameter): Name = "Screwless Terminal Block"; Value = ""; VariantName = "[No Variations]"
Add component (AddParameter): Name = "Series"; Value = ""; VariantName = "[No Variations]"
Add component (AddParameter): Name = "Side Stackable"; Value = ""; VariantName = "[No Variations]"
Add component (AddParameter): Name = "Source"; Value = "Electromechanical.SchLib"; VariantName = "[No Variations]"
Add component (AddParameter): Name = "Stock 1"; Value = ""; VariantName = "[No Variations]"
Add component (AddParameter): Name = "Tail Length"; Value = ""; VariantName = "[No Variations]"
Add component (AddParameter): Name = "Termination"; Value = ""; VariantName = "[No Variations]"
Add component (AddParameter): Name = "Thread Size"; Value = ""; VariantName = "[No Variations]"
Add component (AddParameter): Name = "Throw Configuration"; Value = ""; VariantName = "[No Variations]"
Add component (AddParameter): Name = "Voltage"; Value = ""; VariantName = "[No Variations]"
Add component (AddParameter): Name = "Voltage Rating"; Value = ""; VariantName = "[No Variations]"
Add component (AddParameter): Name = "Voltage Rating (AC)"; Value = ""; VariantName = "[No Variations]"
Add component (AddParameter): Name = "Voltage Rating (DC)"; Value = ""; VariantName = "[No Variations]"
Add component (AddParameter): Name = "Width"; Value = ""; VariantName = "[No Variations]"
Add component (AddParameter): Name = "Wire Gauge (Max)"; Value = ""; VariantName = "[No Variations]"
Add component (AddParameter): Name = "Wire Gauge (Min)"; Value = ""; VariantName = "[No Variations]"
Add component (AddParameter): Name = "Wire/Cable Gauge"; Value = ""; VariantName = "[No Variations]"
Add component (AddParameter): Name = "Working Voltage"; Value = ""; VariantName = "[No Variations]"
Added Component: Designator=Q1_KCELL1(SOT95P245X110-3N)
Add component (AddParameter): Name = "Case/Package"; Value = ""; VariantName = "[No Variations]"
Add component (AddParameter): Name = "Frequency"; Value = ""; VariantName = "[No Variations]"
Add component (AddParameter): Name = "Max Operating Temperature"; Value = ""; VariantName = "[No Variations]"
Add component (AddParameter): Name = "Min Operating Temperature"; Value = ""; VariantName = "[No Variations]"
Add component (AddParameter): Name = "Mounting Technology"; Value = ""; VariantName = "[No Variations]"
Add component (AddParameter): Name = "Nominal Dual Supply"; Value = ""; VariantName = "[No Variations]"
Add component (AddParameter): Name = "Nominal Vgs"; Value = ""; VariantName = "[No Variations]"
Add component (AddParameter): Name = "Pins"; Value = ""; VariantName = "[No Variations]"
Add component (AddParameter): Name = "Power"; Value = ""; VariantName = "[No Variations]"
Add component (AddParameter): Name = "RoHS Compliant"; Value = ""; VariantName = "[No Variations]"
Add component (AddParameter): Name = "Transistor Type"; Value = ""; VariantName = "[No Variations]"
Add component (AddParameter): Name = "Vgs (Max)"; Value = ""; VariantName = "[No Variations]"
Add component (AddParameter): Name = "Vgs(th) (Max) @ Id"; Value = ""; VariantName = "[No Variations]"
Added Component: Designator=Q1_KCELL2(SOT95P245X110-3N)
Add component (AddParameter): Name = "Case/Package"; Value = ""; VariantName = "[No Variations]"
Add component (AddParameter): Name = "Frequency"; Value = ""; VariantName = "[No Variations]"
Add component (AddParameter): Name = "Max Operating Temperature"; Value = ""; VariantName = "[No Variations]"
Add component (AddParameter): Name = "Min Operating Temperature"; Value = ""; VariantName = "[No Variations]"
Add component (AddParameter): Name = "Mounting Technology"; Value = ""; VariantName = "[No Variations]"
Add component (AddParameter): Name = "Nominal Dual Supply"; Value = ""; VariantName = "[No Variations]"
Add component (AddParameter): Name = "Nominal Vgs"; Value = ""; VariantName = "[No Variations]"
Add component (AddParameter): Name = "Pins"; Value = ""; VariantName = "[No Variations]"
Add component (AddParameter): Name = "Power"; Value = ""; VariantName = "[No Variations]"
Add component (AddParameter): Name = "RoHS Compliant"; Value = ""; VariantName = "[No Variations]"
Add component (AddParameter): Name = "Transistor Type"; Value = ""; VariantName = "[No Variations]"
Add component (AddParameter): Name = "Vgs (Max)"; Value = ""; VariantName = "[No Variations]"
Add component (AddParameter): Name = "Vgs(th) (Max) @ Id"; Value = ""; VariantName = "[No Variations]"
Added Component: Designator=Q2_KCELL1(SOT95P245X110-3N)
Add component (AddParameter): Name = "Case/Package"; Value = ""; VariantName = "[No Variations]"
Add component (AddParameter): Name = "Frequency"; Value = ""; VariantName = "[No Variations]"
Add component (AddParameter): Name = "Max Operating Temperature"; Value = ""; VariantName = "[No Variations]"
Add component (AddParameter): Name = "Min Operating Temperature"; Value = ""; VariantName = "[No Variations]"
Add component (AddParameter): Name = "Mounting Technology"; Value = ""; VariantName = "[No Variations]"
Add component (AddParameter): Name = "Nominal Dual Supply"; Value = ""; VariantName = "[No Variations]"
Add component (AddParameter): Name = "Nominal Vgs"; Value = ""; VariantName = "[No Variations]"
Add component (AddParameter): Name = "Pins"; Value = ""; VariantName = "[No Variations]"
Add component (AddParameter): Name = "Power"; Value = ""; VariantName = "[No Variations]"
Add component (AddParameter): Name = "RoHS Compliant"; Value = ""; VariantName = "[No Variations]"
Add component (AddParameter): Name = "Transistor Type"; Value = ""; VariantName = "[No Variations]"
Add component (AddParameter): Name = "Vgs (Max)"; Value = ""; VariantName = "[No Variations]"
Add component (AddParameter): Name = "Vgs(th) (Max) @ Id"; Value = ""; VariantName = "[No Variations]"
Added Component: Designator=Q2_KCELL2(SOT95P245X110-3N)
Add component (AddParameter): Name = "Case/Package"; Value = ""; VariantName = "[No Variations]"
Add component (AddParameter): Name = "Frequency"; Value = ""; VariantName = "[No Variations]"
Add component (AddParameter): Name = "Max Operating Temperature"; Value = ""; VariantName = "[No Variations]"
Add component (AddParameter): Name = "Min Operating Temperature"; Value = ""; VariantName = "[No Variations]"
Add component (AddParameter): Name = "Mounting Technology"; Value = ""; VariantName = "[No Variations]"
Add component (AddParameter): Name = "Nominal Dual Supply"; Value = ""; VariantName = "[No Variations]"
Add component (AddParameter): Name = "Nominal Vgs"; Value = ""; VariantName = "[No Variations]"
Add component (AddParameter): Name = "Pins"; Value = ""; VariantName = "[No Variations]"
Add component (AddParameter): Name = "Power"; Value = ""; VariantName = "[No Variations]"
Add component (AddParameter): Name = "RoHS Compliant"; Value = ""; VariantName = "[No Variations]"
Add component (AddParameter): Name = "Transistor Type"; Value = ""; VariantName = "[No Variations]"
Add component (AddParameter): Name = "Vgs (Max)"; Value = ""; VariantName = "[No Variations]"
Add component (AddParameter): Name = "Vgs(th) (Max) @ Id"; Value = ""; VariantName = "[No Variations]"
Added Component: Designator=Q3_DCH1(SIHP25N60EFL-BE3-Footprint-1)
Add component (AddParameter): Name = "Case/Package"; Value = ""; VariantName = "[No Variations]"
Add component (AddParameter): Name = "Connector Type"; Value = ""; VariantName = "[No Variations]"
Add component (AddParameter): Name = "Frequency"; Value = ""; VariantName = "[No Variations]"
Add component (AddParameter): Name = "Gender"; Value = ""; VariantName = "[No Variations]"
Add component (AddParameter): Name = "Max Current Rating"; Value = ""; VariantName = "[No Variations]"
Add component (AddParameter): Name = "Max Operating Temperature"; Value = ""; VariantName = "[No Variations]"
Add component (AddParameter): Name = "Min Operating Temperature"; Value = ""; VariantName = "[No Variations]"
Add component (AddParameter): Name = "Mounting Technology"; Value = ""; VariantName = "[No Variations]"
Add component (AddParameter): Name = "Nominal Dual Supply"; Value = ""; VariantName = "[No Variations]"
Add component (AddParameter): Name = "Nominal Vgs"; Value = ""; VariantName = "[No Variations]"
Add component (AddParameter): Name = "Pins"; Value = ""; VariantName = "[No Variations]"
Add component (AddParameter): Name = "Power"; Value = ""; VariantName = "[No Variations]"
Add component (AddParameter): Name = "RoHS Compliant"; Value = "No"; VariantName = "[No Variations]"
Add component (AddParameter): Name = "Transistor Type"; Value = ""; VariantName = "[No Variations]"
Add component (AddParameter): Name = "Vgs (Max)"; Value = ""; VariantName = "[No Variations]"
Add component (AddParameter): Name = "Vgs(th) (Max) @ Id"; Value = ""; VariantName = "[No Variations]"
Add component (AddParameter): Name = "Voltage Rating"; Value = ""; VariantName = "[No Variations]"
Added Component: Designator=Q3_DCH2(SIHP25N60EFL-BE3-Footprint-1)
Add component (AddParameter): Name = "Case/Package"; Value = ""; VariantName = "[No Variations]"
Add component (AddParameter): Name = "Connector Type"; Value = ""; VariantName = "[No Variations]"
Add component (AddParameter): Name = "Frequency"; Value = ""; VariantName = "[No Variations]"
Add component (AddParameter): Name = "Gender"; Value = ""; VariantName = "[No Variations]"
Add component (AddParameter): Name = "Max Current Rating"; Value = ""; VariantName = "[No Variations]"
Add component (AddParameter): Name = "Max Operating Temperature"; Value = ""; VariantName = "[No Variations]"
Add component (AddParameter): Name = "Min Operating Temperature"; Value = ""; VariantName = "[No Variations]"
Add component (AddParameter): Name = "Mounting Technology"; Value = ""; VariantName = "[No Variations]"
Add component (AddParameter): Name = "Nominal Dual Supply"; Value = ""; VariantName = "[No Variations]"
Add component (AddParameter): Name = "Nominal Vgs"; Value = ""; VariantName = "[No Variations]"
Add component (AddParameter): Name = "Pins"; Value = ""; VariantName = "[No Variations]"
Add component (AddParameter): Name = "Power"; Value = ""; VariantName = "[No Variations]"
Add component (AddParameter): Name = "RoHS Compliant"; Value = "No"; VariantName = "[No Variations]"
Add component (AddParameter): Name = "Transistor Type"; Value = ""; VariantName = "[No Variations]"
Add component (AddParameter): Name = "Vgs (Max)"; Value = ""; VariantName = "[No Variations]"
Add component (AddParameter): Name = "Vgs(th) (Max) @ Id"; Value = ""; VariantName = "[No Variations]"
Add component (AddParameter): Name = "Voltage Rating"; Value = ""; VariantName = "[No Variations]"
Added Component: Designator=R5_KCELL1(R0805FTK)
Add component (AddParameter): Name = ".Creator"; Value = "DR"; VariantName = "[No Variations]"
Add component (AddParameter): Name = ".PCBcheck"; Value = ""; VariantName = "[No Variations]"
Add component (AddParameter): Name = ".SCHcheck"; Value = ""; VariantName = "[No Variations]"
Add component (AddParameter): Name = "Case Code (Metric)"; Value = "2012"; VariantName = "[No Variations]"
Add component (AddParameter): Name = "Case/Package"; Value = "0805"; VariantName = "[No Variations]"
Add component (AddParameter): Name = "Category"; Value = "Chip SMD Resistors"; VariantName = "[No Variations]"
Add component (AddParameter): Name = "Circuit Type"; Value = ""; VariantName = "[No Variations]"
Add component (AddParameter): Name = "Color"; Value = ""; VariantName = "[No Variations]"
Add component (AddParameter): Name = "ComponentLink1Description"; Value = "https://datasheet.ciiva.com/11821/0900766b80fcdb72-11821135.pdf?src-supplier=RSComponents"; VariantName = "[No Variations]"
Add component (AddParameter): Name = "ComponentLink1URL"; Value = "https://datasheet.ciiva.com/11821/0900766b80fcdb72-11821135.pdf?src-supplier=RSComponents"; VariantName = "[No Variations]"
Add component (AddParameter): Name = "ComponentLink2Description"; Value = "https://datasheet.ciiva.com/9122/chpreztr-9122374.pdf?src-supplier=Avnet"; VariantName = "[No Variations]"
Add component (AddParameter): Name = "ComponentLink2URL"; Value = "https://datasheet.ciiva.com/9122/chpreztr-9122374.pdf?src-supplier=Avnet"; VariantName = "[No Variations]"
Add component (AddParameter): Name = "ComponentLink3Description"; Value = "https://datasheet.ciiva.com/22693/1902866-22693254.pdf?src-supplier=Element14"; VariantName = "[No Variations]"
Add component (AddParameter): Name = "ComponentLink3URL"; Value = "https://datasheet.ciiva.com/22693/1902866-22693254.pdf?src-supplier=Element14"; VariantName = "[No Variations]"
Add component (AddParameter): Name = "ComponentLink4Description"; Value = "https://datasheet.ciiva.com/7986/691949-7986187.pdf?src-supplier=Element14"; VariantName = "[No Variations]"
Add component (AddParameter): Name = "ComponentLink4URL"; Value = "https://datasheet.ciiva.com/7986/691949-7986187.pdf?src-supplier=Element14"; VariantName = "[No Variations]"
Add component (AddParameter): Name = "ComponentLink5Description"; Value = "https://datasheet.ciiva.com/30065/159chpreztr-30065976.pdf?src-supplier=Onlinecomponents.com"; VariantName = "[No Variations]"
Add component (AddParameter): Name = "ComponentLink5URL"; Value = "https://datasheet.ciiva.com/30065/159chpreztr-30065976.pdf?src-supplier=Onlinecomponents.com"; VariantName = "[No Variations]"
Add component (AddParameter): Name = "ComponentLink6Description"; Value = "https://datasheet.ciiva.com/16783/70154685-16783482.pdf?src-supplier=Allied+Electronics"; VariantName = "[No Variations]"
Add component (AddParameter): Name = "ComponentLink6URL"; Value = "https://datasheet.ciiva.com/16783/70154685-16783482.pdf?src-supplier=Allied+Electronics"; VariantName = "[No Variations]"
Add component (AddParameter): Name = "ComponentLink7Description"; Value = "https://datasheet.ciiva.com/5548/chpreztr-5548491.pdf?src-supplier=Mouser"; VariantName = "[No Variations]"
Add component (AddParameter): Name = "ComponentLink7URL"; Value = "https://datasheet.ciiva.com/5548/chpreztr-5548491.pdf?src-supplier=Mouser"; VariantName = "[No Variations]"
Add component (AddParameter): Name = "ComponentLink8Description"; Value = "https://datasheet.ciiva.com/6559/chpreztr-6559900.pdf?src-supplier=Digi-Key"; VariantName = "[No Variations]"
Add component (AddParameter): Name = "ComponentLink8URL"; Value = "https://datasheet.ciiva.com/6559/chpreztr-6559900.pdf?src-supplier=Digi-Key"; VariantName = "[No Variations]"
Add component (AddParameter): Name = "ComponentLink9Description"; Value = "https://datasheet.ciiva.com/6559/chpreztr-6559901.pdf?src-supplier=Digi-Key"; VariantName = "[No Variations]"
Add component (AddParameter): Name = "ComponentLink9URL"; Value = "https://datasheet.ciiva.com/6559/chpreztr-6559901.pdf?src-supplier=Digi-Key"; VariantName = "[No Variations]"
Add component (AddParameter): Name = "ComponentLink10Description"; Value = "https://datasheet.ciiva.com/7985/1856384-7985869.pdf?src-supplier=Element14"; VariantName = "[No Variations]"
Add component (AddParameter): Name = "ComponentLink10URL"; Value = "https://datasheet.ciiva.com/7985/1856384-7985869.pdf?src-supplier=Element14"; VariantName = "[No Variations]"
Add component (AddParameter): Name = "ComponentLink11Description"; Value = "https://datasheet.ciiva.com/48692/001055517-da-01-en-smd-wid-cr0805-jw-103elf-10k-ohm-1-8w-48692118.pdf?src-supplier=Conrad"; VariantName = "[No Variations]"
Add component (AddParameter): Name = "ComponentLink11URL"; Value = "https://datasheet.ciiva.com/48692/001055517-da-01-en-smd-wid-cr0805-jw-103elf-10k-ohm-1-8w-48692118.pdf?src-supplier=Conrad"; VariantName = "[No Variations]"
Add component (AddParameter): Name = "Construction"; Value = "Rectangular"; VariantName = "[No Variations]"
Add component (AddParameter): Name = "Contact Plating"; Value = "Tin"; VariantName = "[No Variations]"
Add component (AddParameter): Name = "Current Rating"; Value = ""; VariantName = "[No Variations]"
Add component (AddParameter): Name = "Depth"; Value = "1.25mm"; VariantName = "[No Variations]"
Add component (AddParameter): Name = "Design Item ID"; Value = "R10k-0805FTK"; VariantName = "[No Variations]"
Add component (AddParameter): Name = "ELV"; Value = ""; VariantName = "[No Variations]"
Add component (AddParameter): Name = "Features"; Value = "Moisture Resistant"; VariantName = "[No Variations]"
Add component (AddParameter): Name = "Height"; Value = "0.5mm"; VariantName = "[No Variations]"
Add component (AddParameter): Name = "Insulation Resistance"; Value = ""; VariantName = "[No Variations]"
Add component (AddParameter): Name = "Lead Free"; Value = ""; VariantName = "[No Variations]"
Add component (AddParameter): Name = "Lead Length"; Value = ""; VariantName = "[No Variations]"
Add component (AddParameter): Name = "Length"; Value = "2mm"; VariantName = "[No Variations]"
Add component (AddParameter): Name = "Manufacturer"; Value = ""; VariantName = "[No Variations]"
Add component (AddParameter): Name = "Manufacturer 1"; Value = "Bourns"; VariantName = "[No Variations]"
Add component (AddParameter): Name = "Manufacturer Part Number"; Value = ""; VariantName = "[No Variations]"
Add component (AddParameter): Name = "Manufacturer Part Number 1"; Value = "CR0805-JW-103ELF"; VariantName = "[No Variations]"
Add component (AddParameter): Name = "Max Operating Temperature"; Value = "155°C"; VariantName = "[No Variations]"
Add component (AddParameter): Name = "Max Power Dissipation"; Value = "125mW"; VariantName = "[No Variations]"
Add component (AddParameter): Name = "Military Standard"; Value = "Not"; VariantName = "[No Variations]"
Add component (AddParameter): Name = "Min Operating Temperature"; Value = "-55°C"; VariantName = "[No Variations]"
Add component (AddParameter): Name = "Mount"; Value = "Surface Mount"; VariantName = "[No Variations]"
Add component (AddParameter): Name = "Mounting Technology"; Value = ""; VariantName = "[No Variations]"
Add component (AddParameter): Name = "Number of Contacts"; Value = ""; VariantName = "[No Variations]"
Add component (AddParameter): Name = "Number of Elements"; Value = ""; VariantName = "[No Variations]"
Add component (AddParameter): Name = "Number of Resistors"; Value = ""; VariantName = "[No Variations]"
Add component (AddParameter): Name = "Number of Terminals/Pins"; Value = ""; VariantName = "[No Variations]"
Add component (AddParameter): Name = "Number of Terminations"; Value = "2"; VariantName = "[No Variations]"
Add component (AddParameter): Name = "Number of Turns"; Value = ""; VariantName = "[No Variations]"
Add component (AddParameter): Name = "Package Quantity"; Value = "1"; VariantName = "[No Variations]"
Add component (AddParameter): Name = "Package Shape"; Value = ""; VariantName = "[No Variations]"
Add component (AddParameter): Name = "Packaging"; Value = "Tape and Reel"; VariantName = "[No Variations]"
Add component (AddParameter): Name = "Pins"; Value = "2"; VariantName = "[No Variations]"
Add component (AddParameter): Name = "Power"; Value = ""; VariantName = "[No Variations]"
Add component (AddParameter): Name = "Power Per Element"; Value = ""; VariantName = "[No Variations]"
Add component (AddParameter): Name = "Power Rating"; Value = "125mW"; VariantName = "[No Variations]"
Add component (AddParameter): Name = "Pricing 1"; Value = "1=0,05790, 10=0,01540, 25=0,01340, 100=0,00340 (USD)"; VariantName = "[No Variations]"
Add component (AddParameter): Name = "Radiation Hardening"; Value = "No"; VariantName = "[No Variations]"
Add component (AddParameter): Name = "REACH SVHC"; Value = "No SVHC"; VariantName = "[No Variations]"
Add component (AddParameter): Name = "Resistance"; Value = ""; VariantName = "[No Variations]"
Add component (AddParameter): Name = "Resistance Tolerance"; Value = "5%"; VariantName = "[No Variations]"
Add component (AddParameter): Name = "Resistence"; Value = ""; VariantName = "[No Variations]"
Add component (AddParameter): Name = "Resistor Type"; Value = "Thick Film"; VariantName = "[No Variations]"
Add component (AddParameter): Name = "RoHS"; Value = "Yes"; VariantName = "[No Variations]"
Add component (AddParameter): Name = "RoHS Compliant"; Value = "Yes"; VariantName = "[No Variations]"
Add component (AddParameter): Name = "Series"; Value = "CR0805"; VariantName = "[No Variations]"
Add component (AddParameter): Name = "Size Code"; Value = ""; VariantName = "[No Variations]"
Add component (AddParameter): Name = "Source"; Value = "Passives.SchLib"; VariantName = "[No Variations]"
Add component (AddParameter): Name = "Stock 1"; Value = "57566"; VariantName = "[No Variations]"
Add component (AddParameter): Name = "Taper"; Value = ""; VariantName = "[No Variations]"
Add component (AddParameter): Name = "Technology"; Value = "THICK FILM"; VariantName = "[No Variations]"
Add component (AddParameter): Name = "Temperature Coefficient"; Value = "200ppm/°C"; VariantName = "[No Variations]"
Add component (AddParameter): Name = "Terminal Finish"; Value = ""; VariantName = "[No Variations]"
Add component (AddParameter): Name = "Terminal Pitch"; Value = ""; VariantName = "[No Variations]"
Add component (AddParameter): Name = "Termination"; Value = "SMD/SMT"; VariantName = "[No Variations]"
Add component (AddParameter): Name = "Thickness"; Value = "508um"; VariantName = "[No Variations]"
Add component (AddParameter): Name = "Tolerance"; Value = "5%"; VariantName = "[No Variations]"
Add component (AddParameter): Name = "Value"; Value = "10k"; VariantName = "[No Variations]"
Add component (AddParameter): Name = "Voltage Rating"; Value = "150V"; VariantName = "[No Variations]"
Add component (AddParameter): Name = "Voltage Rating (DC)"; Value = "100V"; VariantName = "[No Variations]"
Add component (AddParameter): Name = "Weight"; Value = ""; VariantName = "[No Variations]"
Add component (AddParameter): Name = "Width"; Value = "1.25mm"; VariantName = "[No Variations]"
Add component (AddParameter): Name = "Working Voltage"; Value = ""; VariantName = "[No Variations]"
Added Component: Designator=R5_KCELL2(R0805FTK)
Add component (AddParameter): Name = ".Creator"; Value = "DR"; VariantName = "[No Variations]"
Add component (AddParameter): Name = ".PCBcheck"; Value = ""; VariantName = "[No Variations]"
Add component (AddParameter): Name = ".SCHcheck"; Value = ""; VariantName = "[No Variations]"
Add component (AddParameter): Name = "Case Code (Metric)"; Value = "2012"; VariantName = "[No Variations]"
Add component (AddParameter): Name = "Case/Package"; Value = "0805"; VariantName = "[No Variations]"
Add component (AddParameter): Name = "Category"; Value = "Chip SMD Resistors"; VariantName = "[No Variations]"
Add component (AddParameter): Name = "Circuit Type"; Value = ""; VariantName = "[No Variations]"
Add component (AddParameter): Name = "Color"; Value = ""; VariantName = "[No Variations]"
Add component (AddParameter): Name = "ComponentLink1Description"; Value = "https://datasheet.ciiva.com/11821/0900766b80fcdb72-11821135.pdf?src-supplier=RSComponents"; VariantName = "[No Variations]"
Add component (AddParameter): Name = "ComponentLink1URL"; Value = "https://datasheet.ciiva.com/11821/0900766b80fcdb72-11821135.pdf?src-supplier=RSComponents"; VariantName = "[No Variations]"
Add component (AddParameter): Name = "ComponentLink2Description"; Value = "https://datasheet.ciiva.com/9122/chpreztr-9122374.pdf?src-supplier=Avnet"; VariantName = "[No Variations]"
Add component (AddParameter): Name = "ComponentLink2URL"; Value = "https://datasheet.ciiva.com/9122/chpreztr-9122374.pdf?src-supplier=Avnet"; VariantName = "[No Variations]"
Add component (AddParameter): Name = "ComponentLink3Description"; Value = "https://datasheet.ciiva.com/22693/1902866-22693254.pdf?src-supplier=Element14"; VariantName = "[No Variations]"
Add component (AddParameter): Name = "ComponentLink3URL"; Value = "https://datasheet.ciiva.com/22693/1902866-22693254.pdf?src-supplier=Element14"; VariantName = "[No Variations]"
Add component (AddParameter): Name = "ComponentLink4Description"; Value = "https://datasheet.ciiva.com/7986/691949-7986187.pdf?src-supplier=Element14"; VariantName = "[No Variations]"
Add component (AddParameter): Name = "ComponentLink4URL"; Value = "https://datasheet.ciiva.com/7986/691949-7986187.pdf?src-supplier=Element14"; VariantName = "[No Variations]"
Add component (AddParameter): Name = "ComponentLink5Description"; Value = "https://datasheet.ciiva.com/30065/159chpreztr-30065976.pdf?src-supplier=Onlinecomponents.com"; VariantName = "[No Variations]"
Add component (AddParameter): Name = "ComponentLink5URL"; Value = "https://datasheet.ciiva.com/30065/159chpreztr-30065976.pdf?src-supplier=Onlinecomponents.com"; VariantName = "[No Variations]"
Add component (AddParameter): Name = "ComponentLink6Description"; Value = "https://datasheet.ciiva.com/16783/70154685-16783482.pdf?src-supplier=Allied+Electronics"; VariantName = "[No Variations]"
Add component (AddParameter): Name = "ComponentLink6URL"; Value = "https://datasheet.ciiva.com/16783/70154685-16783482.pdf?src-supplier=Allied+Electronics"; VariantName = "[No Variations]"
Add component (AddParameter): Name = "ComponentLink7Description"; Value = "https://datasheet.ciiva.com/5548/chpreztr-5548491.pdf?src-supplier=Mouser"; VariantName = "[No Variations]"
Add component (AddParameter): Name = "ComponentLink7URL"; Value = "https://datasheet.ciiva.com/5548/chpreztr-5548491.pdf?src-supplier=Mouser"; VariantName = "[No Variations]"
Add component (AddParameter): Name = "ComponentLink8Description"; Value = "https://datasheet.ciiva.com/6559/chpreztr-6559900.pdf?src-supplier=Digi-Key"; VariantName = "[No Variations]"
Add component (AddParameter): Name = "ComponentLink8URL"; Value = "https://datasheet.ciiva.com/6559/chpreztr-6559900.pdf?src-supplier=Digi-Key"; VariantName = "[No Variations]"
Add component (AddParameter): Name = "ComponentLink9Description"; Value = "https://datasheet.ciiva.com/6559/chpreztr-6559901.pdf?src-supplier=Digi-Key"; VariantName = "[No Variations]"
Add component (AddParameter): Name = "ComponentLink9URL"; Value = "https://datasheet.ciiva.com/6559/chpreztr-6559901.pdf?src-supplier=Digi-Key"; VariantName = "[No Variations]"
Add component (AddParameter): Name = "ComponentLink10Description"; Value = "https://datasheet.ciiva.com/7985/1856384-7985869.pdf?src-supplier=Element14"; VariantName = "[No Variations]"
Add component (AddParameter): Name = "ComponentLink10URL"; Value = "https://datasheet.ciiva.com/7985/1856384-7985869.pdf?src-supplier=Element14"; VariantName = "[No Variations]"
Add component (AddParameter): Name = "ComponentLink11Description"; Value = "https://datasheet.ciiva.com/48692/001055517-da-01-en-smd-wid-cr0805-jw-103elf-10k-ohm-1-8w-48692118.pdf?src-supplier=Conrad"; VariantName = "[No Variations]"
Add component (AddParameter): Name = "ComponentLink11URL"; Value = "https://datasheet.ciiva.com/48692/001055517-da-01-en-smd-wid-cr0805-jw-103elf-10k-ohm-1-8w-48692118.pdf?src-supplier=Conrad"; VariantName = "[No Variations]"
Add component (AddParameter): Name = "Construction"; Value = "Rectangular"; VariantName = "[No Variations]"
Add component (AddParameter): Name = "Contact Plating"; Value = "Tin"; VariantName = "[No Variations]"
Add component (AddParameter): Name = "Current Rating"; Value = ""; VariantName = "[No Variations]"
Add component (AddParameter): Name = "Depth"; Value = "1.25mm"; VariantName = "[No Variations]"
Add component (AddParameter): Name = "Design Item ID"; Value = "R10k-0805FTK"; VariantName = "[No Variations]"
Add component (AddParameter): Name = "ELV"; Value = ""; VariantName = "[No Variations]"
Add component (AddParameter): Name = "Features"; Value = "Moisture Resistant"; VariantName = "[No Variations]"
Add component (AddParameter): Name = "Height"; Value = "0.5mm"; VariantName = "[No Variations]"
Add component (AddParameter): Name = "Insulation Resistance"; Value = ""; VariantName = "[No Variations]"
Add component (AddParameter): Name = "Lead Free"; Value = ""; VariantName = "[No Variations]"
Add component (AddParameter): Name = "Lead Length"; Value = ""; VariantName = "[No Variations]"
Add component (AddParameter): Name = "Length"; Value = "2mm"; VariantName = "[No Variations]"
Add component (AddParameter): Name = "Manufacturer"; Value = ""; VariantName = "[No Variations]"
Add component (AddParameter): Name = "Manufacturer 1"; Value = "Bourns"; VariantName = "[No Variations]"
Add component (AddParameter): Name = "Manufacturer Part Number"; Value = ""; VariantName = "[No Variations]"
Add component (AddParameter): Name = "Manufacturer Part Number 1"; Value = "CR0805-JW-103ELF"; VariantName = "[No Variations]"
Add component (AddParameter): Name = "Max Operating Temperature"; Value = "155°C"; VariantName = "[No Variations]"
Add component (AddParameter): Name = "Max Power Dissipation"; Value = "125mW"; VariantName = "[No Variations]"
Add component (AddParameter): Name = "Military Standard"; Value = "Not"; VariantName = "[No Variations]"
Add component (AddParameter): Name = "Min Operating Temperature"; Value = "-55°C"; VariantName = "[No Variations]"
Add component (AddParameter): Name = "Mount"; Value = "Surface Mount"; VariantName = "[No Variations]"
Add component (AddParameter): Name = "Mounting Technology"; Value = ""; VariantName = "[No Variations]"
Add component (AddParameter): Name = "Number of Contacts"; Value = ""; VariantName = "[No Variations]"
Add component (AddParameter): Name = "Number of Elements"; Value = ""; VariantName = "[No Variations]"
Add component (AddParameter): Name = "Number of Resistors"; Value = ""; VariantName = "[No Variations]"
Add component (AddParameter): Name = "Number of Terminals/Pins"; Value = ""; VariantName = "[No Variations]"
Add component (AddParameter): Name = "Number of Terminations"; Value = "2"; VariantName = "[No Variations]"
Add component (AddParameter): Name = "Number of Turns"; Value = ""; VariantName = "[No Variations]"
Add component (AddParameter): Name = "Package Quantity"; Value = "1"; VariantName = "[No Variations]"
Add component (AddParameter): Name = "Package Shape"; Value = ""; VariantName = "[No Variations]"
Add component (AddParameter): Name = "Packaging"; Value = "Tape and Reel"; VariantName = "[No Variations]"
Add component (AddParameter): Name = "Pins"; Value = "2"; VariantName = "[No Variations]"
Add component (AddParameter): Name = "Power"; Value = ""; VariantName = "[No Variations]"
Add component (AddParameter): Name = "Power Per Element"; Value = ""; VariantName = "[No Variations]"
Add component (AddParameter): Name = "Power Rating"; Value = "125mW"; VariantName = "[No Variations]"
Add component (AddParameter): Name = "Pricing 1"; Value = "1=0,05790, 10=0,01540, 25=0,01340, 100=0,00340 (USD)"; VariantName = "[No Variations]"
Add component (AddParameter): Name = "Radiation Hardening"; Value = "No"; VariantName = "[No Variations]"
Add component (AddParameter): Name = "REACH SVHC"; Value = "No SVHC"; VariantName = "[No Variations]"
Add component (AddParameter): Name = "Resistance"; Value = ""; VariantName = "[No Variations]"
Add component (AddParameter): Name = "Resistance Tolerance"; Value = "5%"; VariantName = "[No Variations]"
Add component (AddParameter): Name = "Resistence"; Value = ""; VariantName = "[No Variations]"
Add component (AddParameter): Name = "Resistor Type"; Value = "Thick Film"; VariantName = "[No Variations]"
Add component (AddParameter): Name = "RoHS"; Value = "Yes"; VariantName = "[No Variations]"
Add component (AddParameter): Name = "RoHS Compliant"; Value = "Yes"; VariantName = "[No Variations]"
Add component (AddParameter): Name = "Series"; Value = "CR0805"; VariantName = "[No Variations]"
Add component (AddParameter): Name = "Size Code"; Value = ""; VariantName = "[No Variations]"
Add component (AddParameter): Name = "Source"; Value = "Passives.SchLib"; VariantName = "[No Variations]"
Add component (AddParameter): Name = "Stock 1"; Value = "57566"; VariantName = "[No Variations]"
Add component (AddParameter): Name = "Taper"; Value = ""; VariantName = "[No Variations]"
Add component (AddParameter): Name = "Technology"; Value = "THICK FILM"; VariantName = "[No Variations]"
Add component (AddParameter): Name = "Temperature Coefficient"; Value = "200ppm/°C"; VariantName = "[No Variations]"
Add component (AddParameter): Name = "Terminal Finish"; Value = ""; VariantName = "[No Variations]"
Add component (AddParameter): Name = "Terminal Pitch"; Value = ""; VariantName = "[No Variations]"
Add component (AddParameter): Name = "Termination"; Value = "SMD/SMT"; VariantName = "[No Variations]"
Add component (AddParameter): Name = "Thickness"; Value = "508um"; VariantName = "[No Variations]"
Add component (AddParameter): Name = "Tolerance"; Value = "5%"; VariantName = "[No Variations]"
Add component (AddParameter): Name = "Value"; Value = "10k"; VariantName = "[No Variations]"
Add component (AddParameter): Name = "Voltage Rating"; Value = "150V"; VariantName = "[No Variations]"
Add component (AddParameter): Name = "Voltage Rating (DC)"; Value = "100V"; VariantName = "[No Variations]"
Add component (AddParameter): Name = "Weight"; Value = ""; VariantName = "[No Variations]"
Add component (AddParameter): Name = "Width"; Value = "1.25mm"; VariantName = "[No Variations]"
Add component (AddParameter): Name = "Working Voltage"; Value = ""; VariantName = "[No Variations]"
Added Component: Designator=R6_KCELL1(R0805FTK)
Add component (AddParameter): Name = ".Creator"; Value = "DR"; VariantName = "[No Variations]"
Add component (AddParameter): Name = ".PCBcheck"; Value = ""; VariantName = "[No Variations]"
Add component (AddParameter): Name = ".SCHcheck"; Value = ""; VariantName = "[No Variations]"
Add component (AddParameter): Name = "Case Code (Metric)"; Value = "2012"; VariantName = "[No Variations]"
Add component (AddParameter): Name = "Case/Package"; Value = "0805"; VariantName = "[No Variations]"
Add component (AddParameter): Name = "Category"; Value = "Chip SMD Resistors"; VariantName = "[No Variations]"
Add component (AddParameter): Name = "Circuit Type"; Value = ""; VariantName = "[No Variations]"
Add component (AddParameter): Name = "Color"; Value = ""; VariantName = "[No Variations]"
Add component (AddParameter): Name = "ComponentLink1Description"; Value = "https://datasheet.ciiva.com/11809/0900766b80fcdb72-11809178.pdf?src-supplier=RSComponents"; VariantName = "[No Variations]"
Add component (AddParameter): Name = "ComponentLink1URL"; Value = "https://datasheet.ciiva.com/11809/0900766b80fcdb72-11809178.pdf?src-supplier=RSComponents"; VariantName = "[No Variations]"
Add component (AddParameter): Name = "ComponentLink2Description"; Value = "https://datasheet.ciiva.com/6547/chpreztr-6547413.pdf?src-supplier=Digi-Key"; VariantName = "[No Variations]"
Add component (AddParameter): Name = "ComponentLink2URL"; Value = "https://datasheet.ciiva.com/6547/chpreztr-6547413.pdf?src-supplier=Digi-Key"; VariantName = "[No Variations]"
Add component (AddParameter): Name = "ComponentLink3Description"; Value = "https://datasheet.ciiva.com/6547/chpreztr-6547414.pdf?src-supplier=Digi-Key"; VariantName = "[No Variations]"
Add component (AddParameter): Name = "ComponentLink3URL"; Value = "https://datasheet.ciiva.com/6547/chpreztr-6547414.pdf?src-supplier=Digi-Key"; VariantName = "[No Variations]"
Add component (AddParameter): Name = "ComponentLink4Description"; Value = "https://datasheet.ciiva.com/6547/chpreztr-6547415.pdf?src-supplier=Digi-Key"; VariantName = "[No Variations]"
Add component (AddParameter): Name = "ComponentLink4URL"; Value = "https://datasheet.ciiva.com/6547/chpreztr-6547415.pdf?src-supplier=Digi-Key"; VariantName = "[No Variations]"
Add component (AddParameter): Name = "ComponentLink5Description"; Value = "https://datasheet.ciiva.com/9120/chpreztr-9120744.pdf?src-supplier=Avnet"; VariantName = "[No Variations]"
Add component (AddParameter): Name = "ComponentLink5URL"; Value = "https://datasheet.ciiva.com/9120/chpreztr-9120744.pdf?src-supplier=Avnet"; VariantName = "[No Variations]"
Add component (AddParameter): Name = "Construction"; Value = "Rectangular"; VariantName = "[No Variations]"
Add component (AddParameter): Name = "Contact Plating"; Value = "Tin"; VariantName = "[No Variations]"
Add component (AddParameter): Name = "Current Rating"; Value = ""; VariantName = "[No Variations]"
Add component (AddParameter): Name = "Depth"; Value = "1.25mm"; VariantName = "[No Variations]"
Add component (AddParameter): Name = "Design Item ID"; Value = "R100-0805FTK"; VariantName = "[No Variations]"
Add component (AddParameter): Name = "ELV"; Value = ""; VariantName = "[No Variations]"
Add component (AddParameter): Name = "Features"; Value = "Moisture Resistant"; VariantName = "[No Variations]"
Add component (AddParameter): Name = "Height"; Value = "0.5mm"; VariantName = "[No Variations]"
Add component (AddParameter): Name = "Insulation Resistance"; Value = ""; VariantName = "[No Variations]"
Add component (AddParameter): Name = "Lead Free"; Value = ""; VariantName = "[No Variations]"
Add component (AddParameter): Name = "Lead Length"; Value = ""; VariantName = "[No Variations]"
Add component (AddParameter): Name = "Length"; Value = "2mm"; VariantName = "[No Variations]"
Add component (AddParameter): Name = "Manufacturer"; Value = ""; VariantName = "[No Variations]"
Add component (AddParameter): Name = "Manufacturer 1"; Value = "Bourns"; VariantName = "[No Variations]"
Add component (AddParameter): Name = "Manufacturer Part Number"; Value = ""; VariantName = "[No Variations]"
Add component (AddParameter): Name = "Manufacturer Part Number 1"; Value = "CR0805-FX-1000ELF"; VariantName = "[No Variations]"
Add component (AddParameter): Name = "Max Operating Temperature"; Value = "155°C"; VariantName = "[No Variations]"
Add component (AddParameter): Name = "Max Power Dissipation"; Value = "125mW"; VariantName = "[No Variations]"
Add component (AddParameter): Name = "Military Standard"; Value = "Not"; VariantName = "[No Variations]"
Add component (AddParameter): Name = "Min Operating Temperature"; Value = "-55°C"; VariantName = "[No Variations]"
Add component (AddParameter): Name = "Mount"; Value = "Surface Mount"; VariantName = "[No Variations]"
Add component (AddParameter): Name = "Number of Contacts"; Value = ""; VariantName = "[No Variations]"
Add component (AddParameter): Name = "Number of Elements"; Value = ""; VariantName = "[No Variations]"
Add component (AddParameter): Name = "Number of Resistors"; Value = ""; VariantName = "[No Variations]"
Add component (AddParameter): Name = "Number of Terminals/Pins"; Value = ""; VariantName = "[No Variations]"
Add component (AddParameter): Name = "Number of Terminations"; Value = "2"; VariantName = "[No Variations]"
Add component (AddParameter): Name = "Number of Turns"; Value = ""; VariantName = "[No Variations]"
Add component (AddParameter): Name = "Package Quantity"; Value = "1"; VariantName = "[No Variations]"
Add component (AddParameter): Name = "Package Shape"; Value = ""; VariantName = "[No Variations]"
Add component (AddParameter): Name = "Packaging"; Value = "Tape and Reel"; VariantName = "[No Variations]"
Add component (AddParameter): Name = "Pins"; Value = "2"; VariantName = "[No Variations]"
Add component (AddParameter): Name = "Power Per Element"; Value = ""; VariantName = "[No Variations]"
Add component (AddParameter): Name = "Power Rating"; Value = "125mW"; VariantName = "[No Variations]"
Add component (AddParameter): Name = "Pricing 1"; Value = "1=0,05840, 10=0,03430, 25=0,01780, 100=0,00750, 250=0,00560, 500=0,00490, 3000=0,00470 (USD)"; VariantName = "[No Variations]"
Add component (AddParameter): Name = "Radiation Hardening"; Value = "No"; VariantName = "[No Variations]"
Add component (AddParameter): Name = "REACH SVHC"; Value = "No SVHC"; VariantName = "[No Variations]"
Add component (AddParameter): Name = "Resistance"; Value = ""; VariantName = "[No Variations]"
Add component (AddParameter): Name = "Resistance Tolerance"; Value = "1%"; VariantName = "[No Variations]"
Add component (AddParameter): Name = "Resistence"; Value = ""; VariantName = "[No Variations]"
Add component (AddParameter): Name = "Resistor Type"; Value = "Thick Film"; VariantName = "[No Variations]"
Add component (AddParameter): Name = "RoHS"; Value = "Yes"; VariantName = "[No Variations]"
Add component (AddParameter): Name = "RoHS Compliant"; Value = "Yes"; VariantName = "[No Variations]"
Add component (AddParameter): Name = "Series"; Value = "CR0805"; VariantName = "[No Variations]"
Add component (AddParameter): Name = "Size Code"; Value = ""; VariantName = "[No Variations]"
Add component (AddParameter): Name = "Source"; Value = "Passives.SchLib"; VariantName = "[No Variations]"
Add component (AddParameter): Name = "Stock 1"; Value = "49802"; VariantName = "[No Variations]"
Add component (AddParameter): Name = "Taper"; Value = ""; VariantName = "[No Variations]"
Add component (AddParameter): Name = "Technology"; Value = "THICK FILM"; VariantName = "[No Variations]"
Add component (AddParameter): Name = "Temperature Coefficient"; Value = "100ppm/°C"; VariantName = "[No Variations]"
Add component (AddParameter): Name = "Terminal Finish"; Value = ""; VariantName = "[No Variations]"
Add component (AddParameter): Name = "Terminal Pitch"; Value = ""; VariantName = "[No Variations]"
Add component (AddParameter): Name = "Termination"; Value = "SMD/SMT"; VariantName = "[No Variations]"
Add component (AddParameter): Name = "Thickness"; Value = "508um"; VariantName = "[No Variations]"
Add component (AddParameter): Name = "Tolerance"; Value = "1%"; VariantName = "[No Variations]"
Add component (AddParameter): Name = "Value"; Value = "100"; VariantName = "[No Variations]"
Add component (AddParameter): Name = "Voltage Rating"; Value = "150V"; VariantName = "[No Variations]"
Add component (AddParameter): Name = "Voltage Rating (DC)"; Value = "150V"; VariantName = "[No Variations]"
Add component (AddParameter): Name = "Weight"; Value = ""; VariantName = "[No Variations]"
Add component (AddParameter): Name = "Width"; Value = "1.25mm"; VariantName = "[No Variations]"
Add component (AddParameter): Name = "Working Voltage"; Value = ""; VariantName = "[No Variations]"
Added Component: Designator=R6_KCELL2(R0805FTK)
Add component (AddParameter): Name = ".Creator"; Value = "DR"; VariantName = "[No Variations]"
Add component (AddParameter): Name = ".PCBcheck"; Value = ""; VariantName = "[No Variations]"
Add component (AddParameter): Name = ".SCHcheck"; Value = ""; VariantName = "[No Variations]"
Add component (AddParameter): Name = "Case Code (Metric)"; Value = "2012"; VariantName = "[No Variations]"
Add component (AddParameter): Name = "Case/Package"; Value = "0805"; VariantName = "[No Variations]"
Add component (AddParameter): Name = "Category"; Value = "Chip SMD Resistors"; VariantName = "[No Variations]"
Add component (AddParameter): Name = "Circuit Type"; Value = ""; VariantName = "[No Variations]"
Add component (AddParameter): Name = "Color"; Value = ""; VariantName = "[No Variations]"
Add component (AddParameter): Name = "ComponentLink1Description"; Value = "https://datasheet.ciiva.com/11809/0900766b80fcdb72-11809178.pdf?src-supplier=RSComponents"; VariantName = "[No Variations]"
Add component (AddParameter): Name = "ComponentLink1URL"; Value = "https://datasheet.ciiva.com/11809/0900766b80fcdb72-11809178.pdf?src-supplier=RSComponents"; VariantName = "[No Variations]"
Add component (AddParameter): Name = "ComponentLink2Description"; Value = "https://datasheet.ciiva.com/6547/chpreztr-6547413.pdf?src-supplier=Digi-Key"; VariantName = "[No Variations]"
Add component (AddParameter): Name = "ComponentLink2URL"; Value = "https://datasheet.ciiva.com/6547/chpreztr-6547413.pdf?src-supplier=Digi-Key"; VariantName = "[No Variations]"
Add component (AddParameter): Name = "ComponentLink3Description"; Value = "https://datasheet.ciiva.com/6547/chpreztr-6547414.pdf?src-supplier=Digi-Key"; VariantName = "[No Variations]"
Add component (AddParameter): Name = "ComponentLink3URL"; Value = "https://datasheet.ciiva.com/6547/chpreztr-6547414.pdf?src-supplier=Digi-Key"; VariantName = "[No Variations]"
Add component (AddParameter): Name = "ComponentLink4Description"; Value = "https://datasheet.ciiva.com/6547/chpreztr-6547415.pdf?src-supplier=Digi-Key"; VariantName = "[No Variations]"
Add component (AddParameter): Name = "ComponentLink4URL"; Value = "https://datasheet.ciiva.com/6547/chpreztr-6547415.pdf?src-supplier=Digi-Key"; VariantName = "[No Variations]"
Add component (AddParameter): Name = "ComponentLink5Description"; Value = "https://datasheet.ciiva.com/9120/chpreztr-9120744.pdf?src-supplier=Avnet"; VariantName = "[No Variations]"
Add component (AddParameter): Name = "ComponentLink5URL"; Value = "https://datasheet.ciiva.com/9120/chpreztr-9120744.pdf?src-supplier=Avnet"; VariantName = "[No Variations]"
Add component (AddParameter): Name = "Construction"; Value = "Rectangular"; VariantName = "[No Variations]"
Add component (AddParameter): Name = "Contact Plating"; Value = "Tin"; VariantName = "[No Variations]"
Add component (AddParameter): Name = "Current Rating"; Value = ""; VariantName = "[No Variations]"
Add component (AddParameter): Name = "Depth"; Value = "1.25mm"; VariantName = "[No Variations]"
Add component (AddParameter): Name = "Design Item ID"; Value = "R100-0805FTK"; VariantName = "[No Variations]"
Add component (AddParameter): Name = "ELV"; Value = ""; VariantName = "[No Variations]"
Add component (AddParameter): Name = "Features"; Value = "Moisture Resistant"; VariantName = "[No Variations]"
Add component (AddParameter): Name = "Height"; Value = "0.5mm"; VariantName = "[No Variations]"
Add component (AddParameter): Name = "Insulation Resistance"; Value = ""; VariantName = "[No Variations]"
Add component (AddParameter): Name = "Lead Free"; Value = ""; VariantName = "[No Variations]"
Add component (AddParameter): Name = "Lead Length"; Value = ""; VariantName = "[No Variations]"
Add component (AddParameter): Name = "Length"; Value = "2mm"; VariantName = "[No Variations]"
Add component (AddParameter): Name = "Manufacturer"; Value = ""; VariantName = "[No Variations]"
Add component (AddParameter): Name = "Manufacturer 1"; Value = "Bourns"; VariantName = "[No Variations]"
Add component (AddParameter): Name = "Manufacturer Part Number"; Value = ""; VariantName = "[No Variations]"
Add component (AddParameter): Name = "Manufacturer Part Number 1"; Value = "CR0805-FX-1000ELF"; VariantName = "[No Variations]"
Add component (AddParameter): Name = "Max Operating Temperature"; Value = "155°C"; VariantName = "[No Variations]"
Add component (AddParameter): Name = "Max Power Dissipation"; Value = "125mW"; VariantName = "[No Variations]"
Add component (AddParameter): Name = "Military Standard"; Value = "Not"; VariantName = "[No Variations]"
Add component (AddParameter): Name = "Min Operating Temperature"; Value = "-55°C"; VariantName = "[No Variations]"
Add component (AddParameter): Name = "Mount"; Value = "Surface Mount"; VariantName = "[No Variations]"
Add component (AddParameter): Name = "Number of Contacts"; Value = ""; VariantName = "[No Variations]"
Add component (AddParameter): Name = "Number of Elements"; Value = ""; VariantName = "[No Variations]"
Add component (AddParameter): Name = "Number of Resistors"; Value = ""; VariantName = "[No Variations]"
Add component (AddParameter): Name = "Number of Terminals/Pins"; Value = ""; VariantName = "[No Variations]"
Add component (AddParameter): Name = "Number of Terminations"; Value = "2"; VariantName = "[No Variations]"
Add component (AddParameter): Name = "Number of Turns"; Value = ""; VariantName = "[No Variations]"
Add component (AddParameter): Name = "Package Quantity"; Value = "1"; VariantName = "[No Variations]"
Add component (AddParameter): Name = "Package Shape"; Value = ""; VariantName = "[No Variations]"
Add component (AddParameter): Name = "Packaging"; Value = "Tape and Reel"; VariantName = "[No Variations]"
Add component (AddParameter): Name = "Pins"; Value = "2"; VariantName = "[No Variations]"
Add component (AddParameter): Name = "Power Per Element"; Value = ""; VariantName = "[No Variations]"
Add component (AddParameter): Name = "Power Rating"; Value = "125mW"; VariantName = "[No Variations]"
Add component (AddParameter): Name = "Pricing 1"; Value = "1=0,05840, 10=0,03430, 25=0,01780, 100=0,00750, 250=0,00560, 500=0,00490, 3000=0,00470 (USD)"; VariantName = "[No Variations]"
Add component (AddParameter): Name = "Radiation Hardening"; Value = "No"; VariantName = "[No Variations]"
Add component (AddParameter): Name = "REACH SVHC"; Value = "No SVHC"; VariantName = "[No Variations]"
Add component (AddParameter): Name = "Resistance"; Value = ""; VariantName = "[No Variations]"
Add component (AddParameter): Name = "Resistance Tolerance"; Value = "1%"; VariantName = "[No Variations]"
Add component (AddParameter): Name = "Resistence"; Value = ""; VariantName = "[No Variations]"
Add component (AddParameter): Name = "Resistor Type"; Value = "Thick Film"; VariantName = "[No Variations]"
Add component (AddParameter): Name = "RoHS"; Value = "Yes"; VariantName = "[No Variations]"
Add component (AddParameter): Name = "RoHS Compliant"; Value = "Yes"; VariantName = "[No Variations]"
Add component (AddParameter): Name = "Series"; Value = "CR0805"; VariantName = "[No Variations]"
Add component (AddParameter): Name = "Size Code"; Value = ""; VariantName = "[No Variations]"
Add component (AddParameter): Name = "Source"; Value = "Passives.SchLib"; VariantName = "[No Variations]"
Add component (AddParameter): Name = "Stock 1"; Value = "49802"; VariantName = "[No Variations]"
Add component (AddParameter): Name = "Taper"; Value = ""; VariantName = "[No Variations]"
Add component (AddParameter): Name = "Technology"; Value = "THICK FILM"; VariantName = "[No Variations]"
Add component (AddParameter): Name = "Temperature Coefficient"; Value = "100ppm/°C"; VariantName = "[No Variations]"
Add component (AddParameter): Name = "Terminal Finish"; Value = ""; VariantName = "[No Variations]"
Add component (AddParameter): Name = "Terminal Pitch"; Value = ""; VariantName = "[No Variations]"
Add component (AddParameter): Name = "Termination"; Value = "SMD/SMT"; VariantName = "[No Variations]"
Add component (AddParameter): Name = "Thickness"; Value = "508um"; VariantName = "[No Variations]"
Add component (AddParameter): Name = "Tolerance"; Value = "1%"; VariantName = "[No Variations]"
Add component (AddParameter): Name = "Value"; Value = "100"; VariantName = "[No Variations]"
Add component (AddParameter): Name = "Voltage Rating"; Value = "150V"; VariantName = "[No Variations]"
Add component (AddParameter): Name = "Voltage Rating (DC)"; Value = "150V"; VariantName = "[No Variations]"
Add component (AddParameter): Name = "Weight"; Value = ""; VariantName = "[No Variations]"
Add component (AddParameter): Name = "Width"; Value = "1.25mm"; VariantName = "[No Variations]"
Add component (AddParameter): Name = "Working Voltage"; Value = ""; VariantName = "[No Variations]"
Added Component: Designator=R7_KCELL1(R0805FTK)
Add component (AddParameter): Name = ".Creator"; Value = "DR"; VariantName = "[No Variations]"
Add component (AddParameter): Name = ".PCBcheck"; Value = ""; VariantName = "[No Variations]"
Add component (AddParameter): Name = ".SCHcheck"; Value = ""; VariantName = "[No Variations]"
Add component (AddParameter): Name = "Case Code (Metric)"; Value = "2012"; VariantName = "[No Variations]"
Add component (AddParameter): Name = "Case/Package"; Value = "0805"; VariantName = "[No Variations]"
Add component (AddParameter): Name = "Category"; Value = "Chip SMD Resistors"; VariantName = "[No Variations]"
Add component (AddParameter): Name = "Circuit Type"; Value = ""; VariantName = "[No Variations]"
Add component (AddParameter): Name = "Color"; Value = ""; VariantName = "[No Variations]"
Add component (AddParameter): Name = "ComponentLink1Description"; Value = "https://datasheet.ciiva.com/11821/0900766b80fcdb72-11821135.pdf?src-supplier=RSComponents"; VariantName = "[No Variations]"
Add component (AddParameter): Name = "ComponentLink1URL"; Value = "https://datasheet.ciiva.com/11821/0900766b80fcdb72-11821135.pdf?src-supplier=RSComponents"; VariantName = "[No Variations]"
Add component (AddParameter): Name = "ComponentLink2Description"; Value = "https://datasheet.ciiva.com/9122/chpreztr-9122374.pdf?src-supplier=Avnet"; VariantName = "[No Variations]"
Add component (AddParameter): Name = "ComponentLink2URL"; Value = "https://datasheet.ciiva.com/9122/chpreztr-9122374.pdf?src-supplier=Avnet"; VariantName = "[No Variations]"
Add component (AddParameter): Name = "ComponentLink3Description"; Value = "https://datasheet.ciiva.com/22693/1902866-22693254.pdf?src-supplier=Element14"; VariantName = "[No Variations]"
Add component (AddParameter): Name = "ComponentLink3URL"; Value = "https://datasheet.ciiva.com/22693/1902866-22693254.pdf?src-supplier=Element14"; VariantName = "[No Variations]"
Add component (AddParameter): Name = "ComponentLink4Description"; Value = "https://datasheet.ciiva.com/7986/691949-7986187.pdf?src-supplier=Element14"; VariantName = "[No Variations]"
Add component (AddParameter): Name = "ComponentLink4URL"; Value = "https://datasheet.ciiva.com/7986/691949-7986187.pdf?src-supplier=Element14"; VariantName = "[No Variations]"
Add component (AddParameter): Name = "ComponentLink5Description"; Value = "https://datasheet.ciiva.com/30065/159chpreztr-30065976.pdf?src-supplier=Onlinecomponents.com"; VariantName = "[No Variations]"
Add component (AddParameter): Name = "ComponentLink5URL"; Value = "https://datasheet.ciiva.com/30065/159chpreztr-30065976.pdf?src-supplier=Onlinecomponents.com"; VariantName = "[No Variations]"
Add component (AddParameter): Name = "ComponentLink6Description"; Value = "https://datasheet.ciiva.com/16783/70154685-16783482.pdf?src-supplier=Allied+Electronics"; VariantName = "[No Variations]"
Add component (AddParameter): Name = "ComponentLink6URL"; Value = "https://datasheet.ciiva.com/16783/70154685-16783482.pdf?src-supplier=Allied+Electronics"; VariantName = "[No Variations]"
Add component (AddParameter): Name = "ComponentLink7Description"; Value = "https://datasheet.ciiva.com/5548/chpreztr-5548491.pdf?src-supplier=Mouser"; VariantName = "[No Variations]"
Add component (AddParameter): Name = "ComponentLink7URL"; Value = "https://datasheet.ciiva.com/5548/chpreztr-5548491.pdf?src-supplier=Mouser"; VariantName = "[No Variations]"
Add component (AddParameter): Name = "ComponentLink8Description"; Value = "https://datasheet.ciiva.com/6559/chpreztr-6559900.pdf?src-supplier=Digi-Key"; VariantName = "[No Variations]"
Add component (AddParameter): Name = "ComponentLink8URL"; Value = "https://datasheet.ciiva.com/6559/chpreztr-6559900.pdf?src-supplier=Digi-Key"; VariantName = "[No Variations]"
Add component (AddParameter): Name = "ComponentLink9Description"; Value = "https://datasheet.ciiva.com/6559/chpreztr-6559901.pdf?src-supplier=Digi-Key"; VariantName = "[No Variations]"
Add component (AddParameter): Name = "ComponentLink9URL"; Value = "https://datasheet.ciiva.com/6559/chpreztr-6559901.pdf?src-supplier=Digi-Key"; VariantName = "[No Variations]"
Add component (AddParameter): Name = "ComponentLink10Description"; Value = "https://datasheet.ciiva.com/7985/1856384-7985869.pdf?src-supplier=Element14"; VariantName = "[No Variations]"
Add component (AddParameter): Name = "ComponentLink10URL"; Value = "https://datasheet.ciiva.com/7985/1856384-7985869.pdf?src-supplier=Element14"; VariantName = "[No Variations]"
Add component (AddParameter): Name = "ComponentLink11Description"; Value = "https://datasheet.ciiva.com/48692/001055517-da-01-en-smd-wid-cr0805-jw-103elf-10k-ohm-1-8w-48692118.pdf?src-supplier=Conrad"; VariantName = "[No Variations]"
Add component (AddParameter): Name = "ComponentLink11URL"; Value = "https://datasheet.ciiva.com/48692/001055517-da-01-en-smd-wid-cr0805-jw-103elf-10k-ohm-1-8w-48692118.pdf?src-supplier=Conrad"; VariantName = "[No Variations]"
Add component (AddParameter): Name = "Construction"; Value = "Rectangular"; VariantName = "[No Variations]"
Add component (AddParameter): Name = "Contact Plating"; Value = "Tin"; VariantName = "[No Variations]"
Add component (AddParameter): Name = "Current Rating"; Value = ""; VariantName = "[No Variations]"
Add component (AddParameter): Name = "Depth"; Value = "1.25mm"; VariantName = "[No Variations]"
Add component (AddParameter): Name = "Design Item ID"; Value = "R10k-0805FTK"; VariantName = "[No Variations]"
Add component (AddParameter): Name = "ELV"; Value = ""; VariantName = "[No Variations]"
Add component (AddParameter): Name = "Features"; Value = "Moisture Resistant"; VariantName = "[No Variations]"
Add component (AddParameter): Name = "Height"; Value = "0.5mm"; VariantName = "[No Variations]"
Add component (AddParameter): Name = "Insulation Resistance"; Value = ""; VariantName = "[No Variations]"
Add component (AddParameter): Name = "Lead Free"; Value = ""; VariantName = "[No Variations]"
Add component (AddParameter): Name = "Lead Length"; Value = ""; VariantName = "[No Variations]"
Add component (AddParameter): Name = "Length"; Value = "2mm"; VariantName = "[No Variations]"
Add component (AddParameter): Name = "Manufacturer"; Value = ""; VariantName = "[No Variations]"
Add component (AddParameter): Name = "Manufacturer 1"; Value = "Bourns"; VariantName = "[No Variations]"
Add component (AddParameter): Name = "Manufacturer Part Number"; Value = ""; VariantName = "[No Variations]"
Add component (AddParameter): Name = "Manufacturer Part Number 1"; Value = "CR0805-JW-103ELF"; VariantName = "[No Variations]"
Add component (AddParameter): Name = "Max Operating Temperature"; Value = "155°C"; VariantName = "[No Variations]"
Add component (AddParameter): Name = "Max Power Dissipation"; Value = "125mW"; VariantName = "[No Variations]"
Add component (AddParameter): Name = "Military Standard"; Value = "Not"; VariantName = "[No Variations]"
Add component (AddParameter): Name = "Min Operating Temperature"; Value = "-55°C"; VariantName = "[No Variations]"
Add component (AddParameter): Name = "Mount"; Value = "Surface Mount"; VariantName = "[No Variations]"
Add component (AddParameter): Name = "Mounting Technology"; Value = ""; VariantName = "[No Variations]"
Add component (AddParameter): Name = "Number of Contacts"; Value = ""; VariantName = "[No Variations]"
Add component (AddParameter): Name = "Number of Elements"; Value = ""; VariantName = "[No Variations]"
Add component (AddParameter): Name = "Number of Resistors"; Value = ""; VariantName = "[No Variations]"
Add component (AddParameter): Name = "Number of Terminals/Pins"; Value = ""; VariantName = "[No Variations]"
Add component (AddParameter): Name = "Number of Terminations"; Value = "2"; VariantName = "[No Variations]"
Add component (AddParameter): Name = "Number of Turns"; Value = ""; VariantName = "[No Variations]"
Add component (AddParameter): Name = "Package Quantity"; Value = "1"; VariantName = "[No Variations]"
Add component (AddParameter): Name = "Package Shape"; Value = ""; VariantName = "[No Variations]"
Add component (AddParameter): Name = "Packaging"; Value = "Tape and Reel"; VariantName = "[No Variations]"
Add component (AddParameter): Name = "Pins"; Value = "2"; VariantName = "[No Variations]"
Add component (AddParameter): Name = "Power"; Value = ""; VariantName = "[No Variations]"
Add component (AddParameter): Name = "Power Per Element"; Value = ""; VariantName = "[No Variations]"
Add component (AddParameter): Name = "Power Rating"; Value = "125mW"; VariantName = "[No Variations]"
Add component (AddParameter): Name = "Pricing 1"; Value = "1=0,05790, 10=0,01540, 25=0,01340, 100=0,00340 (USD)"; VariantName = "[No Variations]"
Add component (AddParameter): Name = "Radiation Hardening"; Value = "No"; VariantName = "[No Variations]"
Add component (AddParameter): Name = "REACH SVHC"; Value = "No SVHC"; VariantName = "[No Variations]"
Add component (AddParameter): Name = "Resistance"; Value = ""; VariantName = "[No Variations]"
Add component (AddParameter): Name = "Resistance Tolerance"; Value = "5%"; VariantName = "[No Variations]"
Add component (AddParameter): Name = "Resistence"; Value = ""; VariantName = "[No Variations]"
Add component (AddParameter): Name = "Resistor Type"; Value = "Thick Film"; VariantName = "[No Variations]"
Add component (AddParameter): Name = "RoHS"; Value = "Yes"; VariantName = "[No Variations]"
Add component (AddParameter): Name = "RoHS Compliant"; Value = "Yes"; VariantName = "[No Variations]"
Add component (AddParameter): Name = "Series"; Value = "CR0805"; VariantName = "[No Variations]"
Add component (AddParameter): Name = "Size Code"; Value = ""; VariantName = "[No Variations]"
Add component (AddParameter): Name = "Source"; Value = "Passives.SchLib"; VariantName = "[No Variations]"
Add component (AddParameter): Name = "Stock 1"; Value = "57566"; VariantName = "[No Variations]"
Add component (AddParameter): Name = "Taper"; Value = ""; VariantName = "[No Variations]"
Add component (AddParameter): Name = "Technology"; Value = "THICK FILM"; VariantName = "[No Variations]"
Add component (AddParameter): Name = "Temperature Coefficient"; Value = "200ppm/°C"; VariantName = "[No Variations]"
Add component (AddParameter): Name = "Terminal Finish"; Value = ""; VariantName = "[No Variations]"
Add component (AddParameter): Name = "Terminal Pitch"; Value = ""; VariantName = "[No Variations]"
Add component (AddParameter): Name = "Termination"; Value = "SMD/SMT"; VariantName = "[No Variations]"
Add component (AddParameter): Name = "Thickness"; Value = "508um"; VariantName = "[No Variations]"
Add component (AddParameter): Name = "Tolerance"; Value = "5%"; VariantName = "[No Variations]"
Add component (AddParameter): Name = "Value"; Value = "10k"; VariantName = "[No Variations]"
Add component (AddParameter): Name = "Voltage Rating"; Value = "150V"; VariantName = "[No Variations]"
Add component (AddParameter): Name = "Voltage Rating (DC)"; Value = "100V"; VariantName = "[No Variations]"
Add component (AddParameter): Name = "Weight"; Value = ""; VariantName = "[No Variations]"
Add component (AddParameter): Name = "Width"; Value = "1.25mm"; VariantName = "[No Variations]"
Add component (AddParameter): Name = "Working Voltage"; Value = ""; VariantName = "[No Variations]"
Added Component: Designator=R7_KCELL2(R0805FTK)
Add component (AddParameter): Name = ".Creator"; Value = "DR"; VariantName = "[No Variations]"
Add component (AddParameter): Name = ".PCBcheck"; Value = ""; VariantName = "[No Variations]"
Add component (AddParameter): Name = ".SCHcheck"; Value = ""; VariantName = "[No Variations]"
Add component (AddParameter): Name = "Case Code (Metric)"; Value = "2012"; VariantName = "[No Variations]"
Add component (AddParameter): Name = "Case/Package"; Value = "0805"; VariantName = "[No Variations]"
Add component (AddParameter): Name = "Category"; Value = "Chip SMD Resistors"; VariantName = "[No Variations]"
Add component (AddParameter): Name = "Circuit Type"; Value = ""; VariantName = "[No Variations]"
Add component (AddParameter): Name = "Color"; Value = ""; VariantName = "[No Variations]"
Add component (AddParameter): Name = "ComponentLink1Description"; Value = "https://datasheet.ciiva.com/11821/0900766b80fcdb72-11821135.pdf?src-supplier=RSComponents"; VariantName = "[No Variations]"
Add component (AddParameter): Name = "ComponentLink1URL"; Value = "https://datasheet.ciiva.com/11821/0900766b80fcdb72-11821135.pdf?src-supplier=RSComponents"; VariantName = "[No Variations]"
Add component (AddParameter): Name = "ComponentLink2Description"; Value = "https://datasheet.ciiva.com/9122/chpreztr-9122374.pdf?src-supplier=Avnet"; VariantName = "[No Variations]"
Add component (AddParameter): Name = "ComponentLink2URL"; Value = "https://datasheet.ciiva.com/9122/chpreztr-9122374.pdf?src-supplier=Avnet"; VariantName = "[No Variations]"
Add component (AddParameter): Name = "ComponentLink3Description"; Value = "https://datasheet.ciiva.com/22693/1902866-22693254.pdf?src-supplier=Element14"; VariantName = "[No Variations]"
Add component (AddParameter): Name = "ComponentLink3URL"; Value = "https://datasheet.ciiva.com/22693/1902866-22693254.pdf?src-supplier=Element14"; VariantName = "[No Variations]"
Add component (AddParameter): Name = "ComponentLink4Description"; Value = "https://datasheet.ciiva.com/7986/691949-7986187.pdf?src-supplier=Element14"; VariantName = "[No Variations]"
Add component (AddParameter): Name = "ComponentLink4URL"; Value = "https://datasheet.ciiva.com/7986/691949-7986187.pdf?src-supplier=Element14"; VariantName = "[No Variations]"
Add component (AddParameter): Name = "ComponentLink5Description"; Value = "https://datasheet.ciiva.com/30065/159chpreztr-30065976.pdf?src-supplier=Onlinecomponents.com"; VariantName = "[No Variations]"
Add component (AddParameter): Name = "ComponentLink5URL"; Value = "https://datasheet.ciiva.com/30065/159chpreztr-30065976.pdf?src-supplier=Onlinecomponents.com"; VariantName = "[No Variations]"
Add component (AddParameter): Name = "ComponentLink6Description"; Value = "https://datasheet.ciiva.com/16783/70154685-16783482.pdf?src-supplier=Allied+Electronics"; VariantName = "[No Variations]"
Add component (AddParameter): Name = "ComponentLink6URL"; Value = "https://datasheet.ciiva.com/16783/70154685-16783482.pdf?src-supplier=Allied+Electronics"; VariantName = "[No Variations]"
Add component (AddParameter): Name = "ComponentLink7Description"; Value = "https://datasheet.ciiva.com/5548/chpreztr-5548491.pdf?src-supplier=Mouser"; VariantName = "[No Variations]"
Add component (AddParameter): Name = "ComponentLink7URL"; Value = "https://datasheet.ciiva.com/5548/chpreztr-5548491.pdf?src-supplier=Mouser"; VariantName = "[No Variations]"
Add component (AddParameter): Name = "ComponentLink8Description"; Value = "https://datasheet.ciiva.com/6559/chpreztr-6559900.pdf?src-supplier=Digi-Key"; VariantName = "[No Variations]"
Add component (AddParameter): Name = "ComponentLink8URL"; Value = "https://datasheet.ciiva.com/6559/chpreztr-6559900.pdf?src-supplier=Digi-Key"; VariantName = "[No Variations]"
Add component (AddParameter): Name = "ComponentLink9Description"; Value = "https://datasheet.ciiva.com/6559/chpreztr-6559901.pdf?src-supplier=Digi-Key"; VariantName = "[No Variations]"
Add component (AddParameter): Name = "ComponentLink9URL"; Value = "https://datasheet.ciiva.com/6559/chpreztr-6559901.pdf?src-supplier=Digi-Key"; VariantName = "[No Variations]"
Add component (AddParameter): Name = "ComponentLink10Description"; Value = "https://datasheet.ciiva.com/7985/1856384-7985869.pdf?src-supplier=Element14"; VariantName = "[No Variations]"
Add component (AddParameter): Name = "ComponentLink10URL"; Value = "https://datasheet.ciiva.com/7985/1856384-7985869.pdf?src-supplier=Element14"; VariantName = "[No Variations]"
Add component (AddParameter): Name = "ComponentLink11Description"; Value = "https://datasheet.ciiva.com/48692/001055517-da-01-en-smd-wid-cr0805-jw-103elf-10k-ohm-1-8w-48692118.pdf?src-supplier=Conrad"; VariantName = "[No Variations]"
Add component (AddParameter): Name = "ComponentLink11URL"; Value = "https://datasheet.ciiva.com/48692/001055517-da-01-en-smd-wid-cr0805-jw-103elf-10k-ohm-1-8w-48692118.pdf?src-supplier=Conrad"; VariantName = "[No Variations]"
Add component (AddParameter): Name = "Construction"; Value = "Rectangular"; VariantName = "[No Variations]"
Add component (AddParameter): Name = "Contact Plating"; Value = "Tin"; VariantName = "[No Variations]"
Add component (AddParameter): Name = "Current Rating"; Value = ""; VariantName = "[No Variations]"
Add component (AddParameter): Name = "Depth"; Value = "1.25mm"; VariantName = "[No Variations]"
Add component (AddParameter): Name = "Design Item ID"; Value = "R10k-0805FTK"; VariantName = "[No Variations]"
Add component (AddParameter): Name = "ELV"; Value = ""; VariantName = "[No Variations]"
Add component (AddParameter): Name = "Features"; Value = "Moisture Resistant"; VariantName = "[No Variations]"
Add component (AddParameter): Name = "Height"; Value = "0.5mm"; VariantName = "[No Variations]"
Add component (AddParameter): Name = "Insulation Resistance"; Value = ""; VariantName = "[No Variations]"
Add component (AddParameter): Name = "Lead Free"; Value = ""; VariantName = "[No Variations]"
Add component (AddParameter): Name = "Lead Length"; Value = ""; VariantName = "[No Variations]"
Add component (AddParameter): Name = "Length"; Value = "2mm"; VariantName = "[No Variations]"
Add component (AddParameter): Name = "Manufacturer"; Value = ""; VariantName = "[No Variations]"
Add component (AddParameter): Name = "Manufacturer 1"; Value = "Bourns"; VariantName = "[No Variations]"
Add component (AddParameter): Name = "Manufacturer Part Number"; Value = ""; VariantName = "[No Variations]"
Add component (AddParameter): Name = "Manufacturer Part Number 1"; Value = "CR0805-JW-103ELF"; VariantName = "[No Variations]"
Add component (AddParameter): Name = "Max Operating Temperature"; Value = "155°C"; VariantName = "[No Variations]"
Add component (AddParameter): Name = "Max Power Dissipation"; Value = "125mW"; VariantName = "[No Variations]"
Add component (AddParameter): Name = "Military Standard"; Value = "Not"; VariantName = "[No Variations]"
Add component (AddParameter): Name = "Min Operating Temperature"; Value = "-55°C"; VariantName = "[No Variations]"
Add component (AddParameter): Name = "Mount"; Value = "Surface Mount"; VariantName = "[No Variations]"
Add component (AddParameter): Name = "Mounting Technology"; Value = ""; VariantName = "[No Variations]"
Add component (AddParameter): Name = "Number of Contacts"; Value = ""; VariantName = "[No Variations]"
Add component (AddParameter): Name = "Number of Elements"; Value = ""; VariantName = "[No Variations]"
Add component (AddParameter): Name = "Number of Resistors"; Value = ""; VariantName = "[No Variations]"
Add component (AddParameter): Name = "Number of Terminals/Pins"; Value = ""; VariantName = "[No Variations]"
Add component (AddParameter): Name = "Number of Terminations"; Value = "2"; VariantName = "[No Variations]"
Add component (AddParameter): Name = "Number of Turns"; Value = ""; VariantName = "[No Variations]"
Add component (AddParameter): Name = "Package Quantity"; Value = "1"; VariantName = "[No Variations]"
Add component (AddParameter): Name = "Package Shape"; Value = ""; VariantName = "[No Variations]"
Add component (AddParameter): Name = "Packaging"; Value = "Tape and Reel"; VariantName = "[No Variations]"
Add component (AddParameter): Name = "Pins"; Value = "2"; VariantName = "[No Variations]"
Add component (AddParameter): Name = "Power"; Value = ""; VariantName = "[No Variations]"
Add component (AddParameter): Name = "Power Per Element"; Value = ""; VariantName = "[No Variations]"
Add component (AddParameter): Name = "Power Rating"; Value = "125mW"; VariantName = "[No Variations]"
Add component (AddParameter): Name = "Pricing 1"; Value = "1=0,05790, 10=0,01540, 25=0,01340, 100=0,00340 (USD)"; VariantName = "[No Variations]"
Add component (AddParameter): Name = "Radiation Hardening"; Value = "No"; VariantName = "[No Variations]"
Add component (AddParameter): Name = "REACH SVHC"; Value = "No SVHC"; VariantName = "[No Variations]"
Add component (AddParameter): Name = "Resistance"; Value = ""; VariantName = "[No Variations]"
Add component (AddParameter): Name = "Resistance Tolerance"; Value = "5%"; VariantName = "[No Variations]"
Add component (AddParameter): Name = "Resistence"; Value = ""; VariantName = "[No Variations]"
Add component (AddParameter): Name = "Resistor Type"; Value = "Thick Film"; VariantName = "[No Variations]"
Add component (AddParameter): Name = "RoHS"; Value = "Yes"; VariantName = "[No Variations]"
Add component (AddParameter): Name = "RoHS Compliant"; Value = "Yes"; VariantName = "[No Variations]"
Add component (AddParameter): Name = "Series"; Value = "CR0805"; VariantName = "[No Variations]"
Add component (AddParameter): Name = "Size Code"; Value = ""; VariantName = "[No Variations]"
Add component (AddParameter): Name = "Source"; Value = "Passives.SchLib"; VariantName = "[No Variations]"
Add component (AddParameter): Name = "Stock 1"; Value = "57566"; VariantName = "[No Variations]"
Add component (AddParameter): Name = "Taper"; Value = ""; VariantName = "[No Variations]"
Add component (AddParameter): Name = "Technology"; Value = "THICK FILM"; VariantName = "[No Variations]"
Add component (AddParameter): Name = "Temperature Coefficient"; Value = "200ppm/°C"; VariantName = "[No Variations]"
Add component (AddParameter): Name = "Terminal Finish"; Value = ""; VariantName = "[No Variations]"
Add component (AddParameter): Name = "Terminal Pitch"; Value = ""; VariantName = "[No Variations]"
Add component (AddParameter): Name = "Termination"; Value = "SMD/SMT"; VariantName = "[No Variations]"
Add component (AddParameter): Name = "Thickness"; Value = "508um"; VariantName = "[No Variations]"
Add component (AddParameter): Name = "Tolerance"; Value = "5%"; VariantName = "[No Variations]"
Add component (AddParameter): Name = "Value"; Value = "10k"; VariantName = "[No Variations]"
Add component (AddParameter): Name = "Voltage Rating"; Value = "150V"; VariantName = "[No Variations]"
Add component (AddParameter): Name = "Voltage Rating (DC)"; Value = "100V"; VariantName = "[No Variations]"
Add component (AddParameter): Name = "Weight"; Value = ""; VariantName = "[No Variations]"
Add component (AddParameter): Name = "Width"; Value = "1.25mm"; VariantName = "[No Variations]"
Add component (AddParameter): Name = "Working Voltage"; Value = ""; VariantName = "[No Variations]"
Added Component: Designator=R8_NTC1(R0805FTK)
Add component (AddParameter): Name = ".Creator"; Value = "DR"; VariantName = "[No Variations]"
Add component (AddParameter): Name = ".PCBcheck"; Value = ""; VariantName = "[No Variations]"
Add component (AddParameter): Name = ".SCHcheck"; Value = ""; VariantName = "[No Variations]"
Add component (AddParameter): Name = "Case Code (Metric)"; Value = "2012"; VariantName = "[No Variations]"
Add component (AddParameter): Name = "Case/Package"; Value = "0805"; VariantName = "[No Variations]"
Add component (AddParameter): Name = "Category"; Value = "Chip SMD Resistors"; VariantName = "[No Variations]"
Add component (AddParameter): Name = "Circuit Type"; Value = ""; VariantName = "[No Variations]"
Add component (AddParameter): Name = "Color"; Value = ""; VariantName = "[No Variations]"
Add component (AddParameter): Name = "ComponentLink1Description"; Value = "https://datasheet.ciiva.com/11821/0900766b80fcdb72-11821135.pdf?src-supplier=RSComponents"; VariantName = "[No Variations]"
Add component (AddParameter): Name = "ComponentLink1URL"; Value = "https://datasheet.ciiva.com/11821/0900766b80fcdb72-11821135.pdf?src-supplier=RSComponents"; VariantName = "[No Variations]"
Add component (AddParameter): Name = "ComponentLink2Description"; Value = "https://datasheet.ciiva.com/9122/chpreztr-9122374.pdf?src-supplier=Avnet"; VariantName = "[No Variations]"
Add component (AddParameter): Name = "ComponentLink2URL"; Value = "https://datasheet.ciiva.com/9122/chpreztr-9122374.pdf?src-supplier=Avnet"; VariantName = "[No Variations]"
Add component (AddParameter): Name = "ComponentLink3Description"; Value = "https://datasheet.ciiva.com/22693/1902866-22693254.pdf?src-supplier=Element14"; VariantName = "[No Variations]"
Add component (AddParameter): Name = "ComponentLink3URL"; Value = "https://datasheet.ciiva.com/22693/1902866-22693254.pdf?src-supplier=Element14"; VariantName = "[No Variations]"
Add component (AddParameter): Name = "ComponentLink4Description"; Value = "https://datasheet.ciiva.com/7986/691949-7986187.pdf?src-supplier=Element14"; VariantName = "[No Variations]"
Add component (AddParameter): Name = "ComponentLink4URL"; Value = "https://datasheet.ciiva.com/7986/691949-7986187.pdf?src-supplier=Element14"; VariantName = "[No Variations]"
Add component (AddParameter): Name = "ComponentLink5Description"; Value = "https://datasheet.ciiva.com/30065/159chpreztr-30065976.pdf?src-supplier=Onlinecomponents.com"; VariantName = "[No Variations]"
Add component (AddParameter): Name = "ComponentLink5URL"; Value = "https://datasheet.ciiva.com/30065/159chpreztr-30065976.pdf?src-supplier=Onlinecomponents.com"; VariantName = "[No Variations]"
Add component (AddParameter): Name = "ComponentLink6Description"; Value = "https://datasheet.ciiva.com/16783/70154685-16783482.pdf?src-supplier=Allied+Electronics"; VariantName = "[No Variations]"
Add component (AddParameter): Name = "ComponentLink6URL"; Value = "https://datasheet.ciiva.com/16783/70154685-16783482.pdf?src-supplier=Allied+Electronics"; VariantName = "[No Variations]"
Add component (AddParameter): Name = "ComponentLink7Description"; Value = "https://datasheet.ciiva.com/5548/chpreztr-5548491.pdf?src-supplier=Mouser"; VariantName = "[No Variations]"
Add component (AddParameter): Name = "ComponentLink7URL"; Value = "https://datasheet.ciiva.com/5548/chpreztr-5548491.pdf?src-supplier=Mouser"; VariantName = "[No Variations]"
Add component (AddParameter): Name = "ComponentLink8Description"; Value = "https://datasheet.ciiva.com/6559/chpreztr-6559900.pdf?src-supplier=Digi-Key"; VariantName = "[No Variations]"
Add component (AddParameter): Name = "ComponentLink8URL"; Value = "https://datasheet.ciiva.com/6559/chpreztr-6559900.pdf?src-supplier=Digi-Key"; VariantName = "[No Variations]"
Add component (AddParameter): Name = "ComponentLink9Description"; Value = "https://datasheet.ciiva.com/6559/chpreztr-6559901.pdf?src-supplier=Digi-Key"; VariantName = "[No Variations]"
Add component (AddParameter): Name = "ComponentLink9URL"; Value = "https://datasheet.ciiva.com/6559/chpreztr-6559901.pdf?src-supplier=Digi-Key"; VariantName = "[No Variations]"
Add component (AddParameter): Name = "ComponentLink10Description"; Value = "https://datasheet.ciiva.com/7985/1856384-7985869.pdf?src-supplier=Element14"; VariantName = "[No Variations]"
Add component (AddParameter): Name = "ComponentLink10URL"; Value = "https://datasheet.ciiva.com/7985/1856384-7985869.pdf?src-supplier=Element14"; VariantName = "[No Variations]"
Add component (AddParameter): Name = "ComponentLink11Description"; Value = "https://datasheet.ciiva.com/48692/001055517-da-01-en-smd-wid-cr0805-jw-103elf-10k-ohm-1-8w-48692118.pdf?src-supplier=Conrad"; VariantName = "[No Variations]"
Add component (AddParameter): Name = "ComponentLink11URL"; Value = "https://datasheet.ciiva.com/48692/001055517-da-01-en-smd-wid-cr0805-jw-103elf-10k-ohm-1-8w-48692118.pdf?src-supplier=Conrad"; VariantName = "[No Variations]"
Add component (AddParameter): Name = "Construction"; Value = "Rectangular"; VariantName = "[No Variations]"
Add component (AddParameter): Name = "Contact Plating"; Value = "Tin"; VariantName = "[No Variations]"
Add component (AddParameter): Name = "Current Rating"; Value = ""; VariantName = "[No Variations]"
Add component (AddParameter): Name = "Depth"; Value = "1.25mm"; VariantName = "[No Variations]"
Add component (AddParameter): Name = "Design Item ID"; Value = "R10k-0805FTK"; VariantName = "[No Variations]"
Add component (AddParameter): Name = "ELV"; Value = ""; VariantName = "[No Variations]"
Add component (AddParameter): Name = "Features"; Value = "Moisture Resistant"; VariantName = "[No Variations]"
Add component (AddParameter): Name = "Height"; Value = "0.5mm"; VariantName = "[No Variations]"
Add component (AddParameter): Name = "Insulation Resistance"; Value = ""; VariantName = "[No Variations]"
Add component (AddParameter): Name = "Lead Free"; Value = ""; VariantName = "[No Variations]"
Add component (AddParameter): Name = "Lead Length"; Value = ""; VariantName = "[No Variations]"
Add component (AddParameter): Name = "Length"; Value = "2mm"; VariantName = "[No Variations]"
Add component (AddParameter): Name = "Manufacturer"; Value = ""; VariantName = "[No Variations]"
Add component (AddParameter): Name = "Manufacturer 1"; Value = "Bourns"; VariantName = "[No Variations]"
Add component (AddParameter): Name = "Manufacturer Part Number"; Value = ""; VariantName = "[No Variations]"
Add component (AddParameter): Name = "Manufacturer Part Number 1"; Value = "CR0805-JW-103ELF"; VariantName = "[No Variations]"
Add component (AddParameter): Name = "Max Operating Temperature"; Value = "155°C"; VariantName = "[No Variations]"
Add component (AddParameter): Name = "Max Power Dissipation"; Value = "125mW"; VariantName = "[No Variations]"
Add component (AddParameter): Name = "Military Standard"; Value = "Not"; VariantName = "[No Variations]"
Add component (AddParameter): Name = "Min Operating Temperature"; Value = "-55°C"; VariantName = "[No Variations]"
Add component (AddParameter): Name = "Mount"; Value = "Surface Mount"; VariantName = "[No Variations]"
Add component (AddParameter): Name = "Mounting Technology"; Value = ""; VariantName = "[No Variations]"
Add component (AddParameter): Name = "Number of Contacts"; Value = ""; VariantName = "[No Variations]"
Add component (AddParameter): Name = "Number of Elements"; Value = ""; VariantName = "[No Variations]"
Add component (AddParameter): Name = "Number of Resistors"; Value = ""; VariantName = "[No Variations]"
Add component (AddParameter): Name = "Number of Terminals/Pins"; Value = ""; VariantName = "[No Variations]"
Add component (AddParameter): Name = "Number of Terminations"; Value = "2"; VariantName = "[No Variations]"
Add component (AddParameter): Name = "Number of Turns"; Value = ""; VariantName = "[No Variations]"
Add component (AddParameter): Name = "Package Quantity"; Value = "1"; VariantName = "[No Variations]"
Add component (AddParameter): Name = "Package Shape"; Value = ""; VariantName = "[No Variations]"
Add component (AddParameter): Name = "Packaging"; Value = "Tape and Reel"; VariantName = "[No Variations]"
Add component (AddParameter): Name = "Pins"; Value = "2"; VariantName = "[No Variations]"
Add component (AddParameter): Name = "Power"; Value = ""; VariantName = "[No Variations]"
Add component (AddParameter): Name = "Power Per Element"; Value = ""; VariantName = "[No Variations]"
Add component (AddParameter): Name = "Power Rating"; Value = "125mW"; VariantName = "[No Variations]"
Add component (AddParameter): Name = "Pricing 1"; Value = "1=0,05790, 10=0,01540, 25=0,01340, 100=0,00340 (USD)"; VariantName = "[No Variations]"
Add component (AddParameter): Name = "Radiation Hardening"; Value = "No"; VariantName = "[No Variations]"
Add component (AddParameter): Name = "REACH SVHC"; Value = "No SVHC"; VariantName = "[No Variations]"
Add component (AddParameter): Name = "Resistance"; Value = ""; VariantName = "[No Variations]"
Add component (AddParameter): Name = "Resistance Tolerance"; Value = "5%"; VariantName = "[No Variations]"
Add component (AddParameter): Name = "Resistence"; Value = ""; VariantName = "[No Variations]"
Add component (AddParameter): Name = "Resistor Type"; Value = "Thick Film"; VariantName = "[No Variations]"
Add component (AddParameter): Name = "RoHS"; Value = "Yes"; VariantName = "[No Variations]"
Add component (AddParameter): Name = "RoHS Compliant"; Value = "Yes"; VariantName = "[No Variations]"
Add component (AddParameter): Name = "Series"; Value = "CR0805"; VariantName = "[No Variations]"
Add component (AddParameter): Name = "Size Code"; Value = ""; VariantName = "[No Variations]"
Add component (AddParameter): Name = "Source"; Value = "Passives.SchLib"; VariantName = "[No Variations]"
Add component (AddParameter): Name = "Stock 1"; Value = "57566"; VariantName = "[No Variations]"
Add component (AddParameter): Name = "Taper"; Value = ""; VariantName = "[No Variations]"
Add component (AddParameter): Name = "Technology"; Value = "THICK FILM"; VariantName = "[No Variations]"
Add component (AddParameter): Name = "Temperature Coefficient"; Value = "200ppm/°C"; VariantName = "[No Variations]"
Add component (AddParameter): Name = "Terminal Finish"; Value = ""; VariantName = "[No Variations]"
Add component (AddParameter): Name = "Terminal Pitch"; Value = ""; VariantName = "[No Variations]"
Add component (AddParameter): Name = "Termination"; Value = "SMD/SMT"; VariantName = "[No Variations]"
Add component (AddParameter): Name = "Thickness"; Value = "508um"; VariantName = "[No Variations]"
Add component (AddParameter): Name = "Tolerance"; Value = "5%"; VariantName = "[No Variations]"
Add component (AddParameter): Name = "Value"; Value = "10k"; VariantName = "[No Variations]"
Add component (AddParameter): Name = "Voltage Rating"; Value = "150V"; VariantName = "[No Variations]"
Add component (AddParameter): Name = "Voltage Rating (DC)"; Value = "100V"; VariantName = "[No Variations]"
Add component (AddParameter): Name = "Weight"; Value = ""; VariantName = "[No Variations]"
Add component (AddParameter): Name = "Width"; Value = "1.25mm"; VariantName = "[No Variations]"
Add component (AddParameter): Name = "Working Voltage"; Value = ""; VariantName = "[No Variations]"
Added Component: Designator=R8_NTC2(R0805FTK)
Add component (AddParameter): Name = ".Creator"; Value = "DR"; VariantName = "[No Variations]"
Add component (AddParameter): Name = ".PCBcheck"; Value = ""; VariantName = "[No Variations]"
Add component (AddParameter): Name = ".SCHcheck"; Value = ""; VariantName = "[No Variations]"
Add component (AddParameter): Name = "Case Code (Metric)"; Value = "2012"; VariantName = "[No Variations]"
Add component (AddParameter): Name = "Case/Package"; Value = "0805"; VariantName = "[No Variations]"
Add component (AddParameter): Name = "Category"; Value = "Chip SMD Resistors"; VariantName = "[No Variations]"
Add component (AddParameter): Name = "Circuit Type"; Value = ""; VariantName = "[No Variations]"
Add component (AddParameter): Name = "Color"; Value = ""; VariantName = "[No Variations]"
Add component (AddParameter): Name = "ComponentLink1Description"; Value = "https://datasheet.ciiva.com/11821/0900766b80fcdb72-11821135.pdf?src-supplier=RSComponents"; VariantName = "[No Variations]"
Add component (AddParameter): Name = "ComponentLink1URL"; Value = "https://datasheet.ciiva.com/11821/0900766b80fcdb72-11821135.pdf?src-supplier=RSComponents"; VariantName = "[No Variations]"
Add component (AddParameter): Name = "ComponentLink2Description"; Value = "https://datasheet.ciiva.com/9122/chpreztr-9122374.pdf?src-supplier=Avnet"; VariantName = "[No Variations]"
Add component (AddParameter): Name = "ComponentLink2URL"; Value = "https://datasheet.ciiva.com/9122/chpreztr-9122374.pdf?src-supplier=Avnet"; VariantName = "[No Variations]"
Add component (AddParameter): Name = "ComponentLink3Description"; Value = "https://datasheet.ciiva.com/22693/1902866-22693254.pdf?src-supplier=Element14"; VariantName = "[No Variations]"
Add component (AddParameter): Name = "ComponentLink3URL"; Value = "https://datasheet.ciiva.com/22693/1902866-22693254.pdf?src-supplier=Element14"; VariantName = "[No Variations]"
Add component (AddParameter): Name = "ComponentLink4Description"; Value = "https://datasheet.ciiva.com/7986/691949-7986187.pdf?src-supplier=Element14"; VariantName = "[No Variations]"
Add component (AddParameter): Name = "ComponentLink4URL"; Value = "https://datasheet.ciiva.com/7986/691949-7986187.pdf?src-supplier=Element14"; VariantName = "[No Variations]"
Add component (AddParameter): Name = "ComponentLink5Description"; Value = "https://datasheet.ciiva.com/30065/159chpreztr-30065976.pdf?src-supplier=Onlinecomponents.com"; VariantName = "[No Variations]"
Add component (AddParameter): Name = "ComponentLink5URL"; Value = "https://datasheet.ciiva.com/30065/159chpreztr-30065976.pdf?src-supplier=Onlinecomponents.com"; VariantName = "[No Variations]"
Add component (AddParameter): Name = "ComponentLink6Description"; Value = "https://datasheet.ciiva.com/16783/70154685-16783482.pdf?src-supplier=Allied+Electronics"; VariantName = "[No Variations]"
Add component (AddParameter): Name = "ComponentLink6URL"; Value = "https://datasheet.ciiva.com/16783/70154685-16783482.pdf?src-supplier=Allied+Electronics"; VariantName = "[No Variations]"
Add component (AddParameter): Name = "ComponentLink7Description"; Value = "https://datasheet.ciiva.com/5548/chpreztr-5548491.pdf?src-supplier=Mouser"; VariantName = "[No Variations]"
Add component (AddParameter): Name = "ComponentLink7URL"; Value = "https://datasheet.ciiva.com/5548/chpreztr-5548491.pdf?src-supplier=Mouser"; VariantName = "[No Variations]"
Add component (AddParameter): Name = "ComponentLink8Description"; Value = "https://datasheet.ciiva.com/6559/chpreztr-6559900.pdf?src-supplier=Digi-Key"; VariantName = "[No Variations]"
Add component (AddParameter): Name = "ComponentLink8URL"; Value = "https://datasheet.ciiva.com/6559/chpreztr-6559900.pdf?src-supplier=Digi-Key"; VariantName = "[No Variations]"
Add component (AddParameter): Name = "ComponentLink9Description"; Value = "https://datasheet.ciiva.com/6559/chpreztr-6559901.pdf?src-supplier=Digi-Key"; VariantName = "[No Variations]"
Add component (AddParameter): Name = "ComponentLink9URL"; Value = "https://datasheet.ciiva.com/6559/chpreztr-6559901.pdf?src-supplier=Digi-Key"; VariantName = "[No Variations]"
Add component (AddParameter): Name = "ComponentLink10Description"; Value = "https://datasheet.ciiva.com/7985/1856384-7985869.pdf?src-supplier=Element14"; VariantName = "[No Variations]"
Add component (AddParameter): Name = "ComponentLink10URL"; Value = "https://datasheet.ciiva.com/7985/1856384-7985869.pdf?src-supplier=Element14"; VariantName = "[No Variations]"
Add component (AddParameter): Name = "ComponentLink11Description"; Value = "https://datasheet.ciiva.com/48692/001055517-da-01-en-smd-wid-cr0805-jw-103elf-10k-ohm-1-8w-48692118.pdf?src-supplier=Conrad"; VariantName = "[No Variations]"
Add component (AddParameter): Name = "ComponentLink11URL"; Value = "https://datasheet.ciiva.com/48692/001055517-da-01-en-smd-wid-cr0805-jw-103elf-10k-ohm-1-8w-48692118.pdf?src-supplier=Conrad"; VariantName = "[No Variations]"
Add component (AddParameter): Name = "Construction"; Value = "Rectangular"; VariantName = "[No Variations]"
Add component (AddParameter): Name = "Contact Plating"; Value = "Tin"; VariantName = "[No Variations]"
Add component (AddParameter): Name = "Current Rating"; Value = ""; VariantName = "[No Variations]"
Add component (AddParameter): Name = "Depth"; Value = "1.25mm"; VariantName = "[No Variations]"
Add component (AddParameter): Name = "Design Item ID"; Value = "R10k-0805FTK"; VariantName = "[No Variations]"
Add component (AddParameter): Name = "ELV"; Value = ""; VariantName = "[No Variations]"
Add component (AddParameter): Name = "Features"; Value = "Moisture Resistant"; VariantName = "[No Variations]"
Add component (AddParameter): Name = "Height"; Value = "0.5mm"; VariantName = "[No Variations]"
Add component (AddParameter): Name = "Insulation Resistance"; Value = ""; VariantName = "[No Variations]"
Add component (AddParameter): Name = "Lead Free"; Value = ""; VariantName = "[No Variations]"
Add component (AddParameter): Name = "Lead Length"; Value = ""; VariantName = "[No Variations]"
Add component (AddParameter): Name = "Length"; Value = "2mm"; VariantName = "[No Variations]"
Add component (AddParameter): Name = "Manufacturer"; Value = ""; VariantName = "[No Variations]"
Add component (AddParameter): Name = "Manufacturer 1"; Value = "Bourns"; VariantName = "[No Variations]"
Add component (AddParameter): Name = "Manufacturer Part Number"; Value = ""; VariantName = "[No Variations]"
Add component (AddParameter): Name = "Manufacturer Part Number 1"; Value = "CR0805-JW-103ELF"; VariantName = "[No Variations]"
Add component (AddParameter): Name = "Max Operating Temperature"; Value = "155°C"; VariantName = "[No Variations]"
Add component (AddParameter): Name = "Max Power Dissipation"; Value = "125mW"; VariantName = "[No Variations]"
Add component (AddParameter): Name = "Military Standard"; Value = "Not"; VariantName = "[No Variations]"
Add component (AddParameter): Name = "Min Operating Temperature"; Value = "-55°C"; VariantName = "[No Variations]"
Add component (AddParameter): Name = "Mount"; Value = "Surface Mount"; VariantName = "[No Variations]"
Add component (AddParameter): Name = "Mounting Technology"; Value = ""; VariantName = "[No Variations]"
Add component (AddParameter): Name = "Number of Contacts"; Value = ""; VariantName = "[No Variations]"
Add component (AddParameter): Name = "Number of Elements"; Value = ""; VariantName = "[No Variations]"
Add component (AddParameter): Name = "Number of Resistors"; Value = ""; VariantName = "[No Variations]"
Add component (AddParameter): Name = "Number of Terminals/Pins"; Value = ""; VariantName = "[No Variations]"
Add component (AddParameter): Name = "Number of Terminations"; Value = "2"; VariantName = "[No Variations]"
Add component (AddParameter): Name = "Number of Turns"; Value = ""; VariantName = "[No Variations]"
Add component (AddParameter): Name = "Package Quantity"; Value = "1"; VariantName = "[No Variations]"
Add component (AddParameter): Name = "Package Shape"; Value = ""; VariantName = "[No Variations]"
Add component (AddParameter): Name = "Packaging"; Value = "Tape and Reel"; VariantName = "[No Variations]"
Add component (AddParameter): Name = "Pins"; Value = "2"; VariantName = "[No Variations]"
Add component (AddParameter): Name = "Power"; Value = ""; VariantName = "[No Variations]"
Add component (AddParameter): Name = "Power Per Element"; Value = ""; VariantName = "[No Variations]"
Add component (AddParameter): Name = "Power Rating"; Value = "125mW"; VariantName = "[No Variations]"
Add component (AddParameter): Name = "Pricing 1"; Value = "1=0,05790, 10=0,01540, 25=0,01340, 100=0,00340 (USD)"; VariantName = "[No Variations]"
Add component (AddParameter): Name = "Radiation Hardening"; Value = "No"; VariantName = "[No Variations]"
Add component (AddParameter): Name = "REACH SVHC"; Value = "No SVHC"; VariantName = "[No Variations]"
Add component (AddParameter): Name = "Resistance"; Value = ""; VariantName = "[No Variations]"
Add component (AddParameter): Name = "Resistance Tolerance"; Value = "5%"; VariantName = "[No Variations]"
Add component (AddParameter): Name = "Resistence"; Value = ""; VariantName = "[No Variations]"
Add component (AddParameter): Name = "Resistor Type"; Value = "Thick Film"; VariantName = "[No Variations]"
Add component (AddParameter): Name = "RoHS"; Value = "Yes"; VariantName = "[No Variations]"
Add component (AddParameter): Name = "RoHS Compliant"; Value = "Yes"; VariantName = "[No Variations]"
Add component (AddParameter): Name = "Series"; Value = "CR0805"; VariantName = "[No Variations]"
Add component (AddParameter): Name = "Size Code"; Value = ""; VariantName = "[No Variations]"
Add component (AddParameter): Name = "Source"; Value = "Passives.SchLib"; VariantName = "[No Variations]"
Add component (AddParameter): Name = "Stock 1"; Value = "57566"; VariantName = "[No Variations]"
Add component (AddParameter): Name = "Taper"; Value = ""; VariantName = "[No Variations]"
Add component (AddParameter): Name = "Technology"; Value = "THICK FILM"; VariantName = "[No Variations]"
Add component (AddParameter): Name = "Temperature Coefficient"; Value = "200ppm/°C"; VariantName = "[No Variations]"
Add component (AddParameter): Name = "Terminal Finish"; Value = ""; VariantName = "[No Variations]"
Add component (AddParameter): Name = "Terminal Pitch"; Value = ""; VariantName = "[No Variations]"
Add component (AddParameter): Name = "Termination"; Value = "SMD/SMT"; VariantName = "[No Variations]"
Add component (AddParameter): Name = "Thickness"; Value = "508um"; VariantName = "[No Variations]"
Add component (AddParameter): Name = "Tolerance"; Value = "5%"; VariantName = "[No Variations]"
Add component (AddParameter): Name = "Value"; Value = "10k"; VariantName = "[No Variations]"
Add component (AddParameter): Name = "Voltage Rating"; Value = "150V"; VariantName = "[No Variations]"
Add component (AddParameter): Name = "Voltage Rating (DC)"; Value = "100V"; VariantName = "[No Variations]"
Add component (AddParameter): Name = "Weight"; Value = ""; VariantName = "[No Variations]"
Add component (AddParameter): Name = "Width"; Value = "1.25mm"; VariantName = "[No Variations]"
Add component (AddParameter): Name = "Working Voltage"; Value = ""; VariantName = "[No Variations]"
Added Component: Designator=R9_NTC1(R0805FTK)
Add component (AddParameter): Name = ".Creator"; Value = "DR"; VariantName = "[No Variations]"
Add component (AddParameter): Name = ".PCBcheck"; Value = ""; VariantName = "[No Variations]"
Add component (AddParameter): Name = ".SCHcheck"; Value = ""; VariantName = "[No Variations]"
Add component (AddParameter): Name = "Case Code (Metric)"; Value = "2012"; VariantName = "[No Variations]"
Add component (AddParameter): Name = "Case/Package"; Value = "0805"; VariantName = "[No Variations]"
Add component (AddParameter): Name = "Category"; Value = "Chip SMD Resistors"; VariantName = "[No Variations]"
Add component (AddParameter): Name = "Circuit Type"; Value = ""; VariantName = "[No Variations]"
Add component (AddParameter): Name = "Color"; Value = ""; VariantName = "[No Variations]"
Add component (AddParameter): Name = "ComponentLink1Description"; Value = "https://datasheet.ciiva.com/5541/chpreztr-5541593.pdf?src-supplier=Mouser"; VariantName = "[No Variations]"
Add component (AddParameter): Name = "ComponentLink1URL"; Value = "https://datasheet.ciiva.com/5541/chpreztr-5541593.pdf?src-supplier=Mouser"; VariantName = "[No Variations]"
Add component (AddParameter): Name = "ComponentLink2Description"; Value = "https://datasheet.ciiva.com/6560/chpreztr-6560073.pdf?src-supplier=Digi-Key"; VariantName = "[No Variations]"
Add component (AddParameter): Name = "ComponentLink2URL"; Value = "https://datasheet.ciiva.com/6560/chpreztr-6560073.pdf?src-supplier=Digi-Key"; VariantName = "[No Variations]"
Add component (AddParameter): Name = "ComponentLink3Description"; Value = "https://datasheet.ciiva.com/6560/chpreztr-6560074.pdf?src-supplier=Digi-Key"; VariantName = "[No Variations]"
Add component (AddParameter): Name = "ComponentLink3URL"; Value = "https://datasheet.ciiva.com/6560/chpreztr-6560074.pdf?src-supplier=Digi-Key"; VariantName = "[No Variations]"
Add component (AddParameter): Name = "ComponentLink4Description"; Value = "https://datasheet.ciiva.com/30174/159chpreztr-30174252.pdf?src-supplier=Onlinecomponents.com"; VariantName = "[No Variations]"
Add component (AddParameter): Name = "ComponentLink4URL"; Value = "https://datasheet.ciiva.com/30174/159chpreztr-30174252.pdf?src-supplier=Onlinecomponents.com"; VariantName = "[No Variations]"
Add component (AddParameter): Name = "ComponentLink5Description"; Value = "https://datasheet.ciiva.com/9122/chpreztr-9122814.pdf?src-supplier=Avnet"; VariantName = "[No Variations]"
Add component (AddParameter): Name = "ComponentLink5URL"; Value = "https://datasheet.ciiva.com/9122/chpreztr-9122814.pdf?src-supplier=Avnet"; VariantName = "[No Variations]"
Add component (AddParameter): Name = "ComponentLink6Description"; Value = "https://datasheet.ciiva.com/22713/691949-22713272.pdf?src-supplier=Element14"; VariantName = "[No Variations]"
Add component (AddParameter): Name = "ComponentLink6URL"; Value = "https://datasheet.ciiva.com/22713/691949-22713272.pdf?src-supplier=Element14"; VariantName = "[No Variations]"
Add component (AddParameter): Name = "ComponentLink7Description"; Value = "https://datasheet.ciiva.com/6560/chpreztr-6560075.pdf?src-supplier=Digi-Key"; VariantName = "[No Variations]"
Add component (AddParameter): Name = "ComponentLink7URL"; Value = "https://datasheet.ciiva.com/6560/chpreztr-6560075.pdf?src-supplier=Digi-Key"; VariantName = "[No Variations]"
Add component (AddParameter): Name = "Construction"; Value = "Rectangular"; VariantName = "[No Variations]"
Add component (AddParameter): Name = "Contact Plating"; Value = "Tin"; VariantName = "[No Variations]"
Add component (AddParameter): Name = "Current Rating"; Value = ""; VariantName = "[No Variations]"
Add component (AddParameter): Name = "Depth"; Value = "1.25mm"; VariantName = "[No Variations]"
Add component (AddParameter): Name = "Design Item ID"; Value = "R4.7K-0805FTK"; VariantName = "[No Variations]"
Add component (AddParameter): Name = "ELV"; Value = ""; VariantName = "[No Variations]"
Add component (AddParameter): Name = "Features"; Value = "Moisture Resistant"; VariantName = "[No Variations]"
Add component (AddParameter): Name = "Height"; Value = "0.024inch"; VariantName = "[No Variations]"
Add component (AddParameter): Name = "Insulation Resistance"; Value = ""; VariantName = "[No Variations]"
Add component (AddParameter): Name = "Lead Free"; Value = ""; VariantName = "[No Variations]"
Add component (AddParameter): Name = "Lead Length"; Value = ""; VariantName = "[No Variations]"
Add component (AddParameter): Name = "Length"; Value = "2mm"; VariantName = "[No Variations]"
Add component (AddParameter): Name = "Manufacturer"; Value = ""; VariantName = "[No Variations]"
Add component (AddParameter): Name = "Manufacturer 1"; Value = "Bourns"; VariantName = "[No Variations]"
Add component (AddParameter): Name = "Manufacturer Part Number"; Value = ""; VariantName = "[No Variations]"
Add component (AddParameter): Name = "Manufacturer Part Number 1"; Value = "CR0805-JW-472ELF"; VariantName = "[No Variations]"
Add component (AddParameter): Name = "Max Operating Temperature"; Value = "155°C"; VariantName = "[No Variations]"
Add component (AddParameter): Name = "Max Power Dissipation"; Value = "125mW"; VariantName = "[No Variations]"
Add component (AddParameter): Name = "Military Standard"; Value = "Not"; VariantName = "[No Variations]"
Add component (AddParameter): Name = "Min Operating Temperature"; Value = "-55°C"; VariantName = "[No Variations]"
Add component (AddParameter): Name = "Mount"; Value = "Surface Mount"; VariantName = "[No Variations]"
Add component (AddParameter): Name = "Number of Contacts"; Value = ""; VariantName = "[No Variations]"
Add component (AddParameter): Name = "Number of Elements"; Value = ""; VariantName = "[No Variations]"
Add component (AddParameter): Name = "Number of Resistors"; Value = ""; VariantName = "[No Variations]"
Add component (AddParameter): Name = "Number of Terminals/Pins"; Value = ""; VariantName = "[No Variations]"
Add component (AddParameter): Name = "Number of Terminations"; Value = "2"; VariantName = "[No Variations]"
Add component (AddParameter): Name = "Number of Turns"; Value = ""; VariantName = "[No Variations]"
Add component (AddParameter): Name = "Package Quantity"; Value = "1"; VariantName = "[No Variations]"
Add component (AddParameter): Name = "Package Shape"; Value = ""; VariantName = "[No Variations]"
Add component (AddParameter): Name = "Packaging"; Value = "Tape and Reel"; VariantName = "[No Variations]"
Add component (AddParameter): Name = "Pins"; Value = ""; VariantName = "[No Variations]"
Add component (AddParameter): Name = "Power Per Element"; Value = ""; VariantName = "[No Variations]"
Add component (AddParameter): Name = "Power Rating"; Value = "125mW"; VariantName = "[No Variations]"
Add component (AddParameter): Name = "Pricing 1"; Value = "1=0,05590, 10=0,01670, 25=0,01290, 100=0,00840, 250=0,00830, 500=0,00690, 1000=0,00410 (USD)"; VariantName = "[No Variations]"
Add component (AddParameter): Name = "Radiation Hardening"; Value = "No"; VariantName = "[No Variations]"
Add component (AddParameter): Name = "REACH SVHC"; Value = "No SVHC"; VariantName = "[No Variations]"
Add component (AddParameter): Name = "Resistance"; Value = ""; VariantName = "[No Variations]"
Add component (AddParameter): Name = "Resistance Tolerance"; Value = "5%"; VariantName = "[No Variations]"
Add component (AddParameter): Name = "Resistence"; Value = ""; VariantName = "[No Variations]"
Add component (AddParameter): Name = "Resistor Type"; Value = "Thick Film"; VariantName = "[No Variations]"
Add component (AddParameter): Name = "RoHS"; Value = "Yes"; VariantName = "[No Variations]"
Add component (AddParameter): Name = "RoHS Compliant"; Value = "Yes"; VariantName = "[No Variations]"
Add component (AddParameter): Name = "Series"; Value = "CR0805"; VariantName = "[No Variations]"
Add component (AddParameter): Name = "Size Code"; Value = ""; VariantName = "[No Variations]"
Add component (AddParameter): Name = "Source"; Value = "Passives.SchLib"; VariantName = "[No Variations]"
Add component (AddParameter): Name = "Stock 1"; Value = "3734"; VariantName = "[No Variations]"
Add component (AddParameter): Name = "Taper"; Value = ""; VariantName = "[No Variations]"
Add component (AddParameter): Name = "Technology"; Value = ""; VariantName = "[No Variations]"
Add component (AddParameter): Name = "Temperature Coefficient"; Value = "200ppm/°C"; VariantName = "[No Variations]"
Add component (AddParameter): Name = "Terminal Finish"; Value = ""; VariantName = "[No Variations]"
Add component (AddParameter): Name = "Terminal Pitch"; Value = ""; VariantName = "[No Variations]"
Add component (AddParameter): Name = "Termination"; Value = "SMD/SMT"; VariantName = "[No Variations]"
Add component (AddParameter): Name = "Thickness"; Value = "508um"; VariantName = "[No Variations]"
Add component (AddParameter): Name = "Tolerance"; Value = "5%"; VariantName = "[No Variations]"
Add component (AddParameter): Name = "Value"; Value = "4.7k"; VariantName = "[No Variations]"
Add component (AddParameter): Name = "Voltage Rating"; Value = "150V"; VariantName = "[No Variations]"
Add component (AddParameter): Name = "Voltage Rating (DC)"; Value = "150V"; VariantName = "[No Variations]"
Add component (AddParameter): Name = "Weight"; Value = ""; VariantName = "[No Variations]"
Add component (AddParameter): Name = "Width"; Value = "0.049inch"; VariantName = "[No Variations]"
Add component (AddParameter): Name = "Working Voltage"; Value = ""; VariantName = "[No Variations]"
Added Component: Designator=R9_NTC2(R0805FTK)
Add component (AddParameter): Name = ".Creator"; Value = "DR"; VariantName = "[No Variations]"
Add component (AddParameter): Name = ".PCBcheck"; Value = ""; VariantName = "[No Variations]"
Add component (AddParameter): Name = ".SCHcheck"; Value = ""; VariantName = "[No Variations]"
Add component (AddParameter): Name = "Case Code (Metric)"; Value = "2012"; VariantName = "[No Variations]"
Add component (AddParameter): Name = "Case/Package"; Value = "0805"; VariantName = "[No Variations]"
Add component (AddParameter): Name = "Category"; Value = "Chip SMD Resistors"; VariantName = "[No Variations]"
Add component (AddParameter): Name = "Circuit Type"; Value = ""; VariantName = "[No Variations]"
Add component (AddParameter): Name = "Color"; Value = ""; VariantName = "[No Variations]"
Add component (AddParameter): Name = "ComponentLink1Description"; Value = "https://datasheet.ciiva.com/5541/chpreztr-5541593.pdf?src-supplier=Mouser"; VariantName = "[No Variations]"
Add component (AddParameter): Name = "ComponentLink1URL"; Value = "https://datasheet.ciiva.com/5541/chpreztr-5541593.pdf?src-supplier=Mouser"; VariantName = "[No Variations]"
Add component (AddParameter): Name = "ComponentLink2Description"; Value = "https://datasheet.ciiva.com/6560/chpreztr-6560073.pdf?src-supplier=Digi-Key"; VariantName = "[No Variations]"
Add component (AddParameter): Name = "ComponentLink2URL"; Value = "https://datasheet.ciiva.com/6560/chpreztr-6560073.pdf?src-supplier=Digi-Key"; VariantName = "[No Variations]"
Add component (AddParameter): Name = "ComponentLink3Description"; Value = "https://datasheet.ciiva.com/6560/chpreztr-6560074.pdf?src-supplier=Digi-Key"; VariantName = "[No Variations]"
Add component (AddParameter): Name = "ComponentLink3URL"; Value = "https://datasheet.ciiva.com/6560/chpreztr-6560074.pdf?src-supplier=Digi-Key"; VariantName = "[No Variations]"
Add component (AddParameter): Name = "ComponentLink4Description"; Value = "https://datasheet.ciiva.com/30174/159chpreztr-30174252.pdf?src-supplier=Onlinecomponents.com"; VariantName = "[No Variations]"
Add component (AddParameter): Name = "ComponentLink4URL"; Value = "https://datasheet.ciiva.com/30174/159chpreztr-30174252.pdf?src-supplier=Onlinecomponents.com"; VariantName = "[No Variations]"
Add component (AddParameter): Name = "ComponentLink5Description"; Value = "https://datasheet.ciiva.com/9122/chpreztr-9122814.pdf?src-supplier=Avnet"; VariantName = "[No Variations]"
Add component (AddParameter): Name = "ComponentLink5URL"; Value = "https://datasheet.ciiva.com/9122/chpreztr-9122814.pdf?src-supplier=Avnet"; VariantName = "[No Variations]"
Add component (AddParameter): Name = "ComponentLink6Description"; Value = "https://datasheet.ciiva.com/22713/691949-22713272.pdf?src-supplier=Element14"; VariantName = "[No Variations]"
Add component (AddParameter): Name = "ComponentLink6URL"; Value = "https://datasheet.ciiva.com/22713/691949-22713272.pdf?src-supplier=Element14"; VariantName = "[No Variations]"
Add component (AddParameter): Name = "ComponentLink7Description"; Value = "https://datasheet.ciiva.com/6560/chpreztr-6560075.pdf?src-supplier=Digi-Key"; VariantName = "[No Variations]"
Add component (AddParameter): Name = "ComponentLink7URL"; Value = "https://datasheet.ciiva.com/6560/chpreztr-6560075.pdf?src-supplier=Digi-Key"; VariantName = "[No Variations]"
Add component (AddParameter): Name = "Construction"; Value = "Rectangular"; VariantName = "[No Variations]"
Add component (AddParameter): Name = "Contact Plating"; Value = "Tin"; VariantName = "[No Variations]"
Add component (AddParameter): Name = "Current Rating"; Value = ""; VariantName = "[No Variations]"
Add component (AddParameter): Name = "Depth"; Value = "1.25mm"; VariantName = "[No Variations]"
Add component (AddParameter): Name = "Design Item ID"; Value = "R4.7K-0805FTK"; VariantName = "[No Variations]"
Add component (AddParameter): Name = "ELV"; Value = ""; VariantName = "[No Variations]"
Add component (AddParameter): Name = "Features"; Value = "Moisture Resistant"; VariantName = "[No Variations]"
Add component (AddParameter): Name = "Height"; Value = "0.024inch"; VariantName = "[No Variations]"
Add component (AddParameter): Name = "Insulation Resistance"; Value = ""; VariantName = "[No Variations]"
Add component (AddParameter): Name = "Lead Free"; Value = ""; VariantName = "[No Variations]"
Add component (AddParameter): Name = "Lead Length"; Value = ""; VariantName = "[No Variations]"
Add component (AddParameter): Name = "Length"; Value = "2mm"; VariantName = "[No Variations]"
Add component (AddParameter): Name = "Manufacturer"; Value = ""; VariantName = "[No Variations]"
Add component (AddParameter): Name = "Manufacturer 1"; Value = "Bourns"; VariantName = "[No Variations]"
Add component (AddParameter): Name = "Manufacturer Part Number"; Value = ""; VariantName = "[No Variations]"
Add component (AddParameter): Name = "Manufacturer Part Number 1"; Value = "CR0805-JW-472ELF"; VariantName = "[No Variations]"
Add component (AddParameter): Name = "Max Operating Temperature"; Value = "155°C"; VariantName = "[No Variations]"
Add component (AddParameter): Name = "Max Power Dissipation"; Value = "125mW"; VariantName = "[No Variations]"
Add component (AddParameter): Name = "Military Standard"; Value = "Not"; VariantName = "[No Variations]"
Add component (AddParameter): Name = "Min Operating Temperature"; Value = "-55°C"; VariantName = "[No Variations]"
Add component (AddParameter): Name = "Mount"; Value = "Surface Mount"; VariantName = "[No Variations]"
Add component (AddParameter): Name = "Number of Contacts"; Value = ""; VariantName = "[No Variations]"
Add component (AddParameter): Name = "Number of Elements"; Value = ""; VariantName = "[No Variations]"
Add component (AddParameter): Name = "Number of Resistors"; Value = ""; VariantName = "[No Variations]"
Add component (AddParameter): Name = "Number of Terminals/Pins"; Value = ""; VariantName = "[No Variations]"
Add component (AddParameter): Name = "Number of Terminations"; Value = "2"; VariantName = "[No Variations]"
Add component (AddParameter): Name = "Number of Turns"; Value = ""; VariantName = "[No Variations]"
Add component (AddParameter): Name = "Package Quantity"; Value = "1"; VariantName = "[No Variations]"
Add component (AddParameter): Name = "Package Shape"; Value = ""; VariantName = "[No Variations]"
Add component (AddParameter): Name = "Packaging"; Value = "Tape and Reel"; VariantName = "[No Variations]"
Add component (AddParameter): Name = "Pins"; Value = ""; VariantName = "[No Variations]"
Add component (AddParameter): Name = "Power Per Element"; Value = ""; VariantName = "[No Variations]"
Add component (AddParameter): Name = "Power Rating"; Value = "125mW"; VariantName = "[No Variations]"
Add component (AddParameter): Name = "Pricing 1"; Value = "1=0,05590, 10=0,01670, 25=0,01290, 100=0,00840, 250=0,00830, 500=0,00690, 1000=0,00410 (USD)"; VariantName = "[No Variations]"
Add component (AddParameter): Name = "Radiation Hardening"; Value = "No"; VariantName = "[No Variations]"
Add component (AddParameter): Name = "REACH SVHC"; Value = "No SVHC"; VariantName = "[No Variations]"
Add component (AddParameter): Name = "Resistance"; Value = ""; VariantName = "[No Variations]"
Add component (AddParameter): Name = "Resistance Tolerance"; Value = "5%"; VariantName = "[No Variations]"
Add component (AddParameter): Name = "Resistence"; Value = ""; VariantName = "[No Variations]"
Add component (AddParameter): Name = "Resistor Type"; Value = "Thick Film"; VariantName = "[No Variations]"
Add component (AddParameter): Name = "RoHS"; Value = "Yes"; VariantName = "[No Variations]"
Add component (AddParameter): Name = "RoHS Compliant"; Value = "Yes"; VariantName = "[No Variations]"
Add component (AddParameter): Name = "Series"; Value = "CR0805"; VariantName = "[No Variations]"
Add component (AddParameter): Name = "Size Code"; Value = ""; VariantName = "[No Variations]"
Add component (AddParameter): Name = "Source"; Value = "Passives.SchLib"; VariantName = "[No Variations]"
Add component (AddParameter): Name = "Stock 1"; Value = "3734"; VariantName = "[No Variations]"
Add component (AddParameter): Name = "Taper"; Value = ""; VariantName = "[No Variations]"
Add component (AddParameter): Name = "Technology"; Value = ""; VariantName = "[No Variations]"
Add component (AddParameter): Name = "Temperature Coefficient"; Value = "200ppm/°C"; VariantName = "[No Variations]"
Add component (AddParameter): Name = "Terminal Finish"; Value = ""; VariantName = "[No Variations]"
Add component (AddParameter): Name = "Terminal Pitch"; Value = ""; VariantName = "[No Variations]"
Add component (AddParameter): Name = "Termination"; Value = "SMD/SMT"; VariantName = "[No Variations]"
Add component (AddParameter): Name = "Thickness"; Value = "508um"; VariantName = "[No Variations]"
Add component (AddParameter): Name = "Tolerance"; Value = "5%"; VariantName = "[No Variations]"
Add component (AddParameter): Name = "Value"; Value = "4.7k"; VariantName = "[No Variations]"
Add component (AddParameter): Name = "Voltage Rating"; Value = "150V"; VariantName = "[No Variations]"
Add component (AddParameter): Name = "Voltage Rating (DC)"; Value = "150V"; VariantName = "[No Variations]"
Add component (AddParameter): Name = "Weight"; Value = ""; VariantName = "[No Variations]"
Add component (AddParameter): Name = "Width"; Value = "0.049inch"; VariantName = "[No Variations]"
Add component (AddParameter): Name = "Working Voltage"; Value = ""; VariantName = "[No Variations]"
Added Component: Designator=R10_NTC1(0805)
Add component (AddParameter): Name = "Case/Package"; Value = ""; VariantName = "[No Variations]"
Add component (AddParameter): Name = "Max Operating Temperature"; Value = ""; VariantName = "[No Variations]"
Add component (AddParameter): Name = "Min Operating Temperature"; Value = ""; VariantName = "[No Variations]"
Add component (AddParameter): Name = "Mounting Technology"; Value = ""; VariantName = "[No Variations]"
Add component (AddParameter): Name = "Pins"; Value = ""; VariantName = "[No Variations]"
Add component (AddParameter): Name = "Power"; Value = ""; VariantName = "[No Variations]"
Add component (AddParameter): Name = "Resistance"; Value = ""; VariantName = "[No Variations]"
Add component (AddParameter): Name = "RoHS Compliant"; Value = ""; VariantName = "[No Variations]"
Add component (AddParameter): Name = "Tolerance"; Value = ""; VariantName = "[No Variations]"
Add component (AddParameter): Name = "Value"; Value = ""; VariantName = "[No Variations]"
Add component (AddParameter): Name = "Voltage Rating"; Value = ""; VariantName = "[No Variations]"
Added Component: Designator=R10_NTC2(0805)
Add component (AddParameter): Name = "Case/Package"; Value = ""; VariantName = "[No Variations]"
Add component (AddParameter): Name = "Max Operating Temperature"; Value = ""; VariantName = "[No Variations]"
Add component (AddParameter): Name = "Min Operating Temperature"; Value = ""; VariantName = "[No Variations]"
Add component (AddParameter): Name = "Mounting Technology"; Value = ""; VariantName = "[No Variations]"
Add component (AddParameter): Name = "Pins"; Value = ""; VariantName = "[No Variations]"
Add component (AddParameter): Name = "Power"; Value = ""; VariantName = "[No Variations]"
Add component (AddParameter): Name = "Resistance"; Value = ""; VariantName = "[No Variations]"
Add component (AddParameter): Name = "RoHS Compliant"; Value = ""; VariantName = "[No Variations]"
Add component (AddParameter): Name = "Tolerance"; Value = ""; VariantName = "[No Variations]"
Add component (AddParameter): Name = "Value"; Value = ""; VariantName = "[No Variations]"
Add component (AddParameter): Name = "Voltage Rating"; Value = ""; VariantName = "[No Variations]"
Added Component: Designator=R25_CH1(WRIS-RSKS_1206_Wave)
Add component (AddParameter): Name = "Case/Package"; Value = "1206"; VariantName = "[No Variations]"
Add component (AddParameter): Name = "Max Operating Temperature"; Value = "170°C"; VariantName = "[No Variations]"
Add component (AddParameter): Name = "Min Operating Temperature"; Value = "-65°C"; VariantName = "[No Variations]"
Add component (AddParameter): Name = "Mounting Technology"; Value = "Surface Mount"; VariantName = "[No Variations]"
Add component (AddParameter): Name = "Pins"; Value = "2"; VariantName = "[No Variations]"
Add component (AddParameter): Name = "Power"; Value = "250mW"; VariantName = "[No Variations]"
Add component (AddParameter): Name = "Resistance"; Value = ""; VariantName = "[No Variations]"
Add component (AddParameter): Name = "RoHS Compliant"; Value = "Yes"; VariantName = "[No Variations]"
Add component (AddParameter): Name = "Tolerance"; Value = "1%"; VariantName = "[No Variations]"
Add component (AddParameter): Name = "Value"; Value = "R10m"; VariantName = "[No Variations]"
Add component (AddParameter): Name = "Voltage Rating"; Value = ""; VariantName = "[No Variations]"
Added Component: Designator=R25_CH2(WRIS-RSKS_1206_Wave)
Add component (AddParameter): Name = "Case/Package"; Value = "1206"; VariantName = "[No Variations]"
Add component (AddParameter): Name = "Max Operating Temperature"; Value = "170°C"; VariantName = "[No Variations]"
Add component (AddParameter): Name = "Min Operating Temperature"; Value = "-65°C"; VariantName = "[No Variations]"
Add component (AddParameter): Name = "Mounting Technology"; Value = "Surface Mount"; VariantName = "[No Variations]"
Add component (AddParameter): Name = "Pins"; Value = "2"; VariantName = "[No Variations]"
Add component (AddParameter): Name = "Power"; Value = "250mW"; VariantName = "[No Variations]"
Add component (AddParameter): Name = "Resistance"; Value = ""; VariantName = "[No Variations]"
Add component (AddParameter): Name = "RoHS Compliant"; Value = "Yes"; VariantName = "[No Variations]"
Add component (AddParameter): Name = "Tolerance"; Value = "1%"; VariantName = "[No Variations]"
Add component (AddParameter): Name = "Value"; Value = "R10m"; VariantName = "[No Variations]"
Add component (AddParameter): Name = "Voltage Rating"; Value = ""; VariantName = "[No Variations]"
Added Component: Designator=R26_CH1(R0805FTK)
Add component (AddParameter): Name = ".Creator"; Value = "DR"; VariantName = "[No Variations]"
Add component (AddParameter): Name = ".PCBcheck"; Value = ""; VariantName = "[No Variations]"
Add component (AddParameter): Name = ".SCHcheck"; Value = ""; VariantName = "[No Variations]"
Add component (AddParameter): Name = "Case Code (Metric)"; Value = "2012"; VariantName = "[No Variations]"
Add component (AddParameter): Name = "Case/Package"; Value = "0805"; VariantName = "[No Variations]"
Add component (AddParameter): Name = "Category"; Value = "Chip SMD Resistors"; VariantName = "[No Variations]"
Add component (AddParameter): Name = "Circuit Type"; Value = ""; VariantName = "[No Variations]"
Add component (AddParameter): Name = "Color"; Value = ""; VariantName = "[No Variations]"
Add component (AddParameter): Name = "ComponentLink1Description"; Value = "https://datasheet.ciiva.com/11821/0900766b80fcdb72-11821135.pdf?src-supplier=RSComponents"; VariantName = "[No Variations]"
Add component (AddParameter): Name = "ComponentLink1URL"; Value = "https://datasheet.ciiva.com/11821/0900766b80fcdb72-11821135.pdf?src-supplier=RSComponents"; VariantName = "[No Variations]"
Add component (AddParameter): Name = "ComponentLink2Description"; Value = "https://datasheet.ciiva.com/9122/chpreztr-9122374.pdf?src-supplier=Avnet"; VariantName = "[No Variations]"
Add component (AddParameter): Name = "ComponentLink2URL"; Value = "https://datasheet.ciiva.com/9122/chpreztr-9122374.pdf?src-supplier=Avnet"; VariantName = "[No Variations]"
Add component (AddParameter): Name = "ComponentLink3Description"; Value = "https://datasheet.ciiva.com/22693/1902866-22693254.pdf?src-supplier=Element14"; VariantName = "[No Variations]"
Add component (AddParameter): Name = "ComponentLink3URL"; Value = "https://datasheet.ciiva.com/22693/1902866-22693254.pdf?src-supplier=Element14"; VariantName = "[No Variations]"
Add component (AddParameter): Name = "ComponentLink4Description"; Value = "https://datasheet.ciiva.com/7986/691949-7986187.pdf?src-supplier=Element14"; VariantName = "[No Variations]"
Add component (AddParameter): Name = "ComponentLink4URL"; Value = "https://datasheet.ciiva.com/7986/691949-7986187.pdf?src-supplier=Element14"; VariantName = "[No Variations]"
Add component (AddParameter): Name = "ComponentLink5Description"; Value = "https://datasheet.ciiva.com/30065/159chpreztr-30065976.pdf?src-supplier=Onlinecomponents.com"; VariantName = "[No Variations]"
Add component (AddParameter): Name = "ComponentLink5URL"; Value = "https://datasheet.ciiva.com/30065/159chpreztr-30065976.pdf?src-supplier=Onlinecomponents.com"; VariantName = "[No Variations]"
Add component (AddParameter): Name = "ComponentLink6Description"; Value = "https://datasheet.ciiva.com/16783/70154685-16783482.pdf?src-supplier=Allied+Electronics"; VariantName = "[No Variations]"
Add component (AddParameter): Name = "ComponentLink6URL"; Value = "https://datasheet.ciiva.com/16783/70154685-16783482.pdf?src-supplier=Allied+Electronics"; VariantName = "[No Variations]"
Add component (AddParameter): Name = "ComponentLink7Description"; Value = "https://datasheet.ciiva.com/5548/chpreztr-5548491.pdf?src-supplier=Mouser"; VariantName = "[No Variations]"
Add component (AddParameter): Name = "ComponentLink7URL"; Value = "https://datasheet.ciiva.com/5548/chpreztr-5548491.pdf?src-supplier=Mouser"; VariantName = "[No Variations]"
Add component (AddParameter): Name = "ComponentLink8Description"; Value = "https://datasheet.ciiva.com/6559/chpreztr-6559900.pdf?src-supplier=Digi-Key"; VariantName = "[No Variations]"
Add component (AddParameter): Name = "ComponentLink8URL"; Value = "https://datasheet.ciiva.com/6559/chpreztr-6559900.pdf?src-supplier=Digi-Key"; VariantName = "[No Variations]"
Add component (AddParameter): Name = "ComponentLink9Description"; Value = "https://datasheet.ciiva.com/6559/chpreztr-6559901.pdf?src-supplier=Digi-Key"; VariantName = "[No Variations]"
Add component (AddParameter): Name = "ComponentLink9URL"; Value = "https://datasheet.ciiva.com/6559/chpreztr-6559901.pdf?src-supplier=Digi-Key"; VariantName = "[No Variations]"
Add component (AddParameter): Name = "ComponentLink10Description"; Value = "https://datasheet.ciiva.com/7985/1856384-7985869.pdf?src-supplier=Element14"; VariantName = "[No Variations]"
Add component (AddParameter): Name = "ComponentLink10URL"; Value = "https://datasheet.ciiva.com/7985/1856384-7985869.pdf?src-supplier=Element14"; VariantName = "[No Variations]"
Add component (AddParameter): Name = "ComponentLink11Description"; Value = "https://datasheet.ciiva.com/48692/001055517-da-01-en-smd-wid-cr0805-jw-103elf-10k-ohm-1-8w-48692118.pdf?src-supplier=Conrad"; VariantName = "[No Variations]"
Add component (AddParameter): Name = "ComponentLink11URL"; Value = "https://datasheet.ciiva.com/48692/001055517-da-01-en-smd-wid-cr0805-jw-103elf-10k-ohm-1-8w-48692118.pdf?src-supplier=Conrad"; VariantName = "[No Variations]"
Add component (AddParameter): Name = "Construction"; Value = "Rectangular"; VariantName = "[No Variations]"
Add component (AddParameter): Name = "Contact Plating"; Value = "Tin"; VariantName = "[No Variations]"
Add component (AddParameter): Name = "Current Rating"; Value = ""; VariantName = "[No Variations]"
Add component (AddParameter): Name = "Depth"; Value = "1.25mm"; VariantName = "[No Variations]"
Add component (AddParameter): Name = "Design Item ID"; Value = "R10k-0805FTK"; VariantName = "[No Variations]"
Add component (AddParameter): Name = "ELV"; Value = ""; VariantName = "[No Variations]"
Add component (AddParameter): Name = "Features"; Value = "Moisture Resistant"; VariantName = "[No Variations]"
Add component (AddParameter): Name = "Height"; Value = "0.5mm"; VariantName = "[No Variations]"
Add component (AddParameter): Name = "Insulation Resistance"; Value = ""; VariantName = "[No Variations]"
Add component (AddParameter): Name = "Lead Free"; Value = ""; VariantName = "[No Variations]"
Add component (AddParameter): Name = "Lead Length"; Value = ""; VariantName = "[No Variations]"
Add component (AddParameter): Name = "Length"; Value = "2mm"; VariantName = "[No Variations]"
Add component (AddParameter): Name = "Manufacturer"; Value = ""; VariantName = "[No Variations]"
Add component (AddParameter): Name = "Manufacturer 1"; Value = "Bourns"; VariantName = "[No Variations]"
Add component (AddParameter): Name = "Manufacturer Part Number"; Value = ""; VariantName = "[No Variations]"
Add component (AddParameter): Name = "Manufacturer Part Number 1"; Value = "CR0805-JW-103ELF"; VariantName = "[No Variations]"
Add component (AddParameter): Name = "Max Operating Temperature"; Value = "155°C"; VariantName = "[No Variations]"
Add component (AddParameter): Name = "Max Power Dissipation"; Value = "125mW"; VariantName = "[No Variations]"
Add component (AddParameter): Name = "Military Standard"; Value = "Not"; VariantName = "[No Variations]"
Add component (AddParameter): Name = "Min Operating Temperature"; Value = "-55°C"; VariantName = "[No Variations]"
Add component (AddParameter): Name = "Mount"; Value = "Surface Mount"; VariantName = "[No Variations]"
Add component (AddParameter): Name = "Mounting Technology"; Value = ""; VariantName = "[No Variations]"
Add component (AddParameter): Name = "Number of Contacts"; Value = ""; VariantName = "[No Variations]"
Add component (AddParameter): Name = "Number of Elements"; Value = ""; VariantName = "[No Variations]"
Add component (AddParameter): Name = "Number of Resistors"; Value = ""; VariantName = "[No Variations]"
Add component (AddParameter): Name = "Number of Terminals/Pins"; Value = ""; VariantName = "[No Variations]"
Add component (AddParameter): Name = "Number of Terminations"; Value = "2"; VariantName = "[No Variations]"
Add component (AddParameter): Name = "Number of Turns"; Value = ""; VariantName = "[No Variations]"
Add component (AddParameter): Name = "Package Quantity"; Value = "1"; VariantName = "[No Variations]"
Add component (AddParameter): Name = "Package Shape"; Value = ""; VariantName = "[No Variations]"
Add component (AddParameter): Name = "Packaging"; Value = "Tape and Reel"; VariantName = "[No Variations]"
Add component (AddParameter): Name = "Pins"; Value = "2"; VariantName = "[No Variations]"
Add component (AddParameter): Name = "Power"; Value = ""; VariantName = "[No Variations]"
Add component (AddParameter): Name = "Power Per Element"; Value = ""; VariantName = "[No Variations]"
Add component (AddParameter): Name = "Power Rating"; Value = "125mW"; VariantName = "[No Variations]"
Add component (AddParameter): Name = "Pricing 1"; Value = "1=0,05790, 10=0,01540, 25=0,01340, 100=0,00340 (USD)"; VariantName = "[No Variations]"
Add component (AddParameter): Name = "Radiation Hardening"; Value = "No"; VariantName = "[No Variations]"
Add component (AddParameter): Name = "REACH SVHC"; Value = "No SVHC"; VariantName = "[No Variations]"
Add component (AddParameter): Name = "Resistance"; Value = ""; VariantName = "[No Variations]"
Add component (AddParameter): Name = "Resistance Tolerance"; Value = "5%"; VariantName = "[No Variations]"
Add component (AddParameter): Name = "Resistence"; Value = ""; VariantName = "[No Variations]"
Add component (AddParameter): Name = "Resistor Type"; Value = "Thick Film"; VariantName = "[No Variations]"
Add component (AddParameter): Name = "RoHS"; Value = "Yes"; VariantName = "[No Variations]"
Add component (AddParameter): Name = "RoHS Compliant"; Value = "Yes"; VariantName = "[No Variations]"
Add component (AddParameter): Name = "Series"; Value = "CR0805"; VariantName = "[No Variations]"
Add component (AddParameter): Name = "Size Code"; Value = ""; VariantName = "[No Variations]"
Add component (AddParameter): Name = "Source"; Value = "Passives.SchLib"; VariantName = "[No Variations]"
Add component (AddParameter): Name = "Stock 1"; Value = "57566"; VariantName = "[No Variations]"
Add component (AddParameter): Name = "Taper"; Value = ""; VariantName = "[No Variations]"
Add component (AddParameter): Name = "Technology"; Value = "THICK FILM"; VariantName = "[No Variations]"
Add component (AddParameter): Name = "Temperature Coefficient"; Value = "200ppm/°C"; VariantName = "[No Variations]"
Add component (AddParameter): Name = "Terminal Finish"; Value = ""; VariantName = "[No Variations]"
Add component (AddParameter): Name = "Terminal Pitch"; Value = ""; VariantName = "[No Variations]"
Add component (AddParameter): Name = "Termination"; Value = "SMD/SMT"; VariantName = "[No Variations]"
Add component (AddParameter): Name = "Thickness"; Value = "508um"; VariantName = "[No Variations]"
Add component (AddParameter): Name = "Tolerance"; Value = "5%"; VariantName = "[No Variations]"
Add component (AddParameter): Name = "Value"; Value = "10k"; VariantName = "[No Variations]"
Add component (AddParameter): Name = "Voltage Rating"; Value = "150V"; VariantName = "[No Variations]"
Add component (AddParameter): Name = "Voltage Rating (DC)"; Value = "100V"; VariantName = "[No Variations]"
Add component (AddParameter): Name = "Weight"; Value = ""; VariantName = "[No Variations]"
Add component (AddParameter): Name = "Width"; Value = "1.25mm"; VariantName = "[No Variations]"
Add component (AddParameter): Name = "Working Voltage"; Value = ""; VariantName = "[No Variations]"
Added Component: Designator=R26_CH2(R0805FTK)
Add component (AddParameter): Name = ".Creator"; Value = "DR"; VariantName = "[No Variations]"
Add component (AddParameter): Name = ".PCBcheck"; Value = ""; VariantName = "[No Variations]"
Add component (AddParameter): Name = ".SCHcheck"; Value = ""; VariantName = "[No Variations]"
Add component (AddParameter): Name = "Case Code (Metric)"; Value = "2012"; VariantName = "[No Variations]"
Add component (AddParameter): Name = "Case/Package"; Value = "0805"; VariantName = "[No Variations]"
Add component (AddParameter): Name = "Category"; Value = "Chip SMD Resistors"; VariantName = "[No Variations]"
Add component (AddParameter): Name = "Circuit Type"; Value = ""; VariantName = "[No Variations]"
Add component (AddParameter): Name = "Color"; Value = ""; VariantName = "[No Variations]"
Add component (AddParameter): Name = "ComponentLink1Description"; Value = "https://datasheet.ciiva.com/11821/0900766b80fcdb72-11821135.pdf?src-supplier=RSComponents"; VariantName = "[No Variations]"
Add component (AddParameter): Name = "ComponentLink1URL"; Value = "https://datasheet.ciiva.com/11821/0900766b80fcdb72-11821135.pdf?src-supplier=RSComponents"; VariantName = "[No Variations]"
Add component (AddParameter): Name = "ComponentLink2Description"; Value = "https://datasheet.ciiva.com/9122/chpreztr-9122374.pdf?src-supplier=Avnet"; VariantName = "[No Variations]"
Add component (AddParameter): Name = "ComponentLink2URL"; Value = "https://datasheet.ciiva.com/9122/chpreztr-9122374.pdf?src-supplier=Avnet"; VariantName = "[No Variations]"
Add component (AddParameter): Name = "ComponentLink3Description"; Value = "https://datasheet.ciiva.com/22693/1902866-22693254.pdf?src-supplier=Element14"; VariantName = "[No Variations]"
Add component (AddParameter): Name = "ComponentLink3URL"; Value = "https://datasheet.ciiva.com/22693/1902866-22693254.pdf?src-supplier=Element14"; VariantName = "[No Variations]"
Add component (AddParameter): Name = "ComponentLink4Description"; Value = "https://datasheet.ciiva.com/7986/691949-7986187.pdf?src-supplier=Element14"; VariantName = "[No Variations]"
Add component (AddParameter): Name = "ComponentLink4URL"; Value = "https://datasheet.ciiva.com/7986/691949-7986187.pdf?src-supplier=Element14"; VariantName = "[No Variations]"
Add component (AddParameter): Name = "ComponentLink5Description"; Value = "https://datasheet.ciiva.com/30065/159chpreztr-30065976.pdf?src-supplier=Onlinecomponents.com"; VariantName = "[No Variations]"
Add component (AddParameter): Name = "ComponentLink5URL"; Value = "https://datasheet.ciiva.com/30065/159chpreztr-30065976.pdf?src-supplier=Onlinecomponents.com"; VariantName = "[No Variations]"
Add component (AddParameter): Name = "ComponentLink6Description"; Value = "https://datasheet.ciiva.com/16783/70154685-16783482.pdf?src-supplier=Allied+Electronics"; VariantName = "[No Variations]"
Add component (AddParameter): Name = "ComponentLink6URL"; Value = "https://datasheet.ciiva.com/16783/70154685-16783482.pdf?src-supplier=Allied+Electronics"; VariantName = "[No Variations]"
Add component (AddParameter): Name = "ComponentLink7Description"; Value = "https://datasheet.ciiva.com/5548/chpreztr-5548491.pdf?src-supplier=Mouser"; VariantName = "[No Variations]"
Add component (AddParameter): Name = "ComponentLink7URL"; Value = "https://datasheet.ciiva.com/5548/chpreztr-5548491.pdf?src-supplier=Mouser"; VariantName = "[No Variations]"
Add component (AddParameter): Name = "ComponentLink8Description"; Value = "https://datasheet.ciiva.com/6559/chpreztr-6559900.pdf?src-supplier=Digi-Key"; VariantName = "[No Variations]"
Add component (AddParameter): Name = "ComponentLink8URL"; Value = "https://datasheet.ciiva.com/6559/chpreztr-6559900.pdf?src-supplier=Digi-Key"; VariantName = "[No Variations]"
Add component (AddParameter): Name = "ComponentLink9Description"; Value = "https://datasheet.ciiva.com/6559/chpreztr-6559901.pdf?src-supplier=Digi-Key"; VariantName = "[No Variations]"
Add component (AddParameter): Name = "ComponentLink9URL"; Value = "https://datasheet.ciiva.com/6559/chpreztr-6559901.pdf?src-supplier=Digi-Key"; VariantName = "[No Variations]"
Add component (AddParameter): Name = "ComponentLink10Description"; Value = "https://datasheet.ciiva.com/7985/1856384-7985869.pdf?src-supplier=Element14"; VariantName = "[No Variations]"
Add component (AddParameter): Name = "ComponentLink10URL"; Value = "https://datasheet.ciiva.com/7985/1856384-7985869.pdf?src-supplier=Element14"; VariantName = "[No Variations]"
Add component (AddParameter): Name = "ComponentLink11Description"; Value = "https://datasheet.ciiva.com/48692/001055517-da-01-en-smd-wid-cr0805-jw-103elf-10k-ohm-1-8w-48692118.pdf?src-supplier=Conrad"; VariantName = "[No Variations]"
Add component (AddParameter): Name = "ComponentLink11URL"; Value = "https://datasheet.ciiva.com/48692/001055517-da-01-en-smd-wid-cr0805-jw-103elf-10k-ohm-1-8w-48692118.pdf?src-supplier=Conrad"; VariantName = "[No Variations]"
Add component (AddParameter): Name = "Construction"; Value = "Rectangular"; VariantName = "[No Variations]"
Add component (AddParameter): Name = "Contact Plating"; Value = "Tin"; VariantName = "[No Variations]"
Add component (AddParameter): Name = "Current Rating"; Value = ""; VariantName = "[No Variations]"
Add component (AddParameter): Name = "Depth"; Value = "1.25mm"; VariantName = "[No Variations]"
Add component (AddParameter): Name = "Design Item ID"; Value = "R10k-0805FTK"; VariantName = "[No Variations]"
Add component (AddParameter): Name = "ELV"; Value = ""; VariantName = "[No Variations]"
Add component (AddParameter): Name = "Features"; Value = "Moisture Resistant"; VariantName = "[No Variations]"
Add component (AddParameter): Name = "Height"; Value = "0.5mm"; VariantName = "[No Variations]"
Add component (AddParameter): Name = "Insulation Resistance"; Value = ""; VariantName = "[No Variations]"
Add component (AddParameter): Name = "Lead Free"; Value = ""; VariantName = "[No Variations]"
Add component (AddParameter): Name = "Lead Length"; Value = ""; VariantName = "[No Variations]"
Add component (AddParameter): Name = "Length"; Value = "2mm"; VariantName = "[No Variations]"
Add component (AddParameter): Name = "Manufacturer"; Value = ""; VariantName = "[No Variations]"
Add component (AddParameter): Name = "Manufacturer 1"; Value = "Bourns"; VariantName = "[No Variations]"
Add component (AddParameter): Name = "Manufacturer Part Number"; Value = ""; VariantName = "[No Variations]"
Add component (AddParameter): Name = "Manufacturer Part Number 1"; Value = "CR0805-JW-103ELF"; VariantName = "[No Variations]"
Add component (AddParameter): Name = "Max Operating Temperature"; Value = "155°C"; VariantName = "[No Variations]"
Add component (AddParameter): Name = "Max Power Dissipation"; Value = "125mW"; VariantName = "[No Variations]"
Add component (AddParameter): Name = "Military Standard"; Value = "Not"; VariantName = "[No Variations]"
Add component (AddParameter): Name = "Min Operating Temperature"; Value = "-55°C"; VariantName = "[No Variations]"
Add component (AddParameter): Name = "Mount"; Value = "Surface Mount"; VariantName = "[No Variations]"
Add component (AddParameter): Name = "Mounting Technology"; Value = ""; VariantName = "[No Variations]"
Add component (AddParameter): Name = "Number of Contacts"; Value = ""; VariantName = "[No Variations]"
Add component (AddParameter): Name = "Number of Elements"; Value = ""; VariantName = "[No Variations]"
Add component (AddParameter): Name = "Number of Resistors"; Value = ""; VariantName = "[No Variations]"
Add component (AddParameter): Name = "Number of Terminals/Pins"; Value = ""; VariantName = "[No Variations]"
Add component (AddParameter): Name = "Number of Terminations"; Value = "2"; VariantName = "[No Variations]"
Add component (AddParameter): Name = "Number of Turns"; Value = ""; VariantName = "[No Variations]"
Add component (AddParameter): Name = "Package Quantity"; Value = "1"; VariantName = "[No Variations]"
Add component (AddParameter): Name = "Package Shape"; Value = ""; VariantName = "[No Variations]"
Add component (AddParameter): Name = "Packaging"; Value = "Tape and Reel"; VariantName = "[No Variations]"
Add component (AddParameter): Name = "Pins"; Value = "2"; VariantName = "[No Variations]"
Add component (AddParameter): Name = "Power"; Value = ""; VariantName = "[No Variations]"
Add component (AddParameter): Name = "Power Per Element"; Value = ""; VariantName = "[No Variations]"
Add component (AddParameter): Name = "Power Rating"; Value = "125mW"; VariantName = "[No Variations]"
Add component (AddParameter): Name = "Pricing 1"; Value = "1=0,05790, 10=0,01540, 25=0,01340, 100=0,00340 (USD)"; VariantName = "[No Variations]"
Add component (AddParameter): Name = "Radiation Hardening"; Value = "No"; VariantName = "[No Variations]"
Add component (AddParameter): Name = "REACH SVHC"; Value = "No SVHC"; VariantName = "[No Variations]"
Add component (AddParameter): Name = "Resistance"; Value = ""; VariantName = "[No Variations]"
Add component (AddParameter): Name = "Resistance Tolerance"; Value = "5%"; VariantName = "[No Variations]"
Add component (AddParameter): Name = "Resistence"; Value = ""; VariantName = "[No Variations]"
Add component (AddParameter): Name = "Resistor Type"; Value = "Thick Film"; VariantName = "[No Variations]"
Add component (AddParameter): Name = "RoHS"; Value = "Yes"; VariantName = "[No Variations]"
Add component (AddParameter): Name = "RoHS Compliant"; Value = "Yes"; VariantName = "[No Variations]"
Add component (AddParameter): Name = "Series"; Value = "CR0805"; VariantName = "[No Variations]"
Add component (AddParameter): Name = "Size Code"; Value = ""; VariantName = "[No Variations]"
Add component (AddParameter): Name = "Source"; Value = "Passives.SchLib"; VariantName = "[No Variations]"
Add component (AddParameter): Name = "Stock 1"; Value = "57566"; VariantName = "[No Variations]"
Add component (AddParameter): Name = "Taper"; Value = ""; VariantName = "[No Variations]"
Add component (AddParameter): Name = "Technology"; Value = "THICK FILM"; VariantName = "[No Variations]"
Add component (AddParameter): Name = "Temperature Coefficient"; Value = "200ppm/°C"; VariantName = "[No Variations]"
Add component (AddParameter): Name = "Terminal Finish"; Value = ""; VariantName = "[No Variations]"
Add component (AddParameter): Name = "Terminal Pitch"; Value = ""; VariantName = "[No Variations]"
Add component (AddParameter): Name = "Termination"; Value = "SMD/SMT"; VariantName = "[No Variations]"
Add component (AddParameter): Name = "Thickness"; Value = "508um"; VariantName = "[No Variations]"
Add component (AddParameter): Name = "Tolerance"; Value = "5%"; VariantName = "[No Variations]"
Add component (AddParameter): Name = "Value"; Value = "10k"; VariantName = "[No Variations]"
Add component (AddParameter): Name = "Voltage Rating"; Value = "150V"; VariantName = "[No Variations]"
Add component (AddParameter): Name = "Voltage Rating (DC)"; Value = "100V"; VariantName = "[No Variations]"
Add component (AddParameter): Name = "Weight"; Value = ""; VariantName = "[No Variations]"
Add component (AddParameter): Name = "Width"; Value = "1.25mm"; VariantName = "[No Variations]"
Add component (AddParameter): Name = "Working Voltage"; Value = ""; VariantName = "[No Variations]"
Added Component: Designator=R27_CH1(R0805FTK)
Add component (AddParameter): Name = ".Creator"; Value = "DR"; VariantName = "[No Variations]"
Add component (AddParameter): Name = ".PCBcheck"; Value = ""; VariantName = "[No Variations]"
Add component (AddParameter): Name = ".SCHcheck"; Value = ""; VariantName = "[No Variations]"
Add component (AddParameter): Name = "Case Code (Metric)"; Value = "2012"; VariantName = "[No Variations]"
Add component (AddParameter): Name = "Case/Package"; Value = "0805"; VariantName = "[No Variations]"
Add component (AddParameter): Name = "Category"; Value = "Chip SMD Resistors"; VariantName = "[No Variations]"
Add component (AddParameter): Name = "Circuit Type"; Value = ""; VariantName = "[No Variations]"
Add component (AddParameter): Name = "Color"; Value = ""; VariantName = "[No Variations]"
Add component (AddParameter): Name = "ComponentLink1Description"; Value = "https://datasheet.ciiva.com/11821/0900766b80fcdb72-11821135.pdf?src-supplier=RSComponents"; VariantName = "[No Variations]"
Add component (AddParameter): Name = "ComponentLink1URL"; Value = "https://datasheet.ciiva.com/11821/0900766b80fcdb72-11821135.pdf?src-supplier=RSComponents"; VariantName = "[No Variations]"
Add component (AddParameter): Name = "ComponentLink2Description"; Value = "https://datasheet.ciiva.com/9122/chpreztr-9122374.pdf?src-supplier=Avnet"; VariantName = "[No Variations]"
Add component (AddParameter): Name = "ComponentLink2URL"; Value = "https://datasheet.ciiva.com/9122/chpreztr-9122374.pdf?src-supplier=Avnet"; VariantName = "[No Variations]"
Add component (AddParameter): Name = "ComponentLink3Description"; Value = "https://datasheet.ciiva.com/22693/1902866-22693254.pdf?src-supplier=Element14"; VariantName = "[No Variations]"
Add component (AddParameter): Name = "ComponentLink3URL"; Value = "https://datasheet.ciiva.com/22693/1902866-22693254.pdf?src-supplier=Element14"; VariantName = "[No Variations]"
Add component (AddParameter): Name = "ComponentLink4Description"; Value = "https://datasheet.ciiva.com/7986/691949-7986187.pdf?src-supplier=Element14"; VariantName = "[No Variations]"
Add component (AddParameter): Name = "ComponentLink4URL"; Value = "https://datasheet.ciiva.com/7986/691949-7986187.pdf?src-supplier=Element14"; VariantName = "[No Variations]"
Add component (AddParameter): Name = "ComponentLink5Description"; Value = "https://datasheet.ciiva.com/30065/159chpreztr-30065976.pdf?src-supplier=Onlinecomponents.com"; VariantName = "[No Variations]"
Add component (AddParameter): Name = "ComponentLink5URL"; Value = "https://datasheet.ciiva.com/30065/159chpreztr-30065976.pdf?src-supplier=Onlinecomponents.com"; VariantName = "[No Variations]"
Add component (AddParameter): Name = "ComponentLink6Description"; Value = "https://datasheet.ciiva.com/16783/70154685-16783482.pdf?src-supplier=Allied+Electronics"; VariantName = "[No Variations]"
Add component (AddParameter): Name = "ComponentLink6URL"; Value = "https://datasheet.ciiva.com/16783/70154685-16783482.pdf?src-supplier=Allied+Electronics"; VariantName = "[No Variations]"
Add component (AddParameter): Name = "ComponentLink7Description"; Value = "https://datasheet.ciiva.com/5548/chpreztr-5548491.pdf?src-supplier=Mouser"; VariantName = "[No Variations]"
Add component (AddParameter): Name = "ComponentLink7URL"; Value = "https://datasheet.ciiva.com/5548/chpreztr-5548491.pdf?src-supplier=Mouser"; VariantName = "[No Variations]"
Add component (AddParameter): Name = "ComponentLink8Description"; Value = "https://datasheet.ciiva.com/6559/chpreztr-6559900.pdf?src-supplier=Digi-Key"; VariantName = "[No Variations]"
Add component (AddParameter): Name = "ComponentLink8URL"; Value = "https://datasheet.ciiva.com/6559/chpreztr-6559900.pdf?src-supplier=Digi-Key"; VariantName = "[No Variations]"
Add component (AddParameter): Name = "ComponentLink9Description"; Value = "https://datasheet.ciiva.com/6559/chpreztr-6559901.pdf?src-supplier=Digi-Key"; VariantName = "[No Variations]"
Add component (AddParameter): Name = "ComponentLink9URL"; Value = "https://datasheet.ciiva.com/6559/chpreztr-6559901.pdf?src-supplier=Digi-Key"; VariantName = "[No Variations]"
Add component (AddParameter): Name = "ComponentLink10Description"; Value = "https://datasheet.ciiva.com/7985/1856384-7985869.pdf?src-supplier=Element14"; VariantName = "[No Variations]"
Add component (AddParameter): Name = "ComponentLink10URL"; Value = "https://datasheet.ciiva.com/7985/1856384-7985869.pdf?src-supplier=Element14"; VariantName = "[No Variations]"
Add component (AddParameter): Name = "ComponentLink11Description"; Value = "https://datasheet.ciiva.com/48692/001055517-da-01-en-smd-wid-cr0805-jw-103elf-10k-ohm-1-8w-48692118.pdf?src-supplier=Conrad"; VariantName = "[No Variations]"
Add component (AddParameter): Name = "ComponentLink11URL"; Value = "https://datasheet.ciiva.com/48692/001055517-da-01-en-smd-wid-cr0805-jw-103elf-10k-ohm-1-8w-48692118.pdf?src-supplier=Conrad"; VariantName = "[No Variations]"
Add component (AddParameter): Name = "Construction"; Value = "Rectangular"; VariantName = "[No Variations]"
Add component (AddParameter): Name = "Contact Plating"; Value = "Tin"; VariantName = "[No Variations]"
Add component (AddParameter): Name = "Current Rating"; Value = ""; VariantName = "[No Variations]"
Add component (AddParameter): Name = "Depth"; Value = "1.25mm"; VariantName = "[No Variations]"
Add component (AddParameter): Name = "Design Item ID"; Value = "R10k-0805FTK"; VariantName = "[No Variations]"
Add component (AddParameter): Name = "ELV"; Value = ""; VariantName = "[No Variations]"
Add component (AddParameter): Name = "Features"; Value = "Moisture Resistant"; VariantName = "[No Variations]"
Add component (AddParameter): Name = "Height"; Value = "0.5mm"; VariantName = "[No Variations]"
Add component (AddParameter): Name = "Insulation Resistance"; Value = ""; VariantName = "[No Variations]"
Add component (AddParameter): Name = "Lead Free"; Value = ""; VariantName = "[No Variations]"
Add component (AddParameter): Name = "Lead Length"; Value = ""; VariantName = "[No Variations]"
Add component (AddParameter): Name = "Length"; Value = "2mm"; VariantName = "[No Variations]"
Add component (AddParameter): Name = "Manufacturer"; Value = ""; VariantName = "[No Variations]"
Add component (AddParameter): Name = "Manufacturer 1"; Value = "Bourns"; VariantName = "[No Variations]"
Add component (AddParameter): Name = "Manufacturer Part Number"; Value = ""; VariantName = "[No Variations]"
Add component (AddParameter): Name = "Manufacturer Part Number 1"; Value = "CR0805-JW-103ELF"; VariantName = "[No Variations]"
Add component (AddParameter): Name = "Max Operating Temperature"; Value = "155°C"; VariantName = "[No Variations]"
Add component (AddParameter): Name = "Max Power Dissipation"; Value = "125mW"; VariantName = "[No Variations]"
Add component (AddParameter): Name = "Military Standard"; Value = "Not"; VariantName = "[No Variations]"
Add component (AddParameter): Name = "Min Operating Temperature"; Value = "-55°C"; VariantName = "[No Variations]"
Add component (AddParameter): Name = "Mount"; Value = "Surface Mount"; VariantName = "[No Variations]"
Add component (AddParameter): Name = "Mounting Technology"; Value = ""; VariantName = "[No Variations]"
Add component (AddParameter): Name = "Number of Contacts"; Value = ""; VariantName = "[No Variations]"
Add component (AddParameter): Name = "Number of Elements"; Value = ""; VariantName = "[No Variations]"
Add component (AddParameter): Name = "Number of Resistors"; Value = ""; VariantName = "[No Variations]"
Add component (AddParameter): Name = "Number of Terminals/Pins"; Value = ""; VariantName = "[No Variations]"
Add component (AddParameter): Name = "Number of Terminations"; Value = "2"; VariantName = "[No Variations]"
Add component (AddParameter): Name = "Number of Turns"; Value = ""; VariantName = "[No Variations]"
Add component (AddParameter): Name = "Package Quantity"; Value = "1"; VariantName = "[No Variations]"
Add component (AddParameter): Name = "Package Shape"; Value = ""; VariantName = "[No Variations]"
Add component (AddParameter): Name = "Packaging"; Value = "Tape and Reel"; VariantName = "[No Variations]"
Add component (AddParameter): Name = "Pins"; Value = "2"; VariantName = "[No Variations]"
Add component (AddParameter): Name = "Power"; Value = ""; VariantName = "[No Variations]"
Add component (AddParameter): Name = "Power Per Element"; Value = ""; VariantName = "[No Variations]"
Add component (AddParameter): Name = "Power Rating"; Value = "125mW"; VariantName = "[No Variations]"
Add component (AddParameter): Name = "Pricing 1"; Value = "1=0,05790, 10=0,01540, 25=0,01340, 100=0,00340 (USD)"; VariantName = "[No Variations]"
Add component (AddParameter): Name = "Radiation Hardening"; Value = "No"; VariantName = "[No Variations]"
Add component (AddParameter): Name = "REACH SVHC"; Value = "No SVHC"; VariantName = "[No Variations]"
Add component (AddParameter): Name = "Resistance"; Value = ""; VariantName = "[No Variations]"
Add component (AddParameter): Name = "Resistance Tolerance"; Value = "5%"; VariantName = "[No Variations]"
Add component (AddParameter): Name = "Resistence"; Value = ""; VariantName = "[No Variations]"
Add component (AddParameter): Name = "Resistor Type"; Value = "Thick Film"; VariantName = "[No Variations]"
Add component (AddParameter): Name = "RoHS"; Value = "Yes"; VariantName = "[No Variations]"
Add component (AddParameter): Name = "RoHS Compliant"; Value = "Yes"; VariantName = "[No Variations]"
Add component (AddParameter): Name = "Series"; Value = "CR0805"; VariantName = "[No Variations]"
Add component (AddParameter): Name = "Size Code"; Value = ""; VariantName = "[No Variations]"
Add component (AddParameter): Name = "Source"; Value = "Passives.SchLib"; VariantName = "[No Variations]"
Add component (AddParameter): Name = "Stock 1"; Value = "57566"; VariantName = "[No Variations]"
Add component (AddParameter): Name = "Taper"; Value = ""; VariantName = "[No Variations]"
Add component (AddParameter): Name = "Technology"; Value = "THICK FILM"; VariantName = "[No Variations]"
Add component (AddParameter): Name = "Temperature Coefficient"; Value = "200ppm/°C"; VariantName = "[No Variations]"
Add component (AddParameter): Name = "Terminal Finish"; Value = ""; VariantName = "[No Variations]"
Add component (AddParameter): Name = "Terminal Pitch"; Value = ""; VariantName = "[No Variations]"
Add component (AddParameter): Name = "Termination"; Value = "SMD/SMT"; VariantName = "[No Variations]"
Add component (AddParameter): Name = "Thickness"; Value = "508um"; VariantName = "[No Variations]"
Add component (AddParameter): Name = "Tolerance"; Value = "5%"; VariantName = "[No Variations]"
Add component (AddParameter): Name = "Value"; Value = "10k"; VariantName = "[No Variations]"
Add component (AddParameter): Name = "Voltage Rating"; Value = "150V"; VariantName = "[No Variations]"
Add component (AddParameter): Name = "Voltage Rating (DC)"; Value = "100V"; VariantName = "[No Variations]"
Add component (AddParameter): Name = "Weight"; Value = ""; VariantName = "[No Variations]"
Add component (AddParameter): Name = "Width"; Value = "1.25mm"; VariantName = "[No Variations]"
Add component (AddParameter): Name = "Working Voltage"; Value = ""; VariantName = "[No Variations]"
Added Component: Designator=R27_CH2(R0805FTK)
Add component (AddParameter): Name = ".Creator"; Value = "DR"; VariantName = "[No Variations]"
Add component (AddParameter): Name = ".PCBcheck"; Value = ""; VariantName = "[No Variations]"
Add component (AddParameter): Name = ".SCHcheck"; Value = ""; VariantName = "[No Variations]"
Add component (AddParameter): Name = "Case Code (Metric)"; Value = "2012"; VariantName = "[No Variations]"
Add component (AddParameter): Name = "Case/Package"; Value = "0805"; VariantName = "[No Variations]"
Add component (AddParameter): Name = "Category"; Value = "Chip SMD Resistors"; VariantName = "[No Variations]"
Add component (AddParameter): Name = "Circuit Type"; Value = ""; VariantName = "[No Variations]"
Add component (AddParameter): Name = "Color"; Value = ""; VariantName = "[No Variations]"
Add component (AddParameter): Name = "ComponentLink1Description"; Value = "https://datasheet.ciiva.com/11821/0900766b80fcdb72-11821135.pdf?src-supplier=RSComponents"; VariantName = "[No Variations]"
Add component (AddParameter): Name = "ComponentLink1URL"; Value = "https://datasheet.ciiva.com/11821/0900766b80fcdb72-11821135.pdf?src-supplier=RSComponents"; VariantName = "[No Variations]"
Add component (AddParameter): Name = "ComponentLink2Description"; Value = "https://datasheet.ciiva.com/9122/chpreztr-9122374.pdf?src-supplier=Avnet"; VariantName = "[No Variations]"
Add component (AddParameter): Name = "ComponentLink2URL"; Value = "https://datasheet.ciiva.com/9122/chpreztr-9122374.pdf?src-supplier=Avnet"; VariantName = "[No Variations]"
Add component (AddParameter): Name = "ComponentLink3Description"; Value = "https://datasheet.ciiva.com/22693/1902866-22693254.pdf?src-supplier=Element14"; VariantName = "[No Variations]"
Add component (AddParameter): Name = "ComponentLink3URL"; Value = "https://datasheet.ciiva.com/22693/1902866-22693254.pdf?src-supplier=Element14"; VariantName = "[No Variations]"
Add component (AddParameter): Name = "ComponentLink4Description"; Value = "https://datasheet.ciiva.com/7986/691949-7986187.pdf?src-supplier=Element14"; VariantName = "[No Variations]"
Add component (AddParameter): Name = "ComponentLink4URL"; Value = "https://datasheet.ciiva.com/7986/691949-7986187.pdf?src-supplier=Element14"; VariantName = "[No Variations]"
Add component (AddParameter): Name = "ComponentLink5Description"; Value = "https://datasheet.ciiva.com/30065/159chpreztr-30065976.pdf?src-supplier=Onlinecomponents.com"; VariantName = "[No Variations]"
Add component (AddParameter): Name = "ComponentLink5URL"; Value = "https://datasheet.ciiva.com/30065/159chpreztr-30065976.pdf?src-supplier=Onlinecomponents.com"; VariantName = "[No Variations]"
Add component (AddParameter): Name = "ComponentLink6Description"; Value = "https://datasheet.ciiva.com/16783/70154685-16783482.pdf?src-supplier=Allied+Electronics"; VariantName = "[No Variations]"
Add component (AddParameter): Name = "ComponentLink6URL"; Value = "https://datasheet.ciiva.com/16783/70154685-16783482.pdf?src-supplier=Allied+Electronics"; VariantName = "[No Variations]"
Add component (AddParameter): Name = "ComponentLink7Description"; Value = "https://datasheet.ciiva.com/5548/chpreztr-5548491.pdf?src-supplier=Mouser"; VariantName = "[No Variations]"
Add component (AddParameter): Name = "ComponentLink7URL"; Value = "https://datasheet.ciiva.com/5548/chpreztr-5548491.pdf?src-supplier=Mouser"; VariantName = "[No Variations]"
Add component (AddParameter): Name = "ComponentLink8Description"; Value = "https://datasheet.ciiva.com/6559/chpreztr-6559900.pdf?src-supplier=Digi-Key"; VariantName = "[No Variations]"
Add component (AddParameter): Name = "ComponentLink8URL"; Value = "https://datasheet.ciiva.com/6559/chpreztr-6559900.pdf?src-supplier=Digi-Key"; VariantName = "[No Variations]"
Add component (AddParameter): Name = "ComponentLink9Description"; Value = "https://datasheet.ciiva.com/6559/chpreztr-6559901.pdf?src-supplier=Digi-Key"; VariantName = "[No Variations]"
Add component (AddParameter): Name = "ComponentLink9URL"; Value = "https://datasheet.ciiva.com/6559/chpreztr-6559901.pdf?src-supplier=Digi-Key"; VariantName = "[No Variations]"
Add component (AddParameter): Name = "ComponentLink10Description"; Value = "https://datasheet.ciiva.com/7985/1856384-7985869.pdf?src-supplier=Element14"; VariantName = "[No Variations]"
Add component (AddParameter): Name = "ComponentLink10URL"; Value = "https://datasheet.ciiva.com/7985/1856384-7985869.pdf?src-supplier=Element14"; VariantName = "[No Variations]"
Add component (AddParameter): Name = "ComponentLink11Description"; Value = "https://datasheet.ciiva.com/48692/001055517-da-01-en-smd-wid-cr0805-jw-103elf-10k-ohm-1-8w-48692118.pdf?src-supplier=Conrad"; VariantName = "[No Variations]"
Add component (AddParameter): Name = "ComponentLink11URL"; Value = "https://datasheet.ciiva.com/48692/001055517-da-01-en-smd-wid-cr0805-jw-103elf-10k-ohm-1-8w-48692118.pdf?src-supplier=Conrad"; VariantName = "[No Variations]"
Add component (AddParameter): Name = "Construction"; Value = "Rectangular"; VariantName = "[No Variations]"
Add component (AddParameter): Name = "Contact Plating"; Value = "Tin"; VariantName = "[No Variations]"
Add component (AddParameter): Name = "Current Rating"; Value = ""; VariantName = "[No Variations]"
Add component (AddParameter): Name = "Depth"; Value = "1.25mm"; VariantName = "[No Variations]"
Add component (AddParameter): Name = "Design Item ID"; Value = "R10k-0805FTK"; VariantName = "[No Variations]"
Add component (AddParameter): Name = "ELV"; Value = ""; VariantName = "[No Variations]"
Add component (AddParameter): Name = "Features"; Value = "Moisture Resistant"; VariantName = "[No Variations]"
Add component (AddParameter): Name = "Height"; Value = "0.5mm"; VariantName = "[No Variations]"
Add component (AddParameter): Name = "Insulation Resistance"; Value = ""; VariantName = "[No Variations]"
Add component (AddParameter): Name = "Lead Free"; Value = ""; VariantName = "[No Variations]"
Add component (AddParameter): Name = "Lead Length"; Value = ""; VariantName = "[No Variations]"
Add component (AddParameter): Name = "Length"; Value = "2mm"; VariantName = "[No Variations]"
Add component (AddParameter): Name = "Manufacturer"; Value = ""; VariantName = "[No Variations]"
Add component (AddParameter): Name = "Manufacturer 1"; Value = "Bourns"; VariantName = "[No Variations]"
Add component (AddParameter): Name = "Manufacturer Part Number"; Value = ""; VariantName = "[No Variations]"
Add component (AddParameter): Name = "Manufacturer Part Number 1"; Value = "CR0805-JW-103ELF"; VariantName = "[No Variations]"
Add component (AddParameter): Name = "Max Operating Temperature"; Value = "155°C"; VariantName = "[No Variations]"
Add component (AddParameter): Name = "Max Power Dissipation"; Value = "125mW"; VariantName = "[No Variations]"
Add component (AddParameter): Name = "Military Standard"; Value = "Not"; VariantName = "[No Variations]"
Add component (AddParameter): Name = "Min Operating Temperature"; Value = "-55°C"; VariantName = "[No Variations]"
Add component (AddParameter): Name = "Mount"; Value = "Surface Mount"; VariantName = "[No Variations]"
Add component (AddParameter): Name = "Mounting Technology"; Value = ""; VariantName = "[No Variations]"
Add component (AddParameter): Name = "Number of Contacts"; Value = ""; VariantName = "[No Variations]"
Add component (AddParameter): Name = "Number of Elements"; Value = ""; VariantName = "[No Variations]"
Add component (AddParameter): Name = "Number of Resistors"; Value = ""; VariantName = "[No Variations]"
Add component (AddParameter): Name = "Number of Terminals/Pins"; Value = ""; VariantName = "[No Variations]"
Add component (AddParameter): Name = "Number of Terminations"; Value = "2"; VariantName = "[No Variations]"
Add component (AddParameter): Name = "Number of Turns"; Value = ""; VariantName = "[No Variations]"
Add component (AddParameter): Name = "Package Quantity"; Value = "1"; VariantName = "[No Variations]"
Add component (AddParameter): Name = "Package Shape"; Value = ""; VariantName = "[No Variations]"
Add component (AddParameter): Name = "Packaging"; Value = "Tape and Reel"; VariantName = "[No Variations]"
Add component (AddParameter): Name = "Pins"; Value = "2"; VariantName = "[No Variations]"
Add component (AddParameter): Name = "Power"; Value = ""; VariantName = "[No Variations]"
Add component (AddParameter): Name = "Power Per Element"; Value = ""; VariantName = "[No Variations]"
Add component (AddParameter): Name = "Power Rating"; Value = "125mW"; VariantName = "[No Variations]"
Add component (AddParameter): Name = "Pricing 1"; Value = "1=0,05790, 10=0,01540, 25=0,01340, 100=0,00340 (USD)"; VariantName = "[No Variations]"
Add component (AddParameter): Name = "Radiation Hardening"; Value = "No"; VariantName = "[No Variations]"
Add component (AddParameter): Name = "REACH SVHC"; Value = "No SVHC"; VariantName = "[No Variations]"
Add component (AddParameter): Name = "Resistance"; Value = ""; VariantName = "[No Variations]"
Add component (AddParameter): Name = "Resistance Tolerance"; Value = "5%"; VariantName = "[No Variations]"
Add component (AddParameter): Name = "Resistence"; Value = ""; VariantName = "[No Variations]"
Add component (AddParameter): Name = "Resistor Type"; Value = "Thick Film"; VariantName = "[No Variations]"
Add component (AddParameter): Name = "RoHS"; Value = "Yes"; VariantName = "[No Variations]"
Add component (AddParameter): Name = "RoHS Compliant"; Value = "Yes"; VariantName = "[No Variations]"
Add component (AddParameter): Name = "Series"; Value = "CR0805"; VariantName = "[No Variations]"
Add component (AddParameter): Name = "Size Code"; Value = ""; VariantName = "[No Variations]"
Add component (AddParameter): Name = "Source"; Value = "Passives.SchLib"; VariantName = "[No Variations]"
Add component (AddParameter): Name = "Stock 1"; Value = "57566"; VariantName = "[No Variations]"
Add component (AddParameter): Name = "Taper"; Value = ""; VariantName = "[No Variations]"
Add component (AddParameter): Name = "Technology"; Value = "THICK FILM"; VariantName = "[No Variations]"
Add component (AddParameter): Name = "Temperature Coefficient"; Value = "200ppm/°C"; VariantName = "[No Variations]"
Add component (AddParameter): Name = "Terminal Finish"; Value = ""; VariantName = "[No Variations]"
Add component (AddParameter): Name = "Terminal Pitch"; Value = ""; VariantName = "[No Variations]"
Add component (AddParameter): Name = "Termination"; Value = "SMD/SMT"; VariantName = "[No Variations]"
Add component (AddParameter): Name = "Thickness"; Value = "508um"; VariantName = "[No Variations]"
Add component (AddParameter): Name = "Tolerance"; Value = "5%"; VariantName = "[No Variations]"
Add component (AddParameter): Name = "Value"; Value = "10k"; VariantName = "[No Variations]"
Add component (AddParameter): Name = "Voltage Rating"; Value = "150V"; VariantName = "[No Variations]"
Add component (AddParameter): Name = "Voltage Rating (DC)"; Value = "100V"; VariantName = "[No Variations]"
Add component (AddParameter): Name = "Weight"; Value = ""; VariantName = "[No Variations]"
Add component (AddParameter): Name = "Width"; Value = "1.25mm"; VariantName = "[No Variations]"
Add component (AddParameter): Name = "Working Voltage"; Value = ""; VariantName = "[No Variations]"
Added Component: Designator=R28_DCH1(0805)
Add component (AddParameter): Name = "Case/Package"; Value = ""; VariantName = "[No Variations]"
Add component (AddParameter): Name = "Max Operating Temperature"; Value = ""; VariantName = "[No Variations]"
Add component (AddParameter): Name = "Min Operating Temperature"; Value = ""; VariantName = "[No Variations]"
Add component (AddParameter): Name = "Mounting Technology"; Value = ""; VariantName = "[No Variations]"
Add component (AddParameter): Name = "Pins"; Value = ""; VariantName = "[No Variations]"
Add component (AddParameter): Name = "Power"; Value = ""; VariantName = "[No Variations]"
Add component (AddParameter): Name = "Resistance"; Value = ""; VariantName = "[No Variations]"
Add component (AddParameter): Name = "RoHS Compliant"; Value = ""; VariantName = "[No Variations]"
Add component (AddParameter): Name = "Tolerance"; Value = ""; VariantName = "[No Variations]"
Add component (AddParameter): Name = "Value"; Value = "10k"; VariantName = "[No Variations]"
Add component (AddParameter): Name = "Voltage Rating"; Value = ""; VariantName = "[No Variations]"
Added Component: Designator=R28_DCH2(0805)
Add component (AddParameter): Name = "Case/Package"; Value = ""; VariantName = "[No Variations]"
Add component (AddParameter): Name = "Max Operating Temperature"; Value = ""; VariantName = "[No Variations]"
Add component (AddParameter): Name = "Min Operating Temperature"; Value = ""; VariantName = "[No Variations]"
Add component (AddParameter): Name = "Mounting Technology"; Value = ""; VariantName = "[No Variations]"
Add component (AddParameter): Name = "Pins"; Value = ""; VariantName = "[No Variations]"
Add component (AddParameter): Name = "Power"; Value = ""; VariantName = "[No Variations]"
Add component (AddParameter): Name = "Resistance"; Value = ""; VariantName = "[No Variations]"
Add component (AddParameter): Name = "RoHS Compliant"; Value = ""; VariantName = "[No Variations]"
Add component (AddParameter): Name = "Tolerance"; Value = ""; VariantName = "[No Variations]"
Add component (AddParameter): Name = "Value"; Value = "10k"; VariantName = "[No Variations]"
Add component (AddParameter): Name = "Voltage Rating"; Value = ""; VariantName = "[No Variations]"
Added Component: Designator=R29_DCH1(R0805FTK)
Add component (AddParameter): Name = ".Creator"; Value = "DR"; VariantName = "[No Variations]"
Add component (AddParameter): Name = ".PCBcheck"; Value = ""; VariantName = "[No Variations]"
Add component (AddParameter): Name = ".SCHcheck"; Value = ""; VariantName = "[No Variations]"
Add component (AddParameter): Name = "Case Code (Metric)"; Value = "2012"; VariantName = "[No Variations]"
Add component (AddParameter): Name = "Case/Package"; Value = "0805"; VariantName = "[No Variations]"
Add component (AddParameter): Name = "Category"; Value = "Chip SMD Resistors"; VariantName = "[No Variations]"
Add component (AddParameter): Name = "Circuit Type"; Value = ""; VariantName = "[No Variations]"
Add component (AddParameter): Name = "Color"; Value = ""; VariantName = "[No Variations]"
Add component (AddParameter): Name = "ComponentLink1Description"; Value = "https://datasheet.ciiva.com/11809/0900766b80fcdb72-11809178.pdf?src-supplier=RSComponents"; VariantName = "[No Variations]"
Add component (AddParameter): Name = "ComponentLink1URL"; Value = "https://datasheet.ciiva.com/11809/0900766b80fcdb72-11809178.pdf?src-supplier=RSComponents"; VariantName = "[No Variations]"
Add component (AddParameter): Name = "ComponentLink2Description"; Value = "https://datasheet.ciiva.com/6547/chpreztr-6547413.pdf?src-supplier=Digi-Key"; VariantName = "[No Variations]"
Add component (AddParameter): Name = "ComponentLink2URL"; Value = "https://datasheet.ciiva.com/6547/chpreztr-6547413.pdf?src-supplier=Digi-Key"; VariantName = "[No Variations]"
Add component (AddParameter): Name = "ComponentLink3Description"; Value = "https://datasheet.ciiva.com/6547/chpreztr-6547414.pdf?src-supplier=Digi-Key"; VariantName = "[No Variations]"
Add component (AddParameter): Name = "ComponentLink3URL"; Value = "https://datasheet.ciiva.com/6547/chpreztr-6547414.pdf?src-supplier=Digi-Key"; VariantName = "[No Variations]"
Add component (AddParameter): Name = "ComponentLink4Description"; Value = "https://datasheet.ciiva.com/6547/chpreztr-6547415.pdf?src-supplier=Digi-Key"; VariantName = "[No Variations]"
Add component (AddParameter): Name = "ComponentLink4URL"; Value = "https://datasheet.ciiva.com/6547/chpreztr-6547415.pdf?src-supplier=Digi-Key"; VariantName = "[No Variations]"
Add component (AddParameter): Name = "ComponentLink5Description"; Value = "https://datasheet.ciiva.com/9120/chpreztr-9120744.pdf?src-supplier=Avnet"; VariantName = "[No Variations]"
Add component (AddParameter): Name = "ComponentLink5URL"; Value = "https://datasheet.ciiva.com/9120/chpreztr-9120744.pdf?src-supplier=Avnet"; VariantName = "[No Variations]"
Add component (AddParameter): Name = "Construction"; Value = "Rectangular"; VariantName = "[No Variations]"
Add component (AddParameter): Name = "Contact Plating"; Value = "Tin"; VariantName = "[No Variations]"
Add component (AddParameter): Name = "Current Rating"; Value = ""; VariantName = "[No Variations]"
Add component (AddParameter): Name = "Depth"; Value = "1.25mm"; VariantName = "[No Variations]"
Add component (AddParameter): Name = "Design Item ID"; Value = "R100-0805FTK"; VariantName = "[No Variations]"
Add component (AddParameter): Name = "ELV"; Value = ""; VariantName = "[No Variations]"
Add component (AddParameter): Name = "Features"; Value = "Moisture Resistant"; VariantName = "[No Variations]"
Add component (AddParameter): Name = "Height"; Value = "0.5mm"; VariantName = "[No Variations]"
Add component (AddParameter): Name = "Insulation Resistance"; Value = ""; VariantName = "[No Variations]"
Add component (AddParameter): Name = "Lead Free"; Value = ""; VariantName = "[No Variations]"
Add component (AddParameter): Name = "Lead Length"; Value = ""; VariantName = "[No Variations]"
Add component (AddParameter): Name = "Length"; Value = "2mm"; VariantName = "[No Variations]"
Add component (AddParameter): Name = "Manufacturer"; Value = ""; VariantName = "[No Variations]"
Add component (AddParameter): Name = "Manufacturer 1"; Value = "Bourns"; VariantName = "[No Variations]"
Add component (AddParameter): Name = "Manufacturer Part Number"; Value = ""; VariantName = "[No Variations]"
Add component (AddParameter): Name = "Manufacturer Part Number 1"; Value = "CR0805-FX-1000ELF"; VariantName = "[No Variations]"
Add component (AddParameter): Name = "Max Operating Temperature"; Value = "155°C"; VariantName = "[No Variations]"
Add component (AddParameter): Name = "Max Power Dissipation"; Value = "125mW"; VariantName = "[No Variations]"
Add component (AddParameter): Name = "Military Standard"; Value = "Not"; VariantName = "[No Variations]"
Add component (AddParameter): Name = "Min Operating Temperature"; Value = "-55°C"; VariantName = "[No Variations]"
Add component (AddParameter): Name = "Mount"; Value = "Surface Mount"; VariantName = "[No Variations]"
Add component (AddParameter): Name = "Number of Contacts"; Value = ""; VariantName = "[No Variations]"
Add component (AddParameter): Name = "Number of Elements"; Value = ""; VariantName = "[No Variations]"
Add component (AddParameter): Name = "Number of Resistors"; Value = ""; VariantName = "[No Variations]"
Add component (AddParameter): Name = "Number of Terminals/Pins"; Value = ""; VariantName = "[No Variations]"
Add component (AddParameter): Name = "Number of Terminations"; Value = "2"; VariantName = "[No Variations]"
Add component (AddParameter): Name = "Number of Turns"; Value = ""; VariantName = "[No Variations]"
Add component (AddParameter): Name = "Package Quantity"; Value = "1"; VariantName = "[No Variations]"
Add component (AddParameter): Name = "Package Shape"; Value = ""; VariantName = "[No Variations]"
Add component (AddParameter): Name = "Packaging"; Value = "Tape and Reel"; VariantName = "[No Variations]"
Add component (AddParameter): Name = "Pins"; Value = "2"; VariantName = "[No Variations]"
Add component (AddParameter): Name = "Power Per Element"; Value = ""; VariantName = "[No Variations]"
Add component (AddParameter): Name = "Power Rating"; Value = "125mW"; VariantName = "[No Variations]"
Add component (AddParameter): Name = "Pricing 1"; Value = "1=0,05840, 10=0,03430, 25=0,01780, 100=0,00750, 250=0,00560, 500=0,00490, 3000=0,00470 (USD)"; VariantName = "[No Variations]"
Add component (AddParameter): Name = "Radiation Hardening"; Value = "No"; VariantName = "[No Variations]"
Add component (AddParameter): Name = "REACH SVHC"; Value = "No SVHC"; VariantName = "[No Variations]"
Add component (AddParameter): Name = "Resistance"; Value = ""; VariantName = "[No Variations]"
Add component (AddParameter): Name = "Resistance Tolerance"; Value = "1%"; VariantName = "[No Variations]"
Add component (AddParameter): Name = "Resistence"; Value = ""; VariantName = "[No Variations]"
Add component (AddParameter): Name = "Resistor Type"; Value = "Thick Film"; VariantName = "[No Variations]"
Add component (AddParameter): Name = "RoHS"; Value = "Yes"; VariantName = "[No Variations]"
Add component (AddParameter): Name = "RoHS Compliant"; Value = "Yes"; VariantName = "[No Variations]"
Add component (AddParameter): Name = "Series"; Value = "CR0805"; VariantName = "[No Variations]"
Add component (AddParameter): Name = "Size Code"; Value = ""; VariantName = "[No Variations]"
Add component (AddParameter): Name = "Source"; Value = "Passives.SchLib"; VariantName = "[No Variations]"
Add component (AddParameter): Name = "Stock 1"; Value = "49802"; VariantName = "[No Variations]"
Add component (AddParameter): Name = "Taper"; Value = ""; VariantName = "[No Variations]"
Add component (AddParameter): Name = "Technology"; Value = "THICK FILM"; VariantName = "[No Variations]"
Add component (AddParameter): Name = "Temperature Coefficient"; Value = "100ppm/°C"; VariantName = "[No Variations]"
Add component (AddParameter): Name = "Terminal Finish"; Value = ""; VariantName = "[No Variations]"
Add component (AddParameter): Name = "Terminal Pitch"; Value = ""; VariantName = "[No Variations]"
Add component (AddParameter): Name = "Termination"; Value = "SMD/SMT"; VariantName = "[No Variations]"
Add component (AddParameter): Name = "Thickness"; Value = "508um"; VariantName = "[No Variations]"
Add component (AddParameter): Name = "Tolerance"; Value = "1%"; VariantName = "[No Variations]"
Add component (AddParameter): Name = "Value"; Value = "100"; VariantName = "[No Variations]"
Add component (AddParameter): Name = "Voltage Rating"; Value = "150V"; VariantName = "[No Variations]"
Add component (AddParameter): Name = "Voltage Rating (DC)"; Value = "150V"; VariantName = "[No Variations]"
Add component (AddParameter): Name = "Weight"; Value = ""; VariantName = "[No Variations]"
Add component (AddParameter): Name = "Width"; Value = "1.25mm"; VariantName = "[No Variations]"
Add component (AddParameter): Name = "Working Voltage"; Value = ""; VariantName = "[No Variations]"
Added Component: Designator=R29_DCH2(R0805FTK)
Add component (AddParameter): Name = ".Creator"; Value = "DR"; VariantName = "[No Variations]"
Add component (AddParameter): Name = ".PCBcheck"; Value = ""; VariantName = "[No Variations]"
Add component (AddParameter): Name = ".SCHcheck"; Value = ""; VariantName = "[No Variations]"
Add component (AddParameter): Name = "Case Code (Metric)"; Value = "2012"; VariantName = "[No Variations]"
Add component (AddParameter): Name = "Case/Package"; Value = "0805"; VariantName = "[No Variations]"
Add component (AddParameter): Name = "Category"; Value = "Chip SMD Resistors"; VariantName = "[No Variations]"
Add component (AddParameter): Name = "Circuit Type"; Value = ""; VariantName = "[No Variations]"
Add component (AddParameter): Name = "Color"; Value = ""; VariantName = "[No Variations]"
Add component (AddParameter): Name = "ComponentLink1Description"; Value = "https://datasheet.ciiva.com/11809/0900766b80fcdb72-11809178.pdf?src-supplier=RSComponents"; VariantName = "[No Variations]"
Add component (AddParameter): Name = "ComponentLink1URL"; Value = "https://datasheet.ciiva.com/11809/0900766b80fcdb72-11809178.pdf?src-supplier=RSComponents"; VariantName = "[No Variations]"
Add component (AddParameter): Name = "ComponentLink2Description"; Value = "https://datasheet.ciiva.com/6547/chpreztr-6547413.pdf?src-supplier=Digi-Key"; VariantName = "[No Variations]"
Add component (AddParameter): Name = "ComponentLink2URL"; Value = "https://datasheet.ciiva.com/6547/chpreztr-6547413.pdf?src-supplier=Digi-Key"; VariantName = "[No Variations]"
Add component (AddParameter): Name = "ComponentLink3Description"; Value = "https://datasheet.ciiva.com/6547/chpreztr-6547414.pdf?src-supplier=Digi-Key"; VariantName = "[No Variations]"
Add component (AddParameter): Name = "ComponentLink3URL"; Value = "https://datasheet.ciiva.com/6547/chpreztr-6547414.pdf?src-supplier=Digi-Key"; VariantName = "[No Variations]"
Add component (AddParameter): Name = "ComponentLink4Description"; Value = "https://datasheet.ciiva.com/6547/chpreztr-6547415.pdf?src-supplier=Digi-Key"; VariantName = "[No Variations]"
Add component (AddParameter): Name = "ComponentLink4URL"; Value = "https://datasheet.ciiva.com/6547/chpreztr-6547415.pdf?src-supplier=Digi-Key"; VariantName = "[No Variations]"
Add component (AddParameter): Name = "ComponentLink5Description"; Value = "https://datasheet.ciiva.com/9120/chpreztr-9120744.pdf?src-supplier=Avnet"; VariantName = "[No Variations]"
Add component (AddParameter): Name = "ComponentLink5URL"; Value = "https://datasheet.ciiva.com/9120/chpreztr-9120744.pdf?src-supplier=Avnet"; VariantName = "[No Variations]"
Add component (AddParameter): Name = "Construction"; Value = "Rectangular"; VariantName = "[No Variations]"
Add component (AddParameter): Name = "Contact Plating"; Value = "Tin"; VariantName = "[No Variations]"
Add component (AddParameter): Name = "Current Rating"; Value = ""; VariantName = "[No Variations]"
Add component (AddParameter): Name = "Depth"; Value = "1.25mm"; VariantName = "[No Variations]"
Add component (AddParameter): Name = "Design Item ID"; Value = "R100-0805FTK"; VariantName = "[No Variations]"
Add component (AddParameter): Name = "ELV"; Value = ""; VariantName = "[No Variations]"
Add component (AddParameter): Name = "Features"; Value = "Moisture Resistant"; VariantName = "[No Variations]"
Add component (AddParameter): Name = "Height"; Value = "0.5mm"; VariantName = "[No Variations]"
Add component (AddParameter): Name = "Insulation Resistance"; Value = ""; VariantName = "[No Variations]"
Add component (AddParameter): Name = "Lead Free"; Value = ""; VariantName = "[No Variations]"
Add component (AddParameter): Name = "Lead Length"; Value = ""; VariantName = "[No Variations]"
Add component (AddParameter): Name = "Length"; Value = "2mm"; VariantName = "[No Variations]"
Add component (AddParameter): Name = "Manufacturer"; Value = ""; VariantName = "[No Variations]"
Add component (AddParameter): Name = "Manufacturer 1"; Value = "Bourns"; VariantName = "[No Variations]"
Add component (AddParameter): Name = "Manufacturer Part Number"; Value = ""; VariantName = "[No Variations]"
Add component (AddParameter): Name = "Manufacturer Part Number 1"; Value = "CR0805-FX-1000ELF"; VariantName = "[No Variations]"
Add component (AddParameter): Name = "Max Operating Temperature"; Value = "155°C"; VariantName = "[No Variations]"
Add component (AddParameter): Name = "Max Power Dissipation"; Value = "125mW"; VariantName = "[No Variations]"
Add component (AddParameter): Name = "Military Standard"; Value = "Not"; VariantName = "[No Variations]"
Add component (AddParameter): Name = "Min Operating Temperature"; Value = "-55°C"; VariantName = "[No Variations]"
Add component (AddParameter): Name = "Mount"; Value = "Surface Mount"; VariantName = "[No Variations]"
Add component (AddParameter): Name = "Number of Contacts"; Value = ""; VariantName = "[No Variations]"
Add component (AddParameter): Name = "Number of Elements"; Value = ""; VariantName = "[No Variations]"
Add component (AddParameter): Name = "Number of Resistors"; Value = ""; VariantName = "[No Variations]"
Add component (AddParameter): Name = "Number of Terminals/Pins"; Value = ""; VariantName = "[No Variations]"
Add component (AddParameter): Name = "Number of Terminations"; Value = "2"; VariantName = "[No Variations]"
Add component (AddParameter): Name = "Number of Turns"; Value = ""; VariantName = "[No Variations]"
Add component (AddParameter): Name = "Package Quantity"; Value = "1"; VariantName = "[No Variations]"
Add component (AddParameter): Name = "Package Shape"; Value = ""; VariantName = "[No Variations]"
Add component (AddParameter): Name = "Packaging"; Value = "Tape and Reel"; VariantName = "[No Variations]"
Add component (AddParameter): Name = "Pins"; Value = "2"; VariantName = "[No Variations]"
Add component (AddParameter): Name = "Power Per Element"; Value = ""; VariantName = "[No Variations]"
Add component (AddParameter): Name = "Power Rating"; Value = "125mW"; VariantName = "[No Variations]"
Add component (AddParameter): Name = "Pricing 1"; Value = "1=0,05840, 10=0,03430, 25=0,01780, 100=0,00750, 250=0,00560, 500=0,00490, 3000=0,00470 (USD)"; VariantName = "[No Variations]"
Add component (AddParameter): Name = "Radiation Hardening"; Value = "No"; VariantName = "[No Variations]"
Add component (AddParameter): Name = "REACH SVHC"; Value = "No SVHC"; VariantName = "[No Variations]"
Add component (AddParameter): Name = "Resistance"; Value = ""; VariantName = "[No Variations]"
Add component (AddParameter): Name = "Resistance Tolerance"; Value = "1%"; VariantName = "[No Variations]"
Add component (AddParameter): Name = "Resistence"; Value = ""; VariantName = "[No Variations]"
Add component (AddParameter): Name = "Resistor Type"; Value = "Thick Film"; VariantName = "[No Variations]"
Add component (AddParameter): Name = "RoHS"; Value = "Yes"; VariantName = "[No Variations]"
Add component (AddParameter): Name = "RoHS Compliant"; Value = "Yes"; VariantName = "[No Variations]"
Add component (AddParameter): Name = "Series"; Value = "CR0805"; VariantName = "[No Variations]"
Add component (AddParameter): Name = "Size Code"; Value = ""; VariantName = "[No Variations]"
Add component (AddParameter): Name = "Source"; Value = "Passives.SchLib"; VariantName = "[No Variations]"
Add component (AddParameter): Name = "Stock 1"; Value = "49802"; VariantName = "[No Variations]"
Add component (AddParameter): Name = "Taper"; Value = ""; VariantName = "[No Variations]"
Add component (AddParameter): Name = "Technology"; Value = "THICK FILM"; VariantName = "[No Variations]"
Add component (AddParameter): Name = "Temperature Coefficient"; Value = "100ppm/°C"; VariantName = "[No Variations]"
Add component (AddParameter): Name = "Terminal Finish"; Value = ""; VariantName = "[No Variations]"
Add component (AddParameter): Name = "Terminal Pitch"; Value = ""; VariantName = "[No Variations]"
Add component (AddParameter): Name = "Termination"; Value = "SMD/SMT"; VariantName = "[No Variations]"
Add component (AddParameter): Name = "Thickness"; Value = "508um"; VariantName = "[No Variations]"
Add component (AddParameter): Name = "Tolerance"; Value = "1%"; VariantName = "[No Variations]"
Add component (AddParameter): Name = "Value"; Value = "100"; VariantName = "[No Variations]"
Add component (AddParameter): Name = "Voltage Rating"; Value = "150V"; VariantName = "[No Variations]"
Add component (AddParameter): Name = "Voltage Rating (DC)"; Value = "150V"; VariantName = "[No Variations]"
Add component (AddParameter): Name = "Weight"; Value = ""; VariantName = "[No Variations]"
Add component (AddParameter): Name = "Width"; Value = "1.25mm"; VariantName = "[No Variations]"
Add component (AddParameter): Name = "Working Voltage"; Value = ""; VariantName = "[No Variations]"
Added Component: Designator=R30_DCH1(R0805FTK)
Add component (AddParameter): Name = ".Creator"; Value = "DR"; VariantName = "[No Variations]"
Add component (AddParameter): Name = ".PCBcheck"; Value = ""; VariantName = "[No Variations]"
Add component (AddParameter): Name = ".SCHcheck"; Value = ""; VariantName = "[No Variations]"
Add component (AddParameter): Name = "Case Code (Metric)"; Value = "2012"; VariantName = "[No Variations]"
Add component (AddParameter): Name = "Case/Package"; Value = "0805"; VariantName = "[No Variations]"
Add component (AddParameter): Name = "Category"; Value = "Chip SMD Resistors"; VariantName = "[No Variations]"
Add component (AddParameter): Name = "Circuit Type"; Value = ""; VariantName = "[No Variations]"
Add component (AddParameter): Name = "Color"; Value = ""; VariantName = "[No Variations]"
Add component (AddParameter): Name = "ComponentLink1Description"; Value = "https://datasheet.ciiva.com/11821/0900766b80fcdb72-11821135.pdf?src-supplier=RSComponents"; VariantName = "[No Variations]"
Add component (AddParameter): Name = "ComponentLink1URL"; Value = "https://datasheet.ciiva.com/11821/0900766b80fcdb72-11821135.pdf?src-supplier=RSComponents"; VariantName = "[No Variations]"
Add component (AddParameter): Name = "ComponentLink2Description"; Value = "https://datasheet.ciiva.com/9122/chpreztr-9122374.pdf?src-supplier=Avnet"; VariantName = "[No Variations]"
Add component (AddParameter): Name = "ComponentLink2URL"; Value = "https://datasheet.ciiva.com/9122/chpreztr-9122374.pdf?src-supplier=Avnet"; VariantName = "[No Variations]"
Add component (AddParameter): Name = "ComponentLink3Description"; Value = "https://datasheet.ciiva.com/22693/1902866-22693254.pdf?src-supplier=Element14"; VariantName = "[No Variations]"
Add component (AddParameter): Name = "ComponentLink3URL"; Value = "https://datasheet.ciiva.com/22693/1902866-22693254.pdf?src-supplier=Element14"; VariantName = "[No Variations]"
Add component (AddParameter): Name = "ComponentLink4Description"; Value = "https://datasheet.ciiva.com/7986/691949-7986187.pdf?src-supplier=Element14"; VariantName = "[No Variations]"
Add component (AddParameter): Name = "ComponentLink4URL"; Value = "https://datasheet.ciiva.com/7986/691949-7986187.pdf?src-supplier=Element14"; VariantName = "[No Variations]"
Add component (AddParameter): Name = "ComponentLink5Description"; Value = "https://datasheet.ciiva.com/30065/159chpreztr-30065976.pdf?src-supplier=Onlinecomponents.com"; VariantName = "[No Variations]"
Add component (AddParameter): Name = "ComponentLink5URL"; Value = "https://datasheet.ciiva.com/30065/159chpreztr-30065976.pdf?src-supplier=Onlinecomponents.com"; VariantName = "[No Variations]"
Add component (AddParameter): Name = "ComponentLink6Description"; Value = "https://datasheet.ciiva.com/16783/70154685-16783482.pdf?src-supplier=Allied+Electronics"; VariantName = "[No Variations]"
Add component (AddParameter): Name = "ComponentLink6URL"; Value = "https://datasheet.ciiva.com/16783/70154685-16783482.pdf?src-supplier=Allied+Electronics"; VariantName = "[No Variations]"
Add component (AddParameter): Name = "ComponentLink7Description"; Value = "https://datasheet.ciiva.com/5548/chpreztr-5548491.pdf?src-supplier=Mouser"; VariantName = "[No Variations]"
Add component (AddParameter): Name = "ComponentLink7URL"; Value = "https://datasheet.ciiva.com/5548/chpreztr-5548491.pdf?src-supplier=Mouser"; VariantName = "[No Variations]"
Add component (AddParameter): Name = "ComponentLink8Description"; Value = "https://datasheet.ciiva.com/6559/chpreztr-6559900.pdf?src-supplier=Digi-Key"; VariantName = "[No Variations]"
Add component (AddParameter): Name = "ComponentLink8URL"; Value = "https://datasheet.ciiva.com/6559/chpreztr-6559900.pdf?src-supplier=Digi-Key"; VariantName = "[No Variations]"
Add component (AddParameter): Name = "ComponentLink9Description"; Value = "https://datasheet.ciiva.com/6559/chpreztr-6559901.pdf?src-supplier=Digi-Key"; VariantName = "[No Variations]"
Add component (AddParameter): Name = "ComponentLink9URL"; Value = "https://datasheet.ciiva.com/6559/chpreztr-6559901.pdf?src-supplier=Digi-Key"; VariantName = "[No Variations]"
Add component (AddParameter): Name = "ComponentLink10Description"; Value = "https://datasheet.ciiva.com/7985/1856384-7985869.pdf?src-supplier=Element14"; VariantName = "[No Variations]"
Add component (AddParameter): Name = "ComponentLink10URL"; Value = "https://datasheet.ciiva.com/7985/1856384-7985869.pdf?src-supplier=Element14"; VariantName = "[No Variations]"
Add component (AddParameter): Name = "ComponentLink11Description"; Value = "https://datasheet.ciiva.com/48692/001055517-da-01-en-smd-wid-cr0805-jw-103elf-10k-ohm-1-8w-48692118.pdf?src-supplier=Conrad"; VariantName = "[No Variations]"
Add component (AddParameter): Name = "ComponentLink11URL"; Value = "https://datasheet.ciiva.com/48692/001055517-da-01-en-smd-wid-cr0805-jw-103elf-10k-ohm-1-8w-48692118.pdf?src-supplier=Conrad"; VariantName = "[No Variations]"
Add component (AddParameter): Name = "Construction"; Value = "Rectangular"; VariantName = "[No Variations]"
Add component (AddParameter): Name = "Contact Plating"; Value = "Tin"; VariantName = "[No Variations]"
Add component (AddParameter): Name = "Current Rating"; Value = ""; VariantName = "[No Variations]"
Add component (AddParameter): Name = "Depth"; Value = "1.25mm"; VariantName = "[No Variations]"
Add component (AddParameter): Name = "Design Item ID"; Value = "R10k-0805FTK"; VariantName = "[No Variations]"
Add component (AddParameter): Name = "ELV"; Value = ""; VariantName = "[No Variations]"
Add component (AddParameter): Name = "Features"; Value = "Moisture Resistant"; VariantName = "[No Variations]"
Add component (AddParameter): Name = "Height"; Value = "0.5mm"; VariantName = "[No Variations]"
Add component (AddParameter): Name = "Insulation Resistance"; Value = ""; VariantName = "[No Variations]"
Add component (AddParameter): Name = "Lead Free"; Value = ""; VariantName = "[No Variations]"
Add component (AddParameter): Name = "Lead Length"; Value = ""; VariantName = "[No Variations]"
Add component (AddParameter): Name = "Length"; Value = "2mm"; VariantName = "[No Variations]"
Add component (AddParameter): Name = "Manufacturer"; Value = ""; VariantName = "[No Variations]"
Add component (AddParameter): Name = "Manufacturer 1"; Value = "Bourns"; VariantName = "[No Variations]"
Add component (AddParameter): Name = "Manufacturer Part Number"; Value = ""; VariantName = "[No Variations]"
Add component (AddParameter): Name = "Manufacturer Part Number 1"; Value = "CR0805-JW-103ELF"; VariantName = "[No Variations]"
Add component (AddParameter): Name = "Max Operating Temperature"; Value = "155°C"; VariantName = "[No Variations]"
Add component (AddParameter): Name = "Max Power Dissipation"; Value = "125mW"; VariantName = "[No Variations]"
Add component (AddParameter): Name = "Military Standard"; Value = "Not"; VariantName = "[No Variations]"
Add component (AddParameter): Name = "Min Operating Temperature"; Value = "-55°C"; VariantName = "[No Variations]"
Add component (AddParameter): Name = "Mount"; Value = "Surface Mount"; VariantName = "[No Variations]"
Add component (AddParameter): Name = "Mounting Technology"; Value = ""; VariantName = "[No Variations]"
Add component (AddParameter): Name = "Number of Contacts"; Value = ""; VariantName = "[No Variations]"
Add component (AddParameter): Name = "Number of Elements"; Value = ""; VariantName = "[No Variations]"
Add component (AddParameter): Name = "Number of Resistors"; Value = ""; VariantName = "[No Variations]"
Add component (AddParameter): Name = "Number of Terminals/Pins"; Value = ""; VariantName = "[No Variations]"
Add component (AddParameter): Name = "Number of Terminations"; Value = "2"; VariantName = "[No Variations]"
Add component (AddParameter): Name = "Number of Turns"; Value = ""; VariantName = "[No Variations]"
Add component (AddParameter): Name = "Package Quantity"; Value = "1"; VariantName = "[No Variations]"
Add component (AddParameter): Name = "Package Shape"; Value = ""; VariantName = "[No Variations]"
Add component (AddParameter): Name = "Packaging"; Value = "Tape and Reel"; VariantName = "[No Variations]"
Add component (AddParameter): Name = "Pins"; Value = "2"; VariantName = "[No Variations]"
Add component (AddParameter): Name = "Power"; Value = ""; VariantName = "[No Variations]"
Add component (AddParameter): Name = "Power Per Element"; Value = ""; VariantName = "[No Variations]"
Add component (AddParameter): Name = "Power Rating"; Value = "125mW"; VariantName = "[No Variations]"
Add component (AddParameter): Name = "Pricing 1"; Value = "1=0,05790, 10=0,01540, 25=0,01340, 100=0,00340 (USD)"; VariantName = "[No Variations]"
Add component (AddParameter): Name = "Radiation Hardening"; Value = "No"; VariantName = "[No Variations]"
Add component (AddParameter): Name = "REACH SVHC"; Value = "No SVHC"; VariantName = "[No Variations]"
Add component (AddParameter): Name = "Resistance"; Value = ""; VariantName = "[No Variations]"
Add component (AddParameter): Name = "Resistance Tolerance"; Value = "5%"; VariantName = "[No Variations]"
Add component (AddParameter): Name = "Resistence"; Value = ""; VariantName = "[No Variations]"
Add component (AddParameter): Name = "Resistor Type"; Value = "Thick Film"; VariantName = "[No Variations]"
Add component (AddParameter): Name = "RoHS"; Value = "Yes"; VariantName = "[No Variations]"
Add component (AddParameter): Name = "RoHS Compliant"; Value = "Yes"; VariantName = "[No Variations]"
Add component (AddParameter): Name = "Series"; Value = "CR0805"; VariantName = "[No Variations]"
Add component (AddParameter): Name = "Size Code"; Value = ""; VariantName = "[No Variations]"
Add component (AddParameter): Name = "Source"; Value = "Passives.SchLib"; VariantName = "[No Variations]"
Add component (AddParameter): Name = "Stock 1"; Value = "57566"; VariantName = "[No Variations]"
Add component (AddParameter): Name = "Taper"; Value = ""; VariantName = "[No Variations]"
Add component (AddParameter): Name = "Technology"; Value = "THICK FILM"; VariantName = "[No Variations]"
Add component (AddParameter): Name = "Temperature Coefficient"; Value = "200ppm/°C"; VariantName = "[No Variations]"
Add component (AddParameter): Name = "Terminal Finish"; Value = ""; VariantName = "[No Variations]"
Add component (AddParameter): Name = "Terminal Pitch"; Value = ""; VariantName = "[No Variations]"
Add component (AddParameter): Name = "Termination"; Value = "SMD/SMT"; VariantName = "[No Variations]"
Add component (AddParameter): Name = "Thickness"; Value = "508um"; VariantName = "[No Variations]"
Add component (AddParameter): Name = "Tolerance"; Value = "5%"; VariantName = "[No Variations]"
Add component (AddParameter): Name = "Value"; Value = "10k"; VariantName = "[No Variations]"
Add component (AddParameter): Name = "Voltage Rating"; Value = "150V"; VariantName = "[No Variations]"
Add component (AddParameter): Name = "Voltage Rating (DC)"; Value = "100V"; VariantName = "[No Variations]"
Add component (AddParameter): Name = "Weight"; Value = ""; VariantName = "[No Variations]"
Add component (AddParameter): Name = "Width"; Value = "1.25mm"; VariantName = "[No Variations]"
Add component (AddParameter): Name = "Working Voltage"; Value = ""; VariantName = "[No Variations]"
Added Component: Designator=R30_DCH2(R0805FTK)
Add component (AddParameter): Name = ".Creator"; Value = "DR"; VariantName = "[No Variations]"
Add component (AddParameter): Name = ".PCBcheck"; Value = ""; VariantName = "[No Variations]"
Add component (AddParameter): Name = ".SCHcheck"; Value = ""; VariantName = "[No Variations]"
Add component (AddParameter): Name = "Case Code (Metric)"; Value = "2012"; VariantName = "[No Variations]"
Add component (AddParameter): Name = "Case/Package"; Value = "0805"; VariantName = "[No Variations]"
Add component (AddParameter): Name = "Category"; Value = "Chip SMD Resistors"; VariantName = "[No Variations]"
Add component (AddParameter): Name = "Circuit Type"; Value = ""; VariantName = "[No Variations]"
Add component (AddParameter): Name = "Color"; Value = ""; VariantName = "[No Variations]"
Add component (AddParameter): Name = "ComponentLink1Description"; Value = "https://datasheet.ciiva.com/11821/0900766b80fcdb72-11821135.pdf?src-supplier=RSComponents"; VariantName = "[No Variations]"
Add component (AddParameter): Name = "ComponentLink1URL"; Value = "https://datasheet.ciiva.com/11821/0900766b80fcdb72-11821135.pdf?src-supplier=RSComponents"; VariantName = "[No Variations]"
Add component (AddParameter): Name = "ComponentLink2Description"; Value = "https://datasheet.ciiva.com/9122/chpreztr-9122374.pdf?src-supplier=Avnet"; VariantName = "[No Variations]"
Add component (AddParameter): Name = "ComponentLink2URL"; Value = "https://datasheet.ciiva.com/9122/chpreztr-9122374.pdf?src-supplier=Avnet"; VariantName = "[No Variations]"
Add component (AddParameter): Name = "ComponentLink3Description"; Value = "https://datasheet.ciiva.com/22693/1902866-22693254.pdf?src-supplier=Element14"; VariantName = "[No Variations]"
Add component (AddParameter): Name = "ComponentLink3URL"; Value = "https://datasheet.ciiva.com/22693/1902866-22693254.pdf?src-supplier=Element14"; VariantName = "[No Variations]"
Add component (AddParameter): Name = "ComponentLink4Description"; Value = "https://datasheet.ciiva.com/7986/691949-7986187.pdf?src-supplier=Element14"; VariantName = "[No Variations]"
Add component (AddParameter): Name = "ComponentLink4URL"; Value = "https://datasheet.ciiva.com/7986/691949-7986187.pdf?src-supplier=Element14"; VariantName = "[No Variations]"
Add component (AddParameter): Name = "ComponentLink5Description"; Value = "https://datasheet.ciiva.com/30065/159chpreztr-30065976.pdf?src-supplier=Onlinecomponents.com"; VariantName = "[No Variations]"
Add component (AddParameter): Name = "ComponentLink5URL"; Value = "https://datasheet.ciiva.com/30065/159chpreztr-30065976.pdf?src-supplier=Onlinecomponents.com"; VariantName = "[No Variations]"
Add component (AddParameter): Name = "ComponentLink6Description"; Value = "https://datasheet.ciiva.com/16783/70154685-16783482.pdf?src-supplier=Allied+Electronics"; VariantName = "[No Variations]"
Add component (AddParameter): Name = "ComponentLink6URL"; Value = "https://datasheet.ciiva.com/16783/70154685-16783482.pdf?src-supplier=Allied+Electronics"; VariantName = "[No Variations]"
Add component (AddParameter): Name = "ComponentLink7Description"; Value = "https://datasheet.ciiva.com/5548/chpreztr-5548491.pdf?src-supplier=Mouser"; VariantName = "[No Variations]"
Add component (AddParameter): Name = "ComponentLink7URL"; Value = "https://datasheet.ciiva.com/5548/chpreztr-5548491.pdf?src-supplier=Mouser"; VariantName = "[No Variations]"
Add component (AddParameter): Name = "ComponentLink8Description"; Value = "https://datasheet.ciiva.com/6559/chpreztr-6559900.pdf?src-supplier=Digi-Key"; VariantName = "[No Variations]"
Add component (AddParameter): Name = "ComponentLink8URL"; Value = "https://datasheet.ciiva.com/6559/chpreztr-6559900.pdf?src-supplier=Digi-Key"; VariantName = "[No Variations]"
Add component (AddParameter): Name = "ComponentLink9Description"; Value = "https://datasheet.ciiva.com/6559/chpreztr-6559901.pdf?src-supplier=Digi-Key"; VariantName = "[No Variations]"
Add component (AddParameter): Name = "ComponentLink9URL"; Value = "https://datasheet.ciiva.com/6559/chpreztr-6559901.pdf?src-supplier=Digi-Key"; VariantName = "[No Variations]"
Add component (AddParameter): Name = "ComponentLink10Description"; Value = "https://datasheet.ciiva.com/7985/1856384-7985869.pdf?src-supplier=Element14"; VariantName = "[No Variations]"
Add component (AddParameter): Name = "ComponentLink10URL"; Value = "https://datasheet.ciiva.com/7985/1856384-7985869.pdf?src-supplier=Element14"; VariantName = "[No Variations]"
Add component (AddParameter): Name = "ComponentLink11Description"; Value = "https://datasheet.ciiva.com/48692/001055517-da-01-en-smd-wid-cr0805-jw-103elf-10k-ohm-1-8w-48692118.pdf?src-supplier=Conrad"; VariantName = "[No Variations]"
Add component (AddParameter): Name = "ComponentLink11URL"; Value = "https://datasheet.ciiva.com/48692/001055517-da-01-en-smd-wid-cr0805-jw-103elf-10k-ohm-1-8w-48692118.pdf?src-supplier=Conrad"; VariantName = "[No Variations]"
Add component (AddParameter): Name = "Construction"; Value = "Rectangular"; VariantName = "[No Variations]"
Add component (AddParameter): Name = "Contact Plating"; Value = "Tin"; VariantName = "[No Variations]"
Add component (AddParameter): Name = "Current Rating"; Value = ""; VariantName = "[No Variations]"
Add component (AddParameter): Name = "Depth"; Value = "1.25mm"; VariantName = "[No Variations]"
Add component (AddParameter): Name = "Design Item ID"; Value = "R10k-0805FTK"; VariantName = "[No Variations]"
Add component (AddParameter): Name = "ELV"; Value = ""; VariantName = "[No Variations]"
Add component (AddParameter): Name = "Features"; Value = "Moisture Resistant"; VariantName = "[No Variations]"
Add component (AddParameter): Name = "Height"; Value = "0.5mm"; VariantName = "[No Variations]"
Add component (AddParameter): Name = "Insulation Resistance"; Value = ""; VariantName = "[No Variations]"
Add component (AddParameter): Name = "Lead Free"; Value = ""; VariantName = "[No Variations]"
Add component (AddParameter): Name = "Lead Length"; Value = ""; VariantName = "[No Variations]"
Add component (AddParameter): Name = "Length"; Value = "2mm"; VariantName = "[No Variations]"
Add component (AddParameter): Name = "Manufacturer"; Value = ""; VariantName = "[No Variations]"
Add component (AddParameter): Name = "Manufacturer 1"; Value = "Bourns"; VariantName = "[No Variations]"
Add component (AddParameter): Name = "Manufacturer Part Number"; Value = ""; VariantName = "[No Variations]"
Add component (AddParameter): Name = "Manufacturer Part Number 1"; Value = "CR0805-JW-103ELF"; VariantName = "[No Variations]"
Add component (AddParameter): Name = "Max Operating Temperature"; Value = "155°C"; VariantName = "[No Variations]"
Add component (AddParameter): Name = "Max Power Dissipation"; Value = "125mW"; VariantName = "[No Variations]"
Add component (AddParameter): Name = "Military Standard"; Value = "Not"; VariantName = "[No Variations]"
Add component (AddParameter): Name = "Min Operating Temperature"; Value = "-55°C"; VariantName = "[No Variations]"
Add component (AddParameter): Name = "Mount"; Value = "Surface Mount"; VariantName = "[No Variations]"
Add component (AddParameter): Name = "Mounting Technology"; Value = ""; VariantName = "[No Variations]"
Add component (AddParameter): Name = "Number of Contacts"; Value = ""; VariantName = "[No Variations]"
Add component (AddParameter): Name = "Number of Elements"; Value = ""; VariantName = "[No Variations]"
Add component (AddParameter): Name = "Number of Resistors"; Value = ""; VariantName = "[No Variations]"
Add component (AddParameter): Name = "Number of Terminals/Pins"; Value = ""; VariantName = "[No Variations]"
Add component (AddParameter): Name = "Number of Terminations"; Value = "2"; VariantName = "[No Variations]"
Add component (AddParameter): Name = "Number of Turns"; Value = ""; VariantName = "[No Variations]"
Add component (AddParameter): Name = "Package Quantity"; Value = "1"; VariantName = "[No Variations]"
Add component (AddParameter): Name = "Package Shape"; Value = ""; VariantName = "[No Variations]"
Add component (AddParameter): Name = "Packaging"; Value = "Tape and Reel"; VariantName = "[No Variations]"
Add component (AddParameter): Name = "Pins"; Value = "2"; VariantName = "[No Variations]"
Add component (AddParameter): Name = "Power"; Value = ""; VariantName = "[No Variations]"
Add component (AddParameter): Name = "Power Per Element"; Value = ""; VariantName = "[No Variations]"
Add component (AddParameter): Name = "Power Rating"; Value = "125mW"; VariantName = "[No Variations]"
Add component (AddParameter): Name = "Pricing 1"; Value = "1=0,05790, 10=0,01540, 25=0,01340, 100=0,00340 (USD)"; VariantName = "[No Variations]"
Add component (AddParameter): Name = "Radiation Hardening"; Value = "No"; VariantName = "[No Variations]"
Add component (AddParameter): Name = "REACH SVHC"; Value = "No SVHC"; VariantName = "[No Variations]"
Add component (AddParameter): Name = "Resistance"; Value = ""; VariantName = "[No Variations]"
Add component (AddParameter): Name = "Resistance Tolerance"; Value = "5%"; VariantName = "[No Variations]"
Add component (AddParameter): Name = "Resistence"; Value = ""; VariantName = "[No Variations]"
Add component (AddParameter): Name = "Resistor Type"; Value = "Thick Film"; VariantName = "[No Variations]"
Add component (AddParameter): Name = "RoHS"; Value = "Yes"; VariantName = "[No Variations]"
Add component (AddParameter): Name = "RoHS Compliant"; Value = "Yes"; VariantName = "[No Variations]"
Add component (AddParameter): Name = "Series"; Value = "CR0805"; VariantName = "[No Variations]"
Add component (AddParameter): Name = "Size Code"; Value = ""; VariantName = "[No Variations]"
Add component (AddParameter): Name = "Source"; Value = "Passives.SchLib"; VariantName = "[No Variations]"
Add component (AddParameter): Name = "Stock 1"; Value = "57566"; VariantName = "[No Variations]"
Add component (AddParameter): Name = "Taper"; Value = ""; VariantName = "[No Variations]"
Add component (AddParameter): Name = "Technology"; Value = "THICK FILM"; VariantName = "[No Variations]"
Add component (AddParameter): Name = "Temperature Coefficient"; Value = "200ppm/°C"; VariantName = "[No Variations]"
Add component (AddParameter): Name = "Terminal Finish"; Value = ""; VariantName = "[No Variations]"
Add component (AddParameter): Name = "Terminal Pitch"; Value = ""; VariantName = "[No Variations]"
Add component (AddParameter): Name = "Termination"; Value = "SMD/SMT"; VariantName = "[No Variations]"
Add component (AddParameter): Name = "Thickness"; Value = "508um"; VariantName = "[No Variations]"
Add component (AddParameter): Name = "Tolerance"; Value = "5%"; VariantName = "[No Variations]"
Add component (AddParameter): Name = "Value"; Value = "10k"; VariantName = "[No Variations]"
Add component (AddParameter): Name = "Voltage Rating"; Value = "150V"; VariantName = "[No Variations]"
Add component (AddParameter): Name = "Voltage Rating (DC)"; Value = "100V"; VariantName = "[No Variations]"
Add component (AddParameter): Name = "Weight"; Value = ""; VariantName = "[No Variations]"
Add component (AddParameter): Name = "Width"; Value = "1.25mm"; VariantName = "[No Variations]"
Add component (AddParameter): Name = "Working Voltage"; Value = ""; VariantName = "[No Variations]"
Added Component: Designator=R31_DCH1(R0805FTK)
Add component (AddParameter): Name = ".Creator"; Value = "DR"; VariantName = "[No Variations]"
Add component (AddParameter): Name = ".PCBcheck"; Value = ""; VariantName = "[No Variations]"
Add component (AddParameter): Name = ".SCHcheck"; Value = ""; VariantName = "[No Variations]"
Add component (AddParameter): Name = "Case Code (Metric)"; Value = "2012"; VariantName = "[No Variations]"
Add component (AddParameter): Name = "Case/Package"; Value = "0805"; VariantName = "[No Variations]"
Add component (AddParameter): Name = "Category"; Value = "Chip SMD Resistors"; VariantName = "[No Variations]"
Add component (AddParameter): Name = "Circuit Type"; Value = ""; VariantName = "[No Variations]"
Add component (AddParameter): Name = "Color"; Value = ""; VariantName = "[No Variations]"
Add component (AddParameter): Name = "ComponentLink1Description"; Value = "https://datasheet.ciiva.com/11821/0900766b80fcdb72-11821135.pdf?src-supplier=RSComponents"; VariantName = "[No Variations]"
Add component (AddParameter): Name = "ComponentLink1URL"; Value = "https://datasheet.ciiva.com/11821/0900766b80fcdb72-11821135.pdf?src-supplier=RSComponents"; VariantName = "[No Variations]"
Add component (AddParameter): Name = "ComponentLink2Description"; Value = "https://datasheet.ciiva.com/9122/chpreztr-9122374.pdf?src-supplier=Avnet"; VariantName = "[No Variations]"
Add component (AddParameter): Name = "ComponentLink2URL"; Value = "https://datasheet.ciiva.com/9122/chpreztr-9122374.pdf?src-supplier=Avnet"; VariantName = "[No Variations]"
Add component (AddParameter): Name = "ComponentLink3Description"; Value = "https://datasheet.ciiva.com/22693/1902866-22693254.pdf?src-supplier=Element14"; VariantName = "[No Variations]"
Add component (AddParameter): Name = "ComponentLink3URL"; Value = "https://datasheet.ciiva.com/22693/1902866-22693254.pdf?src-supplier=Element14"; VariantName = "[No Variations]"
Add component (AddParameter): Name = "ComponentLink4Description"; Value = "https://datasheet.ciiva.com/7986/691949-7986187.pdf?src-supplier=Element14"; VariantName = "[No Variations]"
Add component (AddParameter): Name = "ComponentLink4URL"; Value = "https://datasheet.ciiva.com/7986/691949-7986187.pdf?src-supplier=Element14"; VariantName = "[No Variations]"
Add component (AddParameter): Name = "ComponentLink5Description"; Value = "https://datasheet.ciiva.com/30065/159chpreztr-30065976.pdf?src-supplier=Onlinecomponents.com"; VariantName = "[No Variations]"
Add component (AddParameter): Name = "ComponentLink5URL"; Value = "https://datasheet.ciiva.com/30065/159chpreztr-30065976.pdf?src-supplier=Onlinecomponents.com"; VariantName = "[No Variations]"
Add component (AddParameter): Name = "ComponentLink6Description"; Value = "https://datasheet.ciiva.com/16783/70154685-16783482.pdf?src-supplier=Allied+Electronics"; VariantName = "[No Variations]"
Add component (AddParameter): Name = "ComponentLink6URL"; Value = "https://datasheet.ciiva.com/16783/70154685-16783482.pdf?src-supplier=Allied+Electronics"; VariantName = "[No Variations]"
Add component (AddParameter): Name = "ComponentLink7Description"; Value = "https://datasheet.ciiva.com/5548/chpreztr-5548491.pdf?src-supplier=Mouser"; VariantName = "[No Variations]"
Add component (AddParameter): Name = "ComponentLink7URL"; Value = "https://datasheet.ciiva.com/5548/chpreztr-5548491.pdf?src-supplier=Mouser"; VariantName = "[No Variations]"
Add component (AddParameter): Name = "ComponentLink8Description"; Value = "https://datasheet.ciiva.com/6559/chpreztr-6559900.pdf?src-supplier=Digi-Key"; VariantName = "[No Variations]"
Add component (AddParameter): Name = "ComponentLink8URL"; Value = "https://datasheet.ciiva.com/6559/chpreztr-6559900.pdf?src-supplier=Digi-Key"; VariantName = "[No Variations]"
Add component (AddParameter): Name = "ComponentLink9Description"; Value = "https://datasheet.ciiva.com/6559/chpreztr-6559901.pdf?src-supplier=Digi-Key"; VariantName = "[No Variations]"
Add component (AddParameter): Name = "ComponentLink9URL"; Value = "https://datasheet.ciiva.com/6559/chpreztr-6559901.pdf?src-supplier=Digi-Key"; VariantName = "[No Variations]"
Add component (AddParameter): Name = "ComponentLink10Description"; Value = "https://datasheet.ciiva.com/7985/1856384-7985869.pdf?src-supplier=Element14"; VariantName = "[No Variations]"
Add component (AddParameter): Name = "ComponentLink10URL"; Value = "https://datasheet.ciiva.com/7985/1856384-7985869.pdf?src-supplier=Element14"; VariantName = "[No Variations]"
Add component (AddParameter): Name = "ComponentLink11Description"; Value = "https://datasheet.ciiva.com/48692/001055517-da-01-en-smd-wid-cr0805-jw-103elf-10k-ohm-1-8w-48692118.pdf?src-supplier=Conrad"; VariantName = "[No Variations]"
Add component (AddParameter): Name = "ComponentLink11URL"; Value = "https://datasheet.ciiva.com/48692/001055517-da-01-en-smd-wid-cr0805-jw-103elf-10k-ohm-1-8w-48692118.pdf?src-supplier=Conrad"; VariantName = "[No Variations]"
Add component (AddParameter): Name = "Construction"; Value = "Rectangular"; VariantName = "[No Variations]"
Add component (AddParameter): Name = "Contact Plating"; Value = "Tin"; VariantName = "[No Variations]"
Add component (AddParameter): Name = "Current Rating"; Value = ""; VariantName = "[No Variations]"
Add component (AddParameter): Name = "Depth"; Value = "1.25mm"; VariantName = "[No Variations]"
Add component (AddParameter): Name = "Design Item ID"; Value = "R10k-0805FTK"; VariantName = "[No Variations]"
Add component (AddParameter): Name = "ELV"; Value = ""; VariantName = "[No Variations]"
Add component (AddParameter): Name = "Features"; Value = "Moisture Resistant"; VariantName = "[No Variations]"
Add component (AddParameter): Name = "Height"; Value = "0.5mm"; VariantName = "[No Variations]"
Add component (AddParameter): Name = "Insulation Resistance"; Value = ""; VariantName = "[No Variations]"
Add component (AddParameter): Name = "Lead Free"; Value = ""; VariantName = "[No Variations]"
Add component (AddParameter): Name = "Lead Length"; Value = ""; VariantName = "[No Variations]"
Add component (AddParameter): Name = "Length"; Value = "2mm"; VariantName = "[No Variations]"
Add component (AddParameter): Name = "Manufacturer"; Value = ""; VariantName = "[No Variations]"
Add component (AddParameter): Name = "Manufacturer 1"; Value = "Bourns"; VariantName = "[No Variations]"
Add component (AddParameter): Name = "Manufacturer Part Number"; Value = ""; VariantName = "[No Variations]"
Add component (AddParameter): Name = "Manufacturer Part Number 1"; Value = "CR0805-JW-103ELF"; VariantName = "[No Variations]"
Add component (AddParameter): Name = "Max Operating Temperature"; Value = "155°C"; VariantName = "[No Variations]"
Add component (AddParameter): Name = "Max Power Dissipation"; Value = "125mW"; VariantName = "[No Variations]"
Add component (AddParameter): Name = "Military Standard"; Value = "Not"; VariantName = "[No Variations]"
Add component (AddParameter): Name = "Min Operating Temperature"; Value = "-55°C"; VariantName = "[No Variations]"
Add component (AddParameter): Name = "Mount"; Value = "Surface Mount"; VariantName = "[No Variations]"
Add component (AddParameter): Name = "Mounting Technology"; Value = ""; VariantName = "[No Variations]"
Add component (AddParameter): Name = "Number of Contacts"; Value = ""; VariantName = "[No Variations]"
Add component (AddParameter): Name = "Number of Elements"; Value = ""; VariantName = "[No Variations]"
Add component (AddParameter): Name = "Number of Resistors"; Value = ""; VariantName = "[No Variations]"
Add component (AddParameter): Name = "Number of Terminals/Pins"; Value = ""; VariantName = "[No Variations]"
Add component (AddParameter): Name = "Number of Terminations"; Value = "2"; VariantName = "[No Variations]"
Add component (AddParameter): Name = "Number of Turns"; Value = ""; VariantName = "[No Variations]"
Add component (AddParameter): Name = "Package Quantity"; Value = "1"; VariantName = "[No Variations]"
Add component (AddParameter): Name = "Package Shape"; Value = ""; VariantName = "[No Variations]"
Add component (AddParameter): Name = "Packaging"; Value = "Tape and Reel"; VariantName = "[No Variations]"
Add component (AddParameter): Name = "Pins"; Value = "2"; VariantName = "[No Variations]"
Add component (AddParameter): Name = "Power"; Value = ""; VariantName = "[No Variations]"
Add component (AddParameter): Name = "Power Per Element"; Value = ""; VariantName = "[No Variations]"
Add component (AddParameter): Name = "Power Rating"; Value = "125mW"; VariantName = "[No Variations]"
Add component (AddParameter): Name = "Pricing 1"; Value = "1=0,05790, 10=0,01540, 25=0,01340, 100=0,00340 (USD)"; VariantName = "[No Variations]"
Add component (AddParameter): Name = "Radiation Hardening"; Value = "No"; VariantName = "[No Variations]"
Add component (AddParameter): Name = "REACH SVHC"; Value = "No SVHC"; VariantName = "[No Variations]"
Add component (AddParameter): Name = "Resistance"; Value = ""; VariantName = "[No Variations]"
Add component (AddParameter): Name = "Resistance Tolerance"; Value = "5%"; VariantName = "[No Variations]"
Add component (AddParameter): Name = "Resistence"; Value = ""; VariantName = "[No Variations]"
Add component (AddParameter): Name = "Resistor Type"; Value = "Thick Film"; VariantName = "[No Variations]"
Add component (AddParameter): Name = "RoHS"; Value = "Yes"; VariantName = "[No Variations]"
Add component (AddParameter): Name = "RoHS Compliant"; Value = "Yes"; VariantName = "[No Variations]"
Add component (AddParameter): Name = "Series"; Value = "CR0805"; VariantName = "[No Variations]"
Add component (AddParameter): Name = "Size Code"; Value = ""; VariantName = "[No Variations]"
Add component (AddParameter): Name = "Source"; Value = "Passives.SchLib"; VariantName = "[No Variations]"
Add component (AddParameter): Name = "Stock 1"; Value = "57566"; VariantName = "[No Variations]"
Add component (AddParameter): Name = "Taper"; Value = ""; VariantName = "[No Variations]"
Add component (AddParameter): Name = "Technology"; Value = "THICK FILM"; VariantName = "[No Variations]"
Add component (AddParameter): Name = "Temperature Coefficient"; Value = "200ppm/°C"; VariantName = "[No Variations]"
Add component (AddParameter): Name = "Terminal Finish"; Value = ""; VariantName = "[No Variations]"
Add component (AddParameter): Name = "Terminal Pitch"; Value = ""; VariantName = "[No Variations]"
Add component (AddParameter): Name = "Termination"; Value = "SMD/SMT"; VariantName = "[No Variations]"
Add component (AddParameter): Name = "Thickness"; Value = "508um"; VariantName = "[No Variations]"
Add component (AddParameter): Name = "Tolerance"; Value = "5%"; VariantName = "[No Variations]"
Add component (AddParameter): Name = "Value"; Value = "10k"; VariantName = "[No Variations]"
Add component (AddParameter): Name = "Voltage Rating"; Value = "150V"; VariantName = "[No Variations]"
Add component (AddParameter): Name = "Voltage Rating (DC)"; Value = "100V"; VariantName = "[No Variations]"
Add component (AddParameter): Name = "Weight"; Value = ""; VariantName = "[No Variations]"
Add component (AddParameter): Name = "Width"; Value = "1.25mm"; VariantName = "[No Variations]"
Add component (AddParameter): Name = "Working Voltage"; Value = ""; VariantName = "[No Variations]"
Added Component: Designator=R31_DCH2(R0805FTK)
Add component (AddParameter): Name = ".Creator"; Value = "DR"; VariantName = "[No Variations]"
Add component (AddParameter): Name = ".PCBcheck"; Value = ""; VariantName = "[No Variations]"
Add component (AddParameter): Name = ".SCHcheck"; Value = ""; VariantName = "[No Variations]"
Add component (AddParameter): Name = "Case Code (Metric)"; Value = "2012"; VariantName = "[No Variations]"
Add component (AddParameter): Name = "Case/Package"; Value = "0805"; VariantName = "[No Variations]"
Add component (AddParameter): Name = "Category"; Value = "Chip SMD Resistors"; VariantName = "[No Variations]"
Add component (AddParameter): Name = "Circuit Type"; Value = ""; VariantName = "[No Variations]"
Add component (AddParameter): Name = "Color"; Value = ""; VariantName = "[No Variations]"
Add component (AddParameter): Name = "ComponentLink1Description"; Value = "https://datasheet.ciiva.com/11821/0900766b80fcdb72-11821135.pdf?src-supplier=RSComponents"; VariantName = "[No Variations]"
Add component (AddParameter): Name = "ComponentLink1URL"; Value = "https://datasheet.ciiva.com/11821/0900766b80fcdb72-11821135.pdf?src-supplier=RSComponents"; VariantName = "[No Variations]"
Add component (AddParameter): Name = "ComponentLink2Description"; Value = "https://datasheet.ciiva.com/9122/chpreztr-9122374.pdf?src-supplier=Avnet"; VariantName = "[No Variations]"
Add component (AddParameter): Name = "ComponentLink2URL"; Value = "https://datasheet.ciiva.com/9122/chpreztr-9122374.pdf?src-supplier=Avnet"; VariantName = "[No Variations]"
Add component (AddParameter): Name = "ComponentLink3Description"; Value = "https://datasheet.ciiva.com/22693/1902866-22693254.pdf?src-supplier=Element14"; VariantName = "[No Variations]"
Add component (AddParameter): Name = "ComponentLink3URL"; Value = "https://datasheet.ciiva.com/22693/1902866-22693254.pdf?src-supplier=Element14"; VariantName = "[No Variations]"
Add component (AddParameter): Name = "ComponentLink4Description"; Value = "https://datasheet.ciiva.com/7986/691949-7986187.pdf?src-supplier=Element14"; VariantName = "[No Variations]"
Add component (AddParameter): Name = "ComponentLink4URL"; Value = "https://datasheet.ciiva.com/7986/691949-7986187.pdf?src-supplier=Element14"; VariantName = "[No Variations]"
Add component (AddParameter): Name = "ComponentLink5Description"; Value = "https://datasheet.ciiva.com/30065/159chpreztr-30065976.pdf?src-supplier=Onlinecomponents.com"; VariantName = "[No Variations]"
Add component (AddParameter): Name = "ComponentLink5URL"; Value = "https://datasheet.ciiva.com/30065/159chpreztr-30065976.pdf?src-supplier=Onlinecomponents.com"; VariantName = "[No Variations]"
Add component (AddParameter): Name = "ComponentLink6Description"; Value = "https://datasheet.ciiva.com/16783/70154685-16783482.pdf?src-supplier=Allied+Electronics"; VariantName = "[No Variations]"
Add component (AddParameter): Name = "ComponentLink6URL"; Value = "https://datasheet.ciiva.com/16783/70154685-16783482.pdf?src-supplier=Allied+Electronics"; VariantName = "[No Variations]"
Add component (AddParameter): Name = "ComponentLink7Description"; Value = "https://datasheet.ciiva.com/5548/chpreztr-5548491.pdf?src-supplier=Mouser"; VariantName = "[No Variations]"
Add component (AddParameter): Name = "ComponentLink7URL"; Value = "https://datasheet.ciiva.com/5548/chpreztr-5548491.pdf?src-supplier=Mouser"; VariantName = "[No Variations]"
Add component (AddParameter): Name = "ComponentLink8Description"; Value = "https://datasheet.ciiva.com/6559/chpreztr-6559900.pdf?src-supplier=Digi-Key"; VariantName = "[No Variations]"
Add component (AddParameter): Name = "ComponentLink8URL"; Value = "https://datasheet.ciiva.com/6559/chpreztr-6559900.pdf?src-supplier=Digi-Key"; VariantName = "[No Variations]"
Add component (AddParameter): Name = "ComponentLink9Description"; Value = "https://datasheet.ciiva.com/6559/chpreztr-6559901.pdf?src-supplier=Digi-Key"; VariantName = "[No Variations]"
Add component (AddParameter): Name = "ComponentLink9URL"; Value = "https://datasheet.ciiva.com/6559/chpreztr-6559901.pdf?src-supplier=Digi-Key"; VariantName = "[No Variations]"
Add component (AddParameter): Name = "ComponentLink10Description"; Value = "https://datasheet.ciiva.com/7985/1856384-7985869.pdf?src-supplier=Element14"; VariantName = "[No Variations]"
Add component (AddParameter): Name = "ComponentLink10URL"; Value = "https://datasheet.ciiva.com/7985/1856384-7985869.pdf?src-supplier=Element14"; VariantName = "[No Variations]"
Add component (AddParameter): Name = "ComponentLink11Description"; Value = "https://datasheet.ciiva.com/48692/001055517-da-01-en-smd-wid-cr0805-jw-103elf-10k-ohm-1-8w-48692118.pdf?src-supplier=Conrad"; VariantName = "[No Variations]"
Add component (AddParameter): Name = "ComponentLink11URL"; Value = "https://datasheet.ciiva.com/48692/001055517-da-01-en-smd-wid-cr0805-jw-103elf-10k-ohm-1-8w-48692118.pdf?src-supplier=Conrad"; VariantName = "[No Variations]"
Add component (AddParameter): Name = "Construction"; Value = "Rectangular"; VariantName = "[No Variations]"
Add component (AddParameter): Name = "Contact Plating"; Value = "Tin"; VariantName = "[No Variations]"
Add component (AddParameter): Name = "Current Rating"; Value = ""; VariantName = "[No Variations]"
Add component (AddParameter): Name = "Depth"; Value = "1.25mm"; VariantName = "[No Variations]"
Add component (AddParameter): Name = "Design Item ID"; Value = "R10k-0805FTK"; VariantName = "[No Variations]"
Add component (AddParameter): Name = "ELV"; Value = ""; VariantName = "[No Variations]"
Add component (AddParameter): Name = "Features"; Value = "Moisture Resistant"; VariantName = "[No Variations]"
Add component (AddParameter): Name = "Height"; Value = "0.5mm"; VariantName = "[No Variations]"
Add component (AddParameter): Name = "Insulation Resistance"; Value = ""; VariantName = "[No Variations]"
Add component (AddParameter): Name = "Lead Free"; Value = ""; VariantName = "[No Variations]"
Add component (AddParameter): Name = "Lead Length"; Value = ""; VariantName = "[No Variations]"
Add component (AddParameter): Name = "Length"; Value = "2mm"; VariantName = "[No Variations]"
Add component (AddParameter): Name = "Manufacturer"; Value = ""; VariantName = "[No Variations]"
Add component (AddParameter): Name = "Manufacturer 1"; Value = "Bourns"; VariantName = "[No Variations]"
Add component (AddParameter): Name = "Manufacturer Part Number"; Value = ""; VariantName = "[No Variations]"
Add component (AddParameter): Name = "Manufacturer Part Number 1"; Value = "CR0805-JW-103ELF"; VariantName = "[No Variations]"
Add component (AddParameter): Name = "Max Operating Temperature"; Value = "155°C"; VariantName = "[No Variations]"
Add component (AddParameter): Name = "Max Power Dissipation"; Value = "125mW"; VariantName = "[No Variations]"
Add component (AddParameter): Name = "Military Standard"; Value = "Not"; VariantName = "[No Variations]"
Add component (AddParameter): Name = "Min Operating Temperature"; Value = "-55°C"; VariantName = "[No Variations]"
Add component (AddParameter): Name = "Mount"; Value = "Surface Mount"; VariantName = "[No Variations]"
Add component (AddParameter): Name = "Mounting Technology"; Value = ""; VariantName = "[No Variations]"
Add component (AddParameter): Name = "Number of Contacts"; Value = ""; VariantName = "[No Variations]"
Add component (AddParameter): Name = "Number of Elements"; Value = ""; VariantName = "[No Variations]"
Add component (AddParameter): Name = "Number of Resistors"; Value = ""; VariantName = "[No Variations]"
Add component (AddParameter): Name = "Number of Terminals/Pins"; Value = ""; VariantName = "[No Variations]"
Add component (AddParameter): Name = "Number of Terminations"; Value = "2"; VariantName = "[No Variations]"
Add component (AddParameter): Name = "Number of Turns"; Value = ""; VariantName = "[No Variations]"
Add component (AddParameter): Name = "Package Quantity"; Value = "1"; VariantName = "[No Variations]"
Add component (AddParameter): Name = "Package Shape"; Value = ""; VariantName = "[No Variations]"
Add component (AddParameter): Name = "Packaging"; Value = "Tape and Reel"; VariantName = "[No Variations]"
Add component (AddParameter): Name = "Pins"; Value = "2"; VariantName = "[No Variations]"
Add component (AddParameter): Name = "Power"; Value = ""; VariantName = "[No Variations]"
Add component (AddParameter): Name = "Power Per Element"; Value = ""; VariantName = "[No Variations]"
Add component (AddParameter): Name = "Power Rating"; Value = "125mW"; VariantName = "[No Variations]"
Add component (AddParameter): Name = "Pricing 1"; Value = "1=0,05790, 10=0,01540, 25=0,01340, 100=0,00340 (USD)"; VariantName = "[No Variations]"
Add component (AddParameter): Name = "Radiation Hardening"; Value = "No"; VariantName = "[No Variations]"
Add component (AddParameter): Name = "REACH SVHC"; Value = "No SVHC"; VariantName = "[No Variations]"
Add component (AddParameter): Name = "Resistance"; Value = ""; VariantName = "[No Variations]"
Add component (AddParameter): Name = "Resistance Tolerance"; Value = "5%"; VariantName = "[No Variations]"
Add component (AddParameter): Name = "Resistence"; Value = ""; VariantName = "[No Variations]"
Add component (AddParameter): Name = "Resistor Type"; Value = "Thick Film"; VariantName = "[No Variations]"
Add component (AddParameter): Name = "RoHS"; Value = "Yes"; VariantName = "[No Variations]"
Add component (AddParameter): Name = "RoHS Compliant"; Value = "Yes"; VariantName = "[No Variations]"
Add component (AddParameter): Name = "Series"; Value = "CR0805"; VariantName = "[No Variations]"
Add component (AddParameter): Name = "Size Code"; Value = ""; VariantName = "[No Variations]"
Add component (AddParameter): Name = "Source"; Value = "Passives.SchLib"; VariantName = "[No Variations]"
Add component (AddParameter): Name = "Stock 1"; Value = "57566"; VariantName = "[No Variations]"
Add component (AddParameter): Name = "Taper"; Value = ""; VariantName = "[No Variations]"
Add component (AddParameter): Name = "Technology"; Value = "THICK FILM"; VariantName = "[No Variations]"
Add component (AddParameter): Name = "Temperature Coefficient"; Value = "200ppm/°C"; VariantName = "[No Variations]"
Add component (AddParameter): Name = "Terminal Finish"; Value = ""; VariantName = "[No Variations]"
Add component (AddParameter): Name = "Terminal Pitch"; Value = ""; VariantName = "[No Variations]"
Add component (AddParameter): Name = "Termination"; Value = "SMD/SMT"; VariantName = "[No Variations]"
Add component (AddParameter): Name = "Thickness"; Value = "508um"; VariantName = "[No Variations]"
Add component (AddParameter): Name = "Tolerance"; Value = "5%"; VariantName = "[No Variations]"
Add component (AddParameter): Name = "Value"; Value = "10k"; VariantName = "[No Variations]"
Add component (AddParameter): Name = "Voltage Rating"; Value = "150V"; VariantName = "[No Variations]"
Add component (AddParameter): Name = "Voltage Rating (DC)"; Value = "100V"; VariantName = "[No Variations]"
Add component (AddParameter): Name = "Weight"; Value = ""; VariantName = "[No Variations]"
Add component (AddParameter): Name = "Width"; Value = "1.25mm"; VariantName = "[No Variations]"
Add component (AddParameter): Name = "Working Voltage"; Value = ""; VariantName = "[No Variations]"
Added Component: Designator=R32_DCH1(R0805FTK)
Add component (AddParameter): Name = ".Creator"; Value = "GP"; VariantName = "[No Variations]"
Add component (AddParameter): Name = ".PCBcheck"; Value = ""; VariantName = "[No Variations]"
Add component (AddParameter): Name = ".SCHcheck"; Value = ""; VariantName = "[No Variations]"
Add component (AddParameter): Name = "Case Code (Metric)"; Value = "2012"; VariantName = "[No Variations]"
Add component (AddParameter): Name = "Case/Package"; Value = "0805"; VariantName = "[No Variations]"
Add component (AddParameter): Name = "Category"; Value = "Chip SMD Resistors"; VariantName = "[No Variations]"
Add component (AddParameter): Name = "Circuit Type"; Value = ""; VariantName = "[No Variations]"
Add component (AddParameter): Name = "Color"; Value = ""; VariantName = "[No Variations]"
Add component (AddParameter): Name = "ComponentLink1Description"; Value = "https://datasheet.ciiva.com/11821/0900766b80fcdb72-11821134.pdf?src-supplier=RSComponents"; VariantName = "[No Variations]"
Add component (AddParameter): Name = "ComponentLink1URL"; Value = "https://datasheet.ciiva.com/11821/0900766b80fcdb72-11821134.pdf?src-supplier=RSComponents"; VariantName = "[No Variations]"
Add component (AddParameter): Name = "ComponentLink2Description"; Value = "https://datasheet.ciiva.com/15225/getdatasheetpartid-78155-15225381.pdf?src-supplier=Verical"; VariantName = "[No Variations]"
Add component (AddParameter): Name = "ComponentLink2URL"; Value = "https://datasheet.ciiva.com/15225/getdatasheetpartid-78155-15225381.pdf?src-supplier=Verical"; VariantName = "[No Variations]"
Add component (AddParameter): Name = "ComponentLink3Description"; Value = "https://datasheet.ciiva.com/22693/1902866-22693253.pdf?src-supplier=Element14"; VariantName = "[No Variations]"
Add component (AddParameter): Name = "ComponentLink3URL"; Value = "https://datasheet.ciiva.com/22693/1902866-22693253.pdf?src-supplier=Element14"; VariantName = "[No Variations]"
Add component (AddParameter): Name = "ComponentLink4Description"; Value = "https://datasheet.ciiva.com/7986/1856384-7986184.pdf?src-supplier=Element14"; VariantName = "[No Variations]"
Add component (AddParameter): Name = "ComponentLink4URL"; Value = "https://datasheet.ciiva.com/7986/1856384-7986184.pdf?src-supplier=Element14"; VariantName = "[No Variations]"
Add component (AddParameter): Name = "ComponentLink5Description"; Value = "https://datasheet.ciiva.com/7985/1856384-7985867.pdf?src-supplier=Element14"; VariantName = "[No Variations]"
Add component (AddParameter): Name = "ComponentLink5URL"; Value = "https://datasheet.ciiva.com/7985/1856384-7985867.pdf?src-supplier=Element14"; VariantName = "[No Variations]"
Add component (AddParameter): Name = "ComponentLink6Description"; Value = "https://datasheet.ciiva.com/30242/159chpreztr-30242765.pdf?src-supplier=Onlinecomponents.com"; VariantName = "[No Variations]"
Add component (AddParameter): Name = "ComponentLink6URL"; Value = "https://datasheet.ciiva.com/30242/159chpreztr-30242765.pdf?src-supplier=Onlinecomponents.com"; VariantName = "[No Variations]"
Add component (AddParameter): Name = "ComponentLink7Description"; Value = "https://datasheet.ciiva.com/6547/chpreztr-6547359.pdf?src-supplier=Digi-Key"; VariantName = "[No Variations]"
Add component (AddParameter): Name = "ComponentLink7URL"; Value = "https://datasheet.ciiva.com/6547/chpreztr-6547359.pdf?src-supplier=Digi-Key"; VariantName = "[No Variations]"
Add component (AddParameter): Name = "Construction"; Value = ""; VariantName = "[No Variations]"
Add component (AddParameter): Name = "Contact Plating"; Value = "Tin"; VariantName = "[No Variations]"
Add component (AddParameter): Name = "Current Rating"; Value = ""; VariantName = "[No Variations]"
Add component (AddParameter): Name = "Depth"; Value = "1.25mm"; VariantName = "[No Variations]"
Add component (AddParameter): Name = "Design Item ID"; Value = "R1k-0805FTK"; VariantName = "[No Variations]"
Add component (AddParameter): Name = "ELV"; Value = ""; VariantName = "[No Variations]"
Add component (AddParameter): Name = "Features"; Value = "Moisture Resistant"; VariantName = "[No Variations]"
Add component (AddParameter): Name = "Height"; Value = "0.5mm"; VariantName = "[No Variations]"
Add component (AddParameter): Name = "Insulation Resistance"; Value = ""; VariantName = "[No Variations]"
Add component (AddParameter): Name = "Lead Free"; Value = "Lead Free"; VariantName = "[No Variations]"
Add component (AddParameter): Name = "Lead Length"; Value = ""; VariantName = "[No Variations]"
Add component (AddParameter): Name = "Length"; Value = "2mm"; VariantName = "[No Variations]"
Add component (AddParameter): Name = "Manufacturer"; Value = ""; VariantName = "[No Variations]"
Add component (AddParameter): Name = "Manufacturer 1"; Value = "Bourns"; VariantName = "[No Variations]"
Add component (AddParameter): Name = "Manufacturer Part Number"; Value = ""; VariantName = "[No Variations]"
Add component (AddParameter): Name = "Manufacturer Part Number 1"; Value = "CR0805-JW-102ELF"; VariantName = "[No Variations]"
Add component (AddParameter): Name = "Max Operating Temperature"; Value = "155°C"; VariantName = "[No Variations]"
Add component (AddParameter): Name = "Max Power Dissipation"; Value = "125mW"; VariantName = "[No Variations]"
Add component (AddParameter): Name = "Military Standard"; Value = "Not"; VariantName = "[No Variations]"
Add component (AddParameter): Name = "Min Operating Temperature"; Value = "-55°C"; VariantName = "[No Variations]"
Add component (AddParameter): Name = "Mount"; Value = "Surface Mount"; VariantName = "[No Variations]"
Add component (AddParameter): Name = "Number of Contacts"; Value = ""; VariantName = "[No Variations]"
Add component (AddParameter): Name = "Number of Elements"; Value = ""; VariantName = "[No Variations]"
Add component (AddParameter): Name = "Number of Resistors"; Value = ""; VariantName = "[No Variations]"
Add component (AddParameter): Name = "Number of Terminals/Pins"; Value = ""; VariantName = "[No Variations]"
Add component (AddParameter): Name = "Number of Terminations"; Value = "2"; VariantName = "[No Variations]"
Add component (AddParameter): Name = "Number of Turns"; Value = ""; VariantName = "[No Variations]"
Add component (AddParameter): Name = "Package Quantity"; Value = "1"; VariantName = "[No Variations]"
Add component (AddParameter): Name = "Package Shape"; Value = ""; VariantName = "[No Variations]"
Add component (AddParameter): Name = "Packaging"; Value = "Tape and Reel"; VariantName = "[No Variations]"
Add component (AddParameter): Name = "Pins"; Value = "2"; VariantName = "[No Variations]"
Add component (AddParameter): Name = "Power Per Element"; Value = ""; VariantName = "[No Variations]"
Add component (AddParameter): Name = "Power Rating"; Value = "125mW"; VariantName = "[No Variations]"
Add component (AddParameter): Name = "Pricing 1"; Value = "1=0,05930, 10=0,03510, 25=0,01790, 100=0,00800, 250=0,00790, 500=0,00590, 1000=0,00360, 3000=0,00350, 6000=0,00250 (USD)"; VariantName = "[No Variations]"
Add component (AddParameter): Name = "Radiation Hardening"; Value = "No"; VariantName = "[No Variations]"
Add component (AddParameter): Name = "REACH SVHC"; Value = "No SVHC"; VariantName = "[No Variations]"
Add component (AddParameter): Name = "Resistance"; Value = ""; VariantName = "[No Variations]"
Add component (AddParameter): Name = "Resistance Tolerance"; Value = ""; VariantName = "[No Variations]"
Add component (AddParameter): Name = "Resistence"; Value = ""; VariantName = "[No Variations]"
Add component (AddParameter): Name = "Resistor Type"; Value = "Thick Film"; VariantName = "[No Variations]"
Add component (AddParameter): Name = "RoHS"; Value = "Yes"; VariantName = "[No Variations]"
Add component (AddParameter): Name = "RoHS Compliant"; Value = ""; VariantName = "[No Variations]"
Add component (AddParameter): Name = "Series"; Value = ""; VariantName = "[No Variations]"
Add component (AddParameter): Name = "Size Code"; Value = ""; VariantName = "[No Variations]"
Add component (AddParameter): Name = "Source"; Value = "Passives.SchLib"; VariantName = "[No Variations]"
Add component (AddParameter): Name = "Stock 1"; Value = "27510"; VariantName = "[No Variations]"
Add component (AddParameter): Name = "Taper"; Value = ""; VariantName = "[No Variations]"
Add component (AddParameter): Name = "Technology"; Value = ""; VariantName = "[No Variations]"
Add component (AddParameter): Name = "Temperature Coefficient"; Value = "200ppm/°C"; VariantName = "[No Variations]"
Add component (AddParameter): Name = "Terminal Finish"; Value = ""; VariantName = "[No Variations]"
Add component (AddParameter): Name = "Terminal Pitch"; Value = ""; VariantName = "[No Variations]"
Add component (AddParameter): Name = "Termination"; Value = "SMD/SMT"; VariantName = "[No Variations]"
Add component (AddParameter): Name = "Thickness"; Value = "508um"; VariantName = "[No Variations]"
Add component (AddParameter): Name = "Tolerance"; Value = "5%"; VariantName = "[No Variations]"
Add component (AddParameter): Name = "Value"; Value = "1k"; VariantName = "[No Variations]"
Add component (AddParameter): Name = "Voltage Rating"; Value = "150V"; VariantName = "[No Variations]"
Add component (AddParameter): Name = "Voltage Rating (DC)"; Value = "150V"; VariantName = "[No Variations]"
Add component (AddParameter): Name = "Weight"; Value = ""; VariantName = "[No Variations]"
Add component (AddParameter): Name = "Width"; Value = "1.25mm"; VariantName = "[No Variations]"
Add component (AddParameter): Name = "Working Voltage"; Value = ""; VariantName = "[No Variations]"
Added Component: Designator=R32_DCH2(R0805FTK)
Add component (AddParameter): Name = ".Creator"; Value = "GP"; VariantName = "[No Variations]"
Add component (AddParameter): Name = ".PCBcheck"; Value = ""; VariantName = "[No Variations]"
Add component (AddParameter): Name = ".SCHcheck"; Value = ""; VariantName = "[No Variations]"
Add component (AddParameter): Name = "Case Code (Metric)"; Value = "2012"; VariantName = "[No Variations]"
Add component (AddParameter): Name = "Case/Package"; Value = "0805"; VariantName = "[No Variations]"
Add component (AddParameter): Name = "Category"; Value = "Chip SMD Resistors"; VariantName = "[No Variations]"
Add component (AddParameter): Name = "Circuit Type"; Value = ""; VariantName = "[No Variations]"
Add component (AddParameter): Name = "Color"; Value = ""; VariantName = "[No Variations]"
Add component (AddParameter): Name = "ComponentLink1Description"; Value = "https://datasheet.ciiva.com/11821/0900766b80fcdb72-11821134.pdf?src-supplier=RSComponents"; VariantName = "[No Variations]"
Add component (AddParameter): Name = "ComponentLink1URL"; Value = "https://datasheet.ciiva.com/11821/0900766b80fcdb72-11821134.pdf?src-supplier=RSComponents"; VariantName = "[No Variations]"
Add component (AddParameter): Name = "ComponentLink2Description"; Value = "https://datasheet.ciiva.com/15225/getdatasheetpartid-78155-15225381.pdf?src-supplier=Verical"; VariantName = "[No Variations]"
Add component (AddParameter): Name = "ComponentLink2URL"; Value = "https://datasheet.ciiva.com/15225/getdatasheetpartid-78155-15225381.pdf?src-supplier=Verical"; VariantName = "[No Variations]"
Add component (AddParameter): Name = "ComponentLink3Description"; Value = "https://datasheet.ciiva.com/22693/1902866-22693253.pdf?src-supplier=Element14"; VariantName = "[No Variations]"
Add component (AddParameter): Name = "ComponentLink3URL"; Value = "https://datasheet.ciiva.com/22693/1902866-22693253.pdf?src-supplier=Element14"; VariantName = "[No Variations]"
Add component (AddParameter): Name = "ComponentLink4Description"; Value = "https://datasheet.ciiva.com/7986/1856384-7986184.pdf?src-supplier=Element14"; VariantName = "[No Variations]"
Add component (AddParameter): Name = "ComponentLink4URL"; Value = "https://datasheet.ciiva.com/7986/1856384-7986184.pdf?src-supplier=Element14"; VariantName = "[No Variations]"
Add component (AddParameter): Name = "ComponentLink5Description"; Value = "https://datasheet.ciiva.com/7985/1856384-7985867.pdf?src-supplier=Element14"; VariantName = "[No Variations]"
Add component (AddParameter): Name = "ComponentLink5URL"; Value = "https://datasheet.ciiva.com/7985/1856384-7985867.pdf?src-supplier=Element14"; VariantName = "[No Variations]"
Add component (AddParameter): Name = "ComponentLink6Description"; Value = "https://datasheet.ciiva.com/30242/159chpreztr-30242765.pdf?src-supplier=Onlinecomponents.com"; VariantName = "[No Variations]"
Add component (AddParameter): Name = "ComponentLink6URL"; Value = "https://datasheet.ciiva.com/30242/159chpreztr-30242765.pdf?src-supplier=Onlinecomponents.com"; VariantName = "[No Variations]"
Add component (AddParameter): Name = "ComponentLink7Description"; Value = "https://datasheet.ciiva.com/6547/chpreztr-6547359.pdf?src-supplier=Digi-Key"; VariantName = "[No Variations]"
Add component (AddParameter): Name = "ComponentLink7URL"; Value = "https://datasheet.ciiva.com/6547/chpreztr-6547359.pdf?src-supplier=Digi-Key"; VariantName = "[No Variations]"
Add component (AddParameter): Name = "Construction"; Value = ""; VariantName = "[No Variations]"
Add component (AddParameter): Name = "Contact Plating"; Value = "Tin"; VariantName = "[No Variations]"
Add component (AddParameter): Name = "Current Rating"; Value = ""; VariantName = "[No Variations]"
Add component (AddParameter): Name = "Depth"; Value = "1.25mm"; VariantName = "[No Variations]"
Add component (AddParameter): Name = "Design Item ID"; Value = "R1k-0805FTK"; VariantName = "[No Variations]"
Add component (AddParameter): Name = "ELV"; Value = ""; VariantName = "[No Variations]"
Add component (AddParameter): Name = "Features"; Value = "Moisture Resistant"; VariantName = "[No Variations]"
Add component (AddParameter): Name = "Height"; Value = "0.5mm"; VariantName = "[No Variations]"
Add component (AddParameter): Name = "Insulation Resistance"; Value = ""; VariantName = "[No Variations]"
Add component (AddParameter): Name = "Lead Free"; Value = "Lead Free"; VariantName = "[No Variations]"
Add component (AddParameter): Name = "Lead Length"; Value = ""; VariantName = "[No Variations]"
Add component (AddParameter): Name = "Length"; Value = "2mm"; VariantName = "[No Variations]"
Add component (AddParameter): Name = "Manufacturer"; Value = ""; VariantName = "[No Variations]"
Add component (AddParameter): Name = "Manufacturer 1"; Value = "Bourns"; VariantName = "[No Variations]"
Add component (AddParameter): Name = "Manufacturer Part Number"; Value = ""; VariantName = "[No Variations]"
Add component (AddParameter): Name = "Manufacturer Part Number 1"; Value = "CR0805-JW-102ELF"; VariantName = "[No Variations]"
Add component (AddParameter): Name = "Max Operating Temperature"; Value = "155°C"; VariantName = "[No Variations]"
Add component (AddParameter): Name = "Max Power Dissipation"; Value = "125mW"; VariantName = "[No Variations]"
Add component (AddParameter): Name = "Military Standard"; Value = "Not"; VariantName = "[No Variations]"
Add component (AddParameter): Name = "Min Operating Temperature"; Value = "-55°C"; VariantName = "[No Variations]"
Add component (AddParameter): Name = "Mount"; Value = "Surface Mount"; VariantName = "[No Variations]"
Add component (AddParameter): Name = "Number of Contacts"; Value = ""; VariantName = "[No Variations]"
Add component (AddParameter): Name = "Number of Elements"; Value = ""; VariantName = "[No Variations]"
Add component (AddParameter): Name = "Number of Resistors"; Value = ""; VariantName = "[No Variations]"
Add component (AddParameter): Name = "Number of Terminals/Pins"; Value = ""; VariantName = "[No Variations]"
Add component (AddParameter): Name = "Number of Terminations"; Value = "2"; VariantName = "[No Variations]"
Add component (AddParameter): Name = "Number of Turns"; Value = ""; VariantName = "[No Variations]"
Add component (AddParameter): Name = "Package Quantity"; Value = "1"; VariantName = "[No Variations]"
Add component (AddParameter): Name = "Package Shape"; Value = ""; VariantName = "[No Variations]"
Add component (AddParameter): Name = "Packaging"; Value = "Tape and Reel"; VariantName = "[No Variations]"
Add component (AddParameter): Name = "Pins"; Value = "2"; VariantName = "[No Variations]"
Add component (AddParameter): Name = "Power Per Element"; Value = ""; VariantName = "[No Variations]"
Add component (AddParameter): Name = "Power Rating"; Value = "125mW"; VariantName = "[No Variations]"
Add component (AddParameter): Name = "Pricing 1"; Value = "1=0,05930, 10=0,03510, 25=0,01790, 100=0,00800, 250=0,00790, 500=0,00590, 1000=0,00360, 3000=0,00350, 6000=0,00250 (USD)"; VariantName = "[No Variations]"
Add component (AddParameter): Name = "Radiation Hardening"; Value = "No"; VariantName = "[No Variations]"
Add component (AddParameter): Name = "REACH SVHC"; Value = "No SVHC"; VariantName = "[No Variations]"
Add component (AddParameter): Name = "Resistance"; Value = ""; VariantName = "[No Variations]"
Add component (AddParameter): Name = "Resistance Tolerance"; Value = ""; VariantName = "[No Variations]"
Add component (AddParameter): Name = "Resistence"; Value = ""; VariantName = "[No Variations]"
Add component (AddParameter): Name = "Resistor Type"; Value = "Thick Film"; VariantName = "[No Variations]"
Add component (AddParameter): Name = "RoHS"; Value = "Yes"; VariantName = "[No Variations]"
Add component (AddParameter): Name = "RoHS Compliant"; Value = ""; VariantName = "[No Variations]"
Add component (AddParameter): Name = "Series"; Value = ""; VariantName = "[No Variations]"
Add component (AddParameter): Name = "Size Code"; Value = ""; VariantName = "[No Variations]"
Add component (AddParameter): Name = "Source"; Value = "Passives.SchLib"; VariantName = "[No Variations]"
Add component (AddParameter): Name = "Stock 1"; Value = "27510"; VariantName = "[No Variations]"
Add component (AddParameter): Name = "Taper"; Value = ""; VariantName = "[No Variations]"
Add component (AddParameter): Name = "Technology"; Value = ""; VariantName = "[No Variations]"
Add component (AddParameter): Name = "Temperature Coefficient"; Value = "200ppm/°C"; VariantName = "[No Variations]"
Add component (AddParameter): Name = "Terminal Finish"; Value = ""; VariantName = "[No Variations]"
Add component (AddParameter): Name = "Terminal Pitch"; Value = ""; VariantName = "[No Variations]"
Add component (AddParameter): Name = "Termination"; Value = "SMD/SMT"; VariantName = "[No Variations]"
Add component (AddParameter): Name = "Thickness"; Value = "508um"; VariantName = "[No Variations]"
Add component (AddParameter): Name = "Tolerance"; Value = "5%"; VariantName = "[No Variations]"
Add component (AddParameter): Name = "Value"; Value = "1k"; VariantName = "[No Variations]"
Add component (AddParameter): Name = "Voltage Rating"; Value = "150V"; VariantName = "[No Variations]"
Add component (AddParameter): Name = "Voltage Rating (DC)"; Value = "150V"; VariantName = "[No Variations]"
Add component (AddParameter): Name = "Weight"; Value = ""; VariantName = "[No Variations]"
Add component (AddParameter): Name = "Width"; Value = "1.25mm"; VariantName = "[No Variations]"
Add component (AddParameter): Name = "Working Voltage"; Value = ""; VariantName = "[No Variations]"
Added Component: Designator=R33_DCH1(RTO247)
Add component (AddParameter): Name = ".Creator"; Value = ""; VariantName = "[No Variations]"
Add component (AddParameter): Name = ".PCBcheck"; Value = ""; VariantName = "[No Variations]"
Add component (AddParameter): Name = ".SCHcheck"; Value = ""; VariantName = "[No Variations]"
Add component (AddParameter): Name = "Capacitance"; Value = ""; VariantName = "[No Variations]"
Add component (AddParameter): Name = "Case Code (Imperial)"; Value = ""; VariantName = "[No Variations]"
Add component (AddParameter): Name = "Case Code (Metric)"; Value = ""; VariantName = "[No Variations]"
Add component (AddParameter): Name = "Case/Package"; Value = ""; VariantName = "[No Variations]"
Add component (AddParameter): Name = "Category"; Value = ""; VariantName = "[No Variations]"
Add component (AddParameter): Name = "ComponentLink1Description"; Value = "Buy"; VariantName = "[No Variations]"
Add component (AddParameter): Name = "ComponentLink1URL"; Value = "https://es.rs-online.com/web/p/resistencias-de-montaje-en-orificio-pasante/1955176"; VariantName = "[No Variations]"
Add component (AddParameter): Name = "ComponentLink2Description"; Value = "Datasheet"; VariantName = "[No Variations]"
Add component (AddParameter): Name = "ComponentLink2URL"; Value = "https://docs.rs-online.com/e31c/A700000006565355.pdf"; VariantName = "[No Variations]"
Add component (AddParameter): Name = "Construction"; Value = ""; VariantName = "[No Variations]"
Add component (AddParameter): Name = "Depth"; Value = ""; VariantName = "[No Variations]"
Add component (AddParameter): Name = "Design Item ID"; Value = "R470-TO247"; VariantName = "[No Variations]"
Add component (AddParameter): Name = "Dielectric"; Value = ""; VariantName = "[No Variations]"
Add component (AddParameter): Name = "Drive level"; Value = ""; VariantName = "[No Variations]"
Add component (AddParameter): Name = "Features"; Value = ""; VariantName = "[No Variations]"
Add component (AddParameter): Name = "Frequency"; Value = ""; VariantName = "[No Variations]"
Add component (AddParameter): Name = "Frequency Stability"; Value = ""; VariantName = "[No Variations]"
Add component (AddParameter): Name = "Halogen Free"; Value = ""; VariantName = "[No Variations]"
Add component (AddParameter): Name = "Height"; Value = ""; VariantName = "[No Variations]"
Add component (AddParameter): Name = "Lead Free"; Value = ""; VariantName = "[No Variations]"
Add component (AddParameter): Name = "Length"; Value = ""; VariantName = "[No Variations]"
Add component (AddParameter): Name = "Manufacturer"; Value = "TE Connectivity"; VariantName = "[No Variations]"
Add component (AddParameter): Name = "Manufacturer Part Number"; Value = "MPT100C470RF"; VariantName = "[No Variations]"
Add component (AddParameter): Name = "Max Operating Temperature"; Value = ""; VariantName = "[No Variations]"
Add component (AddParameter): Name = "Max operating temperature."; Value = ""; VariantName = "[No Variations]"
Add component (AddParameter): Name = "Max power dissipation"; Value = ""; VariantName = "[No Variations]"
Add component (AddParameter): Name = "Min Operating Temperature"; Value = ""; VariantName = "[No Variations]"
Add component (AddParameter): Name = "Mount"; Value = ""; VariantName = "[No Variations]"
Add component (AddParameter): Name = "Number of pins"; Value = ""; VariantName = "[No Variations]"
Add component (AddParameter): Name = "Package"; Value = ""; VariantName = "[No Variations]"
Add component (AddParameter): Name = "Package Quantity"; Value = ""; VariantName = "[No Variations]"
Add component (AddParameter): Name = "Packaging"; Value = ""; VariantName = "[No Variations]"
Add component (AddParameter): Name = "Power Rating"; Value = ""; VariantName = "[No Variations]"
Add component (AddParameter): Name = "Pricing 1"; Value = "1=16,67000, 5=15,51000, 10=14,17000, 25=12,67000, 50=11,50000 (GBP)"; VariantName = "[No Variations]"
Add component (AddParameter): Name = "Radiation Hardening"; Value = ""; VariantName = "[No Variations]"
Add component (AddParameter): Name = "REACH SVHC"; Value = ""; VariantName = "[No Variations]"
Add component (AddParameter): Name = "Resistance"; Value = "1R"; VariantName = "[No Variations]"
Add component (AddParameter): Name = "Resistor Type"; Value = ""; VariantName = "[No Variations]"
Add component (AddParameter): Name = "RoHS"; Value = "No"; VariantName = "[No Variations]"
Add component (AddParameter): Name = "RoHS Compliant"; Value = ""; VariantName = "[No Variations]"
Add component (AddParameter): Name = "Series"; Value = ""; VariantName = "[No Variations]"
Add component (AddParameter): Name = "Size Code"; Value = ""; VariantName = "[No Variations]"
Add component (AddParameter): Name = "Source"; Value = ""; VariantName = "[No Variations]"
Add component (AddParameter): Name = "Stock 1"; Value = ""; VariantName = "[No Variations]"
Add component (AddParameter): Name = "Temperature Coefficient"; Value = ""; VariantName = "[No Variations]"
Add component (AddParameter): Name = "Termination"; Value = ""; VariantName = "[No Variations]"
Add component (AddParameter): Name = "Thickness"; Value = ""; VariantName = "[No Variations]"
Add component (AddParameter): Name = "Tolerance"; Value = ""; VariantName = "[No Variations]"
Add component (AddParameter): Name = "Type"; Value = ""; VariantName = "[No Variations]"
Add component (AddParameter): Name = "Voltage Rating"; Value = ""; VariantName = "[No Variations]"
Add component (AddParameter): Name = "Voltage Rating (DC)"; Value = ""; VariantName = "[No Variations]"
Add component (AddParameter): Name = "Weight"; Value = ""; VariantName = "[No Variations]"
Add component (AddParameter): Name = "Width"; Value = ""; VariantName = "[No Variations]"
Added Component: Designator=R33_DCH2(RTO247)
Add component (AddParameter): Name = ".Creator"; Value = ""; VariantName = "[No Variations]"
Add component (AddParameter): Name = ".PCBcheck"; Value = ""; VariantName = "[No Variations]"
Add component (AddParameter): Name = ".SCHcheck"; Value = ""; VariantName = "[No Variations]"
Add component (AddParameter): Name = "Capacitance"; Value = ""; VariantName = "[No Variations]"
Add component (AddParameter): Name = "Case Code (Imperial)"; Value = ""; VariantName = "[No Variations]"
Add component (AddParameter): Name = "Case Code (Metric)"; Value = ""; VariantName = "[No Variations]"
Add component (AddParameter): Name = "Case/Package"; Value = ""; VariantName = "[No Variations]"
Add component (AddParameter): Name = "Category"; Value = ""; VariantName = "[No Variations]"
Add component (AddParameter): Name = "ComponentLink1Description"; Value = "Buy"; VariantName = "[No Variations]"
Add component (AddParameter): Name = "ComponentLink1URL"; Value = "https://es.rs-online.com/web/p/resistencias-de-montaje-en-orificio-pasante/1955176"; VariantName = "[No Variations]"
Add component (AddParameter): Name = "ComponentLink2Description"; Value = "Datasheet"; VariantName = "[No Variations]"
Add component (AddParameter): Name = "ComponentLink2URL"; Value = "https://docs.rs-online.com/e31c/A700000006565355.pdf"; VariantName = "[No Variations]"
Add component (AddParameter): Name = "Construction"; Value = ""; VariantName = "[No Variations]"
Add component (AddParameter): Name = "Depth"; Value = ""; VariantName = "[No Variations]"
Add component (AddParameter): Name = "Design Item ID"; Value = "R470-TO247"; VariantName = "[No Variations]"
Add component (AddParameter): Name = "Dielectric"; Value = ""; VariantName = "[No Variations]"
Add component (AddParameter): Name = "Drive level"; Value = ""; VariantName = "[No Variations]"
Add component (AddParameter): Name = "Features"; Value = ""; VariantName = "[No Variations]"
Add component (AddParameter): Name = "Frequency"; Value = ""; VariantName = "[No Variations]"
Add component (AddParameter): Name = "Frequency Stability"; Value = ""; VariantName = "[No Variations]"
Add component (AddParameter): Name = "Halogen Free"; Value = ""; VariantName = "[No Variations]"
Add component (AddParameter): Name = "Height"; Value = ""; VariantName = "[No Variations]"
Add component (AddParameter): Name = "Lead Free"; Value = ""; VariantName = "[No Variations]"
Add component (AddParameter): Name = "Length"; Value = ""; VariantName = "[No Variations]"
Add component (AddParameter): Name = "Manufacturer"; Value = "TE Connectivity"; VariantName = "[No Variations]"
Add component (AddParameter): Name = "Manufacturer Part Number"; Value = "MPT100C470RF"; VariantName = "[No Variations]"
Add component (AddParameter): Name = "Max Operating Temperature"; Value = ""; VariantName = "[No Variations]"
Add component (AddParameter): Name = "Max operating temperature."; Value = ""; VariantName = "[No Variations]"
Add component (AddParameter): Name = "Max power dissipation"; Value = ""; VariantName = "[No Variations]"
Add component (AddParameter): Name = "Min Operating Temperature"; Value = ""; VariantName = "[No Variations]"
Add component (AddParameter): Name = "Mount"; Value = ""; VariantName = "[No Variations]"
Add component (AddParameter): Name = "Number of pins"; Value = ""; VariantName = "[No Variations]"
Add component (AddParameter): Name = "Package"; Value = ""; VariantName = "[No Variations]"
Add component (AddParameter): Name = "Package Quantity"; Value = ""; VariantName = "[No Variations]"
Add component (AddParameter): Name = "Packaging"; Value = ""; VariantName = "[No Variations]"
Add component (AddParameter): Name = "Power Rating"; Value = ""; VariantName = "[No Variations]"
Add component (AddParameter): Name = "Pricing 1"; Value = "1=16,67000, 5=15,51000, 10=14,17000, 25=12,67000, 50=11,50000 (GBP)"; VariantName = "[No Variations]"
Add component (AddParameter): Name = "Radiation Hardening"; Value = ""; VariantName = "[No Variations]"
Add component (AddParameter): Name = "REACH SVHC"; Value = ""; VariantName = "[No Variations]"
Add component (AddParameter): Name = "Resistance"; Value = "1R"; VariantName = "[No Variations]"
Add component (AddParameter): Name = "Resistor Type"; Value = ""; VariantName = "[No Variations]"
Add component (AddParameter): Name = "RoHS"; Value = "No"; VariantName = "[No Variations]"
Add component (AddParameter): Name = "RoHS Compliant"; Value = ""; VariantName = "[No Variations]"
Add component (AddParameter): Name = "Series"; Value = ""; VariantName = "[No Variations]"
Add component (AddParameter): Name = "Size Code"; Value = ""; VariantName = "[No Variations]"
Add component (AddParameter): Name = "Source"; Value = ""; VariantName = "[No Variations]"
Add component (AddParameter): Name = "Stock 1"; Value = ""; VariantName = "[No Variations]"
Add component (AddParameter): Name = "Temperature Coefficient"; Value = ""; VariantName = "[No Variations]"
Add component (AddParameter): Name = "Termination"; Value = ""; VariantName = "[No Variations]"
Add component (AddParameter): Name = "Thickness"; Value = ""; VariantName = "[No Variations]"
Add component (AddParameter): Name = "Tolerance"; Value = ""; VariantName = "[No Variations]"
Add component (AddParameter): Name = "Type"; Value = ""; VariantName = "[No Variations]"
Add component (AddParameter): Name = "Voltage Rating"; Value = ""; VariantName = "[No Variations]"
Add component (AddParameter): Name = "Voltage Rating (DC)"; Value = ""; VariantName = "[No Variations]"
Add component (AddParameter): Name = "Weight"; Value = ""; VariantName = "[No Variations]"
Add component (AddParameter): Name = "Width"; Value = ""; VariantName = "[No Variations]"
Added Component: Designator=R34_DCH1(RTO247)
Add component (AddParameter): Name = ".Creator"; Value = ""; VariantName = "[No Variations]"
Add component (AddParameter): Name = ".PCBcheck"; Value = ""; VariantName = "[No Variations]"
Add component (AddParameter): Name = ".SCHcheck"; Value = ""; VariantName = "[No Variations]"
Add component (AddParameter): Name = "Capacitance"; Value = ""; VariantName = "[No Variations]"
Add component (AddParameter): Name = "Case Code (Imperial)"; Value = ""; VariantName = "[No Variations]"
Add component (AddParameter): Name = "Case Code (Metric)"; Value = ""; VariantName = "[No Variations]"
Add component (AddParameter): Name = "Case/Package"; Value = ""; VariantName = "[No Variations]"
Add component (AddParameter): Name = "Category"; Value = ""; VariantName = "[No Variations]"
Add component (AddParameter): Name = "ComponentLink1Description"; Value = "Buy"; VariantName = "[No Variations]"
Add component (AddParameter): Name = "ComponentLink1URL"; Value = "https://es.rs-online.com/web/p/resistencias-de-montaje-en-orificio-pasante/1955176"; VariantName = "[No Variations]"
Add component (AddParameter): Name = "ComponentLink2Description"; Value = "Datasheet"; VariantName = "[No Variations]"
Add component (AddParameter): Name = "ComponentLink2URL"; Value = "https://docs.rs-online.com/e31c/A700000006565355.pdf"; VariantName = "[No Variations]"
Add component (AddParameter): Name = "Construction"; Value = ""; VariantName = "[No Variations]"
Add component (AddParameter): Name = "Depth"; Value = ""; VariantName = "[No Variations]"
Add component (AddParameter): Name = "Design Item ID"; Value = "R470-TO247"; VariantName = "[No Variations]"
Add component (AddParameter): Name = "Dielectric"; Value = ""; VariantName = "[No Variations]"
Add component (AddParameter): Name = "Drive level"; Value = ""; VariantName = "[No Variations]"
Add component (AddParameter): Name = "Features"; Value = ""; VariantName = "[No Variations]"
Add component (AddParameter): Name = "Frequency"; Value = ""; VariantName = "[No Variations]"
Add component (AddParameter): Name = "Frequency Stability"; Value = ""; VariantName = "[No Variations]"
Add component (AddParameter): Name = "Halogen Free"; Value = ""; VariantName = "[No Variations]"
Add component (AddParameter): Name = "Height"; Value = ""; VariantName = "[No Variations]"
Add component (AddParameter): Name = "Lead Free"; Value = ""; VariantName = "[No Variations]"
Add component (AddParameter): Name = "Length"; Value = ""; VariantName = "[No Variations]"
Add component (AddParameter): Name = "Manufacturer"; Value = "TE Connectivity"; VariantName = "[No Variations]"
Add component (AddParameter): Name = "Manufacturer Part Number"; Value = "MPT100C470RF"; VariantName = "[No Variations]"
Add component (AddParameter): Name = "Max Operating Temperature"; Value = ""; VariantName = "[No Variations]"
Add component (AddParameter): Name = "Max operating temperature."; Value = ""; VariantName = "[No Variations]"
Add component (AddParameter): Name = "Max power dissipation"; Value = ""; VariantName = "[No Variations]"
Add component (AddParameter): Name = "Min Operating Temperature"; Value = ""; VariantName = "[No Variations]"
Add component (AddParameter): Name = "Mount"; Value = ""; VariantName = "[No Variations]"
Add component (AddParameter): Name = "Number of pins"; Value = ""; VariantName = "[No Variations]"
Add component (AddParameter): Name = "Package"; Value = ""; VariantName = "[No Variations]"
Add component (AddParameter): Name = "Package Quantity"; Value = ""; VariantName = "[No Variations]"
Add component (AddParameter): Name = "Packaging"; Value = ""; VariantName = "[No Variations]"
Add component (AddParameter): Name = "Power Rating"; Value = ""; VariantName = "[No Variations]"
Add component (AddParameter): Name = "Pricing 1"; Value = "1=16,67000, 5=15,51000, 10=14,17000, 25=12,67000, 50=11,50000 (GBP)"; VariantName = "[No Variations]"
Add component (AddParameter): Name = "Radiation Hardening"; Value = ""; VariantName = "[No Variations]"
Add component (AddParameter): Name = "REACH SVHC"; Value = ""; VariantName = "[No Variations]"
Add component (AddParameter): Name = "Resistance"; Value = "1R"; VariantName = "[No Variations]"
Add component (AddParameter): Name = "Resistor Type"; Value = ""; VariantName = "[No Variations]"
Add component (AddParameter): Name = "RoHS"; Value = "No"; VariantName = "[No Variations]"
Add component (AddParameter): Name = "RoHS Compliant"; Value = ""; VariantName = "[No Variations]"
Add component (AddParameter): Name = "Series"; Value = ""; VariantName = "[No Variations]"
Add component (AddParameter): Name = "Size Code"; Value = ""; VariantName = "[No Variations]"
Add component (AddParameter): Name = "Source"; Value = ""; VariantName = "[No Variations]"
Add component (AddParameter): Name = "Stock 1"; Value = ""; VariantName = "[No Variations]"
Add component (AddParameter): Name = "Temperature Coefficient"; Value = ""; VariantName = "[No Variations]"
Add component (AddParameter): Name = "Termination"; Value = ""; VariantName = "[No Variations]"
Add component (AddParameter): Name = "Thickness"; Value = ""; VariantName = "[No Variations]"
Add component (AddParameter): Name = "Tolerance"; Value = ""; VariantName = "[No Variations]"
Add component (AddParameter): Name = "Type"; Value = ""; VariantName = "[No Variations]"
Add component (AddParameter): Name = "Voltage Rating"; Value = ""; VariantName = "[No Variations]"
Add component (AddParameter): Name = "Voltage Rating (DC)"; Value = ""; VariantName = "[No Variations]"
Add component (AddParameter): Name = "Weight"; Value = ""; VariantName = "[No Variations]"
Add component (AddParameter): Name = "Width"; Value = ""; VariantName = "[No Variations]"
Added Component: Designator=R34_DCH2(RTO247)
Add component (AddParameter): Name = ".Creator"; Value = ""; VariantName = "[No Variations]"
Add component (AddParameter): Name = ".PCBcheck"; Value = ""; VariantName = "[No Variations]"
Add component (AddParameter): Name = ".SCHcheck"; Value = ""; VariantName = "[No Variations]"
Add component (AddParameter): Name = "Capacitance"; Value = ""; VariantName = "[No Variations]"
Add component (AddParameter): Name = "Case Code (Imperial)"; Value = ""; VariantName = "[No Variations]"
Add component (AddParameter): Name = "Case Code (Metric)"; Value = ""; VariantName = "[No Variations]"
Add component (AddParameter): Name = "Case/Package"; Value = ""; VariantName = "[No Variations]"
Add component (AddParameter): Name = "Category"; Value = ""; VariantName = "[No Variations]"
Add component (AddParameter): Name = "ComponentLink1Description"; Value = "Buy"; VariantName = "[No Variations]"
Add component (AddParameter): Name = "ComponentLink1URL"; Value = "https://es.rs-online.com/web/p/resistencias-de-montaje-en-orificio-pasante/1955176"; VariantName = "[No Variations]"
Add component (AddParameter): Name = "ComponentLink2Description"; Value = "Datasheet"; VariantName = "[No Variations]"
Add component (AddParameter): Name = "ComponentLink2URL"; Value = "https://docs.rs-online.com/e31c/A700000006565355.pdf"; VariantName = "[No Variations]"
Add component (AddParameter): Name = "Construction"; Value = ""; VariantName = "[No Variations]"
Add component (AddParameter): Name = "Depth"; Value = ""; VariantName = "[No Variations]"
Add component (AddParameter): Name = "Design Item ID"; Value = "R470-TO247"; VariantName = "[No Variations]"
Add component (AddParameter): Name = "Dielectric"; Value = ""; VariantName = "[No Variations]"
Add component (AddParameter): Name = "Drive level"; Value = ""; VariantName = "[No Variations]"
Add component (AddParameter): Name = "Features"; Value = ""; VariantName = "[No Variations]"
Add component (AddParameter): Name = "Frequency"; Value = ""; VariantName = "[No Variations]"
Add component (AddParameter): Name = "Frequency Stability"; Value = ""; VariantName = "[No Variations]"
Add component (AddParameter): Name = "Halogen Free"; Value = ""; VariantName = "[No Variations]"
Add component (AddParameter): Name = "Height"; Value = ""; VariantName = "[No Variations]"
Add component (AddParameter): Name = "Lead Free"; Value = ""; VariantName = "[No Variations]"
Add component (AddParameter): Name = "Length"; Value = ""; VariantName = "[No Variations]"
Add component (AddParameter): Name = "Manufacturer"; Value = "TE Connectivity"; VariantName = "[No Variations]"
Add component (AddParameter): Name = "Manufacturer Part Number"; Value = "MPT100C470RF"; VariantName = "[No Variations]"
Add component (AddParameter): Name = "Max Operating Temperature"; Value = ""; VariantName = "[No Variations]"
Add component (AddParameter): Name = "Max operating temperature."; Value = ""; VariantName = "[No Variations]"
Add component (AddParameter): Name = "Max power dissipation"; Value = ""; VariantName = "[No Variations]"
Add component (AddParameter): Name = "Min Operating Temperature"; Value = ""; VariantName = "[No Variations]"
Add component (AddParameter): Name = "Mount"; Value = ""; VariantName = "[No Variations]"
Add component (AddParameter): Name = "Number of pins"; Value = ""; VariantName = "[No Variations]"
Add component (AddParameter): Name = "Package"; Value = ""; VariantName = "[No Variations]"
Add component (AddParameter): Name = "Package Quantity"; Value = ""; VariantName = "[No Variations]"
Add component (AddParameter): Name = "Packaging"; Value = ""; VariantName = "[No Variations]"
Add component (AddParameter): Name = "Power Rating"; Value = ""; VariantName = "[No Variations]"
Add component (AddParameter): Name = "Pricing 1"; Value = "1=16,67000, 5=15,51000, 10=14,17000, 25=12,67000, 50=11,50000 (GBP)"; VariantName = "[No Variations]"
Add component (AddParameter): Name = "Radiation Hardening"; Value = ""; VariantName = "[No Variations]"
Add component (AddParameter): Name = "REACH SVHC"; Value = ""; VariantName = "[No Variations]"
Add component (AddParameter): Name = "Resistance"; Value = "1R"; VariantName = "[No Variations]"
Add component (AddParameter): Name = "Resistor Type"; Value = ""; VariantName = "[No Variations]"
Add component (AddParameter): Name = "RoHS"; Value = "No"; VariantName = "[No Variations]"
Add component (AddParameter): Name = "RoHS Compliant"; Value = ""; VariantName = "[No Variations]"
Add component (AddParameter): Name = "Series"; Value = ""; VariantName = "[No Variations]"
Add component (AddParameter): Name = "Size Code"; Value = ""; VariantName = "[No Variations]"
Add component (AddParameter): Name = "Source"; Value = ""; VariantName = "[No Variations]"
Add component (AddParameter): Name = "Stock 1"; Value = ""; VariantName = "[No Variations]"
Add component (AddParameter): Name = "Temperature Coefficient"; Value = ""; VariantName = "[No Variations]"
Add component (AddParameter): Name = "Termination"; Value = ""; VariantName = "[No Variations]"
Add component (AddParameter): Name = "Thickness"; Value = ""; VariantName = "[No Variations]"
Add component (AddParameter): Name = "Tolerance"; Value = ""; VariantName = "[No Variations]"
Add component (AddParameter): Name = "Type"; Value = ""; VariantName = "[No Variations]"
Add component (AddParameter): Name = "Voltage Rating"; Value = ""; VariantName = "[No Variations]"
Add component (AddParameter): Name = "Voltage Rating (DC)"; Value = ""; VariantName = "[No Variations]"
Add component (AddParameter): Name = "Weight"; Value = ""; VariantName = "[No Variations]"
Add component (AddParameter): Name = "Width"; Value = ""; VariantName = "[No Variations]"
Added Component: Designator=R35_DCH1(RTO247)
Add component (AddParameter): Name = ".Creator"; Value = ""; VariantName = "[No Variations]"
Add component (AddParameter): Name = ".PCBcheck"; Value = ""; VariantName = "[No Variations]"
Add component (AddParameter): Name = ".SCHcheck"; Value = ""; VariantName = "[No Variations]"
Add component (AddParameter): Name = "Capacitance"; Value = ""; VariantName = "[No Variations]"
Add component (AddParameter): Name = "Case Code (Imperial)"; Value = ""; VariantName = "[No Variations]"
Add component (AddParameter): Name = "Case Code (Metric)"; Value = ""; VariantName = "[No Variations]"
Add component (AddParameter): Name = "Case/Package"; Value = ""; VariantName = "[No Variations]"
Add component (AddParameter): Name = "Category"; Value = ""; VariantName = "[No Variations]"
Add component (AddParameter): Name = "ComponentLink1Description"; Value = "Buy"; VariantName = "[No Variations]"
Add component (AddParameter): Name = "ComponentLink1URL"; Value = "https://es.rs-online.com/web/p/resistencias-de-montaje-en-orificio-pasante/1955176"; VariantName = "[No Variations]"
Add component (AddParameter): Name = "ComponentLink2Description"; Value = "Datasheet"; VariantName = "[No Variations]"
Add component (AddParameter): Name = "ComponentLink2URL"; Value = "https://docs.rs-online.com/e31c/A700000006565355.pdf"; VariantName = "[No Variations]"
Add component (AddParameter): Name = "Construction"; Value = ""; VariantName = "[No Variations]"
Add component (AddParameter): Name = "Depth"; Value = ""; VariantName = "[No Variations]"
Add component (AddParameter): Name = "Design Item ID"; Value = "R470-TO247"; VariantName = "[No Variations]"
Add component (AddParameter): Name = "Dielectric"; Value = ""; VariantName = "[No Variations]"
Add component (AddParameter): Name = "Drive level"; Value = ""; VariantName = "[No Variations]"
Add component (AddParameter): Name = "Features"; Value = ""; VariantName = "[No Variations]"
Add component (AddParameter): Name = "Frequency"; Value = ""; VariantName = "[No Variations]"
Add component (AddParameter): Name = "Frequency Stability"; Value = ""; VariantName = "[No Variations]"
Add component (AddParameter): Name = "Halogen Free"; Value = ""; VariantName = "[No Variations]"
Add component (AddParameter): Name = "Height"; Value = ""; VariantName = "[No Variations]"
Add component (AddParameter): Name = "Lead Free"; Value = ""; VariantName = "[No Variations]"
Add component (AddParameter): Name = "Length"; Value = ""; VariantName = "[No Variations]"
Add component (AddParameter): Name = "Manufacturer"; Value = "TE Connectivity"; VariantName = "[No Variations]"
Add component (AddParameter): Name = "Manufacturer Part Number"; Value = "MPT100C470RF"; VariantName = "[No Variations]"
Add component (AddParameter): Name = "Max Operating Temperature"; Value = ""; VariantName = "[No Variations]"
Add component (AddParameter): Name = "Max operating temperature."; Value = ""; VariantName = "[No Variations]"
Add component (AddParameter): Name = "Max power dissipation"; Value = ""; VariantName = "[No Variations]"
Add component (AddParameter): Name = "Min Operating Temperature"; Value = ""; VariantName = "[No Variations]"
Add component (AddParameter): Name = "Mount"; Value = ""; VariantName = "[No Variations]"
Add component (AddParameter): Name = "Number of pins"; Value = ""; VariantName = "[No Variations]"
Add component (AddParameter): Name = "Package"; Value = ""; VariantName = "[No Variations]"
Add component (AddParameter): Name = "Package Quantity"; Value = ""; VariantName = "[No Variations]"
Add component (AddParameter): Name = "Packaging"; Value = ""; VariantName = "[No Variations]"
Add component (AddParameter): Name = "Power Rating"; Value = ""; VariantName = "[No Variations]"
Add component (AddParameter): Name = "Pricing 1"; Value = "1=16,67000, 5=15,51000, 10=14,17000, 25=12,67000, 50=11,50000 (GBP)"; VariantName = "[No Variations]"
Add component (AddParameter): Name = "Radiation Hardening"; Value = ""; VariantName = "[No Variations]"
Add component (AddParameter): Name = "REACH SVHC"; Value = ""; VariantName = "[No Variations]"
Add component (AddParameter): Name = "Resistance"; Value = "1R"; VariantName = "[No Variations]"
Add component (AddParameter): Name = "Resistor Type"; Value = ""; VariantName = "[No Variations]"
Add component (AddParameter): Name = "RoHS"; Value = "No"; VariantName = "[No Variations]"
Add component (AddParameter): Name = "RoHS Compliant"; Value = ""; VariantName = "[No Variations]"
Add component (AddParameter): Name = "Series"; Value = ""; VariantName = "[No Variations]"
Add component (AddParameter): Name = "Size Code"; Value = ""; VariantName = "[No Variations]"
Add component (AddParameter): Name = "Source"; Value = ""; VariantName = "[No Variations]"
Add component (AddParameter): Name = "Stock 1"; Value = ""; VariantName = "[No Variations]"
Add component (AddParameter): Name = "Temperature Coefficient"; Value = ""; VariantName = "[No Variations]"
Add component (AddParameter): Name = "Termination"; Value = ""; VariantName = "[No Variations]"
Add component (AddParameter): Name = "Thickness"; Value = ""; VariantName = "[No Variations]"
Add component (AddParameter): Name = "Tolerance"; Value = ""; VariantName = "[No Variations]"
Add component (AddParameter): Name = "Type"; Value = ""; VariantName = "[No Variations]"
Add component (AddParameter): Name = "Voltage Rating"; Value = ""; VariantName = "[No Variations]"
Add component (AddParameter): Name = "Voltage Rating (DC)"; Value = ""; VariantName = "[No Variations]"
Add component (AddParameter): Name = "Weight"; Value = ""; VariantName = "[No Variations]"
Add component (AddParameter): Name = "Width"; Value = ""; VariantName = "[No Variations]"
Added Component: Designator=R35_DCH2(RTO247)
Add component (AddParameter): Name = ".Creator"; Value = ""; VariantName = "[No Variations]"
Add component (AddParameter): Name = ".PCBcheck"; Value = ""; VariantName = "[No Variations]"
Add component (AddParameter): Name = ".SCHcheck"; Value = ""; VariantName = "[No Variations]"
Add component (AddParameter): Name = "Capacitance"; Value = ""; VariantName = "[No Variations]"
Add component (AddParameter): Name = "Case Code (Imperial)"; Value = ""; VariantName = "[No Variations]"
Add component (AddParameter): Name = "Case Code (Metric)"; Value = ""; VariantName = "[No Variations]"
Add component (AddParameter): Name = "Case/Package"; Value = ""; VariantName = "[No Variations]"
Add component (AddParameter): Name = "Category"; Value = ""; VariantName = "[No Variations]"
Add component (AddParameter): Name = "ComponentLink1Description"; Value = "Buy"; VariantName = "[No Variations]"
Add component (AddParameter): Name = "ComponentLink1URL"; Value = "https://es.rs-online.com/web/p/resistencias-de-montaje-en-orificio-pasante/1955176"; VariantName = "[No Variations]"
Add component (AddParameter): Name = "ComponentLink2Description"; Value = "Datasheet"; VariantName = "[No Variations]"
Add component (AddParameter): Name = "ComponentLink2URL"; Value = "https://docs.rs-online.com/e31c/A700000006565355.pdf"; VariantName = "[No Variations]"
Add component (AddParameter): Name = "Construction"; Value = ""; VariantName = "[No Variations]"
Add component (AddParameter): Name = "Depth"; Value = ""; VariantName = "[No Variations]"
Add component (AddParameter): Name = "Design Item ID"; Value = "R470-TO247"; VariantName = "[No Variations]"
Add component (AddParameter): Name = "Dielectric"; Value = ""; VariantName = "[No Variations]"
Add component (AddParameter): Name = "Drive level"; Value = ""; VariantName = "[No Variations]"
Add component (AddParameter): Name = "Features"; Value = ""; VariantName = "[No Variations]"
Add component (AddParameter): Name = "Frequency"; Value = ""; VariantName = "[No Variations]"
Add component (AddParameter): Name = "Frequency Stability"; Value = ""; VariantName = "[No Variations]"
Add component (AddParameter): Name = "Halogen Free"; Value = ""; VariantName = "[No Variations]"
Add component (AddParameter): Name = "Height"; Value = ""; VariantName = "[No Variations]"
Add component (AddParameter): Name = "Lead Free"; Value = ""; VariantName = "[No Variations]"
Add component (AddParameter): Name = "Length"; Value = ""; VariantName = "[No Variations]"
Add component (AddParameter): Name = "Manufacturer"; Value = "TE Connectivity"; VariantName = "[No Variations]"
Add component (AddParameter): Name = "Manufacturer Part Number"; Value = "MPT100C470RF"; VariantName = "[No Variations]"
Add component (AddParameter): Name = "Max Operating Temperature"; Value = ""; VariantName = "[No Variations]"
Add component (AddParameter): Name = "Max operating temperature."; Value = ""; VariantName = "[No Variations]"
Add component (AddParameter): Name = "Max power dissipation"; Value = ""; VariantName = "[No Variations]"
Add component (AddParameter): Name = "Min Operating Temperature"; Value = ""; VariantName = "[No Variations]"
Add component (AddParameter): Name = "Mount"; Value = ""; VariantName = "[No Variations]"
Add component (AddParameter): Name = "Number of pins"; Value = ""; VariantName = "[No Variations]"
Add component (AddParameter): Name = "Package"; Value = ""; VariantName = "[No Variations]"
Add component (AddParameter): Name = "Package Quantity"; Value = ""; VariantName = "[No Variations]"
Add component (AddParameter): Name = "Packaging"; Value = ""; VariantName = "[No Variations]"
Add component (AddParameter): Name = "Power Rating"; Value = ""; VariantName = "[No Variations]"
Add component (AddParameter): Name = "Pricing 1"; Value = "1=16,67000, 5=15,51000, 10=14,17000, 25=12,67000, 50=11,50000 (GBP)"; VariantName = "[No Variations]"
Add component (AddParameter): Name = "Radiation Hardening"; Value = ""; VariantName = "[No Variations]"
Add component (AddParameter): Name = "REACH SVHC"; Value = ""; VariantName = "[No Variations]"
Add component (AddParameter): Name = "Resistance"; Value = "1R"; VariantName = "[No Variations]"
Add component (AddParameter): Name = "Resistor Type"; Value = ""; VariantName = "[No Variations]"
Add component (AddParameter): Name = "RoHS"; Value = "No"; VariantName = "[No Variations]"
Add component (AddParameter): Name = "RoHS Compliant"; Value = ""; VariantName = "[No Variations]"
Add component (AddParameter): Name = "Series"; Value = ""; VariantName = "[No Variations]"
Add component (AddParameter): Name = "Size Code"; Value = ""; VariantName = "[No Variations]"
Add component (AddParameter): Name = "Source"; Value = ""; VariantName = "[No Variations]"
Add component (AddParameter): Name = "Stock 1"; Value = ""; VariantName = "[No Variations]"
Add component (AddParameter): Name = "Temperature Coefficient"; Value = ""; VariantName = "[No Variations]"
Add component (AddParameter): Name = "Termination"; Value = ""; VariantName = "[No Variations]"
Add component (AddParameter): Name = "Thickness"; Value = ""; VariantName = "[No Variations]"
Add component (AddParameter): Name = "Tolerance"; Value = ""; VariantName = "[No Variations]"
Add component (AddParameter): Name = "Type"; Value = ""; VariantName = "[No Variations]"
Add component (AddParameter): Name = "Voltage Rating"; Value = ""; VariantName = "[No Variations]"
Add component (AddParameter): Name = "Voltage Rating (DC)"; Value = ""; VariantName = "[No Variations]"
Add component (AddParameter): Name = "Weight"; Value = ""; VariantName = "[No Variations]"
Add component (AddParameter): Name = "Width"; Value = ""; VariantName = "[No Variations]"
Added Component: Designator=R36_DCH1(RTO247)
Add component (AddParameter): Name = ".Creator"; Value = ""; VariantName = "[No Variations]"
Add component (AddParameter): Name = ".PCBcheck"; Value = ""; VariantName = "[No Variations]"
Add component (AddParameter): Name = ".SCHcheck"; Value = ""; VariantName = "[No Variations]"
Add component (AddParameter): Name = "Capacitance"; Value = ""; VariantName = "[No Variations]"
Add component (AddParameter): Name = "Case Code (Imperial)"; Value = ""; VariantName = "[No Variations]"
Add component (AddParameter): Name = "Case Code (Metric)"; Value = ""; VariantName = "[No Variations]"
Add component (AddParameter): Name = "Case/Package"; Value = ""; VariantName = "[No Variations]"
Add component (AddParameter): Name = "Category"; Value = ""; VariantName = "[No Variations]"
Add component (AddParameter): Name = "ComponentLink1Description"; Value = "Buy"; VariantName = "[No Variations]"
Add component (AddParameter): Name = "ComponentLink1URL"; Value = "https://es.rs-online.com/web/p/resistencias-de-montaje-en-orificio-pasante/1955176"; VariantName = "[No Variations]"
Add component (AddParameter): Name = "ComponentLink2Description"; Value = "Datasheet"; VariantName = "[No Variations]"
Add component (AddParameter): Name = "ComponentLink2URL"; Value = "https://docs.rs-online.com/e31c/A700000006565355.pdf"; VariantName = "[No Variations]"
Add component (AddParameter): Name = "Construction"; Value = ""; VariantName = "[No Variations]"
Add component (AddParameter): Name = "Depth"; Value = ""; VariantName = "[No Variations]"
Add component (AddParameter): Name = "Design Item ID"; Value = "R470-TO247"; VariantName = "[No Variations]"
Add component (AddParameter): Name = "Dielectric"; Value = ""; VariantName = "[No Variations]"
Add component (AddParameter): Name = "Drive level"; Value = ""; VariantName = "[No Variations]"
Add component (AddParameter): Name = "Features"; Value = ""; VariantName = "[No Variations]"
Add component (AddParameter): Name = "Frequency"; Value = ""; VariantName = "[No Variations]"
Add component (AddParameter): Name = "Frequency Stability"; Value = ""; VariantName = "[No Variations]"
Add component (AddParameter): Name = "Halogen Free"; Value = ""; VariantName = "[No Variations]"
Add component (AddParameter): Name = "Height"; Value = ""; VariantName = "[No Variations]"
Add component (AddParameter): Name = "Lead Free"; Value = ""; VariantName = "[No Variations]"
Add component (AddParameter): Name = "Length"; Value = ""; VariantName = "[No Variations]"
Add component (AddParameter): Name = "Manufacturer"; Value = "TE Connectivity"; VariantName = "[No Variations]"
Add component (AddParameter): Name = "Manufacturer Part Number"; Value = "MPT100C470RF"; VariantName = "[No Variations]"
Add component (AddParameter): Name = "Max Operating Temperature"; Value = ""; VariantName = "[No Variations]"
Add component (AddParameter): Name = "Max operating temperature."; Value = ""; VariantName = "[No Variations]"
Add component (AddParameter): Name = "Max power dissipation"; Value = ""; VariantName = "[No Variations]"
Add component (AddParameter): Name = "Min Operating Temperature"; Value = ""; VariantName = "[No Variations]"
Add component (AddParameter): Name = "Mount"; Value = ""; VariantName = "[No Variations]"
Add component (AddParameter): Name = "Number of pins"; Value = ""; VariantName = "[No Variations]"
Add component (AddParameter): Name = "Package"; Value = ""; VariantName = "[No Variations]"
Add component (AddParameter): Name = "Package Quantity"; Value = ""; VariantName = "[No Variations]"
Add component (AddParameter): Name = "Packaging"; Value = ""; VariantName = "[No Variations]"
Add component (AddParameter): Name = "Power Rating"; Value = ""; VariantName = "[No Variations]"
Add component (AddParameter): Name = "Pricing 1"; Value = "1=16,67000, 5=15,51000, 10=14,17000, 25=12,67000, 50=11,50000 (GBP)"; VariantName = "[No Variations]"
Add component (AddParameter): Name = "Radiation Hardening"; Value = ""; VariantName = "[No Variations]"
Add component (AddParameter): Name = "REACH SVHC"; Value = ""; VariantName = "[No Variations]"
Add component (AddParameter): Name = "Resistance"; Value = "1R"; VariantName = "[No Variations]"
Add component (AddParameter): Name = "Resistor Type"; Value = ""; VariantName = "[No Variations]"
Add component (AddParameter): Name = "RoHS"; Value = "No"; VariantName = "[No Variations]"
Add component (AddParameter): Name = "RoHS Compliant"; Value = ""; VariantName = "[No Variations]"
Add component (AddParameter): Name = "Series"; Value = ""; VariantName = "[No Variations]"
Add component (AddParameter): Name = "Size Code"; Value = ""; VariantName = "[No Variations]"
Add component (AddParameter): Name = "Source"; Value = ""; VariantName = "[No Variations]"
Add component (AddParameter): Name = "Stock 1"; Value = ""; VariantName = "[No Variations]"
Add component (AddParameter): Name = "Temperature Coefficient"; Value = ""; VariantName = "[No Variations]"
Add component (AddParameter): Name = "Termination"; Value = ""; VariantName = "[No Variations]"
Add component (AddParameter): Name = "Thickness"; Value = ""; VariantName = "[No Variations]"
Add component (AddParameter): Name = "Tolerance"; Value = ""; VariantName = "[No Variations]"
Add component (AddParameter): Name = "Type"; Value = ""; VariantName = "[No Variations]"
Add component (AddParameter): Name = "Voltage Rating"; Value = ""; VariantName = "[No Variations]"
Add component (AddParameter): Name = "Voltage Rating (DC)"; Value = ""; VariantName = "[No Variations]"
Add component (AddParameter): Name = "Weight"; Value = ""; VariantName = "[No Variations]"
Add component (AddParameter): Name = "Width"; Value = ""; VariantName = "[No Variations]"
Added Component: Designator=R36_DCH2(RTO247)
Add component (AddParameter): Name = ".Creator"; Value = ""; VariantName = "[No Variations]"
Add component (AddParameter): Name = ".PCBcheck"; Value = ""; VariantName = "[No Variations]"
Add component (AddParameter): Name = ".SCHcheck"; Value = ""; VariantName = "[No Variations]"
Add component (AddParameter): Name = "Capacitance"; Value = ""; VariantName = "[No Variations]"
Add component (AddParameter): Name = "Case Code (Imperial)"; Value = ""; VariantName = "[No Variations]"
Add component (AddParameter): Name = "Case Code (Metric)"; Value = ""; VariantName = "[No Variations]"
Add component (AddParameter): Name = "Case/Package"; Value = ""; VariantName = "[No Variations]"
Add component (AddParameter): Name = "Category"; Value = ""; VariantName = "[No Variations]"
Add component (AddParameter): Name = "ComponentLink1Description"; Value = "Buy"; VariantName = "[No Variations]"
Add component (AddParameter): Name = "ComponentLink1URL"; Value = "https://es.rs-online.com/web/p/resistencias-de-montaje-en-orificio-pasante/1955176"; VariantName = "[No Variations]"
Add component (AddParameter): Name = "ComponentLink2Description"; Value = "Datasheet"; VariantName = "[No Variations]"
Add component (AddParameter): Name = "ComponentLink2URL"; Value = "https://docs.rs-online.com/e31c/A700000006565355.pdf"; VariantName = "[No Variations]"
Add component (AddParameter): Name = "Construction"; Value = ""; VariantName = "[No Variations]"
Add component (AddParameter): Name = "Depth"; Value = ""; VariantName = "[No Variations]"
Add component (AddParameter): Name = "Design Item ID"; Value = "R470-TO247"; VariantName = "[No Variations]"
Add component (AddParameter): Name = "Dielectric"; Value = ""; VariantName = "[No Variations]"
Add component (AddParameter): Name = "Drive level"; Value = ""; VariantName = "[No Variations]"
Add component (AddParameter): Name = "Features"; Value = ""; VariantName = "[No Variations]"
Add component (AddParameter): Name = "Frequency"; Value = ""; VariantName = "[No Variations]"
Add component (AddParameter): Name = "Frequency Stability"; Value = ""; VariantName = "[No Variations]"
Add component (AddParameter): Name = "Halogen Free"; Value = ""; VariantName = "[No Variations]"
Add component (AddParameter): Name = "Height"; Value = ""; VariantName = "[No Variations]"
Add component (AddParameter): Name = "Lead Free"; Value = ""; VariantName = "[No Variations]"
Add component (AddParameter): Name = "Length"; Value = ""; VariantName = "[No Variations]"
Add component (AddParameter): Name = "Manufacturer"; Value = "TE Connectivity"; VariantName = "[No Variations]"
Add component (AddParameter): Name = "Manufacturer Part Number"; Value = "MPT100C470RF"; VariantName = "[No Variations]"
Add component (AddParameter): Name = "Max Operating Temperature"; Value = ""; VariantName = "[No Variations]"
Add component (AddParameter): Name = "Max operating temperature."; Value = ""; VariantName = "[No Variations]"
Add component (AddParameter): Name = "Max power dissipation"; Value = ""; VariantName = "[No Variations]"
Add component (AddParameter): Name = "Min Operating Temperature"; Value = ""; VariantName = "[No Variations]"
Add component (AddParameter): Name = "Mount"; Value = ""; VariantName = "[No Variations]"
Add component (AddParameter): Name = "Number of pins"; Value = ""; VariantName = "[No Variations]"
Add component (AddParameter): Name = "Package"; Value = ""; VariantName = "[No Variations]"
Add component (AddParameter): Name = "Package Quantity"; Value = ""; VariantName = "[No Variations]"
Add component (AddParameter): Name = "Packaging"; Value = ""; VariantName = "[No Variations]"
Add component (AddParameter): Name = "Power Rating"; Value = ""; VariantName = "[No Variations]"
Add component (AddParameter): Name = "Pricing 1"; Value = "1=16,67000, 5=15,51000, 10=14,17000, 25=12,67000, 50=11,50000 (GBP)"; VariantName = "[No Variations]"
Add component (AddParameter): Name = "Radiation Hardening"; Value = ""; VariantName = "[No Variations]"
Add component (AddParameter): Name = "REACH SVHC"; Value = ""; VariantName = "[No Variations]"
Add component (AddParameter): Name = "Resistance"; Value = "1R"; VariantName = "[No Variations]"
Add component (AddParameter): Name = "Resistor Type"; Value = ""; VariantName = "[No Variations]"
Add component (AddParameter): Name = "RoHS"; Value = "No"; VariantName = "[No Variations]"
Add component (AddParameter): Name = "RoHS Compliant"; Value = ""; VariantName = "[No Variations]"
Add component (AddParameter): Name = "Series"; Value = ""; VariantName = "[No Variations]"
Add component (AddParameter): Name = "Size Code"; Value = ""; VariantName = "[No Variations]"
Add component (AddParameter): Name = "Source"; Value = ""; VariantName = "[No Variations]"
Add component (AddParameter): Name = "Stock 1"; Value = ""; VariantName = "[No Variations]"
Add component (AddParameter): Name = "Temperature Coefficient"; Value = ""; VariantName = "[No Variations]"
Add component (AddParameter): Name = "Termination"; Value = ""; VariantName = "[No Variations]"
Add component (AddParameter): Name = "Thickness"; Value = ""; VariantName = "[No Variations]"
Add component (AddParameter): Name = "Tolerance"; Value = ""; VariantName = "[No Variations]"
Add component (AddParameter): Name = "Type"; Value = ""; VariantName = "[No Variations]"
Add component (AddParameter): Name = "Voltage Rating"; Value = ""; VariantName = "[No Variations]"
Add component (AddParameter): Name = "Voltage Rating (DC)"; Value = ""; VariantName = "[No Variations]"
Add component (AddParameter): Name = "Weight"; Value = ""; VariantName = "[No Variations]"
Add component (AddParameter): Name = "Width"; Value = ""; VariantName = "[No Variations]"
Added Component: Designator=R37(RESC2013X70X40NL20T20)
Add component (AddParameter): Name = "Case/Package"; Value = "0805"; VariantName = "[No Variations]"
Add component (AddParameter): Name = "Max Operating Temperature"; Value = "155°C"; VariantName = "[No Variations]"
Add component (AddParameter): Name = "Min Operating Temperature"; Value = "-55°C"; VariantName = "[No Variations]"
Add component (AddParameter): Name = "Mounting Technology"; Value = "Surface Mount"; VariantName = "[No Variations]"
Add component (AddParameter): Name = "Pins"; Value = "2"; VariantName = "[No Variations]"
Add component (AddParameter): Name = "Power"; Value = "125mW"; VariantName = "[No Variations]"
Add component (AddParameter): Name = "Resistance"; Value = ""; VariantName = "[No Variations]"
Add component (AddParameter): Name = "RoHS Compliant"; Value = "Yes"; VariantName = "[No Variations]"
Add component (AddParameter): Name = "Tolerance"; Value = "5%"; VariantName = "[No Variations]"
Add component (AddParameter): Name = "Value"; Value = "100k"; VariantName = "[No Variations]"
Add component (AddParameter): Name = "Voltage Rating"; Value = ""; VariantName = "[No Variations]"
Added Component: Designator=R38(RESC2013X70X40NL20T20)
Add component (AddParameter): Name = "Case/Package"; Value = "0805"; VariantName = "[No Variations]"
Add component (AddParameter): Name = "Max Operating Temperature"; Value = "155°C"; VariantName = "[No Variations]"
Add component (AddParameter): Name = "Min Operating Temperature"; Value = "-55°C"; VariantName = "[No Variations]"
Add component (AddParameter): Name = "Mounting Technology"; Value = "Surface Mount"; VariantName = "[No Variations]"
Add component (AddParameter): Name = "Pins"; Value = "2"; VariantName = "[No Variations]"
Add component (AddParameter): Name = "Power"; Value = "125mW"; VariantName = "[No Variations]"
Add component (AddParameter): Name = "Resistance"; Value = ""; VariantName = "[No Variations]"
Add component (AddParameter): Name = "RoHS Compliant"; Value = "Yes"; VariantName = "[No Variations]"
Add component (AddParameter): Name = "Tolerance"; Value = "5%"; VariantName = "[No Variations]"
Add component (AddParameter): Name = "Value"; Value = "100k"; VariantName = "[No Variations]"
Add component (AddParameter): Name = "Voltage Rating"; Value = ""; VariantName = "[No Variations]"
Added Component: Designator=R39(RESC2013X70X40NL20T20)
Add component (AddParameter): Name = "Case/Package"; Value = "0805"; VariantName = "[No Variations]"
Add component (AddParameter): Name = "Max Operating Temperature"; Value = "155°C"; VariantName = "[No Variations]"
Add component (AddParameter): Name = "Min Operating Temperature"; Value = "-55°C"; VariantName = "[No Variations]"
Add component (AddParameter): Name = "Mounting Technology"; Value = "Surface Mount"; VariantName = "[No Variations]"
Add component (AddParameter): Name = "Pins"; Value = "2"; VariantName = "[No Variations]"
Add component (AddParameter): Name = "Power"; Value = "125mW"; VariantName = "[No Variations]"
Add component (AddParameter): Name = "Resistance"; Value = ""; VariantName = "[No Variations]"
Add component (AddParameter): Name = "RoHS Compliant"; Value = "Yes"; VariantName = "[No Variations]"
Add component (AddParameter): Name = "Tolerance"; Value = "5%"; VariantName = "[No Variations]"
Add component (AddParameter): Name = "Value"; Value = "100k"; VariantName = "[No Variations]"
Add component (AddParameter): Name = "Voltage Rating"; Value = ""; VariantName = "[No Variations]"
Added Component: Designator=R40(0805)
Add component (AddParameter): Name = "Case/Package"; Value = "0805"; VariantName = "[No Variations]"
Add component (AddParameter): Name = "Max Operating Temperature"; Value = "155°C"; VariantName = "[No Variations]"
Add component (AddParameter): Name = "Min Operating Temperature"; Value = "-55°C"; VariantName = "[No Variations]"
Add component (AddParameter): Name = "Mounting Technology"; Value = "Surface Mount"; VariantName = "[No Variations]"
Add component (AddParameter): Name = "Pins"; Value = "2"; VariantName = "[No Variations]"
Add component (AddParameter): Name = "Power"; Value = "125mW"; VariantName = "[No Variations]"
Add component (AddParameter): Name = "Resistance"; Value = ""; VariantName = "[No Variations]"
Add component (AddParameter): Name = "RoHS Compliant"; Value = "Yes"; VariantName = "[No Variations]"
Add component (AddParameter): Name = "Tolerance"; Value = "0.1%"; VariantName = "[No Variations]"
Add component (AddParameter): Name = "Value"; Value = "19.1k"; VariantName = "[No Variations]"
Add component (AddParameter): Name = "Voltage Rating"; Value = ""; VariantName = "[No Variations]"
Added Component: Designator=R41(RESC2013X50X30ML20T20)
Add component (AddParameter): Name = "Case/Package"; Value = "0805"; VariantName = "[No Variations]"
Add component (AddParameter): Name = "Max Operating Temperature"; Value = "155°C"; VariantName = "[No Variations]"
Add component (AddParameter): Name = "Min Operating Temperature"; Value = "-55°C"; VariantName = "[No Variations]"
Add component (AddParameter): Name = "Mounting Technology"; Value = "Surface Mount"; VariantName = "[No Variations]"
Add component (AddParameter): Name = "Pins"; Value = "2"; VariantName = "[No Variations]"
Add component (AddParameter): Name = "Power"; Value = "125mW"; VariantName = "[No Variations]"
Add component (AddParameter): Name = "Resistance"; Value = ""; VariantName = "[No Variations]"
Add component (AddParameter): Name = "RoHS Compliant"; Value = "No"; VariantName = "[No Variations]"
Add component (AddParameter): Name = "Tolerance"; Value = "1%"; VariantName = "[No Variations]"
Add component (AddParameter): Name = "Value"; Value = "15k"; VariantName = "[No Variations]"
Add component (AddParameter): Name = "Voltage Rating"; Value = ""; VariantName = "[No Variations]"
Added Component: Designator=R42(R0805FTK)
Add component (AddParameter): Name = ".Creator"; Value = "DR"; VariantName = "[No Variations]"
Add component (AddParameter): Name = ".PCBcheck"; Value = ""; VariantName = "[No Variations]"
Add component (AddParameter): Name = ".SCHcheck"; Value = ""; VariantName = "[No Variations]"
Add component (AddParameter): Name = "Case Code (Imperial)"; Value = "0805"; VariantName = "[No Variations]"
Add component (AddParameter): Name = "Case Code (Metric)"; Value = "2012"; VariantName = "[No Variations]"
Add component (AddParameter): Name = "Case/Package"; Value = "0805"; VariantName = "[No Variations]"
Add component (AddParameter): Name = "Category"; Value = "Chip SMD Resistors"; VariantName = "[No Variations]"
Add component (AddParameter): Name = "ComponentLink1Description"; Value = "https://datasheet.ciiva.com/11809/0900766b80fcdb72-11809178.pdf?src-supplier=RSComponents"; VariantName = "[No Variations]"
Add component (AddParameter): Name = "ComponentLink1URL"; Value = "https://datasheet.ciiva.com/11809/0900766b80fcdb72-11809178.pdf?src-supplier=RSComponents"; VariantName = "[No Variations]"
Add component (AddParameter): Name = "ComponentLink2Description"; Value = "https://datasheet.ciiva.com/6547/chpreztr-6547413.pdf?src-supplier=Digi-Key"; VariantName = "[No Variations]"
Add component (AddParameter): Name = "ComponentLink2URL"; Value = "https://datasheet.ciiva.com/6547/chpreztr-6547413.pdf?src-supplier=Digi-Key"; VariantName = "[No Variations]"
Add component (AddParameter): Name = "ComponentLink3Description"; Value = "https://datasheet.ciiva.com/6547/chpreztr-6547414.pdf?src-supplier=Digi-Key"; VariantName = "[No Variations]"
Add component (AddParameter): Name = "ComponentLink3URL"; Value = "https://datasheet.ciiva.com/6547/chpreztr-6547414.pdf?src-supplier=Digi-Key"; VariantName = "[No Variations]"
Add component (AddParameter): Name = "ComponentLink4Description"; Value = "https://datasheet.ciiva.com/6547/chpreztr-6547415.pdf?src-supplier=Digi-Key"; VariantName = "[No Variations]"
Add component (AddParameter): Name = "ComponentLink4URL"; Value = "https://datasheet.ciiva.com/6547/chpreztr-6547415.pdf?src-supplier=Digi-Key"; VariantName = "[No Variations]"
Add component (AddParameter): Name = "ComponentLink5Description"; Value = "https://datasheet.ciiva.com/9120/chpreztr-9120744.pdf?src-supplier=Avnet"; VariantName = "[No Variations]"
Add component (AddParameter): Name = "ComponentLink5URL"; Value = "https://datasheet.ciiva.com/9120/chpreztr-9120744.pdf?src-supplier=Avnet"; VariantName = "[No Variations]"
Add component (AddParameter): Name = "Construction"; Value = "Rectangular"; VariantName = "[No Variations]"
Add component (AddParameter): Name = "Contact Plating"; Value = "Tin"; VariantName = "[No Variations]"
Add component (AddParameter): Name = "Depth"; Value = "1.25mm"; VariantName = "[No Variations]"
Add component (AddParameter): Name = "Features"; Value = "Moisture Resistant"; VariantName = "[No Variations]"
Add component (AddParameter): Name = "Height"; Value = "0.5mm"; VariantName = "[No Variations]"
Add component (AddParameter): Name = "Length"; Value = "2mm"; VariantName = "[No Variations]"
Add component (AddParameter): Name = "Manufacturer 1"; Value = "Bourns"; VariantName = "[No Variations]"
Add component (AddParameter): Name = "Manufacturer Part Number 1"; Value = "CR0805-FX-1000ELF"; VariantName = "[No Variations]"
Add component (AddParameter): Name = "Max Operating Temperature"; Value = "155°C"; VariantName = "[No Variations]"
Add component (AddParameter): Name = "Max Power Dissipation"; Value = "125mW"; VariantName = "[No Variations]"
Add component (AddParameter): Name = "Military Standard"; Value = "Not"; VariantName = "[No Variations]"
Add component (AddParameter): Name = "Min Operating Temperature"; Value = "-55°C"; VariantName = "[No Variations]"
Add component (AddParameter): Name = "Mount"; Value = "Surface Mount"; VariantName = "[No Variations]"
Add component (AddParameter): Name = "Number of Pins"; Value = "2"; VariantName = "[No Variations]"
Add component (AddParameter): Name = "Number of Terminations"; Value = "2"; VariantName = "[No Variations]"
Add component (AddParameter): Name = "Package Quantity"; Value = "1"; VariantName = "[No Variations]"
Add component (AddParameter): Name = "Packaging"; Value = "Tape and Reel"; VariantName = "[No Variations]"
Add component (AddParameter): Name = "Power Rating"; Value = "125mW"; VariantName = "[No Variations]"
Add component (AddParameter): Name = "Pricing 1"; Value = "1=0,05840, 10=0,03430, 25=0,01780, 100=0,00750, 250=0,00560, 500=0,00490, 3000=0,00470 (USD)"; VariantName = "[No Variations]"
Add component (AddParameter): Name = "Radiation Hardening"; Value = "No"; VariantName = "[No Variations]"
Add component (AddParameter): Name = "REACH SVHC"; Value = "No SVHC"; VariantName = "[No Variations]"
Add component (AddParameter): Name = "Resistance"; Value = "100R"; VariantName = "[No Variations]"
Add component (AddParameter): Name = "Resistance Tolerance"; Value = "1%"; VariantName = "[No Variations]"
Add component (AddParameter): Name = "Resistor Type"; Value = "Thick Film"; VariantName = "[No Variations]"
Add component (AddParameter): Name = "RoHS"; Value = "Yes"; VariantName = "[No Variations]"
Add component (AddParameter): Name = "RoHS Compliant"; Value = "Yes"; VariantName = "[No Variations]"
Add component (AddParameter): Name = "Series"; Value = "CR0805"; VariantName = "[No Variations]"
Add component (AddParameter): Name = "Stock 1"; Value = "49802"; VariantName = "[No Variations]"
Add component (AddParameter): Name = "Supplier 1"; Value = "Arrow Electronics"; VariantName = "[No Variations]"
Add component (AddParameter): Name = "Supplier Part Number 1"; Value = "CR0805-FX-1000ELF"; VariantName = "[No Variations]"
Add component (AddParameter): Name = "Technology"; Value = "THICK FILM"; VariantName = "[No Variations]"
Add component (AddParameter): Name = "Temperature Coefficient"; Value = "100ppm/°C"; VariantName = "[No Variations]"
Add component (AddParameter): Name = "Termination"; Value = "SMD/SMT"; VariantName = "[No Variations]"
Add component (AddParameter): Name = "Thickness"; Value = "508um"; VariantName = "[No Variations]"
Add component (AddParameter): Name = "Tolerance"; Value = "1%"; VariantName = "[No Variations]"
Add component (AddParameter): Name = "Voltage Rating"; Value = "150V"; VariantName = "[No Variations]"
Add component (AddParameter): Name = "Voltage Rating (DC)"; Value = "150V"; VariantName = "[No Variations]"
Add component (AddParameter): Name = "Width"; Value = "1.25mm"; VariantName = "[No Variations]"
Added Component: Designator=U5_CH1(MP2770)
Add component (AddParameter): Name = "Case/Package"; Value = ""; VariantName = "[No Variations]"
Add component (AddParameter): Name = "ComponentLink1Description"; Value = "Datasheet"; VariantName = "[No Variations]"
Add component (AddParameter): Name = "ComponentLink1URL"; Value = "https://www.monolithicpower.com/en/documentview/productdocument/index/version/2/document_type/Datasheet/lang/en/sku/MP2770GL/document_id/10545/"; VariantName = "[No Variations]"
Add component (AddParameter): Name = "Max Operating Temperature"; Value = ""; VariantName = "[No Variations]"
Add component (AddParameter): Name = "Min Operating Temperature"; Value = ""; VariantName = "[No Variations]"
Add component (AddParameter): Name = "Mounting Technology"; Value = ""; VariantName = "[No Variations]"
Add component (AddParameter): Name = "Pins"; Value = ""; VariantName = "[No Variations]"
Add component (AddParameter): Name = "RoHS Compliant"; Value = ""; VariantName = "[No Variations]"
Added Component: Designator=U5_CH2(MP2770)
Add component (AddParameter): Name = "Case/Package"; Value = ""; VariantName = "[No Variations]"
Add component (AddParameter): Name = "ComponentLink1Description"; Value = "Datasheet"; VariantName = "[No Variations]"
Add component (AddParameter): Name = "ComponentLink1URL"; Value = "https://www.monolithicpower.com/en/documentview/productdocument/index/version/2/document_type/Datasheet/lang/en/sku/MP2770GL/document_id/10545/"; VariantName = "[No Variations]"
Add component (AddParameter): Name = "Max Operating Temperature"; Value = ""; VariantName = "[No Variations]"
Add component (AddParameter): Name = "Min Operating Temperature"; Value = ""; VariantName = "[No Variations]"
Add component (AddParameter): Name = "Mounting Technology"; Value = ""; VariantName = "[No Variations]"
Add component (AddParameter): Name = "Pins"; Value = ""; VariantName = "[No Variations]"
Add component (AddParameter): Name = "RoHS Compliant"; Value = ""; VariantName = "[No Variations]"
Added Component: Designator=U6_DCH1(SOIC127P600X175-8N)
Add component (AddParameter): Name = "Case/Package"; Value = ""; VariantName = "[No Variations]"
Add component (AddParameter): Name = "ComponentLink1Description"; Value = "Datasheet"; VariantName = "[No Variations]"
Add component (AddParameter): Name = "ComponentLink1URL"; Value = "https://www.monolithicpower.com/en/documentview/productdocument/index/version/2/document_type/Datasheet/lang/en/sku/MCS1806GS/document_id/10148/"; VariantName = "[No Variations]"
Add component (AddParameter): Name = "Max Operating Temperature"; Value = ""; VariantName = "[No Variations]"
Add component (AddParameter): Name = "Max Supply Voltage"; Value = ""; VariantName = "[No Variations]"
Add component (AddParameter): Name = "Min Operating Temperature"; Value = ""; VariantName = "[No Variations]"
Add component (AddParameter): Name = "Min Supply Voltage"; Value = ""; VariantName = "[No Variations]"
Add component (AddParameter): Name = "Mounting Technology"; Value = ""; VariantName = "[No Variations]"
Add component (AddParameter): Name = "Nominal Supply Current"; Value = ""; VariantName = "[No Variations]"
Add component (AddParameter): Name = "Nominal Supply Voltage"; Value = ""; VariantName = "[No Variations]"
Add component (AddParameter): Name = "Output Current"; Value = ""; VariantName = "[No Variations]"
Add component (AddParameter): Name = "Parameter 1"; Value = ""; VariantName = "[No Variations]"
Add component (AddParameter): Name = "Pins"; Value = ""; VariantName = "[No Variations]"
Add component (AddParameter): Name = "RoHS Compliant"; Value = ""; VariantName = "[No Variations]"
Add component (AddParameter): Name = "Sensor Type"; Value = ""; VariantName = "[No Variations]"
Added Component: Designator=U6_DCH2(SOIC127P600X175-8N)
Add component (AddParameter): Name = "Case/Package"; Value = ""; VariantName = "[No Variations]"
Add component (AddParameter): Name = "ComponentLink1Description"; Value = "Datasheet"; VariantName = "[No Variations]"
Add component (AddParameter): Name = "ComponentLink1URL"; Value = "https://www.monolithicpower.com/en/documentview/productdocument/index/version/2/document_type/Datasheet/lang/en/sku/MCS1806GS/document_id/10148/"; VariantName = "[No Variations]"
Add component (AddParameter): Name = "Max Operating Temperature"; Value = ""; VariantName = "[No Variations]"
Add component (AddParameter): Name = "Max Supply Voltage"; Value = ""; VariantName = "[No Variations]"
Add component (AddParameter): Name = "Min Operating Temperature"; Value = ""; VariantName = "[No Variations]"
Add component (AddParameter): Name = "Min Supply Voltage"; Value = ""; VariantName = "[No Variations]"
Add component (AddParameter): Name = "Mounting Technology"; Value = ""; VariantName = "[No Variations]"
Add component (AddParameter): Name = "Nominal Supply Current"; Value = ""; VariantName = "[No Variations]"
Add component (AddParameter): Name = "Nominal Supply Voltage"; Value = ""; VariantName = "[No Variations]"
Add component (AddParameter): Name = "Output Current"; Value = ""; VariantName = "[No Variations]"
Add component (AddParameter): Name = "Parameter 1"; Value = ""; VariantName = "[No Variations]"
Add component (AddParameter): Name = "Pins"; Value = ""; VariantName = "[No Variations]"
Add component (AddParameter): Name = "RoHS Compliant"; Value = ""; VariantName = "[No Variations]"
Add component (AddParameter): Name = "Sensor Type"; Value = ""; VariantName = "[No Variations]"
Added Component: Designator=U7_DCH1(SOIC127P600X175-8M)
Add component (AddParameter): Name = "Case/Package"; Value = "SOP"; VariantName = "[No Variations]"
Add component (AddParameter): Name = "Channels"; Value = "2"; VariantName = "[No Variations]"
Add component (AddParameter): Name = "Connector Type"; Value = ""; VariantName = "[No Variations]"
Add component (AddParameter): Name = "Frequency"; Value = ""; VariantName = "[No Variations]"
Add component (AddParameter): Name = "Gender"; Value = ""; VariantName = "[No Variations]"
Add component (AddParameter): Name = "Max Current Rating"; Value = ""; VariantName = "[No Variations]"
Add component (AddParameter): Name = "Max Operating Temperature"; Value = "125°C"; VariantName = "[No Variations]"
Add component (AddParameter): Name = "Max Supply Voltage"; Value = ""; VariantName = "[No Variations]"
Add component (AddParameter): Name = "Min Operating Temperature"; Value = "-40°C"; VariantName = "[No Variations]"
Add component (AddParameter): Name = "Min Supply Voltage"; Value = ""; VariantName = "[No Variations]"
Add component (AddParameter): Name = "Mounting Technology"; Value = ""; VariantName = "[No Variations]"
Add component (AddParameter): Name = "Nominal Dual Supply"; Value = ""; VariantName = "[No Variations]"
Add component (AddParameter): Name = "Nominal Gain Bandwidth Product"; Value = ""; VariantName = "[No Variations]"
Add component (AddParameter): Name = "Nominal Supply Voltage"; Value = "5V"; VariantName = "[No Variations]"
Add component (AddParameter): Name = "Output Type"; Value = ""; VariantName = "[No Variations]"
Add component (AddParameter): Name = "Pins"; Value = "8"; VariantName = "[No Variations]"
Add component (AddParameter): Name = "Power"; Value = ""; VariantName = "[No Variations]"
Add component (AddParameter): Name = "RoHS Compliant"; Value = "Yes"; VariantName = "[No Variations]"
Add component (AddParameter): Name = "Voltage Rating"; Value = ""; VariantName = "[No Variations]"
Added Component: Designator=U7_DCH2(SOIC127P600X175-8M)
Add component (AddParameter): Name = "Case/Package"; Value = "SOP"; VariantName = "[No Variations]"
Add component (AddParameter): Name = "Channels"; Value = "2"; VariantName = "[No Variations]"
Add component (AddParameter): Name = "Connector Type"; Value = ""; VariantName = "[No Variations]"
Add component (AddParameter): Name = "Frequency"; Value = ""; VariantName = "[No Variations]"
Add component (AddParameter): Name = "Gender"; Value = ""; VariantName = "[No Variations]"
Add component (AddParameter): Name = "Max Current Rating"; Value = ""; VariantName = "[No Variations]"
Add component (AddParameter): Name = "Max Operating Temperature"; Value = "125°C"; VariantName = "[No Variations]"
Add component (AddParameter): Name = "Max Supply Voltage"; Value = ""; VariantName = "[No Variations]"
Add component (AddParameter): Name = "Min Operating Temperature"; Value = "-40°C"; VariantName = "[No Variations]"
Add component (AddParameter): Name = "Min Supply Voltage"; Value = ""; VariantName = "[No Variations]"
Add component (AddParameter): Name = "Mounting Technology"; Value = ""; VariantName = "[No Variations]"
Add component (AddParameter): Name = "Nominal Dual Supply"; Value = ""; VariantName = "[No Variations]"
Add component (AddParameter): Name = "Nominal Gain Bandwidth Product"; Value = ""; VariantName = "[No Variations]"
Add component (AddParameter): Name = "Nominal Supply Voltage"; Value = "5V"; VariantName = "[No Variations]"
Add component (AddParameter): Name = "Output Type"; Value = ""; VariantName = "[No Variations]"
Add component (AddParameter): Name = "Pins"; Value = "8"; VariantName = "[No Variations]"
Add component (AddParameter): Name = "Power"; Value = ""; VariantName = "[No Variations]"
Add component (AddParameter): Name = "RoHS Compliant"; Value = "Yes"; VariantName = "[No Variations]"
Add component (AddParameter): Name = "Voltage Rating"; Value = ""; VariantName = "[No Variations]"
Added Component: Designator=U9(LDO_10V-0.8/3V3-SOT223)
Add component (AddParameter): Name = ".Creator"; Value = "GP"; VariantName = "[No Variations]"
Add component (AddParameter): Name = ".PCBcheck"; Value = ""; VariantName = "[No Variations]"
Add component (AddParameter): Name = ".SCHcheck"; Value = ""; VariantName = "[No Variations]"
Add component (AddParameter): Name = "Accuracy"; Value = "1%"; VariantName = "[No Variations]"
Add component (AddParameter): Name = "Case/Package"; Value = "SOT-223"; VariantName = "[No Variations]"
Add component (AddParameter): Name = "Category"; Value = "LDO"; VariantName = "[No Variations]"
Add component (AddParameter): Name = "ComponentLink1Description"; Value = "Datasheet"; VariantName = "[No Variations]"
Add component (AddParameter): Name = "ComponentLink1URL"; Value = "https://www.ti.com/lit/ds/symlink/lm1117.pdf?HQS=dis-mous-null-mousermode-dsf-pf-null-wwe&DCM=yes&ref_url=https%3A%2F%2Fwww.mouser.de%2F&distId=26"; VariantName = "[No Variations]"
Add component (AddParameter): Name = "ComponentLink2Description"; Value = "Where buy it"; VariantName = "[No Variations]"
Add component (AddParameter): Name = "ComponentLink2URL"; Value = "https://www.mouser.es/ProductDetail/Texas-Instruments/LM1117IMP-33-NOPB?qs=X1J7HmVL2ZFbpN1TgOsjYQ%3D%3D"; VariantName = "[No Variations]"
Add component (AddParameter): Name = "ComponentLink3Description"; Value = "https://datasheet.ciiva.com/27051/1281318-27051810.pdf?src-supplier=Jameco"; VariantName = "[No Variations]"
Add component (AddParameter): Name = "ComponentLink3URL"; Value = "https://datasheet.ciiva.com/27051/1281318-27051810.pdf?src-supplier=Jameco"; VariantName = "[No Variations]"
Add component (AddParameter): Name = "ComponentLink4Description"; Value = "https://datasheet.ciiva.com/8042/1670636-8042261.pdf?src-supplier=Element14"; VariantName = "[No Variations]"
Add component (AddParameter): Name = "ComponentLink4URL"; Value = "https://datasheet.ciiva.com/8042/1670636-8042261.pdf?src-supplier=Element14"; VariantName = "[No Variations]"
Add component (AddParameter): Name = "ComponentLink5Description"; Value = "https://datasheet.ciiva.com/1570/1849796-1570171.pdf?src-supplier=Farnell"; VariantName = "[No Variations]"
Add component (AddParameter): Name = "ComponentLink5URL"; Value = "https://datasheet.ciiva.com/1570/1849796-1570171.pdf?src-supplier=Farnell"; VariantName = "[No Variations]"
Add component (AddParameter): Name = "ComponentLink6Description"; Value = "https://datasheet.ciiva.com/14149/lm1117-eng-tds-14149980.pdf?src-supplier=Distrelec"; VariantName = "[No Variations]"
Add component (AddParameter): Name = "ComponentLink6URL"; Value = "https://datasheet.ciiva.com/14149/lm1117-eng-tds-14149980.pdf?src-supplier=Distrelec"; VariantName = "[No Variations]"
Add component (AddParameter): Name = "ComponentLink7Description"; Value = "https://datasheet.ciiva.com/46386/1882372-46386042.pdf?src-supplier=Element14"; VariantName = "[No Variations]"
Add component (AddParameter): Name = "ComponentLink7URL"; Value = "https://datasheet.ciiva.com/46386/1882372-46386042.pdf?src-supplier=Element14"; VariantName = "[No Variations]"
Add component (AddParameter): Name = "ComponentLink8Description"; Value = "https://datasheet.ciiva.com/3223/lm1117-n-3223515.pdf?src-supplier=Avnet"; VariantName = "[No Variations]"
Add component (AddParameter): Name = "ComponentLink8URL"; Value = "https://datasheet.ciiva.com/3223/lm1117-n-3223515.pdf?src-supplier=Avnet"; VariantName = "[No Variations]"
Add component (AddParameter): Name = "ComponentLink9Description"; Value = "https://datasheet.ciiva.com/6580/lm1117-n-6580030.pdf?src-supplier=Digi-Key"; VariantName = "[No Variations]"
Add component (AddParameter): Name = "ComponentLink9URL"; Value = "https://datasheet.ciiva.com/6580/lm1117-n-6580030.pdf?src-supplier=Digi-Key"; VariantName = "[No Variations]"
Add component (AddParameter): Name = "ComponentLink10Description"; Value = "https://datasheet.ciiva.com/6580/lm1117-n-6580026.pdf?src-supplier=Digi-Key"; VariantName = "[No Variations]"
Add component (AddParameter): Name = "ComponentLink10URL"; Value = "https://datasheet.ciiva.com/6580/lm1117-n-6580026.pdf?src-supplier=Digi-Key"; VariantName = "[No Variations]"
Add component (AddParameter): Name = "Current Rating"; Value = "800A"; VariantName = "[No Variations]"
Add component (AddParameter): Name = "Dropout Voltage"; Value = "1.2V"; VariantName = "[No Variations]"
Add component (AddParameter): Name = "Height"; Value = "1.6mm"; VariantName = "[No Variations]"
Add component (AddParameter): Name = "Lead Free"; Value = "Lead Free"; VariantName = "[No Variations]"
Add component (AddParameter): Name = "Length"; Value = "6.5mm"; VariantName = "[No Variations]"
Add component (AddParameter): Name = "Manufacturer"; Value = "Texas Instruments"; VariantName = "[No Variations]"
Add component (AddParameter): Name = "Manufacturer Part Number"; Value = "LM1117IMP-3.3/NOPB"; VariantName = "[No Variations]"
Add component (AddParameter): Name = "Max Input Voltage"; Value = "15V"; VariantName = "[No Variations]"
Add component (AddParameter): Name = "Max Operating Temperature"; Value = "125°C"; VariantName = "[No Variations]"
Add component (AddParameter): Name = "Max Output Current"; Value = "800mA"; VariantName = "[No Variations]"
Add component (AddParameter): Name = "Max Supply Voltage"; Value = "10V"; VariantName = "[No Variations]"
Add component (AddParameter): Name = "Min Current Limit"; Value = "800mA"; VariantName = "[No Variations]"
Add component (AddParameter): Name = "Min Input Voltage"; Value = "2.6V"; VariantName = "[No Variations]"
Add component (AddParameter): Name = "Min Operating Temperature"; Value = "-40°C"; VariantName = "[No Variations]"
Add component (AddParameter): Name = "Min Supply Voltage"; Value = "4.75V"; VariantName = "[No Variations]"
Add component (AddParameter): Name = "Mount"; Value = "Surface Mount"; VariantName = "[No Variations]"
Add component (AddParameter): Name = "Nominal Output Voltage"; Value = "3.3V"; VariantName = "[No Variations]"
Add component (AddParameter): Name = "Number of Outputs"; Value = "1"; VariantName = "[No Variations]"
Add component (AddParameter): Name = "Number of Pins"; Value = "4"; VariantName = "[No Variations]"
Add component (AddParameter): Name = "Number of Regulators"; Value = "1"; VariantName = "[No Variations]"
Add component (AddParameter): Name = "Output Current"; Value = "800mA"; VariantName = "[No Variations]"
Add component (AddParameter): Name = "Output Type"; Value = "Fixed"; VariantName = "[No Variations]"
Add component (AddParameter): Name = "Output Voltage"; Value = "3.3V"; VariantName = "[No Variations]"
Add component (AddParameter): Name = "Output Voltage Accuracy"; Value = "1%"; VariantName = "[No Variations]"
Add component (AddParameter): Name = "Package Quantity"; Value = "1000"; VariantName = "[No Variations]"
Add component (AddParameter): Name = "Packaging"; Value = "Tape and Reel"; VariantName = "[No Variations]"
Add component (AddParameter): Name = "Polarity"; Value = "Positive"; VariantName = "[No Variations]"
Add component (AddParameter): Name = "Pricing 1"; Value = "1=1,41000, 10=1,26300, 25=1,19920, 100=0,98500, 250=0,92072, 500=0,81366 (USD)"; VariantName = "[No Variations]"
Add component (AddParameter): Name = "Quiescent Current"; Value = "15mA"; VariantName = "[No Variations]"
Add component (AddParameter): Name = "Radiation Hardening"; Value = "No"; VariantName = "[No Variations]"
Add component (AddParameter): Name = "REACH SVHC"; Value = "No SVHC"; VariantName = "[No Variations]"
Add component (AddParameter): Name = "RoHS"; Value = "Yes"; VariantName = "[No Variations]"
Add component (AddParameter): Name = "RoHS Compliant"; Value = "Yes"; VariantName = "[No Variations]"
Add component (AddParameter): Name = "Supplier 1"; Value = "Digi-Key"; VariantName = "[No Variations]"
Add component (AddParameter): Name = "Supplier Part Number 1"; Value = "LM1117IMP-3.3/NOPBCT-ND"; VariantName = "[No Variations]"
Add component (AddParameter): Name = "Termination"; Value = "SMD/SMT"; VariantName = "[No Variations]"
Add component (AddParameter): Name = "Width"; Value = "3.56mm"; VariantName = "[No Variations]"
Added Component: Designator=Z5_NTC1(SODFL370X108-2N)
Add component (AddParameter): Name = "Case/Package"; Value = ""; VariantName = "[No Variations]"
Add component (AddParameter): Name = "Forward Current"; Value = ""; VariantName = "[No Variations]"
Add component (AddParameter): Name = "Forward Voltage"; Value = ""; VariantName = "[No Variations]"
Add component (AddParameter): Name = "Max Operating Temperature"; Value = "175°C"; VariantName = "[No Variations]"
Add component (AddParameter): Name = "Max Surge Current"; Value = ""; VariantName = "[No Variations]"
Add component (AddParameter): Name = "Min Operating Temperature"; Value = "-65°C"; VariantName = "[No Variations]"
Add component (AddParameter): Name = "Mounting Technology"; Value = ""; VariantName = "[No Variations]"
Add component (AddParameter): Name = "Peak Inverse Voltage"; Value = ""; VariantName = "[No Variations]"
Add component (AddParameter): Name = "Pins"; Value = "2"; VariantName = "[No Variations]"
Add component (AddParameter): Name = "RoHS Compliant"; Value = "Yes"; VariantName = "[No Variations]"
Added Component: Designator=Z5_NTC2(SODFL370X108-2N)
Add component (AddParameter): Name = "Case/Package"; Value = ""; VariantName = "[No Variations]"
Add component (AddParameter): Name = "Forward Current"; Value = ""; VariantName = "[No Variations]"
Add component (AddParameter): Name = "Forward Voltage"; Value = ""; VariantName = "[No Variations]"
Add component (AddParameter): Name = "Max Operating Temperature"; Value = "175°C"; VariantName = "[No Variations]"
Add component (AddParameter): Name = "Max Surge Current"; Value = ""; VariantName = "[No Variations]"
Add component (AddParameter): Name = "Min Operating Temperature"; Value = "-65°C"; VariantName = "[No Variations]"
Add component (AddParameter): Name = "Mounting Technology"; Value = ""; VariantName = "[No Variations]"
Add component (AddParameter): Name = "Peak Inverse Voltage"; Value = ""; VariantName = "[No Variations]"
Add component (AddParameter): Name = "Pins"; Value = "2"; VariantName = "[No Variations]"
Add component (AddParameter): Name = "RoHS Compliant"; Value = "Yes"; VariantName = "[No Variations]"
Added Pin To Net: NetName=NetC40_2 Pin=C5-2
Added Pin To Net: NetName=NetC40_2 Pin=C6-2
Added Pin To Net: NetName=NetC10_2 Pin=C7-2
Added Pin To Net: NetName=3V3_MCU Pin=C8-2
Added Pin To Net: NetName=3V3_MCU Pin=C9-2
Added Pin To Net: NetName=NetC40_2 Pin=C10-2
Added Pin To Net: NetName=NetC40_2 Pin=C11-2
Added Pin To Net: NetName=NTC2- Pin=C12_NTC1-1
Added Pin To Net: NetName=NTC2+ Pin=C12_NTC1-2
Added Pin To Net: NetName=NTC1- Pin=C12_NTC2-1
Added Pin To Net: NetName=NTC1+ Pin=C12_NTC2-2
Added Pin To Net: NetName=NTC2- Pin=C13_NTC1-1
Added Pin To Net: NetName=NTC1- Pin=C13_NTC2-1
Added Pin To Net: NetName=NetC40_2 Pin=C14-2
Added Pin To Net: NetName=NetC40_2 Pin=C15-2
Added Pin To Net: NetName=CAN_FIL_H Pin=C16-1
Added Pin To Net: NetName=GND Pin=C16-2
Added Pin To Net: NetName=CAN1_H Pin=C17-2
Added Pin To Net: NetName=3V3_MCU Pin=C18-2
Added Pin To Net: NetName=GND Pin=C19-2
Added Pin To Net: NetName=GND Pin=C20-1
Added Pin To Net: NetName=CAN_FIL_L Pin=C20-2
Added Pin To Net: NetName=CAN1_L Pin=C21-1
Added Pin To Net: NetName=GND Pin=C21-2
Added Pin To Net: NetName=GND Pin=C22-2
Added Pin To Net: NetName=3V3_MCU Pin=C24-2
Added Pin To Net: NetName=3V3_A Pin=C25-2
Added Pin To Net: NetName=GND Pin=C26-1
Added Pin To Net: NetName=3V3_MCU Pin=C26-2
Added Pin To Net: NetName=3V3_MCU Pin=C27-2
Added Pin To Net: NetName=GND Pin=C28-1
Added Pin To Net: NetName=3V3_MCU Pin=C28-2
Added Pin To Net: NetName=GND Pin=C29-1
Added Pin To Net: NetName=3V3_MCU Pin=C29-2
Added Pin To Net: NetName=GND Pin=C30-1
Added Pin To Net: NetName=3V3_MCU Pin=C30-2
Added Pin To Net: NetName=GND Pin=C32_CH1-1
Added Pin To Net: NetName=GND Pin=C32_CH2-1
Added Pin To Net: NetName=GND Pin=C33_CH1-1
Added Pin To Net: NetName=GND Pin=C33_CH2-1
Added Pin To Net: NetName=GND Pin=C34_CH1-1
Added Pin To Net: NetName=GND Pin=C34_CH2-1
Added Pin To Net: NetName=GND Pin=C35_CH1-1
Added Pin To Net: NetName=NetC43_2 Pin=C35_CH1-2
Added Pin To Net: NetName=GND Pin=C35_CH2-1
Added Pin To Net: NetName=NetC43_2 Pin=C35_CH2-2
Added Pin To Net: NetName=GND Pin=C36_CH1-1
Added Pin To Net: NetName=GND Pin=C36_CH2-1
Added Pin To Net: NetName=NetC40_2 Pin=C37_DCH1-1
Added Pin To Net: NetName=GND Pin=C37_DCH1-2
Added Pin To Net: NetName=NetC40_2 Pin=C37_DCH2-1
Added Pin To Net: NetName=GND Pin=C37_DCH2-2
Added Pin To Net: NetName=3V3_MCU Pin=C48-2
Added Pin To Net: NetName=CELL1- Pin=D1-1
Added Pin To Net: NetName=CELL1+ Pin=D1-2
Added Pin To Net: NetName=CELL2- Pin=D2-1
Added Pin To Net: NetName=CELL2+ Pin=D2-2
Added Pin To Net: NetName=NetC40_2 Pin=D3_KCELL1-K
Added Pin To Net: NetName=NetC40_2 Pin=D3_KCELL2-K
Added Pin To Net: NetName=NetC40_2 Pin=D4_KCELL1-K
Added Pin To Net: NetName=NetC40_2 Pin=D4_KCELL2-K
Added Pin To Net: NetName=GND Pin=D5-1
Added Pin To Net: NetName=CAN1_H Pin=D5-2
Added Pin To Net: NetName=CAN1_L Pin=D6-1
Added Pin To Net: NetName=GND Pin=D6-2
Added Pin To Net: NetName=GND Pin=D10-K
Added Pin To Net: NetName=GND Pin=D11-1
Added Pin To Net: NetName=NetC43_2 Pin=D11-2
Added Pin To Net: NetName=GND Pin=D12-K
Added Pin To Net: NetName=NTC2+ Pin=J2-1
Added Pin To Net: NetName=NTC2- Pin=J2-2
Added Pin To Net: NetName=3V3_MCU Pin=J5-1
Added Pin To Net: NetName=NetC43_2 Pin=J6-1
Added Pin To Net: NetName=NetC40_2 Pin=K1_KCELL1-A2
Added Pin To Net: NetName=NetC40_2 Pin=K1_KCELL2-A2
Added Pin To Net: NetName=CELL1+ Pin=K2_KCELL1-11
Added Pin To Net: NetName=NetC40_2 Pin=K2_KCELL1-A2
Added Pin To Net: NetName=CELL2+ Pin=K2_KCELL2-11
Added Pin To Net: NetName=NetC40_2 Pin=K2_KCELL2-A2
Added Pin To Net: NetName=NetC40_2 Pin=L1-1
Added Pin To Net: NetName=CAN1_H Pin=L2-2
Added Pin To Net: NetName=CAN1_L Pin=L2-3
Added Pin To Net: NetName=NetC39_2 Pin=L5-1
Added Pin To Net: NetName=NetC40_2 Pin=L5-2
Added Pin To Net: NetName=GND Pin=MH1-1
Added Pin To Net: NetName=GND Pin=MH2-1
Added Pin To Net: NetName=GND Pin=MH3-1
Added Pin To Net: NetName=GND Pin=MH4-1
Added Pin To Net: NetName=GND Pin=Q1_KCELL1-S
Added Pin To Net: NetName=GND Pin=Q1_KCELL2-S
Added Pin To Net: NetName=GND Pin=Q2_KCELL1-S
Added Pin To Net: NetName=GND Pin=Q2_KCELL2-S
Added Pin To Net: NetName=GND Pin=R5_KCELL1-1
Added Pin To Net: NetName=GND Pin=R5_KCELL2-1
Added Pin To Net: NetName=GND Pin=R7_KCELL1-1
Added Pin To Net: NetName=GND Pin=R7_KCELL2-1
Added Pin To Net: NetName=NTC2+ Pin=R8_NTC1-1
Added Pin To Net: NetName=NetC40_2 Pin=R8_NTC1-2
Added Pin To Net: NetName=NTC1+ Pin=R8_NTC2-1
Added Pin To Net: NetName=NetC40_2 Pin=R8_NTC2-2
Added Pin To Net: NetName=NTC2+ Pin=R9_NTC1-1
Added Pin To Net: NetName=NTC1+ Pin=R9_NTC2-1
Added Pin To Net: NetName=NTC2- Pin=R10_NTC1-1
Added Pin To Net: NetName=GND Pin=R10_NTC1-2
Added Pin To Net: NetName=NTC1- Pin=R10_NTC2-1
Added Pin To Net: NetName=GND Pin=R10_NTC2-2
Added Pin To Net: NetName=NetC19_1 Pin=R11-1
Added Pin To Net: NetName=CAN1_H Pin=R11-2
Added Pin To Net: NetName=CAN1_L Pin=R12-1
Added Pin To Net: NetName=NetC19_1 Pin=R12-2
Added Pin To Net: NetName=ID1 Pin=R13-1
Added Pin To Net: NetName=ID2 Pin=R14-1
Added Pin To Net: NetName=ID3 Pin=R15-1
Added Pin To Net: NetName=+3V3 Pin=R15-2
Added Pin To Net: NetName=ID4 Pin=R16-1
Added Pin To Net: NetName=+3V3 Pin=R16-2
Added Pin To Net: NetName=ID1 Pin=R17-2
Added Pin To Net: NetName=ID2 Pin=R18-2
Added Pin To Net: NetName=GND Pin=R19-1
Added Pin To Net: NetName=ID3 Pin=R19-2
Added Pin To Net: NetName=GND Pin=R20-1
Added Pin To Net: NetName=ID4 Pin=R20-2
Added Pin To Net: NetName=U_LED_1 Pin=R21-1
Added Pin To Net: NetName=U_LED_2 Pin=R22-1
Added Pin To Net: NetName=U_LED_3 Pin=R23-1
Added Pin To Net: NetName=NetD9_A Pin=R23-2
Added Pin To Net: NetName=U_LED_4 Pin=R24-1
Added Pin To Net: NetName=GND Pin=R27_CH1-1
Added Pin To Net: NetName=GND Pin=R27_CH2-1
Added Pin To Net: NetName=NetC40_2 Pin=R28_DCH1-2
Added Pin To Net: NetName=NetC40_2 Pin=R28_DCH2-2
Added Pin To Net: NetName=GND Pin=R30_DCH1-1
Added Pin To Net: NetName=GND Pin=R30_DCH2-1
Added Pin To Net: NetName=CELL1- Pin=R33_DCH1-1
Added Pin To Net: NetName=CELL2- Pin=R33_DCH2-1
Added Pin To Net: NetName=CELL1- Pin=R34_DCH1-1
Added Pin To Net: NetName=CELL2- Pin=R34_DCH2-1
Added Pin To Net: NetName=CELL1- Pin=R35_DCH1-1
Added Pin To Net: NetName=CELL2- Pin=R35_DCH2-1
Added Pin To Net: NetName=CELL1- Pin=R36_DCH1-1
Added Pin To Net: NetName=CELL2- Pin=R36_DCH2-1
Added Pin To Net: NetName=NetC43_2 Pin=R37-2
Added Pin To Net: NetName=NetC42_1 Pin=R38-1
Added Pin To Net: NetName=NetC40_2 Pin=R38-2
Added Pin To Net: NetName=NetC47_2 Pin=R39-1
Added Pin To Net: NetName=GND Pin=R40-1
Added Pin To Net: NetName=NetC42_1 Pin=R40-2
Added Pin To Net: NetName=GND Pin=R41-1
Added Pin To Net: NetName=3V3_MCU Pin=R42-2
Added Pin To Net: NetName=3V3_MCU Pin=TP1-1
Added Pin To Net: NetName=3V3_MCU Pin=U2-1
Added Pin To Net: NetName=NetC40_2 Pin=U2-20
Added Pin To Net: NetName=NetC40_2 Pin=U3-3
Added Pin To Net: NetName=3V3_MCU Pin=U3-5
Added Pin To Net: NetName=NRST Pin=U4-14
Added Pin To Net: NetName=U_LED_1 Pin=U4-38
Added Pin To Net: NetName=U_LED_2 Pin=U4-39
Added Pin To Net: NetName=U_LED_3 Pin=U4-40
Added Pin To Net: NetName=U_LED_4 Pin=U4-41
Added Pin To Net: NetName=ID1 Pin=U4-63
Added Pin To Net: NetName=ID2 Pin=U4-64
Added Pin To Net: NetName=ID3 Pin=U4-65
Added Pin To Net: NetName=ID4 Pin=U4-66
Added Pin To Net: NetName=SWDIO Pin=U4-72
Added Pin To Net: NetName=SWCLK Pin=U4-76
Added Pin To Net: NetName=NetU2_16 Pin=U4-77
Added Pin To Net: NetName=NetC43_2 Pin=U5_CH1-1
Added Pin To Net: NetName=GND Pin=U5_CH1-4
Added Pin To Net: NetName=GND Pin=U5_CH1-14
Added Pin To Net: NetName=NetC43_2 Pin=U5_CH2-1
Added Pin To Net: NetName=GND Pin=U5_CH2-4
Added Pin To Net: NetName=GND Pin=U5_CH2-14
Added Pin To Net: NetName=GND Pin=U6_DCH1-5
Added Pin To Net: NetName=NetC40_2 Pin=U6_DCH1-8
Added Pin To Net: NetName=GND Pin=U6_DCH2-5
Added Pin To Net: NetName=NetC40_2 Pin=U6_DCH2-8
Added Pin To Net: NetName=GND Pin=U7_DCH1-4
Added Pin To Net: NetName=NetC43_2 Pin=U7_DCH1-8
Added Pin To Net: NetName=GND Pin=U7_DCH2-4
Added Pin To Net: NetName=NetC43_2 Pin=U7_DCH2-8
Added Pin To Net: NetName=NetC43_2 Pin=U8-2
Added Pin To Net: NetName=NetC39_1 Pin=U8-3
Added Pin To Net: NetName=NetC47_2 Pin=U8-5
Added Pin To Net: NetName=GND Pin=U8-6
Added Pin To Net: NetName=NetC42_1 Pin=U8-7
Added Pin To Net: NetName=NetC39_2 Pin=U8-12
Added Pin To Net: NetName=GND Pin=U9-1
Added Pin To Net: NetName=3V3_MCU Pin=U9-2
Added Pin To Net: NetName=+5V Pin=U9-3
Added Pin To Net: NetName=3V3_MCU Pin=U9-4
Added Pin To Net: NetName=NTC2- Pin=Z5_NTC1-1
Added Pin To Net: NetName=NTC1- Pin=Z5_NTC2-1
Change Net Name : Old Net Name=NetC10_2 New Net Name=NetC7_2
Change Net Name : Old Net Name=NetC40_2 New Net Name=+5V
Change Net Name : Old Net Name=NetC43_2 New Net Name=+12V
Change Net Color : Old Net Color=RGB(158, 161, 117) New Net Color=RGB(110, 255, 110)
Change Net Color : Old Net Color=RGB(158, 161, 117) New Net Color=RGB(110, 255, 110)
Change Net Color : Old Net Color=RGB(110, 255, 110) New Net Color=Default
Change Net Color : Old Net Color=RGB(110, 255, 110) New Net Color=Default
Change Net Color : Old Net Color=RGB(158, 161, 117) New Net Color=RGB(255, 110, 110)
Change Net Color : Old Net Color=RGB(158, 161, 117) New Net Color=RGB(110, 255, 255)
Added Pin To Net: NetName=CH1_INT Pin=U4-55
Added Pin To Net: NetName=CH1_INT Pin=U5_CH1-10
Added Net: Name=CH1_INT
Added Pin To Net: NetName=CH2_INT Pin=U4-56
Added Pin To Net: NetName=CH2_INT Pin=U5_CH2-10
Added Net: Name=CH2_INT
Added Pin To Net: NetName=DAC_OUT1 Pin=U4-29
Added Pin To Net: NetName=DAC_OUT1 Pin=U7_DCH1-5
Added Net: Name=DAC_OUT1
Added Pin To Net: NetName=DAC_OUT2 Pin=U4-30
Added Pin To Net: NetName=DAC_OUT2 Pin=U7_DCH2-5
Added Net: Name=DAC_OUT2
Added Pin To Net: NetName=I2C1_SCL Pin=U4-92
Added Pin To Net: NetName=I2C1_SCL Pin=U5_CH1-8
Added Net: Name=I2C1_SCL
Added Pin To Net: NetName=I2C1_SDA Pin=U4-93
Added Pin To Net: NetName=I2C1_SDA Pin=U5_CH1-9
Added Net: Name=I2C1_SDA
Added Pin To Net: NetName=I2C2_SCL Pin=U4-47
Added Pin To Net: NetName=I2C2_SCL Pin=U5_CH2-8
Added Net: Name=I2C2_SCL
Added Pin To Net: NetName=I2C2_SDA Pin=U4-48
Added Pin To Net: NetName=I2C2_SDA Pin=U5_CH2-9
Added Net: Name=I2C2_SDA
Added Pin To Net: NetName=MCU_ADC_S1 Pin=U4-15
Added Pin To Net: NetName=MCU_ADC_S1 Pin=U6_DCH1-7
Added Net: Name=MCU_ADC_S1
Added Pin To Net: NetName=MCU_ADC_S2 Pin=U4-16
Added Pin To Net: NetName=MCU_ADC_S2 Pin=U6_DCH2-7
Added Net: Name=MCU_ADC_S2
Added Pin To Net: NetName=NetC1_2 Pin=C1-2
Added Pin To Net: NetName=NetC1_2 Pin=R1-1
Added Pin To Net: NetName=NetC1_2 Pin=U1-1
Added Net: Name=NetC1_2
Added Pin To Net: NetName=NetC2_2 Pin=C2-2
Added Pin To Net: NetName=NetC2_2 Pin=R2-1
Added Pin To Net: NetName=NetC2_2 Pin=U1-2
Added Net: Name=NetC2_2
Added Pin To Net: NetName=NetC3_2 Pin=C3-2
Added Pin To Net: NetName=NetC3_2 Pin=R3-1
Added Pin To Net: NetName=NetC3_2 Pin=U1-3
Added Net: Name=NetC3_2
Added Pin To Net: NetName=NetC4_2 Pin=C4-2
Added Pin To Net: NetName=NetC4_2 Pin=R4-1
Added Pin To Net: NetName=NetC4_2 Pin=U1-4
Added Net: Name=NetC4_2
Added Pin To Net: NetName=NetC13_NTC1_2 Pin=C13_NTC1-2
Added Pin To Net: NetName=NetC13_NTC1_2 Pin=R9_NTC1-2
Added Pin To Net: NetName=NetC13_NTC1_2 Pin=U4-17
Added Pin To Net: NetName=NetC13_NTC1_2 Pin=Z5_NTC1-2
Added Net: Name=NetC13_NTC1_2
Added Pin To Net: NetName=NetC13_NTC2_2 Pin=C13_NTC2-2
Added Pin To Net: NetName=NetC13_NTC2_2 Pin=R9_NTC2-2
Added Pin To Net: NetName=NetC13_NTC2_2 Pin=U4-18
Added Pin To Net: NetName=NetC13_NTC2_2 Pin=Z5_NTC2-2
Added Net: Name=NetC13_NTC2_2
Added Pin To Net: NetName=NetC22_1 Pin=C22-1
Added Pin To Net: NetName=NetC22_1 Pin=U4-12
Added Pin To Net: NetName=NetC22_1 Pin=Y1-3
Added Net: Name=NetC22_1
Added Pin To Net: NetName=NetC23_1 Pin=C23-1
Added Pin To Net: NetName=NetC23_1 Pin=U4-13
Added Pin To Net: NetName=NetC23_1 Pin=Y1-1
Added Net: Name=NetC23_1
Added Pin To Net: NetName=NetC31_CH1_1 Pin=C31_CH1-1
Added Pin To Net: NetName=NetC31_CH1_1 Pin=L4_CH1-1
Added Pin To Net: NetName=NetC31_CH1_1 Pin=U5_CH1-3
Added Pin To Net: NetName=NetC31_CH1_1 Pin=U5_CH1-11
Added Net: Name=NetC31_CH1_1
Added Pin To Net: NetName=NetC31_CH1_2 Pin=C31_CH1-2
Added Pin To Net: NetName=NetC31_CH1_2 Pin=U5_CH1-5
Added Net: Name=NetC31_CH1_2
Added Pin To Net: NetName=NetC31_CH2_1 Pin=C31_CH2-1
Added Pin To Net: NetName=NetC31_CH2_1 Pin=L4_CH2-1
Added Pin To Net: NetName=NetC31_CH2_1 Pin=U5_CH2-3
Added Pin To Net: NetName=NetC31_CH2_1 Pin=U5_CH2-11
Added Net: Name=NetC31_CH2_1
Added Pin To Net: NetName=NetC31_CH2_2 Pin=C31_CH2-2
Added Pin To Net: NetName=NetC31_CH2_2 Pin=U5_CH2-5
Added Net: Name=NetC31_CH2_2
Added Pin To Net: NetName=NetC32_CH1_2 Pin=C32_CH1-2
Added Pin To Net: NetName=NetC32_CH1_2 Pin=C33_CH1-2
Added Pin To Net: NetName=NetC32_CH1_2 Pin=U5_CH1-2
Added Net: Name=NetC32_CH1_2
Added Pin To Net: NetName=NetC32_CH2_2 Pin=C32_CH2-2
Added Pin To Net: NetName=NetC32_CH2_2 Pin=C33_CH2-2
Added Pin To Net: NetName=NetC32_CH2_2 Pin=U5_CH2-2
Added Net: Name=NetC32_CH2_2
Added Pin To Net: NetName=NetC34_CH1_2 Pin=C34_CH1-2
Added Pin To Net: NetName=NetC34_CH1_2 Pin=K1_KCELL1-12
Added Pin To Net: NetName=NetC34_CH1_2 Pin=R25_CH1-1
Added Pin To Net: NetName=NetC34_CH1_2 Pin=U5_CH1-13
Added Net: Name=NetC34_CH1_2
Added Pin To Net: NetName=NetC34_CH2_2 Pin=C34_CH2-2
Added Pin To Net: NetName=NetC34_CH2_2 Pin=K1_KCELL2-12
Added Pin To Net: NetName=NetC34_CH2_2 Pin=R25_CH2-1
Added Pin To Net: NetName=NetC34_CH2_2 Pin=U5_CH2-13
Added Net: Name=NetC34_CH2_2
Added Pin To Net: NetName=NetC36_CH1_2 Pin=C36_CH1-2
Added Pin To Net: NetName=NetC36_CH1_2 Pin=U5_CH1-15
Added Net: Name=NetC36_CH1_2
Added Pin To Net: NetName=NetC36_CH2_2 Pin=C36_CH2-2
Added Pin To Net: NetName=NetC36_CH2_2 Pin=U5_CH2-15
Added Net: Name=NetC36_CH2_2
Added Pin To Net: NetName=NetC38_DCH1_1 Pin=C38_DCH1-1
Added Pin To Net: NetName=NetC38_DCH1_1 Pin=R32_DCH1-1
Added Pin To Net: NetName=NetC38_DCH1_1 Pin=U7_DCH1-2
Added Net: Name=NetC38_DCH1_1
Added Pin To Net: NetName=NetC38_DCH1_2 Pin=C38_DCH1-2
Added Pin To Net: NetName=NetC38_DCH1_2 Pin=R29_DCH1-1
Added Pin To Net: NetName=NetC38_DCH1_2 Pin=U7_DCH1-1
Added Net: Name=NetC38_DCH1_2
Added Pin To Net: NetName=NetC38_DCH2_1 Pin=C38_DCH2-1
Added Pin To Net: NetName=NetC38_DCH2_1 Pin=R32_DCH2-1
Added Pin To Net: NetName=NetC38_DCH2_1 Pin=U7_DCH2-2
Added Net: Name=NetC38_DCH2_1
Added Pin To Net: NetName=NetC38_DCH2_2 Pin=C38_DCH2-2
Added Pin To Net: NetName=NetC38_DCH2_2 Pin=R29_DCH2-1
Added Pin To Net: NetName=NetC38_DCH2_2 Pin=U7_DCH2-1
Added Net: Name=NetC38_DCH2_2
Added Pin To Net: NetName=NetD3_KCELL1_A Pin=D3_KCELL1-A
Added Pin To Net: NetName=NetD3_KCELL1_A Pin=K1_KCELL1-A1
Added Pin To Net: NetName=NetD3_KCELL1_A Pin=Q1_KCELL1-D
Added Net: Name=NetD3_KCELL1_A
Added Pin To Net: NetName=NetD3_KCELL2_A Pin=D3_KCELL2-A
Added Pin To Net: NetName=NetD3_KCELL2_A Pin=K1_KCELL2-A1
Added Pin To Net: NetName=NetD3_KCELL2_A Pin=Q1_KCELL2-D
Added Net: Name=NetD3_KCELL2_A
Added Pin To Net: NetName=NetD4_KCELL1_A Pin=D4_KCELL1-A
Added Pin To Net: NetName=NetD4_KCELL1_A Pin=K2_KCELL1-A1
Added Pin To Net: NetName=NetD4_KCELL1_A Pin=Q2_KCELL1-D
Added Net: Name=NetD4_KCELL1_A
Added Pin To Net: NetName=NetD4_KCELL2_A Pin=D4_KCELL2-A
Added Pin To Net: NetName=NetD4_KCELL2_A Pin=K2_KCELL2-A1
Added Pin To Net: NetName=NetD4_KCELL2_A Pin=Q2_KCELL2-D
Added Net: Name=NetD4_KCELL2_A
Added Pin To Net: NetName=NetD10_A Pin=D10-A
Added Pin To Net: NetName=NetD10_A Pin=R24-2
Added Net: Name=NetD10_A
Added Pin To Net: NetName=NetD12_A Pin=D12-A
Added Pin To Net: NetName=NetD12_A Pin=R42-1
Added Net: Name=NetD12_A
Added Pin To Net: NetName=NetK1_KCELL1_11 Pin=K1_KCELL1-11
Added Pin To Net: NetName=NetK1_KCELL1_11 Pin=K2_KCELL1-14
Added Net: Name=NetK1_KCELL1_11
Added Pin To Net: NetName=NetK1_KCELL1_14 Pin=K1_KCELL1-14
Added Pin To Net: NetName=NetK1_KCELL1_14 Pin=U6_DCH1-1
Added Pin To Net: NetName=NetK1_KCELL1_14 Pin=U6_DCH1-2
Added Net: Name=NetK1_KCELL1_14
Added Pin To Net: NetName=NetK1_KCELL2_11 Pin=K1_KCELL2-11
Added Pin To Net: NetName=NetK1_KCELL2_11 Pin=K2_KCELL2-14
Added Net: Name=NetK1_KCELL2_11
Added Pin To Net: NetName=NetK1_KCELL2_14 Pin=K1_KCELL2-14
Added Pin To Net: NetName=NetK1_KCELL2_14 Pin=U6_DCH2-1
Added Pin To Net: NetName=NetK1_KCELL2_14 Pin=U6_DCH2-2
Added Net: Name=NetK1_KCELL2_14
Added Pin To Net: NetName=NetL4_CH1_2 Pin=L4_CH1-2
Added Pin To Net: NetName=NetL4_CH1_2 Pin=R25_CH1-2
Added Pin To Net: NetName=NetL4_CH1_2 Pin=U5_CH1-12
Added Net: Name=NetL4_CH1_2
Added Pin To Net: NetName=NetL4_CH2_2 Pin=L4_CH2-2
Added Pin To Net: NetName=NetL4_CH2_2 Pin=R25_CH2-2
Added Pin To Net: NetName=NetL4_CH2_2 Pin=U5_CH2-12
Added Net: Name=NetL4_CH2_2
Added Pin To Net: NetName=NetQ1_KCELL1_G Pin=Q1_KCELL1-G
Added Pin To Net: NetName=NetQ1_KCELL1_G Pin=R5_KCELL1-2
Added Pin To Net: NetName=NetQ1_KCELL1_G Pin=U4-60
Added Net: Name=NetQ1_KCELL1_G
Added Pin To Net: NetName=NetQ1_KCELL2_G Pin=Q1_KCELL2-G
Added Pin To Net: NetName=NetQ1_KCELL2_G Pin=R5_KCELL2-2
Added Pin To Net: NetName=NetQ1_KCELL2_G Pin=U4-62
Added Net: Name=NetQ1_KCELL2_G
Added Pin To Net: NetName=NetQ2_KCELL1_G Pin=Q2_KCELL1-G
Added Pin To Net: NetName=NetQ2_KCELL1_G Pin=R6_KCELL1-2
Added Net: Name=NetQ2_KCELL1_G
Added Pin To Net: NetName=NetQ2_KCELL2_G Pin=Q2_KCELL2-G
Added Pin To Net: NetName=NetQ2_KCELL2_G Pin=R6_KCELL2-2
Added Net: Name=NetQ2_KCELL2_G
Added Pin To Net: NetName=NetQ3_DCH1_1 Pin=Q3_DCH1-1
Added Pin To Net: NetName=NetQ3_DCH1_1 Pin=R29_DCH1-2
Added Net: Name=NetQ3_DCH1_1
Added Pin To Net: NetName=NetQ3_DCH1_2 Pin=Q3_DCH1-2
Added Pin To Net: NetName=NetQ3_DCH1_2 Pin=U6_DCH1-3
Added Pin To Net: NetName=NetQ3_DCH1_2 Pin=U6_DCH1-4
Added Net: Name=NetQ3_DCH1_2
Added Pin To Net: NetName=NetQ3_DCH1_3 Pin=Q3_DCH1-3
Added Pin To Net: NetName=NetQ3_DCH1_3 Pin=R32_DCH1-2
Added Pin To Net: NetName=NetQ3_DCH1_3 Pin=R33_DCH1-2
Added Pin To Net: NetName=NetQ3_DCH1_3 Pin=R34_DCH1-2
Added Pin To Net: NetName=NetQ3_DCH1_3 Pin=R35_DCH1-2
Added Pin To Net: NetName=NetQ3_DCH1_3 Pin=R36_DCH1-2
Added Net: Name=NetQ3_DCH1_3
Added Pin To Net: NetName=NetQ3_DCH2_1 Pin=Q3_DCH2-1
Added Pin To Net: NetName=NetQ3_DCH2_1 Pin=R29_DCH2-2
Added Net: Name=NetQ3_DCH2_1
Added Pin To Net: NetName=NetQ3_DCH2_2 Pin=Q3_DCH2-2
Added Pin To Net: NetName=NetQ3_DCH2_2 Pin=U6_DCH2-3
Added Pin To Net: NetName=NetQ3_DCH2_2 Pin=U6_DCH2-4
Added Net: Name=NetQ3_DCH2_2
Added Pin To Net: NetName=NetQ3_DCH2_3 Pin=Q3_DCH2-3
Added Pin To Net: NetName=NetQ3_DCH2_3 Pin=R32_DCH2-2
Added Pin To Net: NetName=NetQ3_DCH2_3 Pin=R33_DCH2-2
Added Pin To Net: NetName=NetQ3_DCH2_3 Pin=R34_DCH2-2
Added Pin To Net: NetName=NetQ3_DCH2_3 Pin=R35_DCH2-2
Added Pin To Net: NetName=NetQ3_DCH2_3 Pin=R36_DCH2-2
Added Net: Name=NetQ3_DCH2_3
Added Pin To Net: NetName=NetR6_KCELL1_1 Pin=R6_KCELL1-1
Added Pin To Net: NetName=NetR6_KCELL1_1 Pin=R7_KCELL1-2
Added Pin To Net: NetName=NetR6_KCELL1_1 Pin=U4-59
Added Net: Name=NetR6_KCELL1_1
Added Pin To Net: NetName=NetR6_KCELL2_1 Pin=R6_KCELL2-1
Added Pin To Net: NetName=NetR6_KCELL2_1 Pin=R7_KCELL2-2
Added Pin To Net: NetName=NetR6_KCELL2_1 Pin=U4-61
Added Net: Name=NetR6_KCELL2_1
Added Pin To Net: NetName=NetR26_CH1_1 Pin=R26_CH1-1
Added Pin To Net: NetName=NetR26_CH1_1 Pin=R27_CH1-2
Added Pin To Net: NetName=NetR26_CH1_1 Pin=U5_CH1-6
Added Net: Name=NetR26_CH1_1
Added Pin To Net: NetName=NetR26_CH1_2 Pin=R26_CH1-2
Added Pin To Net: NetName=NetR26_CH1_2 Pin=U5_CH1-7
Added Net: Name=NetR26_CH1_2
Added Pin To Net: NetName=NetR26_CH2_1 Pin=R26_CH2-1
Added Pin To Net: NetName=NetR26_CH2_1 Pin=R27_CH2-2
Added Pin To Net: NetName=NetR26_CH2_1 Pin=U5_CH2-6
Added Net: Name=NetR26_CH2_1
Added Pin To Net: NetName=NetR26_CH2_2 Pin=R26_CH2-2
Added Pin To Net: NetName=NetR26_CH2_2 Pin=U5_CH2-7
Added Net: Name=NetR26_CH2_2
Added Pin To Net: NetName=NetR28_DCH1_1 Pin=R28_DCH1-1
Added Pin To Net: NetName=NetR28_DCH1_1 Pin=U6_DCH1-6
Added Net: Name=NetR28_DCH1_1
Added Pin To Net: NetName=NetR28_DCH2_1 Pin=R28_DCH2-1
Added Pin To Net: NetName=NetR28_DCH2_1 Pin=U6_DCH2-6
Added Net: Name=NetR28_DCH2_1
Added Pin To Net: NetName=NetR30_DCH1_2 Pin=R30_DCH1-2
Added Pin To Net: NetName=NetR30_DCH1_2 Pin=R31_DCH1-1
Added Pin To Net: NetName=NetR30_DCH1_2 Pin=U7_DCH1-6
Added Net: Name=NetR30_DCH1_2
Added Pin To Net: NetName=NetR30_DCH2_2 Pin=R30_DCH2-2
Added Pin To Net: NetName=NetR30_DCH2_2 Pin=R31_DCH2-1
Added Pin To Net: NetName=NetR30_DCH2_2 Pin=U7_DCH2-6
Added Net: Name=NetR30_DCH2_2
Added Pin To Net: NetName=NetR31_DCH1_2 Pin=R31_DCH1-2
Added Pin To Net: NetName=NetR31_DCH1_2 Pin=U7_DCH1-3
Added Pin To Net: NetName=NetR31_DCH1_2 Pin=U7_DCH1-7
Added Net: Name=NetR31_DCH1_2
Added Pin To Net: NetName=NetR31_DCH2_2 Pin=R31_DCH2-2
Added Pin To Net: NetName=NetR31_DCH2_2 Pin=U7_DCH2-3
Added Pin To Net: NetName=NetR31_DCH2_2 Pin=U7_DCH2-7
Added Net: Name=NetR31_DCH2_2
Added Pin To Net: NetName=NetR37_1 Pin=R37-1
Added Pin To Net: NetName=NetR37_1 Pin=U8-9
Added Net: Name=NetR37_1
Added Pin To Net: NetName=NetR39_2 Pin=R39-2
Added Pin To Net: NetName=NetR39_2 Pin=U8-8
Added Net: Name=NetR39_2
Added Pin To Net: NetName=NetR41_2 Pin=R41-2
Added Pin To Net: NetName=NetR41_2 Pin=U8-4
Added Net: Name=NetR41_2
Added Pin To Net: NetName=S_CELL1+ Pin=J1-3
Added Pin To Net: NetName=S_CELL1+ Pin=R1-2
Added Pin To Net: NetName=S_CELL1+ Pin=Z1-2
Added Net: Name=S_CELL1+
Added Pin To Net: NetName=S_CELL1- Pin=J1-4
Added Pin To Net: NetName=S_CELL1- Pin=R2-2
Added Pin To Net: NetName=S_CELL1- Pin=Z2-2
Added Net: Name=S_CELL1-
Added Pin To Net: NetName=S_CELL2+ Pin=J2-3
Added Pin To Net: NetName=S_CELL2+ Pin=R3-2
Added Pin To Net: NetName=S_CELL2+ Pin=Z3-2
Added Net: Name=S_CELL2+
Added Pin To Net: NetName=S_CELL2- Pin=J2-4
Added Pin To Net: NetName=S_CELL2- Pin=R4-2
Added Pin To Net: NetName=S_CELL2- Pin=Z4-2
Added Net: Name=S_CELL2-
Change Class Name : Old Net Name=Level_Shifter New Net Name=CAN
Change Class Name : Old Net Name=Supply New Net Name=U_Supply
Added Class: Name=CH1
Added Class: Name=CH2
Added Class: Name=DCH1
Added Class: Name=DCH2
Added Class: Name=KCELL1
Added Class: Name=KCELL2
Added Class: Name=Level_Shifter
Added Class: Name=NTC1
Added Class: Name=NTC2
Added Differential Pair: Name=CAN1
Added Class: Name=Charge
Added Class: Name=Discharge
Added Class: Name=NTC
Added Class: Name=Relay
Added Member To Class: ClassName=CAN Member=Component C19 C100p-50V-0805FNPC-C0G/NP0
Added Member To Class: ClassName=CAN Member=Component C20 C100p-50V-0805FNPC-C0G/NP0
Added Member To Class: ClassName=CAN Member=Component C21 C100p-50V-0805FNPC-C0G/NP0
Added Member To Class: ClassName=MCU Member=Component C22 C10pF 0805
Added Member To Class: ClassName=MCU Member=Component C23 C10pF 0805
Added Member To Class: ClassName=MCU Member=Component C24 C100n-10V-1206FNPC-X7R
Added Member To Class: ClassName=MCU Member=Component C25 C100n-10V-1206FNPC-X7R
Added Member To Class: ClassName=MCU Member=Component C26 C100n-50V-0805FNPC-X7R
Added Member To Class: ClassName=MCU Member=Component C27 C100n-50V-0805FNPC-X7R
Added Member To Class: ClassName=MCU Member=Component C28 C100n-50V-0805FNPC-X7R
Added Member To Class: ClassName=ETR_CELLMETER_SLAVE Member=Component D1 TVS 6V DO-214AC
Added Member To Class: ClassName=ETR_CELLMETER_SLAVE Member=Component D2 TVS 6V DO-214AC
Added Member To Class: ClassName=CAN Member=Component D5 TVS 6V
Added Member To Class: ClassName=CAN Member=Component D6 TVS 6V
Added Member To Class: ClassName=MCU Member=Component D9 LEDBS-0805-145
Added Member To Class: ClassName=MCU Member=Component D10 LEDBS-0805-145
Added Member To Class: ClassName=U_Supply Member=Component D11 SMBJ26CAHE3_B/H
Added Member To Class: ClassName=U_Supply Member=Component D12 150080VS75000
Added Member To Class: ClassName=ETR_CELLMETER_SLAVE Member=Component J4 NanoFit 1x2
Added Member To Class: ClassName=CAN Member=Component L2 DLW32SH510XF2L
Added Member To Class: ClassName=U_Supply Member=Component L5 L2.2uH
Added Member To Class: ClassName=ETR_CELLMETER_SLAVE Member=Component MH1 Mounting_Hole_M3
Added Member To Class: ClassName=ETR_CELLMETER_SLAVE Member=Component MH2 Mounting_Hole_M3
Added Member To Class: ClassName=ETR_CELLMETER_SLAVE Member=Component MH3 Mounting_Hole_M3
Added Member To Class: ClassName=ETR_CELLMETER_SLAVE Member=Component MH4 Mounting_Hole_M3
Added Member To Class: ClassName=CAN Member=Component R11 R60-0805FTN
Added Member To Class: ClassName=CAN Member=Component R12 R60-0805FTN
Added Member To Class: ClassName=MCU Member=Component R23 R470 0805
Added Member To Class: ClassName=MCU Member=Component R24 R470 0805
Added Member To Class: ClassName=U_Supply Member=Component R37 R100k-0805
Added Member To Class: ClassName=U_Supply Member=Component R38 R100k-0805
Added Member To Class: ClassName=U_Supply Member=Component R39 R100k-0805
Added Member To Class: ClassName=U_Supply Member=Component R40 R19.1k_0805
Added Member To Class: ClassName=U_Supply Member=Component R41 R15K-0805
Added Member To Class: ClassName=U_Supply Member=Component R42 CR0805-FX-1000ELF
Added Member To Class: ClassName=CAN Member=Component U3 ATA6561-GAQW-N
Added Member To Class: ClassName=U_Supply Member=Component U9 LM1117IMP-3.3/NOPB
Added Member To Class: ClassName=ADC Member=Component Z1 BZD27B5V1P-M3-08
