Removed Pin From Net: NetName=+5V Pin=C37_DCH1-1
Removed Pin From Net: NetName=+5V Pin=C37_DCH2-1
Removed Pin From Net: NetName=S_CELL1+ Pin=J1-3
Removed Pin From Net: NetName=S_CELL1- Pin=J1-4
Removed Pin From Net: NetName=S_CELL2+ Pin=J2-3
Removed Pin From Net: NetName=S_CELL2- Pin=J2-4
Removed Pin From Net: NetName=NetQ1_KCELL1_G Pin=R5_KCELL1-2
Removed Pin From Net: NetName=NetQ1_KCELL2_G Pin=R5_KCELL2-2
Removed Pin From Net: NetName=GND Pin=R10_NTC1-2
Removed Pin From Net: NetName=GND Pin=R10_NTC2-2
Removed Pin From Net: NetName=+5V Pin=R28_DCH1-2
Removed Pin From Net: NetName=+5V Pin=R28_DCH2-2
Removed Pin From Net: NetName=NetQ1_KCELL1_G Pin=U4-60
Removed Pin From Net: NetName=NetQ1_KCELL2_G Pin=U4-62
Removed Pin From Net: NetName=+5V Pin=U6_DCH1-8
Removed Pin From Net: NetName=+5V Pin=U6_DCH2-8
Removed Pin From Net: NetName=S_CELL1+ Pin=Z1-2
Removed Pin From Net: NetName=S_CELL1- Pin=Z2-2
Removed Pin From Net: NetName=S_CELL2+ Pin=Z3-2
Removed Pin From Net: NetName=S_CELL2- Pin=Z4-2
Removed Member From Class: ClassName=NTC1 Member=R10_NTC1
Removed Member From Class: ClassName=NTC2 Member=R10_NTC2
Change Component Footprint: Designator=C43 Old Footprint=C0805FNPC-W New Footprint=FP-GRM32E-0_3-0_2-IPC_C
Change Component Footprint: Designator=C44 Old Footprint=C0805FNPC-W New Footprint=FP-GRM32E-0_3-0_2-IPC_C
Change Component Comment : Designator=C43 Old Comment=C4.7u-0805FNPC-X5R New Comment=C47µF-10V-1210
Change Component Comment : Designator=C44 Old Comment=C4.7u-0805FNPC-X5R New Comment=C47µF-10V-1210
Change Component Comment : Designator=C1 Old Comment=C10n-50V-0805FNPC-X7R New Comment=C100n-50V-0805FNPC-X7R
Change Component Comment : Designator=C2 Old Comment=C10n-50V-0805FNPC-X7R New Comment=C100n-50V-0805FNPC-X7R
Change Component Comment : Designator=C3 Old Comment=C10n-50V-0805FNPC-X7R New Comment=C100n-50V-0805FNPC-X7R
Change Component Comment : Designator=C4 Old Comment=C10n-50V-0805FNPC-X7R New Comment=C100n-50V-0805FNPC-X7R
Change Managed Component Library Link : Designator=C1 Old VaultGUID=082481D6-5331-4BED-BC73-1EE54992B059 New VaultGUID=082481D6-5331-4BED-BC73-1EE54992B059 Old ItemGUID=8C79A185-B716-46F1-BED3-20553E5B94DC New ItemGUID=D7BF49DC-CB76-4E29-8477-89E104AFC2CC Old RevisionGUID=889FCCDA-A012-41F8-A883-F85BFC9D6140 New RevisionGUID=D816F7DC-C070-4FF8-99C5-C53C46EF18E4
Change Managed Component Library Link : Designator=C2 Old VaultGUID=082481D6-5331-4BED-BC73-1EE54992B059 New VaultGUID=082481D6-5331-4BED-BC73-1EE54992B059 Old ItemGUID=8C79A185-B716-46F1-BED3-20553E5B94DC New ItemGUID=D7BF49DC-CB76-4E29-8477-89E104AFC2CC Old RevisionGUID=889FCCDA-A012-41F8-A883-F85BFC9D6140 New RevisionGUID=D816F7DC-C070-4FF8-99C5-C53C46EF18E4
Change Managed Component Library Link : Designator=C3 Old VaultGUID=082481D6-5331-4BED-BC73-1EE54992B059 New VaultGUID=082481D6-5331-4BED-BC73-1EE54992B059 Old ItemGUID=8C79A185-B716-46F1-BED3-20553E5B94DC New ItemGUID=D7BF49DC-CB76-4E29-8477-89E104AFC2CC Old RevisionGUID=889FCCDA-A012-41F8-A883-F85BFC9D6140 New RevisionGUID=D816F7DC-C070-4FF8-99C5-C53C46EF18E4
Change Managed Component Library Link : Designator=C4 Old VaultGUID=082481D6-5331-4BED-BC73-1EE54992B059 New VaultGUID=082481D6-5331-4BED-BC73-1EE54992B059 Old ItemGUID=8C79A185-B716-46F1-BED3-20553E5B94DC New ItemGUID=D7BF49DC-CB76-4E29-8477-89E104AFC2CC Old RevisionGUID=889FCCDA-A012-41F8-A883-F85BFC9D6140 New RevisionGUID=D816F7DC-C070-4FF8-99C5-C53C46EF18E4
Change Managed Component Library Link : Designator=C43 Old VaultGUID=082481D6-5331-4BED-BC73-1EE54992B059 New VaultGUID=082481D6-5331-4BED-BC73-1EE54992B059 Old ItemGUID=C3787709-C78A-42C3-A7D7-9283F4EEA63A New ItemGUID=9ce1a1da-1b02-40fa-850b-590f5301e22f Old RevisionGUID=814AA8A8-0AF2-40D0-8E54-D67B08F82185 New RevisionGUID=7FB28C99-AD2A-4A50-B39F-177DEFBCA974
Change Managed Component Library Link : Designator=C44 Old VaultGUID=082481D6-5331-4BED-BC73-1EE54992B059 New VaultGUID=082481D6-5331-4BED-BC73-1EE54992B059 Old ItemGUID=C3787709-C78A-42C3-A7D7-9283F4EEA63A New ItemGUID=9ce1a1da-1b02-40fa-850b-590f5301e22f Old RevisionGUID=814AA8A8-0AF2-40D0-8E54-D67B08F82185 New RevisionGUID=7FB28C99-AD2A-4A50-B39F-177DEFBCA974
Change component parameters: Designator = "C1" ("C1"); Footprint = "C0805FNPC-R"; UniqueID = "\AJFHFKTS\AHRRPOMG" ("\AJFHFKTS\AHRRPOMG")
Change component parameters (AddParameter): Name = ".Creator"; Value = "DR"; VariantName = "[No Variations]"
Change component parameters (AddParameter): Name = ".PCBcheck"; Value = ""; VariantName = "[No Variations]"
Change component parameters (AddParameter): Name = ".SCHcheck"; Value = ""; VariantName = "[No Variations]"
Change component parameters (AddParameter): Name = "Capacitance"; Value = ""; VariantName = "[No Variations]"
Change component parameters (AddParameter): Name = "Case Code (Metric)"; Value = "2012"; VariantName = "[No Variations]"
Change component parameters (AddParameter): Name = "Case/Package"; Value = "0805"; VariantName = "[No Variations]"
Change component parameters (AddParameter): Name = "Category"; Value = "Ceramic Capacitors"; VariantName = "[No Variations]"
Change component parameters (AddParameter): Name = "ComponentLink1Description"; Value = "http://www.farnell.com/datasheets/1958498.pdf?src-supplier=Farnell"; VariantName = "[No Variations]"
Change component parameters (AddParameter): Name = "ComponentLink1URL"; Value = "http://www.farnell.com/datasheets/1958498.pdf?src-supplier=Farnell"; VariantName = "[No Variations]"
Change component parameters (AddParameter): Name = "ComponentLink2Description"; Value = "http://www.farnell.com/datasheets/1958498.pdf?src-supplier=Element14"; VariantName = "[No Variations]"
Change component parameters (AddParameter): Name = "ComponentLink2URL"; Value = "http://www.farnell.com/datasheets/1958498.pdf?src-supplier=Element14"; VariantName = "[No Variations]"
Change component parameters (AddParameter): Name = "ComponentLink3Description"; Value = "https://katalog.we-online.de/pbs/datasheet/885012207098.pdf?src-supplier=Digi-Key"; VariantName = "[No Variations]"
Change component parameters (AddParameter): Name = "ComponentLink3URL"; Value = "https://katalog.we-online.de/pbs/datasheet/885012207098.pdf?src-supplier=Digi-Key"; VariantName = "[No Variations]"
Change component parameters (AddParameter): Name = "ComponentLink4Description"; Value = "http://www.farnell.com/datasheets/1958498.pdf?src-supplier=Newark"; VariantName = "[No Variations]"
Change component parameters (AddParameter): Name = "ComponentLink4URL"; Value = "http://www.farnell.com/datasheets/1958498.pdf?src-supplier=Newark"; VariantName = "[No Variations]"
Change component parameters (AddParameter): Name = "Construction"; Value = ""; VariantName = "[No Variations]"
Change component parameters (AddParameter): Name = "Depth"; Value = ""; VariantName = "[No Variations]"
Change component parameters (AddParameter): Name = "Design Item ID"; Value = "C100n-50V-0805FNPC-X7R"; VariantName = "[No Variations]"
Change component parameters (AddParameter): Name = "Diameter"; Value = ""; VariantName = "[No Variations]"
Change component parameters (AddParameter): Name = "Dielectric"; Value = "X7R"; VariantName = "[No Variations]"
Change component parameters (AddParameter): Name = "Dielectric Material"; Value = ""; VariantName = "[No Variations]"
Change component parameters (AddParameter): Name = "Dissipation Factor"; Value = ""; VariantName = "[No Variations]"
Change component parameters (AddParameter): Name = "ESR (Equivalent Series Resistance)"; Value = ""; VariantName = "[No Variations]"
Change component parameters (AddParameter): Name = "Features"; Value = ""; VariantName = "[No Variations]"
Change component parameters (AddParameter): Name = "Halogen Free"; Value = ""; VariantName = "[No Variations]"
Change component parameters (AddParameter): Name = "Height"; Value = ""; VariantName = "[No Variations]"
Change component parameters (AddParameter): Name = "Height - Seated (Max)"; Value = ""; VariantName = "[No Variations]"
Change component parameters (AddParameter): Name = "Impedance"; Value = ""; VariantName = "[No Variations]"
Change component parameters (AddParameter): Name = "Lead Diameter"; Value = ""; VariantName = "[No Variations]"
Change component parameters (AddParameter): Name = "Lead Free"; Value = ""; VariantName = "[No Variations]"
Change component parameters (AddParameter): Name = "Lead Pitch"; Value = ""; VariantName = "[No Variations]"
Change component parameters (AddParameter): Name = "Leakage Current"; Value = ""; VariantName = "[No Variations]"
Change component parameters (AddParameter): Name = "Length"; Value = "0.079inch"; VariantName = "[No Variations]"
Change component parameters (AddParameter): Name = "Life (Hours)"; Value = ""; VariantName = "[No Variations]"
Change component parameters (AddParameter): Name = "Manufacturer"; Value = ""; VariantName = "[No Variations]"
Change component parameters (AddParameter): Name = "Manufacturer 1"; Value = "Wurth Electronics"; VariantName = "[No Variations]"
Change component parameters (AddParameter): Name = "Manufacturer Part Number"; Value = ""; VariantName = "[No Variations]"
Change component parameters (AddParameter): Name = "Manufacturer Part Number 1"; Value = "885012207098"; VariantName = "[No Variations]"
Change component parameters (AddParameter): Name = "Material"; Value = ""; VariantName = "[No Variations]"
Change component parameters (AddParameter): Name = "Max Operating Temperature"; Value = "125°C"; VariantName = "[No Variations]"
Change component parameters (AddParameter): Name = "Min Operating Temperature"; Value = "-55°C"; VariantName = "[No Variations]"
Change component parameters (AddParameter): Name = "Mount"; Value = "Surface Mount"; VariantName = "[No Variations]"
Change component parameters (AddParameter): Name = "Package Quantity"; Value = ""; VariantName = "[No Variations]"
Change component parameters (AddParameter): Name = "Packaging"; Value = "Cut Tape"; VariantName = "[No Variations]"
Change component parameters (AddParameter): Name = "Pins"; Value = ""; VariantName = "[No Variations]"
Change component parameters (AddParameter): Name = "Polarity"; Value = ""; VariantName = "[No Variations]"
Change component parameters (AddParameter): Name = "Pricing 1"; Value = "100=0,10200, 500=0,07100, 2000=0,06100 (GBP)"; VariantName = "[No Variations]"
Change component parameters (AddParameter): Name = "Radiation Hardening"; Value = ""; VariantName = "[No Variations]"
Change component parameters (AddParameter): Name = "Ratings"; Value = ""; VariantName = "[No Variations]"
Change component parameters (AddParameter): Name = "REACH SVHC"; Value = "Unknown"; VariantName = "[No Variations]"
Change component parameters (AddParameter): Name = "Ripple Current"; Value = ""; VariantName = "[No Variations]"
Change component parameters (AddParameter): Name = "RoHS"; Value = "Yes"; VariantName = "[No Variations]"
Change component parameters (AddParameter): Name = "RoHS Compliant"; Value = "Yes"; VariantName = "[No Variations]"
Change component parameters (AddParameter): Name = "Series"; Value = ""; VariantName = "[No Variations]"
Change component parameters (AddParameter): Name = "Source"; Value = "Passives.SchLib"; VariantName = "[No Variations]"
Change component parameters (AddParameter): Name = "Stock 1"; Value = "8000"; VariantName = "[No Variations]"
Change component parameters (AddParameter): Name = "Termination"; Value = ""; VariantName = "[No Variations]"
Change component parameters (AddParameter): Name = "Thickness"; Value = "0.035inch"; VariantName = "[No Variations]"
Change component parameters (AddParameter): Name = "Tolerance"; Value = "10%"; VariantName = "[No Variations]"
Change component parameters (AddParameter): Name = "Value"; Value = "100nF"; VariantName = "[No Variations]"
Change component parameters (AddParameter): Name = "Voltage"; Value = ""; VariantName = "[No Variations]"
Change component parameters (AddParameter): Name = "Voltage Rating"; Value = "50V"; VariantName = "[No Variations]"
Change component parameters (AddParameter): Name = "Voltage Rating (DC)"; Value = "50V"; VariantName = "[No Variations]"
Change component parameters (AddParameter): Name = "Weight"; Value = ""; VariantName = "[No Variations]"
Change component parameters (AddParameter): Name = "Width"; Value = "0.049inch"; VariantName = "[No Variations]"
Change component parameters: Designator = "C2" ("C2"); Footprint = "C0805FNPC-R"; UniqueID = "\AJFHFKTS\UWYCPOJN" ("\AJFHFKTS\UWYCPOJN")
Change component parameters (AddParameter): Name = ".Creator"; Value = "DR"; VariantName = "[No Variations]"
Change component parameters (AddParameter): Name = ".PCBcheck"; Value = ""; VariantName = "[No Variations]"
Change component parameters (AddParameter): Name = ".SCHcheck"; Value = ""; VariantName = "[No Variations]"
Change component parameters (AddParameter): Name = "Capacitance"; Value = ""; VariantName = "[No Variations]"
Change component parameters (AddParameter): Name = "Case Code (Metric)"; Value = "2012"; VariantName = "[No Variations]"
Change component parameters (AddParameter): Name = "Case/Package"; Value = "0805"; VariantName = "[No Variations]"
Change component parameters (AddParameter): Name = "Category"; Value = "Ceramic Capacitors"; VariantName = "[No Variations]"
Change component parameters (AddParameter): Name = "ComponentLink1Description"; Value = "http://www.farnell.com/datasheets/1958498.pdf?src-supplier=Farnell"; VariantName = "[No Variations]"
Change component parameters (AddParameter): Name = "ComponentLink1URL"; Value = "http://www.farnell.com/datasheets/1958498.pdf?src-supplier=Farnell"; VariantName = "[No Variations]"
Change component parameters (AddParameter): Name = "ComponentLink2Description"; Value = "http://www.farnell.com/datasheets/1958498.pdf?src-supplier=Element14"; VariantName = "[No Variations]"
Change component parameters (AddParameter): Name = "ComponentLink2URL"; Value = "http://www.farnell.com/datasheets/1958498.pdf?src-supplier=Element14"; VariantName = "[No Variations]"
Change component parameters (AddParameter): Name = "ComponentLink3Description"; Value = "https://katalog.we-online.de/pbs/datasheet/885012207098.pdf?src-supplier=Digi-Key"; VariantName = "[No Variations]"
Change component parameters (AddParameter): Name = "ComponentLink3URL"; Value = "https://katalog.we-online.de/pbs/datasheet/885012207098.pdf?src-supplier=Digi-Key"; VariantName = "[No Variations]"
Change component parameters (AddParameter): Name = "ComponentLink4Description"; Value = "http://www.farnell.com/datasheets/1958498.pdf?src-supplier=Newark"; VariantName = "[No Variations]"
Change component parameters (AddParameter): Name = "ComponentLink4URL"; Value = "http://www.farnell.com/datasheets/1958498.pdf?src-supplier=Newark"; VariantName = "[No Variations]"
Change component parameters (AddParameter): Name = "Construction"; Value = ""; VariantName = "[No Variations]"
Change component parameters (AddParameter): Name = "Depth"; Value = ""; VariantName = "[No Variations]"
Change component parameters (AddParameter): Name = "Design Item ID"; Value = "C100n-50V-0805FNPC-X7R"; VariantName = "[No Variations]"
Change component parameters (AddParameter): Name = "Diameter"; Value = ""; VariantName = "[No Variations]"
Change component parameters (AddParameter): Name = "Dielectric"; Value = "X7R"; VariantName = "[No Variations]"
Change component parameters (AddParameter): Name = "Dielectric Material"; Value = ""; VariantName = "[No Variations]"
Change component parameters (AddParameter): Name = "Dissipation Factor"; Value = ""; VariantName = "[No Variations]"
Change component parameters (AddParameter): Name = "ESR (Equivalent Series Resistance)"; Value = ""; VariantName = "[No Variations]"
Change component parameters (AddParameter): Name = "Features"; Value = ""; VariantName = "[No Variations]"
Change component parameters (AddParameter): Name = "Halogen Free"; Value = ""; VariantName = "[No Variations]"
Change component parameters (AddParameter): Name = "Height"; Value = ""; VariantName = "[No Variations]"
Change component parameters (AddParameter): Name = "Height - Seated (Max)"; Value = ""; VariantName = "[No Variations]"
Change component parameters (AddParameter): Name = "Impedance"; Value = ""; VariantName = "[No Variations]"
Change component parameters (AddParameter): Name = "Lead Diameter"; Value = ""; VariantName = "[No Variations]"
Change component parameters (AddParameter): Name = "Lead Free"; Value = ""; VariantName = "[No Variations]"
Change component parameters (AddParameter): Name = "Lead Pitch"; Value = ""; VariantName = "[No Variations]"
Change component parameters (AddParameter): Name = "Leakage Current"; Value = ""; VariantName = "[No Variations]"
Change component parameters (AddParameter): Name = "Length"; Value = "0.079inch"; VariantName = "[No Variations]"
Change component parameters (AddParameter): Name = "Life (Hours)"; Value = ""; VariantName = "[No Variations]"
Change component parameters (AddParameter): Name = "Manufacturer"; Value = ""; VariantName = "[No Variations]"
Change component parameters (AddParameter): Name = "Manufacturer 1"; Value = "Wurth Electronics"; VariantName = "[No Variations]"
Change component parameters (AddParameter): Name = "Manufacturer Part Number"; Value = ""; VariantName = "[No Variations]"
Change component parameters (AddParameter): Name = "Manufacturer Part Number 1"; Value = "885012207098"; VariantName = "[No Variations]"
Change component parameters (AddParameter): Name = "Material"; Value = ""; VariantName = "[No Variations]"
Change component parameters (AddParameter): Name = "Max Operating Temperature"; Value = "125°C"; VariantName = "[No Variations]"
Change component parameters (AddParameter): Name = "Min Operating Temperature"; Value = "-55°C"; VariantName = "[No Variations]"
Change component parameters (AddParameter): Name = "Mount"; Value = "Surface Mount"; VariantName = "[No Variations]"
Change component parameters (AddParameter): Name = "Package Quantity"; Value = ""; VariantName = "[No Variations]"
Change component parameters (AddParameter): Name = "Packaging"; Value = "Cut Tape"; VariantName = "[No Variations]"
Change component parameters (AddParameter): Name = "Pins"; Value = ""; VariantName = "[No Variations]"
Change component parameters (AddParameter): Name = "Polarity"; Value = ""; VariantName = "[No Variations]"
Change component parameters (AddParameter): Name = "Pricing 1"; Value = "100=0,10200, 500=0,07100, 2000=0,06100 (GBP)"; VariantName = "[No Variations]"
Change component parameters (AddParameter): Name = "Radiation Hardening"; Value = ""; VariantName = "[No Variations]"
Change component parameters (AddParameter): Name = "Ratings"; Value = ""; VariantName = "[No Variations]"
Change component parameters (AddParameter): Name = "REACH SVHC"; Value = "Unknown"; VariantName = "[No Variations]"
Change component parameters (AddParameter): Name = "Ripple Current"; Value = ""; VariantName = "[No Variations]"
Change component parameters (AddParameter): Name = "RoHS"; Value = "Yes"; VariantName = "[No Variations]"
Change component parameters (AddParameter): Name = "RoHS Compliant"; Value = "Yes"; VariantName = "[No Variations]"
Change component parameters (AddParameter): Name = "Series"; Value = ""; VariantName = "[No Variations]"
Change component parameters (AddParameter): Name = "Source"; Value = "Passives.SchLib"; VariantName = "[No Variations]"
Change component parameters (AddParameter): Name = "Stock 1"; Value = "8000"; VariantName = "[No Variations]"
Change component parameters (AddParameter): Name = "Termination"; Value = ""; VariantName = "[No Variations]"
Change component parameters (AddParameter): Name = "Thickness"; Value = "0.035inch"; VariantName = "[No Variations]"
Change component parameters (AddParameter): Name = "Tolerance"; Value = "10%"; VariantName = "[No Variations]"
Change component parameters (AddParameter): Name = "Value"; Value = "100nF"; VariantName = "[No Variations]"
Change component parameters (AddParameter): Name = "Voltage"; Value = ""; VariantName = "[No Variations]"
Change component parameters (AddParameter): Name = "Voltage Rating"; Value = "50V"; VariantName = "[No Variations]"
Change component parameters (AddParameter): Name = "Voltage Rating (DC)"; Value = "50V"; VariantName = "[No Variations]"
Change component parameters (AddParameter): Name = "Weight"; Value = ""; VariantName = "[No Variations]"
Change component parameters (AddParameter): Name = "Width"; Value = "0.049inch"; VariantName = "[No Variations]"
Change component parameters: Designator = "C3" ("C3"); Footprint = "C0805FNPC-R"; UniqueID = "\AJFHFKTS\OJKHRLHW" ("\AJFHFKTS\OJKHRLHW")
Change component parameters (AddParameter): Name = ".Creator"; Value = "DR"; VariantName = "[No Variations]"
Change component parameters (AddParameter): Name = ".PCBcheck"; Value = ""; VariantName = "[No Variations]"
Change component parameters (AddParameter): Name = ".SCHcheck"; Value = ""; VariantName = "[No Variations]"
Change component parameters (AddParameter): Name = "Capacitance"; Value = ""; VariantName = "[No Variations]"
Change component parameters (AddParameter): Name = "Case Code (Metric)"; Value = "2012"; VariantName = "[No Variations]"
Change component parameters (AddParameter): Name = "Case/Package"; Value = "0805"; VariantName = "[No Variations]"
Change component parameters (AddParameter): Name = "Category"; Value = "Ceramic Capacitors"; VariantName = "[No Variations]"
Change component parameters (AddParameter): Name = "ComponentLink1Description"; Value = "http://www.farnell.com/datasheets/1958498.pdf?src-supplier=Farnell"; VariantName = "[No Variations]"
Change component parameters (AddParameter): Name = "ComponentLink1URL"; Value = "http://www.farnell.com/datasheets/1958498.pdf?src-supplier=Farnell"; VariantName = "[No Variations]"
Change component parameters (AddParameter): Name = "ComponentLink2Description"; Value = "http://www.farnell.com/datasheets/1958498.pdf?src-supplier=Element14"; VariantName = "[No Variations]"
Change component parameters (AddParameter): Name = "ComponentLink2URL"; Value = "http://www.farnell.com/datasheets/1958498.pdf?src-supplier=Element14"; VariantName = "[No Variations]"
Change component parameters (AddParameter): Name = "ComponentLink3Description"; Value = "https://katalog.we-online.de/pbs/datasheet/885012207098.pdf?src-supplier=Digi-Key"; VariantName = "[No Variations]"
Change component parameters (AddParameter): Name = "ComponentLink3URL"; Value = "https://katalog.we-online.de/pbs/datasheet/885012207098.pdf?src-supplier=Digi-Key"; VariantName = "[No Variations]"
Change component parameters (AddParameter): Name = "ComponentLink4Description"; Value = "http://www.farnell.com/datasheets/1958498.pdf?src-supplier=Newark"; VariantName = "[No Variations]"
Change component parameters (AddParameter): Name = "ComponentLink4URL"; Value = "http://www.farnell.com/datasheets/1958498.pdf?src-supplier=Newark"; VariantName = "[No Variations]"
Change component parameters (AddParameter): Name = "Construction"; Value = ""; VariantName = "[No Variations]"
Change component parameters (AddParameter): Name = "Depth"; Value = ""; VariantName = "[No Variations]"
Change component parameters (AddParameter): Name = "Design Item ID"; Value = "C100n-50V-0805FNPC-X7R"; VariantName = "[No Variations]"
Change component parameters (AddParameter): Name = "Diameter"; Value = ""; VariantName = "[No Variations]"
Change component parameters (AddParameter): Name = "Dielectric"; Value = "X7R"; VariantName = "[No Variations]"
Change component parameters (AddParameter): Name = "Dielectric Material"; Value = ""; VariantName = "[No Variations]"
Change component parameters (AddParameter): Name = "Dissipation Factor"; Value = ""; VariantName = "[No Variations]"
Change component parameters (AddParameter): Name = "ESR (Equivalent Series Resistance)"; Value = ""; VariantName = "[No Variations]"
Change component parameters (AddParameter): Name = "Features"; Value = ""; VariantName = "[No Variations]"
Change component parameters (AddParameter): Name = "Halogen Free"; Value = ""; VariantName = "[No Variations]"
Change component parameters (AddParameter): Name = "Height"; Value = ""; VariantName = "[No Variations]"
Change component parameters (AddParameter): Name = "Height - Seated (Max)"; Value = ""; VariantName = "[No Variations]"
Change component parameters (AddParameter): Name = "Impedance"; Value = ""; VariantName = "[No Variations]"
Change component parameters (AddParameter): Name = "Lead Diameter"; Value = ""; VariantName = "[No Variations]"
Change component parameters (AddParameter): Name = "Lead Free"; Value = ""; VariantName = "[No Variations]"
Change component parameters (AddParameter): Name = "Lead Pitch"; Value = ""; VariantName = "[No Variations]"
Change component parameters (AddParameter): Name = "Leakage Current"; Value = ""; VariantName = "[No Variations]"
Change component parameters (AddParameter): Name = "Length"; Value = "0.079inch"; VariantName = "[No Variations]"
Change component parameters (AddParameter): Name = "Life (Hours)"; Value = ""; VariantName = "[No Variations]"
Change component parameters (AddParameter): Name = "Manufacturer"; Value = ""; VariantName = "[No Variations]"
Change component parameters (AddParameter): Name = "Manufacturer 1"; Value = "Wurth Electronics"; VariantName = "[No Variations]"
Change component parameters (AddParameter): Name = "Manufacturer Part Number"; Value = ""; VariantName = "[No Variations]"
Change component parameters (AddParameter): Name = "Manufacturer Part Number 1"; Value = "885012207098"; VariantName = "[No Variations]"
Change component parameters (AddParameter): Name = "Material"; Value = ""; VariantName = "[No Variations]"
Change component parameters (AddParameter): Name = "Max Operating Temperature"; Value = "125°C"; VariantName = "[No Variations]"
Change component parameters (AddParameter): Name = "Min Operating Temperature"; Value = "-55°C"; VariantName = "[No Variations]"
Change component parameters (AddParameter): Name = "Mount"; Value = "Surface Mount"; VariantName = "[No Variations]"
Change component parameters (AddParameter): Name = "Package Quantity"; Value = ""; VariantName = "[No Variations]"
Change component parameters (AddParameter): Name = "Packaging"; Value = "Cut Tape"; VariantName = "[No Variations]"
Change component parameters (AddParameter): Name = "Pins"; Value = ""; VariantName = "[No Variations]"
Change component parameters (AddParameter): Name = "Polarity"; Value = ""; VariantName = "[No Variations]"
Change component parameters (AddParameter): Name = "Pricing 1"; Value = "100=0,10200, 500=0,07100, 2000=0,06100 (GBP)"; VariantName = "[No Variations]"
Change component parameters (AddParameter): Name = "Radiation Hardening"; Value = ""; VariantName = "[No Variations]"
Change component parameters (AddParameter): Name = "Ratings"; Value = ""; VariantName = "[No Variations]"
Change component parameters (AddParameter): Name = "REACH SVHC"; Value = "Unknown"; VariantName = "[No Variations]"
Change component parameters (AddParameter): Name = "Ripple Current"; Value = ""; VariantName = "[No Variations]"
Change component parameters (AddParameter): Name = "RoHS"; Value = "Yes"; VariantName = "[No Variations]"
Change component parameters (AddParameter): Name = "RoHS Compliant"; Value = "Yes"; VariantName = "[No Variations]"
Change component parameters (AddParameter): Name = "Series"; Value = ""; VariantName = "[No Variations]"
Change component parameters (AddParameter): Name = "Source"; Value = "Passives.SchLib"; VariantName = "[No Variations]"
Change component parameters (AddParameter): Name = "Stock 1"; Value = "8000"; VariantName = "[No Variations]"
Change component parameters (AddParameter): Name = "Termination"; Value = ""; VariantName = "[No Variations]"
Change component parameters (AddParameter): Name = "Thickness"; Value = "0.035inch"; VariantName = "[No Variations]"
Change component parameters (AddParameter): Name = "Tolerance"; Value = "10%"; VariantName = "[No Variations]"
Change component parameters (AddParameter): Name = "Value"; Value = "100nF"; VariantName = "[No Variations]"
Change component parameters (AddParameter): Name = "Voltage"; Value = ""; VariantName = "[No Variations]"
Change component parameters (AddParameter): Name = "Voltage Rating"; Value = "50V"; VariantName = "[No Variations]"
Change component parameters (AddParameter): Name = "Voltage Rating (DC)"; Value = "50V"; VariantName = "[No Variations]"
Change component parameters (AddParameter): Name = "Weight"; Value = ""; VariantName = "[No Variations]"
Change component parameters (AddParameter): Name = "Width"; Value = "0.049inch"; VariantName = "[No Variations]"
Change component parameters: Designator = "C4" ("C4"); Footprint = "C0805FNPC-R"; UniqueID = "\AJFHFKTS\WTYUEXNV" ("\AJFHFKTS\WTYUEXNV")
Change component parameters (AddParameter): Name = ".Creator"; Value = "DR"; VariantName = "[No Variations]"
Change component parameters (AddParameter): Name = ".PCBcheck"; Value = ""; VariantName = "[No Variations]"
Change component parameters (AddParameter): Name = ".SCHcheck"; Value = ""; VariantName = "[No Variations]"
Change component parameters (AddParameter): Name = "Capacitance"; Value = ""; VariantName = "[No Variations]"
Change component parameters (AddParameter): Name = "Case Code (Metric)"; Value = "2012"; VariantName = "[No Variations]"
Change component parameters (AddParameter): Name = "Case/Package"; Value = "0805"; VariantName = "[No Variations]"
Change component parameters (AddParameter): Name = "Category"; Value = "Ceramic Capacitors"; VariantName = "[No Variations]"
Change component parameters (AddParameter): Name = "ComponentLink1Description"; Value = "http://www.farnell.com/datasheets/1958498.pdf?src-supplier=Farnell"; VariantName = "[No Variations]"
Change component parameters (AddParameter): Name = "ComponentLink1URL"; Value = "http://www.farnell.com/datasheets/1958498.pdf?src-supplier=Farnell"; VariantName = "[No Variations]"
Change component parameters (AddParameter): Name = "ComponentLink2Description"; Value = "http://www.farnell.com/datasheets/1958498.pdf?src-supplier=Element14"; VariantName = "[No Variations]"
Change component parameters (AddParameter): Name = "ComponentLink2URL"; Value = "http://www.farnell.com/datasheets/1958498.pdf?src-supplier=Element14"; VariantName = "[No Variations]"
Change component parameters (AddParameter): Name = "ComponentLink3Description"; Value = "https://katalog.we-online.de/pbs/datasheet/885012207098.pdf?src-supplier=Digi-Key"; VariantName = "[No Variations]"
Change component parameters (AddParameter): Name = "ComponentLink3URL"; Value = "https://katalog.we-online.de/pbs/datasheet/885012207098.pdf?src-supplier=Digi-Key"; VariantName = "[No Variations]"
Change component parameters (AddParameter): Name = "ComponentLink4Description"; Value = "http://www.farnell.com/datasheets/1958498.pdf?src-supplier=Newark"; VariantName = "[No Variations]"
Change component parameters (AddParameter): Name = "ComponentLink4URL"; Value = "http://www.farnell.com/datasheets/1958498.pdf?src-supplier=Newark"; VariantName = "[No Variations]"
Change component parameters (AddParameter): Name = "Construction"; Value = ""; VariantName = "[No Variations]"
Change component parameters (AddParameter): Name = "Depth"; Value = ""; VariantName = "[No Variations]"
Change component parameters (AddParameter): Name = "Design Item ID"; Value = "C100n-50V-0805FNPC-X7R"; VariantName = "[No Variations]"
Change component parameters (AddParameter): Name = "Diameter"; Value = ""; VariantName = "[No Variations]"
Change component parameters (AddParameter): Name = "Dielectric"; Value = "X7R"; VariantName = "[No Variations]"
Change component parameters (AddParameter): Name = "Dielectric Material"; Value = ""; VariantName = "[No Variations]"
Change component parameters (AddParameter): Name = "Dissipation Factor"; Value = ""; VariantName = "[No Variations]"
Change component parameters (AddParameter): Name = "ESR (Equivalent Series Resistance)"; Value = ""; VariantName = "[No Variations]"
Change component parameters (AddParameter): Name = "Features"; Value = ""; VariantName = "[No Variations]"
Change component parameters (AddParameter): Name = "Halogen Free"; Value = ""; VariantName = "[No Variations]"
Change component parameters (AddParameter): Name = "Height"; Value = ""; VariantName = "[No Variations]"
Change component parameters (AddParameter): Name = "Height - Seated (Max)"; Value = ""; VariantName = "[No Variations]"
Change component parameters (AddParameter): Name = "Impedance"; Value = ""; VariantName = "[No Variations]"
Change component parameters (AddParameter): Name = "Lead Diameter"; Value = ""; VariantName = "[No Variations]"
Change component parameters (AddParameter): Name = "Lead Free"; Value = ""; VariantName = "[No Variations]"
Change component parameters (AddParameter): Name = "Lead Pitch"; Value = ""; VariantName = "[No Variations]"
Change component parameters (AddParameter): Name = "Leakage Current"; Value = ""; VariantName = "[No Variations]"
Change component parameters (AddParameter): Name = "Length"; Value = "0.079inch"; VariantName = "[No Variations]"
Change component parameters (AddParameter): Name = "Life (Hours)"; Value = ""; VariantName = "[No Variations]"
Change component parameters (AddParameter): Name = "Manufacturer"; Value = ""; VariantName = "[No Variations]"
Change component parameters (AddParameter): Name = "Manufacturer 1"; Value = "Wurth Electronics"; VariantName = "[No Variations]"
Change component parameters (AddParameter): Name = "Manufacturer Part Number"; Value = ""; VariantName = "[No Variations]"
Change component parameters (AddParameter): Name = "Manufacturer Part Number 1"; Value = "885012207098"; VariantName = "[No Variations]"
Change component parameters (AddParameter): Name = "Material"; Value = ""; VariantName = "[No Variations]"
Change component parameters (AddParameter): Name = "Max Operating Temperature"; Value = "125°C"; VariantName = "[No Variations]"
Change component parameters (AddParameter): Name = "Min Operating Temperature"; Value = "-55°C"; VariantName = "[No Variations]"
Change component parameters (AddParameter): Name = "Mount"; Value = "Surface Mount"; VariantName = "[No Variations]"
Change component parameters (AddParameter): Name = "Package Quantity"; Value = ""; VariantName = "[No Variations]"
Change component parameters (AddParameter): Name = "Packaging"; Value = "Cut Tape"; VariantName = "[No Variations]"
Change component parameters (AddParameter): Name = "Pins"; Value = ""; VariantName = "[No Variations]"
Change component parameters (AddParameter): Name = "Polarity"; Value = ""; VariantName = "[No Variations]"
Change component parameters (AddParameter): Name = "Pricing 1"; Value = "100=0,10200, 500=0,07100, 2000=0,06100 (GBP)"; VariantName = "[No Variations]"
Change component parameters (AddParameter): Name = "Radiation Hardening"; Value = ""; VariantName = "[No Variations]"
Change component parameters (AddParameter): Name = "Ratings"; Value = ""; VariantName = "[No Variations]"
Change component parameters (AddParameter): Name = "REACH SVHC"; Value = "Unknown"; VariantName = "[No Variations]"
Change component parameters (AddParameter): Name = "Ripple Current"; Value = ""; VariantName = "[No Variations]"
Change component parameters (AddParameter): Name = "RoHS"; Value = "Yes"; VariantName = "[No Variations]"
Change component parameters (AddParameter): Name = "RoHS Compliant"; Value = "Yes"; VariantName = "[No Variations]"
Change component parameters (AddParameter): Name = "Series"; Value = ""; VariantName = "[No Variations]"
Change component parameters (AddParameter): Name = "Source"; Value = "Passives.SchLib"; VariantName = "[No Variations]"
Change component parameters (AddParameter): Name = "Stock 1"; Value = "8000"; VariantName = "[No Variations]"
Change component parameters (AddParameter): Name = "Termination"; Value = ""; VariantName = "[No Variations]"
Change component parameters (AddParameter): Name = "Thickness"; Value = "0.035inch"; VariantName = "[No Variations]"
Change component parameters (AddParameter): Name = "Tolerance"; Value = "10%"; VariantName = "[No Variations]"
Change component parameters (AddParameter): Name = "Value"; Value = "100nF"; VariantName = "[No Variations]"
Change component parameters (AddParameter): Name = "Voltage"; Value = ""; VariantName = "[No Variations]"
Change component parameters (AddParameter): Name = "Voltage Rating"; Value = "50V"; VariantName = "[No Variations]"
Change component parameters (AddParameter): Name = "Voltage Rating (DC)"; Value = "50V"; VariantName = "[No Variations]"
Change component parameters (AddParameter): Name = "Weight"; Value = ""; VariantName = "[No Variations]"
Change component parameters (AddParameter): Name = "Width"; Value = "0.049inch"; VariantName = "[No Variations]"
Change component parameters: Designator = "C43" ("C43"); Footprint = "C0805FNPC-W"; UniqueID = "\MZCCKMFO\DXPOAWRH" ("\MZCCKMFO\DXPOAWRH")
Change component parameters (AddParameter): Name = "Capacitance"; Value = ""; VariantName = "[No Variations]"
Change component parameters (AddParameter): Name = "Capacitor Type"; Value = "Ceramic"; VariantName = "[No Variations]"
Change component parameters (AddParameter): Name = "Case/Package"; Value = "1210"; VariantName = "[No Variations]"
Change component parameters (AddParameter): Name = "Max Operating Temperature"; Value = "105°C"; VariantName = "[No Variations]"
Change component parameters (AddParameter): Name = "Min Operating Temperature"; Value = "-55°C"; VariantName = "[No Variations]"
Change component parameters (AddParameter): Name = "Mounting Technology"; Value = "Surface Mount"; VariantName = "[No Variations]"
Change component parameters (AddParameter): Name = "Pins"; Value = "2"; VariantName = "[No Variations]"
Change component parameters (AddParameter): Name = "Ripple Current"; Value = ""; VariantName = "[No Variations]"
Change component parameters (AddParameter): Name = "Ripple Current (AC)"; Value = ""; VariantName = "[No Variations]"
Change component parameters (AddParameter): Name = "RoHS Compliant"; Value = "Yes"; VariantName = "[No Variations]"
Change component parameters (AddParameter): Name = "Tolerance"; Value = ""; VariantName = "[No Variations]"
Change component parameters (AddParameter): Name = "Value"; Value = "47µF"; VariantName = "[No Variations]"
Change component parameters (AddParameter): Name = "Voltage Rating"; Value = ""; VariantName = "[No Variations]"
Change component parameters: Designator = "C44" ("C44"); Footprint = "C0805FNPC-W"; UniqueID = "\MZCCKMFO\JKLBRZPE" ("\MZCCKMFO\JKLBRZPE")
Change component parameters (AddParameter): Name = "Capacitance"; Value = ""; VariantName = "[No Variations]"
Change component parameters (AddParameter): Name = "Capacitor Type"; Value = "Ceramic"; VariantName = "[No Variations]"
Change component parameters (AddParameter): Name = "Case/Package"; Value = "1210"; VariantName = "[No Variations]"
Change component parameters (AddParameter): Name = "Max Operating Temperature"; Value = "105°C"; VariantName = "[No Variations]"
Change component parameters (AddParameter): Name = "Min Operating Temperature"; Value = "-55°C"; VariantName = "[No Variations]"
Change component parameters (AddParameter): Name = "Mounting Technology"; Value = "Surface Mount"; VariantName = "[No Variations]"
Change component parameters (AddParameter): Name = "Pins"; Value = "2"; VariantName = "[No Variations]"
Change component parameters (AddParameter): Name = "Ripple Current"; Value = ""; VariantName = "[No Variations]"
Change component parameters (AddParameter): Name = "Ripple Current (AC)"; Value = ""; VariantName = "[No Variations]"
Change component parameters (AddParameter): Name = "RoHS Compliant"; Value = "Yes"; VariantName = "[No Variations]"
Change component parameters (AddParameter): Name = "Tolerance"; Value = ""; VariantName = "[No Variations]"
Change component parameters (AddParameter): Name = "Value"; Value = "47µF"; VariantName = "[No Variations]"
Change component parameters (AddParameter): Name = "Voltage Rating"; Value = ""; VariantName = "[No Variations]"
Added Component: Designator=C12_NTC3(C1206FNPC-RW)
Add component (AddParameter): Name = ".Creator"; Value = "GP"; VariantName = "[No Variations]"
Add component (AddParameter): Name = ".PCBcheck"; Value = ""; VariantName = "[No Variations]"
Add component (AddParameter): Name = ".SCHcheck"; Value = ""; VariantName = "[No Variations]"
Add component (AddParameter): Name = "Capacitance"; Value = ""; VariantName = "[No Variations]"
Add component (AddParameter): Name = "Case Code (Metric)"; Value = "3216"; VariantName = "[No Variations]"
Add component (AddParameter): Name = "Case/Package"; Value = "1206"; VariantName = "[No Variations]"
Add component (AddParameter): Name = "Category"; Value = "Ceramic Capacitors"; VariantName = "[No Variations]"
Add component (AddParameter): Name = "ComponentLink1Description"; Value = "http://www.farnell.com/datasheets/2031891.pdf?src-supplier=Farnell"; VariantName = "[No Variations]"
Add component (AddParameter): Name = "ComponentLink1URL"; Value = "http://www.farnell.com/datasheets/2031891.pdf?src-supplier=Farnell"; VariantName = "[No Variations]"
Add component (AddParameter): Name = "ComponentLink2Description"; Value = "http://katalog.we-online.de/pbs/datasheet/885012208009.pdf?src-supplier=Digi-Key"; VariantName = "[No Variations]"
Add component (AddParameter): Name = "ComponentLink2URL"; Value = "http://katalog.we-online.de/pbs/datasheet/885012208009.pdf?src-supplier=Digi-Key"; VariantName = "[No Variations]"
Add component (AddParameter): Name = "ComponentLink3Description"; Value = "https://katalog.we-online.de/pbs/datasheet/885012208009.pdf?src-supplier=Digi-Key"; VariantName = "[No Variations]"
Add component (AddParameter): Name = "ComponentLink3URL"; Value = "https://katalog.we-online.de/pbs/datasheet/885012208009.pdf?src-supplier=Digi-Key"; VariantName = "[No Variations]"
Add component (AddParameter): Name = "ComponentLink4Description"; Value = "Wurth Elektronik"; VariantName = "[No Variations]"
Add component (AddParameter): Name = "ComponentLink4URL"; Value = "https://www.we-online.com/catalog/en/WCAP-CSGP-10VDC?sq=885012208009#885012208009"; VariantName = "[No Variations]"
Add component (AddParameter): Name = "Construction"; Value = ""; VariantName = "[No Variations]"
Add component (AddParameter): Name = "Depth"; Value = ""; VariantName = "[No Variations]"
Add component (AddParameter): Name = "Design Item ID"; Value = "C100n-10V-1206FNPC-X7R"; VariantName = "[No Variations]"
Add component (AddParameter): Name = "Diameter"; Value = ""; VariantName = "[No Variations]"
Add component (AddParameter): Name = "Dielectric"; Value = ""; VariantName = "[No Variations]"
Add component (AddParameter): Name = "Dielectric Material"; Value = ""; VariantName = "[No Variations]"
Add component (AddParameter): Name = "Dissipation Factor"; Value = ""; VariantName = "[No Variations]"
Add component (AddParameter): Name = "ESR (Equivalent Series Resistance)"; Value = ""; VariantName = "[No Variations]"
Add component (AddParameter): Name = "Features"; Value = ""; VariantName = "[No Variations]"
Add component (AddParameter): Name = "Halogen Free"; Value = ""; VariantName = "[No Variations]"
Add component (AddParameter): Name = "Height"; Value = ""; VariantName = "[No Variations]"
Add component (AddParameter): Name = "Height - Seated (Max)"; Value = ""; VariantName = "[No Variations]"
Add component (AddParameter): Name = "Impedance"; Value = ""; VariantName = "[No Variations]"
Add component (AddParameter): Name = "Lead Diameter"; Value = ""; VariantName = "[No Variations]"
Add component (AddParameter): Name = "Lead Free"; Value = ""; VariantName = "[No Variations]"
Add component (AddParameter): Name = "Lead Pitch"; Value = ""; VariantName = "[No Variations]"
Add component (AddParameter): Name = "Leakage Current"; Value = ""; VariantName = "[No Variations]"
Add component (AddParameter): Name = "Length"; Value = "0.126inch"; VariantName = "[No Variations]"
Add component (AddParameter): Name = "Life (Hours)"; Value = ""; VariantName = "[No Variations]"
Add component (AddParameter): Name = "Manufacturer"; Value = ""; VariantName = "[No Variations]"
Add component (AddParameter): Name = "Manufacturer 1"; Value = "Wurth Electronics"; VariantName = "[No Variations]"
Add component (AddParameter): Name = "Manufacturer Part Number"; Value = ""; VariantName = "[No Variations]"
Add component (AddParameter): Name = "Manufacturer Part Number 1"; Value = "885012208009"; VariantName = "[No Variations]"
Add component (AddParameter): Name = "Material"; Value = ""; VariantName = "[No Variations]"
Add component (AddParameter): Name = "Max Operating Temperature"; Value = "125°C"; VariantName = "[No Variations]"
Add component (AddParameter): Name = "Min Operating Temperature"; Value = "-55°C"; VariantName = "[No Variations]"
Add component (AddParameter): Name = "Mount"; Value = "Surface Mount"; VariantName = "[No Variations]"
Add component (AddParameter): Name = "Package Quantity"; Value = ""; VariantName = "[No Variations]"
Add component (AddParameter): Name = "Packaging"; Value = "Tape and Reel"; VariantName = "[No Variations]"
Add component (AddParameter): Name = "Pins"; Value = ""; VariantName = "[No Variations]"
Add component (AddParameter): Name = "Polarity"; Value = ""; VariantName = "[No Variations]"
Add component (AddParameter): Name = "Pricing 1"; Value = "1=0,11000, 10=0,10300, 100=0,09200, 500=0,08100 (USD)"; VariantName = "[No Variations]"
Add component (AddParameter): Name = "Radiation Hardening"; Value = ""; VariantName = "[No Variations]"
Add component (AddParameter): Name = "Ratings"; Value = ""; VariantName = "[No Variations]"
Add component (AddParameter): Name = "REACH SVHC"; Value = ""; VariantName = "[No Variations]"
Add component (AddParameter): Name = "Ripple Current"; Value = ""; VariantName = "[No Variations]"
Add component (AddParameter): Name = "RoHS"; Value = "Yes"; VariantName = "[No Variations]"
Add component (AddParameter): Name = "RoHS Compliant"; Value = "Yes"; VariantName = "[No Variations]"
Add component (AddParameter): Name = "Series"; Value = ""; VariantName = "[No Variations]"
Add component (AddParameter): Name = "Source"; Value = "Passives.SchLib"; VariantName = "[No Variations]"
Add component (AddParameter): Name = "Stock 1"; Value = "7198"; VariantName = "[No Variations]"
Add component (AddParameter): Name = "Termination"; Value = ""; VariantName = "[No Variations]"
Add component (AddParameter): Name = "Thickness"; Value = "0.035inch"; VariantName = "[No Variations]"
Add component (AddParameter): Name = "Tolerance"; Value = "10%"; VariantName = "[No Variations]"
Add component (AddParameter): Name = "Value"; Value = "100nF"; VariantName = "[No Variations]"
Add component (AddParameter): Name = "Voltage"; Value = ""; VariantName = "[No Variations]"
Add component (AddParameter): Name = "Voltage Rating"; Value = "10V"; VariantName = "[No Variations]"
Add component (AddParameter): Name = "Voltage Rating (DC)"; Value = ""; VariantName = "[No Variations]"
Add component (AddParameter): Name = "Weight"; Value = ""; VariantName = "[No Variations]"
Add component (AddParameter): Name = "Width"; Value = "0.063inch"; VariantName = "[No Variations]"
Added Component: Designator=C12_NTC4(C1206FNPC-RW)
Add component (AddParameter): Name = ".Creator"; Value = "GP"; VariantName = "[No Variations]"
Add component (AddParameter): Name = ".PCBcheck"; Value = ""; VariantName = "[No Variations]"
Add component (AddParameter): Name = ".SCHcheck"; Value = ""; VariantName = "[No Variations]"
Add component (AddParameter): Name = "Capacitance"; Value = ""; VariantName = "[No Variations]"
Add component (AddParameter): Name = "Case Code (Metric)"; Value = "3216"; VariantName = "[No Variations]"
Add component (AddParameter): Name = "Case/Package"; Value = "1206"; VariantName = "[No Variations]"
Add component (AddParameter): Name = "Category"; Value = "Ceramic Capacitors"; VariantName = "[No Variations]"
Add component (AddParameter): Name = "ComponentLink1Description"; Value = "http://www.farnell.com/datasheets/2031891.pdf?src-supplier=Farnell"; VariantName = "[No Variations]"
Add component (AddParameter): Name = "ComponentLink1URL"; Value = "http://www.farnell.com/datasheets/2031891.pdf?src-supplier=Farnell"; VariantName = "[No Variations]"
Add component (AddParameter): Name = "ComponentLink2Description"; Value = "http://katalog.we-online.de/pbs/datasheet/885012208009.pdf?src-supplier=Digi-Key"; VariantName = "[No Variations]"
Add component (AddParameter): Name = "ComponentLink2URL"; Value = "http://katalog.we-online.de/pbs/datasheet/885012208009.pdf?src-supplier=Digi-Key"; VariantName = "[No Variations]"
Add component (AddParameter): Name = "ComponentLink3Description"; Value = "https://katalog.we-online.de/pbs/datasheet/885012208009.pdf?src-supplier=Digi-Key"; VariantName = "[No Variations]"
Add component (AddParameter): Name = "ComponentLink3URL"; Value = "https://katalog.we-online.de/pbs/datasheet/885012208009.pdf?src-supplier=Digi-Key"; VariantName = "[No Variations]"
Add component (AddParameter): Name = "ComponentLink4Description"; Value = "Wurth Elektronik"; VariantName = "[No Variations]"
Add component (AddParameter): Name = "ComponentLink4URL"; Value = "https://www.we-online.com/catalog/en/WCAP-CSGP-10VDC?sq=885012208009#885012208009"; VariantName = "[No Variations]"
Add component (AddParameter): Name = "Construction"; Value = ""; VariantName = "[No Variations]"
Add component (AddParameter): Name = "Depth"; Value = ""; VariantName = "[No Variations]"
Add component (AddParameter): Name = "Design Item ID"; Value = "C100n-10V-1206FNPC-X7R"; VariantName = "[No Variations]"
Add component (AddParameter): Name = "Diameter"; Value = ""; VariantName = "[No Variations]"
Add component (AddParameter): Name = "Dielectric"; Value = ""; VariantName = "[No Variations]"
Add component (AddParameter): Name = "Dielectric Material"; Value = ""; VariantName = "[No Variations]"
Add component (AddParameter): Name = "Dissipation Factor"; Value = ""; VariantName = "[No Variations]"
Add component (AddParameter): Name = "ESR (Equivalent Series Resistance)"; Value = ""; VariantName = "[No Variations]"
Add component (AddParameter): Name = "Features"; Value = ""; VariantName = "[No Variations]"
Add component (AddParameter): Name = "Halogen Free"; Value = ""; VariantName = "[No Variations]"
Add component (AddParameter): Name = "Height"; Value = ""; VariantName = "[No Variations]"
Add component (AddParameter): Name = "Height - Seated (Max)"; Value = ""; VariantName = "[No Variations]"
Add component (AddParameter): Name = "Impedance"; Value = ""; VariantName = "[No Variations]"
Add component (AddParameter): Name = "Lead Diameter"; Value = ""; VariantName = "[No Variations]"
Add component (AddParameter): Name = "Lead Free"; Value = ""; VariantName = "[No Variations]"
Add component (AddParameter): Name = "Lead Pitch"; Value = ""; VariantName = "[No Variations]"
Add component (AddParameter): Name = "Leakage Current"; Value = ""; VariantName = "[No Variations]"
Add component (AddParameter): Name = "Length"; Value = "0.126inch"; VariantName = "[No Variations]"
Add component (AddParameter): Name = "Life (Hours)"; Value = ""; VariantName = "[No Variations]"
Add component (AddParameter): Name = "Manufacturer"; Value = ""; VariantName = "[No Variations]"
Add component (AddParameter): Name = "Manufacturer 1"; Value = "Wurth Electronics"; VariantName = "[No Variations]"
Add component (AddParameter): Name = "Manufacturer Part Number"; Value = ""; VariantName = "[No Variations]"
Add component (AddParameter): Name = "Manufacturer Part Number 1"; Value = "885012208009"; VariantName = "[No Variations]"
Add component (AddParameter): Name = "Material"; Value = ""; VariantName = "[No Variations]"
Add component (AddParameter): Name = "Max Operating Temperature"; Value = "125°C"; VariantName = "[No Variations]"
Add component (AddParameter): Name = "Min Operating Temperature"; Value = "-55°C"; VariantName = "[No Variations]"
Add component (AddParameter): Name = "Mount"; Value = "Surface Mount"; VariantName = "[No Variations]"
Add component (AddParameter): Name = "Package Quantity"; Value = ""; VariantName = "[No Variations]"
Add component (AddParameter): Name = "Packaging"; Value = "Tape and Reel"; VariantName = "[No Variations]"
Add component (AddParameter): Name = "Pins"; Value = ""; VariantName = "[No Variations]"
Add component (AddParameter): Name = "Polarity"; Value = ""; VariantName = "[No Variations]"
Add component (AddParameter): Name = "Pricing 1"; Value = "1=0,11000, 10=0,10300, 100=0,09200, 500=0,08100 (USD)"; VariantName = "[No Variations]"
Add component (AddParameter): Name = "Radiation Hardening"; Value = ""; VariantName = "[No Variations]"
Add component (AddParameter): Name = "Ratings"; Value = ""; VariantName = "[No Variations]"
Add component (AddParameter): Name = "REACH SVHC"; Value = ""; VariantName = "[No Variations]"
Add component (AddParameter): Name = "Ripple Current"; Value = ""; VariantName = "[No Variations]"
Add component (AddParameter): Name = "RoHS"; Value = "Yes"; VariantName = "[No Variations]"
Add component (AddParameter): Name = "RoHS Compliant"; Value = "Yes"; VariantName = "[No Variations]"
Add component (AddParameter): Name = "Series"; Value = ""; VariantName = "[No Variations]"
Add component (AddParameter): Name = "Source"; Value = "Passives.SchLib"; VariantName = "[No Variations]"
Add component (AddParameter): Name = "Stock 1"; Value = "7198"; VariantName = "[No Variations]"
Add component (AddParameter): Name = "Termination"; Value = ""; VariantName = "[No Variations]"
Add component (AddParameter): Name = "Thickness"; Value = "0.035inch"; VariantName = "[No Variations]"
Add component (AddParameter): Name = "Tolerance"; Value = "10%"; VariantName = "[No Variations]"
Add component (AddParameter): Name = "Value"; Value = "100nF"; VariantName = "[No Variations]"
Add component (AddParameter): Name = "Voltage"; Value = ""; VariantName = "[No Variations]"
Add component (AddParameter): Name = "Voltage Rating"; Value = "10V"; VariantName = "[No Variations]"
Add component (AddParameter): Name = "Voltage Rating (DC)"; Value = ""; VariantName = "[No Variations]"
Add component (AddParameter): Name = "Weight"; Value = ""; VariantName = "[No Variations]"
Add component (AddParameter): Name = "Width"; Value = "0.063inch"; VariantName = "[No Variations]"
Added Component: Designator=C13_NTC3(C1206FNPC-RW)
Add component (AddParameter): Name = ".Creator"; Value = "GP"; VariantName = "[No Variations]"
Add component (AddParameter): Name = ".PCBcheck"; Value = ""; VariantName = "[No Variations]"
Add component (AddParameter): Name = ".SCHcheck"; Value = ""; VariantName = "[No Variations]"
Add component (AddParameter): Name = "Capacitance"; Value = ""; VariantName = "[No Variations]"
Add component (AddParameter): Name = "Case Code (Metric)"; Value = "3216"; VariantName = "[No Variations]"
Add component (AddParameter): Name = "Case/Package"; Value = "1206"; VariantName = "[No Variations]"
Add component (AddParameter): Name = "Category"; Value = "Ceramic Capacitors"; VariantName = "[No Variations]"
Add component (AddParameter): Name = "ComponentLink1Description"; Value = "http://www.farnell.com/datasheets/2031891.pdf?src-supplier=Farnell"; VariantName = "[No Variations]"
Add component (AddParameter): Name = "ComponentLink1URL"; Value = "http://www.farnell.com/datasheets/2031891.pdf?src-supplier=Farnell"; VariantName = "[No Variations]"
Add component (AddParameter): Name = "ComponentLink2Description"; Value = "http://katalog.we-online.de/pbs/datasheet/885012208009.pdf?src-supplier=Digi-Key"; VariantName = "[No Variations]"
Add component (AddParameter): Name = "ComponentLink2URL"; Value = "http://katalog.we-online.de/pbs/datasheet/885012208009.pdf?src-supplier=Digi-Key"; VariantName = "[No Variations]"
Add component (AddParameter): Name = "ComponentLink3Description"; Value = "https://katalog.we-online.de/pbs/datasheet/885012208009.pdf?src-supplier=Digi-Key"; VariantName = "[No Variations]"
Add component (AddParameter): Name = "ComponentLink3URL"; Value = "https://katalog.we-online.de/pbs/datasheet/885012208009.pdf?src-supplier=Digi-Key"; VariantName = "[No Variations]"
Add component (AddParameter): Name = "ComponentLink4Description"; Value = "Wurth Elektronik"; VariantName = "[No Variations]"
Add component (AddParameter): Name = "ComponentLink4URL"; Value = "https://www.we-online.com/catalog/en/WCAP-CSGP-10VDC?sq=885012208009#885012208009"; VariantName = "[No Variations]"
Add component (AddParameter): Name = "Construction"; Value = ""; VariantName = "[No Variations]"
Add component (AddParameter): Name = "Depth"; Value = ""; VariantName = "[No Variations]"
Add component (AddParameter): Name = "Design Item ID"; Value = "C100n-10V-1206FNPC-X7R"; VariantName = "[No Variations]"
Add component (AddParameter): Name = "Diameter"; Value = ""; VariantName = "[No Variations]"
Add component (AddParameter): Name = "Dielectric"; Value = ""; VariantName = "[No Variations]"
Add component (AddParameter): Name = "Dielectric Material"; Value = ""; VariantName = "[No Variations]"
Add component (AddParameter): Name = "Dissipation Factor"; Value = ""; VariantName = "[No Variations]"
Add component (AddParameter): Name = "ESR (Equivalent Series Resistance)"; Value = ""; VariantName = "[No Variations]"
Add component (AddParameter): Name = "Features"; Value = ""; VariantName = "[No Variations]"
Add component (AddParameter): Name = "Halogen Free"; Value = ""; VariantName = "[No Variations]"
Add component (AddParameter): Name = "Height"; Value = ""; VariantName = "[No Variations]"
Add component (AddParameter): Name = "Height - Seated (Max)"; Value = ""; VariantName = "[No Variations]"
Add component (AddParameter): Name = "Impedance"; Value = ""; VariantName = "[No Variations]"
Add component (AddParameter): Name = "Lead Diameter"; Value = ""; VariantName = "[No Variations]"
Add component (AddParameter): Name = "Lead Free"; Value = ""; VariantName = "[No Variations]"
Add component (AddParameter): Name = "Lead Pitch"; Value = ""; VariantName = "[No Variations]"
Add component (AddParameter): Name = "Leakage Current"; Value = ""; VariantName = "[No Variations]"
Add component (AddParameter): Name = "Length"; Value = "0.126inch"; VariantName = "[No Variations]"
Add component (AddParameter): Name = "Life (Hours)"; Value = ""; VariantName = "[No Variations]"
Add component (AddParameter): Name = "Manufacturer"; Value = ""; VariantName = "[No Variations]"
Add component (AddParameter): Name = "Manufacturer 1"; Value = "Wurth Electronics"; VariantName = "[No Variations]"
Add component (AddParameter): Name = "Manufacturer Part Number"; Value = ""; VariantName = "[No Variations]"
Add component (AddParameter): Name = "Manufacturer Part Number 1"; Value = "885012208009"; VariantName = "[No Variations]"
Add component (AddParameter): Name = "Material"; Value = ""; VariantName = "[No Variations]"
Add component (AddParameter): Name = "Max Operating Temperature"; Value = "125°C"; VariantName = "[No Variations]"
Add component (AddParameter): Name = "Min Operating Temperature"; Value = "-55°C"; VariantName = "[No Variations]"
Add component (AddParameter): Name = "Mount"; Value = "Surface Mount"; VariantName = "[No Variations]"
Add component (AddParameter): Name = "Package Quantity"; Value = ""; VariantName = "[No Variations]"
Add component (AddParameter): Name = "Packaging"; Value = "Tape and Reel"; VariantName = "[No Variations]"
Add component (AddParameter): Name = "Pins"; Value = ""; VariantName = "[No Variations]"
Add component (AddParameter): Name = "Polarity"; Value = ""; VariantName = "[No Variations]"
Add component (AddParameter): Name = "Pricing 1"; Value = "1=0,11000, 10=0,10300, 100=0,09200, 500=0,08100 (USD)"; VariantName = "[No Variations]"
Add component (AddParameter): Name = "Radiation Hardening"; Value = ""; VariantName = "[No Variations]"
Add component (AddParameter): Name = "Ratings"; Value = ""; VariantName = "[No Variations]"
Add component (AddParameter): Name = "REACH SVHC"; Value = ""; VariantName = "[No Variations]"
Add component (AddParameter): Name = "Ripple Current"; Value = ""; VariantName = "[No Variations]"
Add component (AddParameter): Name = "RoHS"; Value = "Yes"; VariantName = "[No Variations]"
Add component (AddParameter): Name = "RoHS Compliant"; Value = "Yes"; VariantName = "[No Variations]"
Add component (AddParameter): Name = "Series"; Value = ""; VariantName = "[No Variations]"
Add component (AddParameter): Name = "Source"; Value = "Passives.SchLib"; VariantName = "[No Variations]"
Add component (AddParameter): Name = "Stock 1"; Value = "7198"; VariantName = "[No Variations]"
Add component (AddParameter): Name = "Termination"; Value = ""; VariantName = "[No Variations]"
Add component (AddParameter): Name = "Thickness"; Value = "0.035inch"; VariantName = "[No Variations]"
Add component (AddParameter): Name = "Tolerance"; Value = "10%"; VariantName = "[No Variations]"
Add component (AddParameter): Name = "Value"; Value = "100nF"; VariantName = "[No Variations]"
Add component (AddParameter): Name = "Voltage"; Value = ""; VariantName = "[No Variations]"
Add component (AddParameter): Name = "Voltage Rating"; Value = "10V"; VariantName = "[No Variations]"
Add component (AddParameter): Name = "Voltage Rating (DC)"; Value = ""; VariantName = "[No Variations]"
Add component (AddParameter): Name = "Weight"; Value = ""; VariantName = "[No Variations]"
Add component (AddParameter): Name = "Width"; Value = "0.063inch"; VariantName = "[No Variations]"
Added Component: Designator=C13_NTC4(C1206FNPC-RW)
Add component (AddParameter): Name = ".Creator"; Value = "GP"; VariantName = "[No Variations]"
Add component (AddParameter): Name = ".PCBcheck"; Value = ""; VariantName = "[No Variations]"
Add component (AddParameter): Name = ".SCHcheck"; Value = ""; VariantName = "[No Variations]"
Add component (AddParameter): Name = "Capacitance"; Value = ""; VariantName = "[No Variations]"
Add component (AddParameter): Name = "Case Code (Metric)"; Value = "3216"; VariantName = "[No Variations]"
Add component (AddParameter): Name = "Case/Package"; Value = "1206"; VariantName = "[No Variations]"
Add component (AddParameter): Name = "Category"; Value = "Ceramic Capacitors"; VariantName = "[No Variations]"
Add component (AddParameter): Name = "ComponentLink1Description"; Value = "http://www.farnell.com/datasheets/2031891.pdf?src-supplier=Farnell"; VariantName = "[No Variations]"
Add component (AddParameter): Name = "ComponentLink1URL"; Value = "http://www.farnell.com/datasheets/2031891.pdf?src-supplier=Farnell"; VariantName = "[No Variations]"
Add component (AddParameter): Name = "ComponentLink2Description"; Value = "http://katalog.we-online.de/pbs/datasheet/885012208009.pdf?src-supplier=Digi-Key"; VariantName = "[No Variations]"
Add component (AddParameter): Name = "ComponentLink2URL"; Value = "http://katalog.we-online.de/pbs/datasheet/885012208009.pdf?src-supplier=Digi-Key"; VariantName = "[No Variations]"
Add component (AddParameter): Name = "ComponentLink3Description"; Value = "https://katalog.we-online.de/pbs/datasheet/885012208009.pdf?src-supplier=Digi-Key"; VariantName = "[No Variations]"
Add component (AddParameter): Name = "ComponentLink3URL"; Value = "https://katalog.we-online.de/pbs/datasheet/885012208009.pdf?src-supplier=Digi-Key"; VariantName = "[No Variations]"
Add component (AddParameter): Name = "ComponentLink4Description"; Value = "Wurth Elektronik"; VariantName = "[No Variations]"
Add component (AddParameter): Name = "ComponentLink4URL"; Value = "https://www.we-online.com/catalog/en/WCAP-CSGP-10VDC?sq=885012208009#885012208009"; VariantName = "[No Variations]"
Add component (AddParameter): Name = "Construction"; Value = ""; VariantName = "[No Variations]"
Add component (AddParameter): Name = "Depth"; Value = ""; VariantName = "[No Variations]"
Add component (AddParameter): Name = "Design Item ID"; Value = "C100n-10V-1206FNPC-X7R"; VariantName = "[No Variations]"
Add component (AddParameter): Name = "Diameter"; Value = ""; VariantName = "[No Variations]"
Add component (AddParameter): Name = "Dielectric"; Value = ""; VariantName = "[No Variations]"
Add component (AddParameter): Name = "Dielectric Material"; Value = ""; VariantName = "[No Variations]"
Add component (AddParameter): Name = "Dissipation Factor"; Value = ""; VariantName = "[No Variations]"
Add component (AddParameter): Name = "ESR (Equivalent Series Resistance)"; Value = ""; VariantName = "[No Variations]"
Add component (AddParameter): Name = "Features"; Value = ""; VariantName = "[No Variations]"
Add component (AddParameter): Name = "Halogen Free"; Value = ""; VariantName = "[No Variations]"
Add component (AddParameter): Name = "Height"; Value = ""; VariantName = "[No Variations]"
Add component (AddParameter): Name = "Height - Seated (Max)"; Value = ""; VariantName = "[No Variations]"
Add component (AddParameter): Name = "Impedance"; Value = ""; VariantName = "[No Variations]"
Add component (AddParameter): Name = "Lead Diameter"; Value = ""; VariantName = "[No Variations]"
Add component (AddParameter): Name = "Lead Free"; Value = ""; VariantName = "[No Variations]"
Add component (AddParameter): Name = "Lead Pitch"; Value = ""; VariantName = "[No Variations]"
Add component (AddParameter): Name = "Leakage Current"; Value = ""; VariantName = "[No Variations]"
Add component (AddParameter): Name = "Length"; Value = "0.126inch"; VariantName = "[No Variations]"
Add component (AddParameter): Name = "Life (Hours)"; Value = ""; VariantName = "[No Variations]"
Add component (AddParameter): Name = "Manufacturer"; Value = ""; VariantName = "[No Variations]"
Add component (AddParameter): Name = "Manufacturer 1"; Value = "Wurth Electronics"; VariantName = "[No Variations]"
Add component (AddParameter): Name = "Manufacturer Part Number"; Value = ""; VariantName = "[No Variations]"
Add component (AddParameter): Name = "Manufacturer Part Number 1"; Value = "885012208009"; VariantName = "[No Variations]"
Add component (AddParameter): Name = "Material"; Value = ""; VariantName = "[No Variations]"
Add component (AddParameter): Name = "Max Operating Temperature"; Value = "125°C"; VariantName = "[No Variations]"
Add component (AddParameter): Name = "Min Operating Temperature"; Value = "-55°C"; VariantName = "[No Variations]"
Add component (AddParameter): Name = "Mount"; Value = "Surface Mount"; VariantName = "[No Variations]"
Add component (AddParameter): Name = "Package Quantity"; Value = ""; VariantName = "[No Variations]"
Add component (AddParameter): Name = "Packaging"; Value = "Tape and Reel"; VariantName = "[No Variations]"
Add component (AddParameter): Name = "Pins"; Value = ""; VariantName = "[No Variations]"
Add component (AddParameter): Name = "Polarity"; Value = ""; VariantName = "[No Variations]"
Add component (AddParameter): Name = "Pricing 1"; Value = "1=0,11000, 10=0,10300, 100=0,09200, 500=0,08100 (USD)"; VariantName = "[No Variations]"
Add component (AddParameter): Name = "Radiation Hardening"; Value = ""; VariantName = "[No Variations]"
Add component (AddParameter): Name = "Ratings"; Value = ""; VariantName = "[No Variations]"
Add component (AddParameter): Name = "REACH SVHC"; Value = ""; VariantName = "[No Variations]"
Add component (AddParameter): Name = "Ripple Current"; Value = ""; VariantName = "[No Variations]"
Add component (AddParameter): Name = "RoHS"; Value = "Yes"; VariantName = "[No Variations]"
Add component (AddParameter): Name = "RoHS Compliant"; Value = "Yes"; VariantName = "[No Variations]"
Add component (AddParameter): Name = "Series"; Value = ""; VariantName = "[No Variations]"
Add component (AddParameter): Name = "Source"; Value = "Passives.SchLib"; VariantName = "[No Variations]"
Add component (AddParameter): Name = "Stock 1"; Value = "7198"; VariantName = "[No Variations]"
Add component (AddParameter): Name = "Termination"; Value = ""; VariantName = "[No Variations]"
Add component (AddParameter): Name = "Thickness"; Value = "0.035inch"; VariantName = "[No Variations]"
Add component (AddParameter): Name = "Tolerance"; Value = "10%"; VariantName = "[No Variations]"
Add component (AddParameter): Name = "Value"; Value = "100nF"; VariantName = "[No Variations]"
Add component (AddParameter): Name = "Voltage"; Value = ""; VariantName = "[No Variations]"
Add component (AddParameter): Name = "Voltage Rating"; Value = "10V"; VariantName = "[No Variations]"
Add component (AddParameter): Name = "Voltage Rating (DC)"; Value = ""; VariantName = "[No Variations]"
Add component (AddParameter): Name = "Weight"; Value = ""; VariantName = "[No Variations]"
Add component (AddParameter): Name = "Width"; Value = "0.063inch"; VariantName = "[No Variations]"
Added Component: Designator=C50_DCH1(C0805FNPC-R)
Add component (AddParameter): Name = ".Creator"; Value = "DR"; VariantName = "[No Variations]"
Add component (AddParameter): Name = ".PCBcheck"; Value = ""; VariantName = "[No Variations]"
Add component (AddParameter): Name = ".SCHcheck"; Value = ""; VariantName = "[No Variations]"
Add component (AddParameter): Name = "Capacitance"; Value = ""; VariantName = "[No Variations]"
Add component (AddParameter): Name = "Case Code (Metric)"; Value = "2012"; VariantName = "[No Variations]"
Add component (AddParameter): Name = "Case/Package"; Value = "0805"; VariantName = "[No Variations]"
Add component (AddParameter): Name = "Category"; Value = "Ceramic Capacitors"; VariantName = "[No Variations]"
Add component (AddParameter): Name = "ComponentLink1Description"; Value = "http://www.farnell.com/datasheets/1958498.pdf?src-supplier=Farnell"; VariantName = "[No Variations]"
Add component (AddParameter): Name = "ComponentLink1URL"; Value = "http://www.farnell.com/datasheets/1958498.pdf?src-supplier=Farnell"; VariantName = "[No Variations]"
Add component (AddParameter): Name = "ComponentLink2Description"; Value = "http://www.farnell.com/datasheets/1958498.pdf?src-supplier=Element14"; VariantName = "[No Variations]"
Add component (AddParameter): Name = "ComponentLink2URL"; Value = "http://www.farnell.com/datasheets/1958498.pdf?src-supplier=Element14"; VariantName = "[No Variations]"
Add component (AddParameter): Name = "ComponentLink3Description"; Value = "https://katalog.we-online.de/pbs/datasheet/885012207098.pdf?src-supplier=Digi-Key"; VariantName = "[No Variations]"
Add component (AddParameter): Name = "ComponentLink3URL"; Value = "https://katalog.we-online.de/pbs/datasheet/885012207098.pdf?src-supplier=Digi-Key"; VariantName = "[No Variations]"
Add component (AddParameter): Name = "ComponentLink4Description"; Value = "http://www.farnell.com/datasheets/1958498.pdf?src-supplier=Newark"; VariantName = "[No Variations]"
Add component (AddParameter): Name = "ComponentLink4URL"; Value = "http://www.farnell.com/datasheets/1958498.pdf?src-supplier=Newark"; VariantName = "[No Variations]"
Add component (AddParameter): Name = "Construction"; Value = ""; VariantName = "[No Variations]"
Add component (AddParameter): Name = "Depth"; Value = ""; VariantName = "[No Variations]"
Add component (AddParameter): Name = "Design Item ID"; Value = "C100n-50V-0805FNPC-X7R"; VariantName = "[No Variations]"
Add component (AddParameter): Name = "Diameter"; Value = ""; VariantName = "[No Variations]"
Add component (AddParameter): Name = "Dielectric"; Value = "X7R"; VariantName = "[No Variations]"
Add component (AddParameter): Name = "Dielectric Material"; Value = ""; VariantName = "[No Variations]"
Add component (AddParameter): Name = "Dissipation Factor"; Value = ""; VariantName = "[No Variations]"
Add component (AddParameter): Name = "ESR (Equivalent Series Resistance)"; Value = ""; VariantName = "[No Variations]"
Add component (AddParameter): Name = "Features"; Value = ""; VariantName = "[No Variations]"
Add component (AddParameter): Name = "Halogen Free"; Value = ""; VariantName = "[No Variations]"
Add component (AddParameter): Name = "Height"; Value = ""; VariantName = "[No Variations]"
Add component (AddParameter): Name = "Height - Seated (Max)"; Value = ""; VariantName = "[No Variations]"
Add component (AddParameter): Name = "Impedance"; Value = ""; VariantName = "[No Variations]"
Add component (AddParameter): Name = "Lead Diameter"; Value = ""; VariantName = "[No Variations]"
Add component (AddParameter): Name = "Lead Free"; Value = ""; VariantName = "[No Variations]"
Add component (AddParameter): Name = "Lead Pitch"; Value = ""; VariantName = "[No Variations]"
Add component (AddParameter): Name = "Leakage Current"; Value = ""; VariantName = "[No Variations]"
Add component (AddParameter): Name = "Length"; Value = "0.079inch"; VariantName = "[No Variations]"
Add component (AddParameter): Name = "Life (Hours)"; Value = ""; VariantName = "[No Variations]"
Add component (AddParameter): Name = "Manufacturer"; Value = ""; VariantName = "[No Variations]"
Add component (AddParameter): Name = "Manufacturer 1"; Value = "Wurth Electronics"; VariantName = "[No Variations]"
Add component (AddParameter): Name = "Manufacturer Part Number"; Value = ""; VariantName = "[No Variations]"
Add component (AddParameter): Name = "Manufacturer Part Number 1"; Value = "885012207098"; VariantName = "[No Variations]"
Add component (AddParameter): Name = "Material"; Value = ""; VariantName = "[No Variations]"
Add component (AddParameter): Name = "Max Operating Temperature"; Value = "125°C"; VariantName = "[No Variations]"
Add component (AddParameter): Name = "Min Operating Temperature"; Value = "-55°C"; VariantName = "[No Variations]"
Add component (AddParameter): Name = "Mount"; Value = "Surface Mount"; VariantName = "[No Variations]"
Add component (AddParameter): Name = "Package Quantity"; Value = ""; VariantName = "[No Variations]"
Add component (AddParameter): Name = "Packaging"; Value = "Cut Tape"; VariantName = "[No Variations]"
Add component (AddParameter): Name = "Pins"; Value = ""; VariantName = "[No Variations]"
Add component (AddParameter): Name = "Polarity"; Value = ""; VariantName = "[No Variations]"
Add component (AddParameter): Name = "Pricing 1"; Value = "100=0,10200, 500=0,07100, 2000=0,06100 (GBP)"; VariantName = "[No Variations]"
Add component (AddParameter): Name = "Radiation Hardening"; Value = ""; VariantName = "[No Variations]"
Add component (AddParameter): Name = "Ratings"; Value = ""; VariantName = "[No Variations]"
Add component (AddParameter): Name = "REACH SVHC"; Value = "Unknown"; VariantName = "[No Variations]"
Add component (AddParameter): Name = "Ripple Current"; Value = ""; VariantName = "[No Variations]"
Add component (AddParameter): Name = "RoHS"; Value = "Yes"; VariantName = "[No Variations]"
Add component (AddParameter): Name = "RoHS Compliant"; Value = "Yes"; VariantName = "[No Variations]"
Add component (AddParameter): Name = "Series"; Value = ""; VariantName = "[No Variations]"
Add component (AddParameter): Name = "Source"; Value = "Passives.SchLib"; VariantName = "[No Variations]"
Add component (AddParameter): Name = "Stock 1"; Value = "8000"; VariantName = "[No Variations]"
Add component (AddParameter): Name = "Termination"; Value = ""; VariantName = "[No Variations]"
Add component (AddParameter): Name = "Thickness"; Value = "0.035inch"; VariantName = "[No Variations]"
Add component (AddParameter): Name = "Tolerance"; Value = "10%"; VariantName = "[No Variations]"
Add component (AddParameter): Name = "Value"; Value = "100nF"; VariantName = "[No Variations]"
Add component (AddParameter): Name = "Voltage"; Value = ""; VariantName = "[No Variations]"
Add component (AddParameter): Name = "Voltage Rating"; Value = "50V"; VariantName = "[No Variations]"
Add component (AddParameter): Name = "Voltage Rating (DC)"; Value = "50V"; VariantName = "[No Variations]"
Add component (AddParameter): Name = "Weight"; Value = ""; VariantName = "[No Variations]"
Add component (AddParameter): Name = "Width"; Value = "0.049inch"; VariantName = "[No Variations]"
Added Component: Designator=C50_DCH2(C0805FNPC-R)
Add component (AddParameter): Name = ".Creator"; Value = "DR"; VariantName = "[No Variations]"
Add component (AddParameter): Name = ".PCBcheck"; Value = ""; VariantName = "[No Variations]"
Add component (AddParameter): Name = ".SCHcheck"; Value = ""; VariantName = "[No Variations]"
Add component (AddParameter): Name = "Capacitance"; Value = ""; VariantName = "[No Variations]"
Add component (AddParameter): Name = "Case Code (Metric)"; Value = "2012"; VariantName = "[No Variations]"
Add component (AddParameter): Name = "Case/Package"; Value = "0805"; VariantName = "[No Variations]"
Add component (AddParameter): Name = "Category"; Value = "Ceramic Capacitors"; VariantName = "[No Variations]"
Add component (AddParameter): Name = "ComponentLink1Description"; Value = "http://www.farnell.com/datasheets/1958498.pdf?src-supplier=Farnell"; VariantName = "[No Variations]"
Add component (AddParameter): Name = "ComponentLink1URL"; Value = "http://www.farnell.com/datasheets/1958498.pdf?src-supplier=Farnell"; VariantName = "[No Variations]"
Add component (AddParameter): Name = "ComponentLink2Description"; Value = "http://www.farnell.com/datasheets/1958498.pdf?src-supplier=Element14"; VariantName = "[No Variations]"
Add component (AddParameter): Name = "ComponentLink2URL"; Value = "http://www.farnell.com/datasheets/1958498.pdf?src-supplier=Element14"; VariantName = "[No Variations]"
Add component (AddParameter): Name = "ComponentLink3Description"; Value = "https://katalog.we-online.de/pbs/datasheet/885012207098.pdf?src-supplier=Digi-Key"; VariantName = "[No Variations]"
Add component (AddParameter): Name = "ComponentLink3URL"; Value = "https://katalog.we-online.de/pbs/datasheet/885012207098.pdf?src-supplier=Digi-Key"; VariantName = "[No Variations]"
Add component (AddParameter): Name = "ComponentLink4Description"; Value = "http://www.farnell.com/datasheets/1958498.pdf?src-supplier=Newark"; VariantName = "[No Variations]"
Add component (AddParameter): Name = "ComponentLink4URL"; Value = "http://www.farnell.com/datasheets/1958498.pdf?src-supplier=Newark"; VariantName = "[No Variations]"
Add component (AddParameter): Name = "Construction"; Value = ""; VariantName = "[No Variations]"
Add component (AddParameter): Name = "Depth"; Value = ""; VariantName = "[No Variations]"
Add component (AddParameter): Name = "Design Item ID"; Value = "C100n-50V-0805FNPC-X7R"; VariantName = "[No Variations]"
Add component (AddParameter): Name = "Diameter"; Value = ""; VariantName = "[No Variations]"
Add component (AddParameter): Name = "Dielectric"; Value = "X7R"; VariantName = "[No Variations]"
Add component (AddParameter): Name = "Dielectric Material"; Value = ""; VariantName = "[No Variations]"
Add component (AddParameter): Name = "Dissipation Factor"; Value = ""; VariantName = "[No Variations]"
Add component (AddParameter): Name = "ESR (Equivalent Series Resistance)"; Value = ""; VariantName = "[No Variations]"
Add component (AddParameter): Name = "Features"; Value = ""; VariantName = "[No Variations]"
Add component (AddParameter): Name = "Halogen Free"; Value = ""; VariantName = "[No Variations]"
Add component (AddParameter): Name = "Height"; Value = ""; VariantName = "[No Variations]"
Add component (AddParameter): Name = "Height - Seated (Max)"; Value = ""; VariantName = "[No Variations]"
Add component (AddParameter): Name = "Impedance"; Value = ""; VariantName = "[No Variations]"
Add component (AddParameter): Name = "Lead Diameter"; Value = ""; VariantName = "[No Variations]"
Add component (AddParameter): Name = "Lead Free"; Value = ""; VariantName = "[No Variations]"
Add component (AddParameter): Name = "Lead Pitch"; Value = ""; VariantName = "[No Variations]"
Add component (AddParameter): Name = "Leakage Current"; Value = ""; VariantName = "[No Variations]"
Add component (AddParameter): Name = "Length"; Value = "0.079inch"; VariantName = "[No Variations]"
Add component (AddParameter): Name = "Life (Hours)"; Value = ""; VariantName = "[No Variations]"
Add component (AddParameter): Name = "Manufacturer"; Value = ""; VariantName = "[No Variations]"
Add component (AddParameter): Name = "Manufacturer 1"; Value = "Wurth Electronics"; VariantName = "[No Variations]"
Add component (AddParameter): Name = "Manufacturer Part Number"; Value = ""; VariantName = "[No Variations]"
Add component (AddParameter): Name = "Manufacturer Part Number 1"; Value = "885012207098"; VariantName = "[No Variations]"
Add component (AddParameter): Name = "Material"; Value = ""; VariantName = "[No Variations]"
Add component (AddParameter): Name = "Max Operating Temperature"; Value = "125°C"; VariantName = "[No Variations]"
Add component (AddParameter): Name = "Min Operating Temperature"; Value = "-55°C"; VariantName = "[No Variations]"
Add component (AddParameter): Name = "Mount"; Value = "Surface Mount"; VariantName = "[No Variations]"
Add component (AddParameter): Name = "Package Quantity"; Value = ""; VariantName = "[No Variations]"
Add component (AddParameter): Name = "Packaging"; Value = "Cut Tape"; VariantName = "[No Variations]"
Add component (AddParameter): Name = "Pins"; Value = ""; VariantName = "[No Variations]"
Add component (AddParameter): Name = "Polarity"; Value = ""; VariantName = "[No Variations]"
Add component (AddParameter): Name = "Pricing 1"; Value = "100=0,10200, 500=0,07100, 2000=0,06100 (GBP)"; VariantName = "[No Variations]"
Add component (AddParameter): Name = "Radiation Hardening"; Value = ""; VariantName = "[No Variations]"
Add component (AddParameter): Name = "Ratings"; Value = ""; VariantName = "[No Variations]"
Add component (AddParameter): Name = "REACH SVHC"; Value = "Unknown"; VariantName = "[No Variations]"
Add component (AddParameter): Name = "Ripple Current"; Value = ""; VariantName = "[No Variations]"
Add component (AddParameter): Name = "RoHS"; Value = "Yes"; VariantName = "[No Variations]"
Add component (AddParameter): Name = "RoHS Compliant"; Value = "Yes"; VariantName = "[No Variations]"
Add component (AddParameter): Name = "Series"; Value = ""; VariantName = "[No Variations]"
Add component (AddParameter): Name = "Source"; Value = "Passives.SchLib"; VariantName = "[No Variations]"
Add component (AddParameter): Name = "Stock 1"; Value = "8000"; VariantName = "[No Variations]"
Add component (AddParameter): Name = "Termination"; Value = ""; VariantName = "[No Variations]"
Add component (AddParameter): Name = "Thickness"; Value = "0.035inch"; VariantName = "[No Variations]"
Add component (AddParameter): Name = "Tolerance"; Value = "10%"; VariantName = "[No Variations]"
Add component (AddParameter): Name = "Value"; Value = "100nF"; VariantName = "[No Variations]"
Add component (AddParameter): Name = "Voltage"; Value = ""; VariantName = "[No Variations]"
Add component (AddParameter): Name = "Voltage Rating"; Value = "50V"; VariantName = "[No Variations]"
Add component (AddParameter): Name = "Voltage Rating (DC)"; Value = "50V"; VariantName = "[No Variations]"
Add component (AddParameter): Name = "Weight"; Value = ""; VariantName = "[No Variations]"
Add component (AddParameter): Name = "Width"; Value = "0.049inch"; VariantName = "[No Variations]"
Added Component: Designator=J9(FP-105309-1102-MFG)
Add component (AddParameter): Name = "Case/Package"; Value = ""; VariantName = "[No Variations]"
Add component (AddParameter): Name = "Connector Type"; Value = ""; VariantName = "[No Variations]"
Add component (AddParameter): Name = "Gender"; Value = ""; VariantName = "[No Variations]"
Add component (AddParameter): Name = "Max Current Rating"; Value = ""; VariantName = "[No Variations]"
Add component (AddParameter): Name = "Max Operating Temperature"; Value = ""; VariantName = "[No Variations]"
Add component (AddParameter): Name = "Min Operating Temperature"; Value = ""; VariantName = "[No Variations]"
Add component (AddParameter): Name = "Mounting Technology"; Value = ""; VariantName = "[No Variations]"
Add component (AddParameter): Name = "Pins"; Value = ""; VariantName = "[No Variations]"
Add component (AddParameter): Name = "RoHS Compliant"; Value = ""; VariantName = "[No Variations]"
Add component (AddParameter): Name = "Voltage Rating"; Value = ""; VariantName = "[No Variations]"
Added Component: Designator=J10(FP-105309-1102-MFG)
Add component (AddParameter): Name = "Case/Package"; Value = ""; VariantName = "[No Variations]"
Add component (AddParameter): Name = "Connector Type"; Value = ""; VariantName = "[No Variations]"
Add component (AddParameter): Name = "Gender"; Value = ""; VariantName = "[No Variations]"
Add component (AddParameter): Name = "Max Current Rating"; Value = ""; VariantName = "[No Variations]"
Add component (AddParameter): Name = "Max Operating Temperature"; Value = ""; VariantName = "[No Variations]"
Add component (AddParameter): Name = "Min Operating Temperature"; Value = ""; VariantName = "[No Variations]"
Add component (AddParameter): Name = "Mounting Technology"; Value = ""; VariantName = "[No Variations]"
Add component (AddParameter): Name = "Pins"; Value = ""; VariantName = "[No Variations]"
Add component (AddParameter): Name = "RoHS Compliant"; Value = ""; VariantName = "[No Variations]"
Add component (AddParameter): Name = "Voltage Rating"; Value = ""; VariantName = "[No Variations]"
Added Component: Designator=NTC1_DCH1(RESC2012X10N)
Add component (AddParameter): Name = "Case/Package"; Value = ""; VariantName = "[No Variations]"
Add component (AddParameter): Name = "Max Operating Temperature"; Value = ""; VariantName = "[No Variations]"
Add component (AddParameter): Name = "Max Supply Voltage"; Value = ""; VariantName = "[No Variations]"
Add component (AddParameter): Name = "Min Operating Temperature"; Value = ""; VariantName = "[No Variations]"
Add component (AddParameter): Name = "Min Supply Voltage"; Value = ""; VariantName = "[No Variations]"
Add component (AddParameter): Name = "Mounting Technology"; Value = ""; VariantName = "[No Variations]"
Add component (AddParameter): Name = "Nominal Supply Current"; Value = ""; VariantName = "[No Variations]"
Add component (AddParameter): Name = "Nominal Supply Voltage"; Value = ""; VariantName = "[No Variations]"
Add component (AddParameter): Name = "Output Current"; Value = ""; VariantName = "[No Variations]"
Add component (AddParameter): Name = "Pins"; Value = ""; VariantName = "[No Variations]"
Add component (AddParameter): Name = "RoHS Compliant"; Value = ""; VariantName = "[No Variations]"
Add component (AddParameter): Name = "Sensor Type"; Value = ""; VariantName = "[No Variations]"
Added Component: Designator=NTC1_DCH2(RESC2012X10N)
Add component (AddParameter): Name = "Case/Package"; Value = ""; VariantName = "[No Variations]"
Add component (AddParameter): Name = "Max Operating Temperature"; Value = ""; VariantName = "[No Variations]"
Add component (AddParameter): Name = "Max Supply Voltage"; Value = ""; VariantName = "[No Variations]"
Add component (AddParameter): Name = "Min Operating Temperature"; Value = ""; VariantName = "[No Variations]"
Add component (AddParameter): Name = "Min Supply Voltage"; Value = ""; VariantName = "[No Variations]"
Add component (AddParameter): Name = "Mounting Technology"; Value = ""; VariantName = "[No Variations]"
Add component (AddParameter): Name = "Nominal Supply Current"; Value = ""; VariantName = "[No Variations]"
Add component (AddParameter): Name = "Nominal Supply Voltage"; Value = ""; VariantName = "[No Variations]"
Add component (AddParameter): Name = "Output Current"; Value = ""; VariantName = "[No Variations]"
Add component (AddParameter): Name = "Pins"; Value = ""; VariantName = "[No Variations]"
Add component (AddParameter): Name = "RoHS Compliant"; Value = ""; VariantName = "[No Variations]"
Add component (AddParameter): Name = "Sensor Type"; Value = ""; VariantName = "[No Variations]"
Added Component: Designator=R8_NTC3(R0805FTK)
Add component (AddParameter): Name = ".Creator"; Value = "DR"; VariantName = "[No Variations]"
Add component (AddParameter): Name = ".PCBcheck"; Value = ""; VariantName = "[No Variations]"
Add component (AddParameter): Name = ".SCHcheck"; Value = ""; VariantName = "[No Variations]"
Add component (AddParameter): Name = "Case Code (Metric)"; Value = "2012"; VariantName = "[No Variations]"
Add component (AddParameter): Name = "Case/Package"; Value = "0805"; VariantName = "[No Variations]"
Add component (AddParameter): Name = "Category"; Value = "Chip SMD Resistors"; VariantName = "[No Variations]"
Add component (AddParameter): Name = "Circuit Type"; Value = ""; VariantName = "[No Variations]"
Add component (AddParameter): Name = "Color"; Value = ""; VariantName = "[No Variations]"
Add component (AddParameter): Name = "ComponentLink1Description"; Value = "https://datasheet.ciiva.com/11821/0900766b80fcdb72-11821135.pdf?src-supplier=RSComponents"; VariantName = "[No Variations]"
Add component (AddParameter): Name = "ComponentLink1URL"; Value = "https://datasheet.ciiva.com/11821/0900766b80fcdb72-11821135.pdf?src-supplier=RSComponents"; VariantName = "[No Variations]"
Add component (AddParameter): Name = "ComponentLink2Description"; Value = "https://datasheet.ciiva.com/9122/chpreztr-9122374.pdf?src-supplier=Avnet"; VariantName = "[No Variations]"
Add component (AddParameter): Name = "ComponentLink2URL"; Value = "https://datasheet.ciiva.com/9122/chpreztr-9122374.pdf?src-supplier=Avnet"; VariantName = "[No Variations]"
Add component (AddParameter): Name = "ComponentLink3Description"; Value = "https://datasheet.ciiva.com/22693/1902866-22693254.pdf?src-supplier=Element14"; VariantName = "[No Variations]"
Add component (AddParameter): Name = "ComponentLink3URL"; Value = "https://datasheet.ciiva.com/22693/1902866-22693254.pdf?src-supplier=Element14"; VariantName = "[No Variations]"
Add component (AddParameter): Name = "ComponentLink4Description"; Value = "https://datasheet.ciiva.com/7986/691949-7986187.pdf?src-supplier=Element14"; VariantName = "[No Variations]"
Add component (AddParameter): Name = "ComponentLink4URL"; Value = "https://datasheet.ciiva.com/7986/691949-7986187.pdf?src-supplier=Element14"; VariantName = "[No Variations]"
Add component (AddParameter): Name = "ComponentLink5Description"; Value = "https://datasheet.ciiva.com/30065/159chpreztr-30065976.pdf?src-supplier=Onlinecomponents.com"; VariantName = "[No Variations]"
Add component (AddParameter): Name = "ComponentLink5URL"; Value = "https://datasheet.ciiva.com/30065/159chpreztr-30065976.pdf?src-supplier=Onlinecomponents.com"; VariantName = "[No Variations]"
Add component (AddParameter): Name = "ComponentLink6Description"; Value = "https://datasheet.ciiva.com/16783/70154685-16783482.pdf?src-supplier=Allied+Electronics"; VariantName = "[No Variations]"
Add component (AddParameter): Name = "ComponentLink6URL"; Value = "https://datasheet.ciiva.com/16783/70154685-16783482.pdf?src-supplier=Allied+Electronics"; VariantName = "[No Variations]"
Add component (AddParameter): Name = "ComponentLink7Description"; Value = "https://datasheet.ciiva.com/5548/chpreztr-5548491.pdf?src-supplier=Mouser"; VariantName = "[No Variations]"
Add component (AddParameter): Name = "ComponentLink7URL"; Value = "https://datasheet.ciiva.com/5548/chpreztr-5548491.pdf?src-supplier=Mouser"; VariantName = "[No Variations]"
Add component (AddParameter): Name = "ComponentLink8Description"; Value = "https://datasheet.ciiva.com/6559/chpreztr-6559900.pdf?src-supplier=Digi-Key"; VariantName = "[No Variations]"
Add component (AddParameter): Name = "ComponentLink8URL"; Value = "https://datasheet.ciiva.com/6559/chpreztr-6559900.pdf?src-supplier=Digi-Key"; VariantName = "[No Variations]"
Add component (AddParameter): Name = "ComponentLink9Description"; Value = "https://datasheet.ciiva.com/6559/chpreztr-6559901.pdf?src-supplier=Digi-Key"; VariantName = "[No Variations]"
Add component (AddParameter): Name = "ComponentLink9URL"; Value = "https://datasheet.ciiva.com/6559/chpreztr-6559901.pdf?src-supplier=Digi-Key"; VariantName = "[No Variations]"
Add component (AddParameter): Name = "ComponentLink10Description"; Value = "https://datasheet.ciiva.com/7985/1856384-7985869.pdf?src-supplier=Element14"; VariantName = "[No Variations]"
Add component (AddParameter): Name = "ComponentLink10URL"; Value = "https://datasheet.ciiva.com/7985/1856384-7985869.pdf?src-supplier=Element14"; VariantName = "[No Variations]"
Add component (AddParameter): Name = "ComponentLink11Description"; Value = "https://datasheet.ciiva.com/48692/001055517-da-01-en-smd-wid-cr0805-jw-103elf-10k-ohm-1-8w-48692118.pdf?src-supplier=Conrad"; VariantName = "[No Variations]"
Add component (AddParameter): Name = "ComponentLink11URL"; Value = "https://datasheet.ciiva.com/48692/001055517-da-01-en-smd-wid-cr0805-jw-103elf-10k-ohm-1-8w-48692118.pdf?src-supplier=Conrad"; VariantName = "[No Variations]"
Add component (AddParameter): Name = "Construction"; Value = "Rectangular"; VariantName = "[No Variations]"
Add component (AddParameter): Name = "Contact Plating"; Value = "Tin"; VariantName = "[No Variations]"
Add component (AddParameter): Name = "Current Rating"; Value = ""; VariantName = "[No Variations]"
Add component (AddParameter): Name = "Depth"; Value = "1.25mm"; VariantName = "[No Variations]"
Add component (AddParameter): Name = "Design Item ID"; Value = "R10k-0805FTK"; VariantName = "[No Variations]"
Add component (AddParameter): Name = "ELV"; Value = ""; VariantName = "[No Variations]"
Add component (AddParameter): Name = "Features"; Value = "Moisture Resistant"; VariantName = "[No Variations]"
Add component (AddParameter): Name = "Height"; Value = "0.5mm"; VariantName = "[No Variations]"
Add component (AddParameter): Name = "Insulation Resistance"; Value = ""; VariantName = "[No Variations]"
Add component (AddParameter): Name = "Lead Free"; Value = ""; VariantName = "[No Variations]"
Add component (AddParameter): Name = "Lead Length"; Value = ""; VariantName = "[No Variations]"
Add component (AddParameter): Name = "Length"; Value = "2mm"; VariantName = "[No Variations]"
Add component (AddParameter): Name = "Manufacturer"; Value = ""; VariantName = "[No Variations]"
Add component (AddParameter): Name = "Manufacturer 1"; Value = "Bourns"; VariantName = "[No Variations]"
Add component (AddParameter): Name = "Manufacturer Part Number"; Value = ""; VariantName = "[No Variations]"
Add component (AddParameter): Name = "Manufacturer Part Number 1"; Value = "CR0805-JW-103ELF"; VariantName = "[No Variations]"
Add component (AddParameter): Name = "Max Operating Temperature"; Value = "155°C"; VariantName = "[No Variations]"
Add component (AddParameter): Name = "Max Power Dissipation"; Value = "125mW"; VariantName = "[No Variations]"
Add component (AddParameter): Name = "Military Standard"; Value = "Not"; VariantName = "[No Variations]"
Add component (AddParameter): Name = "Min Operating Temperature"; Value = "-55°C"; VariantName = "[No Variations]"
Add component (AddParameter): Name = "Mount"; Value = "Surface Mount"; VariantName = "[No Variations]"
Add component (AddParameter): Name = "Mounting Technology"; Value = ""; VariantName = "[No Variations]"
Add component (AddParameter): Name = "Number of Contacts"; Value = ""; VariantName = "[No Variations]"
Add component (AddParameter): Name = "Number of Elements"; Value = ""; VariantName = "[No Variations]"
Add component (AddParameter): Name = "Number of Resistors"; Value = ""; VariantName = "[No Variations]"
Add component (AddParameter): Name = "Number of Terminals/Pins"; Value = ""; VariantName = "[No Variations]"
Add component (AddParameter): Name = "Number of Terminations"; Value = "2"; VariantName = "[No Variations]"
Add component (AddParameter): Name = "Number of Turns"; Value = ""; VariantName = "[No Variations]"
Add component (AddParameter): Name = "Package Quantity"; Value = "1"; VariantName = "[No Variations]"
Add component (AddParameter): Name = "Package Shape"; Value = ""; VariantName = "[No Variations]"
Add component (AddParameter): Name = "Packaging"; Value = "Tape and Reel"; VariantName = "[No Variations]"
Add component (AddParameter): Name = "Pins"; Value = "2"; VariantName = "[No Variations]"
Add component (AddParameter): Name = "Power"; Value = ""; VariantName = "[No Variations]"
Add component (AddParameter): Name = "Power Per Element"; Value = ""; VariantName = "[No Variations]"
Add component (AddParameter): Name = "Power Rating"; Value = "125mW"; VariantName = "[No Variations]"
Add component (AddParameter): Name = "Pricing 1"; Value = "1=0,05790, 10=0,01540, 25=0,01340, 100=0,00340 (USD)"; VariantName = "[No Variations]"
Add component (AddParameter): Name = "Radiation Hardening"; Value = "No"; VariantName = "[No Variations]"
Add component (AddParameter): Name = "REACH SVHC"; Value = "No SVHC"; VariantName = "[No Variations]"
Add component (AddParameter): Name = "Resistance"; Value = ""; VariantName = "[No Variations]"
Add component (AddParameter): Name = "Resistance Tolerance"; Value = "5%"; VariantName = "[No Variations]"
Add component (AddParameter): Name = "Resistence"; Value = ""; VariantName = "[No Variations]"
Add component (AddParameter): Name = "Resistor Type"; Value = "Thick Film"; VariantName = "[No Variations]"
Add component (AddParameter): Name = "RoHS"; Value = "Yes"; VariantName = "[No Variations]"
Add component (AddParameter): Name = "RoHS Compliant"; Value = "Yes"; VariantName = "[No Variations]"
Add component (AddParameter): Name = "Series"; Value = "CR0805"; VariantName = "[No Variations]"
Add component (AddParameter): Name = "Size Code"; Value = ""; VariantName = "[No Variations]"
Add component (AddParameter): Name = "Source"; Value = "Passives.SchLib"; VariantName = "[No Variations]"
Add component (AddParameter): Name = "Stock 1"; Value = "57566"; VariantName = "[No Variations]"
Add component (AddParameter): Name = "Taper"; Value = ""; VariantName = "[No Variations]"
Add component (AddParameter): Name = "Technology"; Value = "THICK FILM"; VariantName = "[No Variations]"
Add component (AddParameter): Name = "Temperature Coefficient"; Value = "200ppm/°C"; VariantName = "[No Variations]"
Add component (AddParameter): Name = "Terminal Finish"; Value = ""; VariantName = "[No Variations]"
Add component (AddParameter): Name = "Terminal Pitch"; Value = ""; VariantName = "[No Variations]"
Add component (AddParameter): Name = "Termination"; Value = "SMD/SMT"; VariantName = "[No Variations]"
Add component (AddParameter): Name = "Thickness"; Value = "508um"; VariantName = "[No Variations]"
Add component (AddParameter): Name = "Tolerance"; Value = "5%"; VariantName = "[No Variations]"
Add component (AddParameter): Name = "Value"; Value = "10k"; VariantName = "[No Variations]"
Add component (AddParameter): Name = "Voltage Rating"; Value = "150V"; VariantName = "[No Variations]"
Add component (AddParameter): Name = "Voltage Rating (DC)"; Value = "100V"; VariantName = "[No Variations]"
Add component (AddParameter): Name = "Weight"; Value = ""; VariantName = "[No Variations]"
Add component (AddParameter): Name = "Width"; Value = "1.25mm"; VariantName = "[No Variations]"
Add component (AddParameter): Name = "Working Voltage"; Value = ""; VariantName = "[No Variations]"
Added Component: Designator=R8_NTC4(R0805FTK)
Add component (AddParameter): Name = ".Creator"; Value = "DR"; VariantName = "[No Variations]"
Add component (AddParameter): Name = ".PCBcheck"; Value = ""; VariantName = "[No Variations]"
Add component (AddParameter): Name = ".SCHcheck"; Value = ""; VariantName = "[No Variations]"
Add component (AddParameter): Name = "Case Code (Metric)"; Value = "2012"; VariantName = "[No Variations]"
Add component (AddParameter): Name = "Case/Package"; Value = "0805"; VariantName = "[No Variations]"
Add component (AddParameter): Name = "Category"; Value = "Chip SMD Resistors"; VariantName = "[No Variations]"
Add component (AddParameter): Name = "Circuit Type"; Value = ""; VariantName = "[No Variations]"
Add component (AddParameter): Name = "Color"; Value = ""; VariantName = "[No Variations]"
Add component (AddParameter): Name = "ComponentLink1Description"; Value = "https://datasheet.ciiva.com/11821/0900766b80fcdb72-11821135.pdf?src-supplier=RSComponents"; VariantName = "[No Variations]"
Add component (AddParameter): Name = "ComponentLink1URL"; Value = "https://datasheet.ciiva.com/11821/0900766b80fcdb72-11821135.pdf?src-supplier=RSComponents"; VariantName = "[No Variations]"
Add component (AddParameter): Name = "ComponentLink2Description"; Value = "https://datasheet.ciiva.com/9122/chpreztr-9122374.pdf?src-supplier=Avnet"; VariantName = "[No Variations]"
Add component (AddParameter): Name = "ComponentLink2URL"; Value = "https://datasheet.ciiva.com/9122/chpreztr-9122374.pdf?src-supplier=Avnet"; VariantName = "[No Variations]"
Add component (AddParameter): Name = "ComponentLink3Description"; Value = "https://datasheet.ciiva.com/22693/1902866-22693254.pdf?src-supplier=Element14"; VariantName = "[No Variations]"
Add component (AddParameter): Name = "ComponentLink3URL"; Value = "https://datasheet.ciiva.com/22693/1902866-22693254.pdf?src-supplier=Element14"; VariantName = "[No Variations]"
Add component (AddParameter): Name = "ComponentLink4Description"; Value = "https://datasheet.ciiva.com/7986/691949-7986187.pdf?src-supplier=Element14"; VariantName = "[No Variations]"
Add component (AddParameter): Name = "ComponentLink4URL"; Value = "https://datasheet.ciiva.com/7986/691949-7986187.pdf?src-supplier=Element14"; VariantName = "[No Variations]"
Add component (AddParameter): Name = "ComponentLink5Description"; Value = "https://datasheet.ciiva.com/30065/159chpreztr-30065976.pdf?src-supplier=Onlinecomponents.com"; VariantName = "[No Variations]"
Add component (AddParameter): Name = "ComponentLink5URL"; Value = "https://datasheet.ciiva.com/30065/159chpreztr-30065976.pdf?src-supplier=Onlinecomponents.com"; VariantName = "[No Variations]"
Add component (AddParameter): Name = "ComponentLink6Description"; Value = "https://datasheet.ciiva.com/16783/70154685-16783482.pdf?src-supplier=Allied+Electronics"; VariantName = "[No Variations]"
Add component (AddParameter): Name = "ComponentLink6URL"; Value = "https://datasheet.ciiva.com/16783/70154685-16783482.pdf?src-supplier=Allied+Electronics"; VariantName = "[No Variations]"
Add component (AddParameter): Name = "ComponentLink7Description"; Value = "https://datasheet.ciiva.com/5548/chpreztr-5548491.pdf?src-supplier=Mouser"; VariantName = "[No Variations]"
Add component (AddParameter): Name = "ComponentLink7URL"; Value = "https://datasheet.ciiva.com/5548/chpreztr-5548491.pdf?src-supplier=Mouser"; VariantName = "[No Variations]"
Add component (AddParameter): Name = "ComponentLink8Description"; Value = "https://datasheet.ciiva.com/6559/chpreztr-6559900.pdf?src-supplier=Digi-Key"; VariantName = "[No Variations]"
Add component (AddParameter): Name = "ComponentLink8URL"; Value = "https://datasheet.ciiva.com/6559/chpreztr-6559900.pdf?src-supplier=Digi-Key"; VariantName = "[No Variations]"
Add component (AddParameter): Name = "ComponentLink9Description"; Value = "https://datasheet.ciiva.com/6559/chpreztr-6559901.pdf?src-supplier=Digi-Key"; VariantName = "[No Variations]"
Add component (AddParameter): Name = "ComponentLink9URL"; Value = "https://datasheet.ciiva.com/6559/chpreztr-6559901.pdf?src-supplier=Digi-Key"; VariantName = "[No Variations]"
Add component (AddParameter): Name = "ComponentLink10Description"; Value = "https://datasheet.ciiva.com/7985/1856384-7985869.pdf?src-supplier=Element14"; VariantName = "[No Variations]"
Add component (AddParameter): Name = "ComponentLink10URL"; Value = "https://datasheet.ciiva.com/7985/1856384-7985869.pdf?src-supplier=Element14"; VariantName = "[No Variations]"
Add component (AddParameter): Name = "ComponentLink11Description"; Value = "https://datasheet.ciiva.com/48692/001055517-da-01-en-smd-wid-cr0805-jw-103elf-10k-ohm-1-8w-48692118.pdf?src-supplier=Conrad"; VariantName = "[No Variations]"
Add component (AddParameter): Name = "ComponentLink11URL"; Value = "https://datasheet.ciiva.com/48692/001055517-da-01-en-smd-wid-cr0805-jw-103elf-10k-ohm-1-8w-48692118.pdf?src-supplier=Conrad"; VariantName = "[No Variations]"
Add component (AddParameter): Name = "Construction"; Value = "Rectangular"; VariantName = "[No Variations]"
Add component (AddParameter): Name = "Contact Plating"; Value = "Tin"; VariantName = "[No Variations]"
Add component (AddParameter): Name = "Current Rating"; Value = ""; VariantName = "[No Variations]"
Add component (AddParameter): Name = "Depth"; Value = "1.25mm"; VariantName = "[No Variations]"
Add component (AddParameter): Name = "Design Item ID"; Value = "R10k-0805FTK"; VariantName = "[No Variations]"
Add component (AddParameter): Name = "ELV"; Value = ""; VariantName = "[No Variations]"
Add component (AddParameter): Name = "Features"; Value = "Moisture Resistant"; VariantName = "[No Variations]"
Add component (AddParameter): Name = "Height"; Value = "0.5mm"; VariantName = "[No Variations]"
Add component (AddParameter): Name = "Insulation Resistance"; Value = ""; VariantName = "[No Variations]"
Add component (AddParameter): Name = "Lead Free"; Value = ""; VariantName = "[No Variations]"
Add component (AddParameter): Name = "Lead Length"; Value = ""; VariantName = "[No Variations]"
Add component (AddParameter): Name = "Length"; Value = "2mm"; VariantName = "[No Variations]"
Add component (AddParameter): Name = "Manufacturer"; Value = ""; VariantName = "[No Variations]"
Add component (AddParameter): Name = "Manufacturer 1"; Value = "Bourns"; VariantName = "[No Variations]"
Add component (AddParameter): Name = "Manufacturer Part Number"; Value = ""; VariantName = "[No Variations]"
Add component (AddParameter): Name = "Manufacturer Part Number 1"; Value = "CR0805-JW-103ELF"; VariantName = "[No Variations]"
Add component (AddParameter): Name = "Max Operating Temperature"; Value = "155°C"; VariantName = "[No Variations]"
Add component (AddParameter): Name = "Max Power Dissipation"; Value = "125mW"; VariantName = "[No Variations]"
Add component (AddParameter): Name = "Military Standard"; Value = "Not"; VariantName = "[No Variations]"
Add component (AddParameter): Name = "Min Operating Temperature"; Value = "-55°C"; VariantName = "[No Variations]"
Add component (AddParameter): Name = "Mount"; Value = "Surface Mount"; VariantName = "[No Variations]"
Add component (AddParameter): Name = "Mounting Technology"; Value = ""; VariantName = "[No Variations]"
Add component (AddParameter): Name = "Number of Contacts"; Value = ""; VariantName = "[No Variations]"
Add component (AddParameter): Name = "Number of Elements"; Value = ""; VariantName = "[No Variations]"
Add component (AddParameter): Name = "Number of Resistors"; Value = ""; VariantName = "[No Variations]"
Add component (AddParameter): Name = "Number of Terminals/Pins"; Value = ""; VariantName = "[No Variations]"
Add component (AddParameter): Name = "Number of Terminations"; Value = "2"; VariantName = "[No Variations]"
Add component (AddParameter): Name = "Number of Turns"; Value = ""; VariantName = "[No Variations]"
Add component (AddParameter): Name = "Package Quantity"; Value = "1"; VariantName = "[No Variations]"
Add component (AddParameter): Name = "Package Shape"; Value = ""; VariantName = "[No Variations]"
Add component (AddParameter): Name = "Packaging"; Value = "Tape and Reel"; VariantName = "[No Variations]"
Add component (AddParameter): Name = "Pins"; Value = "2"; VariantName = "[No Variations]"
Add component (AddParameter): Name = "Power"; Value = ""; VariantName = "[No Variations]"
Add component (AddParameter): Name = "Power Per Element"; Value = ""; VariantName = "[No Variations]"
Add component (AddParameter): Name = "Power Rating"; Value = "125mW"; VariantName = "[No Variations]"
Add component (AddParameter): Name = "Pricing 1"; Value = "1=0,05790, 10=0,01540, 25=0,01340, 100=0,00340 (USD)"; VariantName = "[No Variations]"
Add component (AddParameter): Name = "Radiation Hardening"; Value = "No"; VariantName = "[No Variations]"
Add component (AddParameter): Name = "REACH SVHC"; Value = "No SVHC"; VariantName = "[No Variations]"
Add component (AddParameter): Name = "Resistance"; Value = ""; VariantName = "[No Variations]"
Add component (AddParameter): Name = "Resistance Tolerance"; Value = "5%"; VariantName = "[No Variations]"
Add component (AddParameter): Name = "Resistence"; Value = ""; VariantName = "[No Variations]"
Add component (AddParameter): Name = "Resistor Type"; Value = "Thick Film"; VariantName = "[No Variations]"
Add component (AddParameter): Name = "RoHS"; Value = "Yes"; VariantName = "[No Variations]"
Add component (AddParameter): Name = "RoHS Compliant"; Value = "Yes"; VariantName = "[No Variations]"
Add component (AddParameter): Name = "Series"; Value = "CR0805"; VariantName = "[No Variations]"
Add component (AddParameter): Name = "Size Code"; Value = ""; VariantName = "[No Variations]"
Add component (AddParameter): Name = "Source"; Value = "Passives.SchLib"; VariantName = "[No Variations]"
Add component (AddParameter): Name = "Stock 1"; Value = "57566"; VariantName = "[No Variations]"
Add component (AddParameter): Name = "Taper"; Value = ""; VariantName = "[No Variations]"
Add component (AddParameter): Name = "Technology"; Value = "THICK FILM"; VariantName = "[No Variations]"
Add component (AddParameter): Name = "Temperature Coefficient"; Value = "200ppm/°C"; VariantName = "[No Variations]"
Add component (AddParameter): Name = "Terminal Finish"; Value = ""; VariantName = "[No Variations]"
Add component (AddParameter): Name = "Terminal Pitch"; Value = ""; VariantName = "[No Variations]"
Add component (AddParameter): Name = "Termination"; Value = "SMD/SMT"; VariantName = "[No Variations]"
Add component (AddParameter): Name = "Thickness"; Value = "508um"; VariantName = "[No Variations]"
Add component (AddParameter): Name = "Tolerance"; Value = "5%"; VariantName = "[No Variations]"
Add component (AddParameter): Name = "Value"; Value = "10k"; VariantName = "[No Variations]"
Add component (AddParameter): Name = "Voltage Rating"; Value = "150V"; VariantName = "[No Variations]"
Add component (AddParameter): Name = "Voltage Rating (DC)"; Value = "100V"; VariantName = "[No Variations]"
Add component (AddParameter): Name = "Weight"; Value = ""; VariantName = "[No Variations]"
Add component (AddParameter): Name = "Width"; Value = "1.25mm"; VariantName = "[No Variations]"
Add component (AddParameter): Name = "Working Voltage"; Value = ""; VariantName = "[No Variations]"
Added Component: Designator=R9_NTC3(R0805FTK)
Add component (AddParameter): Name = ".Creator"; Value = "DR"; VariantName = "[No Variations]"
Add component (AddParameter): Name = ".PCBcheck"; Value = ""; VariantName = "[No Variations]"
Add component (AddParameter): Name = ".SCHcheck"; Value = ""; VariantName = "[No Variations]"
Add component (AddParameter): Name = "Case Code (Metric)"; Value = "2012"; VariantName = "[No Variations]"
Add component (AddParameter): Name = "Case/Package"; Value = "0805"; VariantName = "[No Variations]"
Add component (AddParameter): Name = "Category"; Value = "Chip SMD Resistors"; VariantName = "[No Variations]"
Add component (AddParameter): Name = "Circuit Type"; Value = ""; VariantName = "[No Variations]"
Add component (AddParameter): Name = "Color"; Value = ""; VariantName = "[No Variations]"
Add component (AddParameter): Name = "ComponentLink1Description"; Value = "https://datasheet.ciiva.com/5541/chpreztr-5541593.pdf?src-supplier=Mouser"; VariantName = "[No Variations]"
Add component (AddParameter): Name = "ComponentLink1URL"; Value = "https://datasheet.ciiva.com/5541/chpreztr-5541593.pdf?src-supplier=Mouser"; VariantName = "[No Variations]"
Add component (AddParameter): Name = "ComponentLink2Description"; Value = "https://datasheet.ciiva.com/6560/chpreztr-6560073.pdf?src-supplier=Digi-Key"; VariantName = "[No Variations]"
Add component (AddParameter): Name = "ComponentLink2URL"; Value = "https://datasheet.ciiva.com/6560/chpreztr-6560073.pdf?src-supplier=Digi-Key"; VariantName = "[No Variations]"
Add component (AddParameter): Name = "ComponentLink3Description"; Value = "https://datasheet.ciiva.com/6560/chpreztr-6560074.pdf?src-supplier=Digi-Key"; VariantName = "[No Variations]"
Add component (AddParameter): Name = "ComponentLink3URL"; Value = "https://datasheet.ciiva.com/6560/chpreztr-6560074.pdf?src-supplier=Digi-Key"; VariantName = "[No Variations]"
Add component (AddParameter): Name = "ComponentLink4Description"; Value = "https://datasheet.ciiva.com/30174/159chpreztr-30174252.pdf?src-supplier=Onlinecomponents.com"; VariantName = "[No Variations]"
Add component (AddParameter): Name = "ComponentLink4URL"; Value = "https://datasheet.ciiva.com/30174/159chpreztr-30174252.pdf?src-supplier=Onlinecomponents.com"; VariantName = "[No Variations]"
Add component (AddParameter): Name = "ComponentLink5Description"; Value = "https://datasheet.ciiva.com/9122/chpreztr-9122814.pdf?src-supplier=Avnet"; VariantName = "[No Variations]"
Add component (AddParameter): Name = "ComponentLink5URL"; Value = "https://datasheet.ciiva.com/9122/chpreztr-9122814.pdf?src-supplier=Avnet"; VariantName = "[No Variations]"
Add component (AddParameter): Name = "ComponentLink6Description"; Value = "https://datasheet.ciiva.com/22713/691949-22713272.pdf?src-supplier=Element14"; VariantName = "[No Variations]"
Add component (AddParameter): Name = "ComponentLink6URL"; Value = "https://datasheet.ciiva.com/22713/691949-22713272.pdf?src-supplier=Element14"; VariantName = "[No Variations]"
Add component (AddParameter): Name = "ComponentLink7Description"; Value = "https://datasheet.ciiva.com/6560/chpreztr-6560075.pdf?src-supplier=Digi-Key"; VariantName = "[No Variations]"
Add component (AddParameter): Name = "ComponentLink7URL"; Value = "https://datasheet.ciiva.com/6560/chpreztr-6560075.pdf?src-supplier=Digi-Key"; VariantName = "[No Variations]"
Add component (AddParameter): Name = "Construction"; Value = "Rectangular"; VariantName = "[No Variations]"
Add component (AddParameter): Name = "Contact Plating"; Value = "Tin"; VariantName = "[No Variations]"
Add component (AddParameter): Name = "Current Rating"; Value = ""; VariantName = "[No Variations]"
Add component (AddParameter): Name = "Depth"; Value = "1.25mm"; VariantName = "[No Variations]"
Add component (AddParameter): Name = "Design Item ID"; Value = "R4.7K-0805FTK"; VariantName = "[No Variations]"
Add component (AddParameter): Name = "ELV"; Value = ""; VariantName = "[No Variations]"
Add component (AddParameter): Name = "Features"; Value = "Moisture Resistant"; VariantName = "[No Variations]"
Add component (AddParameter): Name = "Height"; Value = "0.024inch"; VariantName = "[No Variations]"
Add component (AddParameter): Name = "Insulation Resistance"; Value = ""; VariantName = "[No Variations]"
Add component (AddParameter): Name = "Lead Free"; Value = ""; VariantName = "[No Variations]"
Add component (AddParameter): Name = "Lead Length"; Value = ""; VariantName = "[No Variations]"
Add component (AddParameter): Name = "Length"; Value = "2mm"; VariantName = "[No Variations]"
Add component (AddParameter): Name = "Manufacturer"; Value = ""; VariantName = "[No Variations]"
Add component (AddParameter): Name = "Manufacturer 1"; Value = "Bourns"; VariantName = "[No Variations]"
Add component (AddParameter): Name = "Manufacturer Part Number"; Value = ""; VariantName = "[No Variations]"
Add component (AddParameter): Name = "Manufacturer Part Number 1"; Value = "CR0805-JW-472ELF"; VariantName = "[No Variations]"
Add component (AddParameter): Name = "Max Operating Temperature"; Value = "155°C"; VariantName = "[No Variations]"
Add component (AddParameter): Name = "Max Power Dissipation"; Value = "125mW"; VariantName = "[No Variations]"
Add component (AddParameter): Name = "Military Standard"; Value = "Not"; VariantName = "[No Variations]"
Add component (AddParameter): Name = "Min Operating Temperature"; Value = "-55°C"; VariantName = "[No Variations]"
Add component (AddParameter): Name = "Mount"; Value = "Surface Mount"; VariantName = "[No Variations]"
Add component (AddParameter): Name = "Number of Contacts"; Value = ""; VariantName = "[No Variations]"
Add component (AddParameter): Name = "Number of Elements"; Value = ""; VariantName = "[No Variations]"
Add component (AddParameter): Name = "Number of Resistors"; Value = ""; VariantName = "[No Variations]"
Add component (AddParameter): Name = "Number of Terminals/Pins"; Value = ""; VariantName = "[No Variations]"
Add component (AddParameter): Name = "Number of Terminations"; Value = "2"; VariantName = "[No Variations]"
Add component (AddParameter): Name = "Number of Turns"; Value = ""; VariantName = "[No Variations]"
Add component (AddParameter): Name = "Package Quantity"; Value = "1"; VariantName = "[No Variations]"
Add component (AddParameter): Name = "Package Shape"; Value = ""; VariantName = "[No Variations]"
Add component (AddParameter): Name = "Packaging"; Value = "Tape and Reel"; VariantName = "[No Variations]"
Add component (AddParameter): Name = "Pins"; Value = ""; VariantName = "[No Variations]"
Add component (AddParameter): Name = "Power Per Element"; Value = ""; VariantName = "[No Variations]"
Add component (AddParameter): Name = "Power Rating"; Value = "125mW"; VariantName = "[No Variations]"
Add component (AddParameter): Name = "Pricing 1"; Value = "1=0,05590, 10=0,01670, 25=0,01290, 100=0,00840, 250=0,00830, 500=0,00690, 1000=0,00410 (USD)"; VariantName = "[No Variations]"
Add component (AddParameter): Name = "Radiation Hardening"; Value = "No"; VariantName = "[No Variations]"
Add component (AddParameter): Name = "REACH SVHC"; Value = "No SVHC"; VariantName = "[No Variations]"
Add component (AddParameter): Name = "Resistance"; Value = ""; VariantName = "[No Variations]"
Add component (AddParameter): Name = "Resistance Tolerance"; Value = "5%"; VariantName = "[No Variations]"
Add component (AddParameter): Name = "Resistence"; Value = ""; VariantName = "[No Variations]"
Add component (AddParameter): Name = "Resistor Type"; Value = "Thick Film"; VariantName = "[No Variations]"
Add component (AddParameter): Name = "RoHS"; Value = "Yes"; VariantName = "[No Variations]"
Add component (AddParameter): Name = "RoHS Compliant"; Value = "Yes"; VariantName = "[No Variations]"
Add component (AddParameter): Name = "Series"; Value = "CR0805"; VariantName = "[No Variations]"
Add component (AddParameter): Name = "Size Code"; Value = ""; VariantName = "[No Variations]"
Add component (AddParameter): Name = "Source"; Value = "Passives.SchLib"; VariantName = "[No Variations]"
Add component (AddParameter): Name = "Stock 1"; Value = "3734"; VariantName = "[No Variations]"
Add component (AddParameter): Name = "Taper"; Value = ""; VariantName = "[No Variations]"
Add component (AddParameter): Name = "Technology"; Value = ""; VariantName = "[No Variations]"
Add component (AddParameter): Name = "Temperature Coefficient"; Value = "200ppm/°C"; VariantName = "[No Variations]"
Add component (AddParameter): Name = "Terminal Finish"; Value = ""; VariantName = "[No Variations]"
Add component (AddParameter): Name = "Terminal Pitch"; Value = ""; VariantName = "[No Variations]"
Add component (AddParameter): Name = "Termination"; Value = "SMD/SMT"; VariantName = "[No Variations]"
Add component (AddParameter): Name = "Thickness"; Value = "508um"; VariantName = "[No Variations]"
Add component (AddParameter): Name = "Tolerance"; Value = "5%"; VariantName = "[No Variations]"
Add component (AddParameter): Name = "Value"; Value = "4.7k"; VariantName = "[No Variations]"
Add component (AddParameter): Name = "Voltage Rating"; Value = "150V"; VariantName = "[No Variations]"
Add component (AddParameter): Name = "Voltage Rating (DC)"; Value = "150V"; VariantName = "[No Variations]"
Add component (AddParameter): Name = "Weight"; Value = ""; VariantName = "[No Variations]"
Add component (AddParameter): Name = "Width"; Value = "0.049inch"; VariantName = "[No Variations]"
Add component (AddParameter): Name = "Working Voltage"; Value = ""; VariantName = "[No Variations]"
Added Component: Designator=R9_NTC4(R0805FTK)
Add component (AddParameter): Name = ".Creator"; Value = "DR"; VariantName = "[No Variations]"
Add component (AddParameter): Name = ".PCBcheck"; Value = ""; VariantName = "[No Variations]"
Add component (AddParameter): Name = ".SCHcheck"; Value = ""; VariantName = "[No Variations]"
Add component (AddParameter): Name = "Case Code (Metric)"; Value = "2012"; VariantName = "[No Variations]"
Add component (AddParameter): Name = "Case/Package"; Value = "0805"; VariantName = "[No Variations]"
Add component (AddParameter): Name = "Category"; Value = "Chip SMD Resistors"; VariantName = "[No Variations]"
Add component (AddParameter): Name = "Circuit Type"; Value = ""; VariantName = "[No Variations]"
Add component (AddParameter): Name = "Color"; Value = ""; VariantName = "[No Variations]"
Add component (AddParameter): Name = "ComponentLink1Description"; Value = "https://datasheet.ciiva.com/5541/chpreztr-5541593.pdf?src-supplier=Mouser"; VariantName = "[No Variations]"
Add component (AddParameter): Name = "ComponentLink1URL"; Value = "https://datasheet.ciiva.com/5541/chpreztr-5541593.pdf?src-supplier=Mouser"; VariantName = "[No Variations]"
Add component (AddParameter): Name = "ComponentLink2Description"; Value = "https://datasheet.ciiva.com/6560/chpreztr-6560073.pdf?src-supplier=Digi-Key"; VariantName = "[No Variations]"
Add component (AddParameter): Name = "ComponentLink2URL"; Value = "https://datasheet.ciiva.com/6560/chpreztr-6560073.pdf?src-supplier=Digi-Key"; VariantName = "[No Variations]"
Add component (AddParameter): Name = "ComponentLink3Description"; Value = "https://datasheet.ciiva.com/6560/chpreztr-6560074.pdf?src-supplier=Digi-Key"; VariantName = "[No Variations]"
Add component (AddParameter): Name = "ComponentLink3URL"; Value = "https://datasheet.ciiva.com/6560/chpreztr-6560074.pdf?src-supplier=Digi-Key"; VariantName = "[No Variations]"
Add component (AddParameter): Name = "ComponentLink4Description"; Value = "https://datasheet.ciiva.com/30174/159chpreztr-30174252.pdf?src-supplier=Onlinecomponents.com"; VariantName = "[No Variations]"
Add component (AddParameter): Name = "ComponentLink4URL"; Value = "https://datasheet.ciiva.com/30174/159chpreztr-30174252.pdf?src-supplier=Onlinecomponents.com"; VariantName = "[No Variations]"
Add component (AddParameter): Name = "ComponentLink5Description"; Value = "https://datasheet.ciiva.com/9122/chpreztr-9122814.pdf?src-supplier=Avnet"; VariantName = "[No Variations]"
Add component (AddParameter): Name = "ComponentLink5URL"; Value = "https://datasheet.ciiva.com/9122/chpreztr-9122814.pdf?src-supplier=Avnet"; VariantName = "[No Variations]"
Add component (AddParameter): Name = "ComponentLink6Description"; Value = "https://datasheet.ciiva.com/22713/691949-22713272.pdf?src-supplier=Element14"; VariantName = "[No Variations]"
Add component (AddParameter): Name = "ComponentLink6URL"; Value = "https://datasheet.ciiva.com/22713/691949-22713272.pdf?src-supplier=Element14"; VariantName = "[No Variations]"
Add component (AddParameter): Name = "ComponentLink7Description"; Value = "https://datasheet.ciiva.com/6560/chpreztr-6560075.pdf?src-supplier=Digi-Key"; VariantName = "[No Variations]"
Add component (AddParameter): Name = "ComponentLink7URL"; Value = "https://datasheet.ciiva.com/6560/chpreztr-6560075.pdf?src-supplier=Digi-Key"; VariantName = "[No Variations]"
Add component (AddParameter): Name = "Construction"; Value = "Rectangular"; VariantName = "[No Variations]"
Add component (AddParameter): Name = "Contact Plating"; Value = "Tin"; VariantName = "[No Variations]"
Add component (AddParameter): Name = "Current Rating"; Value = ""; VariantName = "[No Variations]"
Add component (AddParameter): Name = "Depth"; Value = "1.25mm"; VariantName = "[No Variations]"
Add component (AddParameter): Name = "Design Item ID"; Value = "R4.7K-0805FTK"; VariantName = "[No Variations]"
Add component (AddParameter): Name = "ELV"; Value = ""; VariantName = "[No Variations]"
Add component (AddParameter): Name = "Features"; Value = "Moisture Resistant"; VariantName = "[No Variations]"
Add component (AddParameter): Name = "Height"; Value = "0.024inch"; VariantName = "[No Variations]"
Add component (AddParameter): Name = "Insulation Resistance"; Value = ""; VariantName = "[No Variations]"
Add component (AddParameter): Name = "Lead Free"; Value = ""; VariantName = "[No Variations]"
Add component (AddParameter): Name = "Lead Length"; Value = ""; VariantName = "[No Variations]"
Add component (AddParameter): Name = "Length"; Value = "2mm"; VariantName = "[No Variations]"
Add component (AddParameter): Name = "Manufacturer"; Value = ""; VariantName = "[No Variations]"
Add component (AddParameter): Name = "Manufacturer 1"; Value = "Bourns"; VariantName = "[No Variations]"
Add component (AddParameter): Name = "Manufacturer Part Number"; Value = ""; VariantName = "[No Variations]"
Add component (AddParameter): Name = "Manufacturer Part Number 1"; Value = "CR0805-JW-472ELF"; VariantName = "[No Variations]"
Add component (AddParameter): Name = "Max Operating Temperature"; Value = "155°C"; VariantName = "[No Variations]"
Add component (AddParameter): Name = "Max Power Dissipation"; Value = "125mW"; VariantName = "[No Variations]"
Add component (AddParameter): Name = "Military Standard"; Value = "Not"; VariantName = "[No Variations]"
Add component (AddParameter): Name = "Min Operating Temperature"; Value = "-55°C"; VariantName = "[No Variations]"
Add component (AddParameter): Name = "Mount"; Value = "Surface Mount"; VariantName = "[No Variations]"
Add component (AddParameter): Name = "Number of Contacts"; Value = ""; VariantName = "[No Variations]"
Add component (AddParameter): Name = "Number of Elements"; Value = ""; VariantName = "[No Variations]"
Add component (AddParameter): Name = "Number of Resistors"; Value = ""; VariantName = "[No Variations]"
Add component (AddParameter): Name = "Number of Terminals/Pins"; Value = ""; VariantName = "[No Variations]"
Add component (AddParameter): Name = "Number of Terminations"; Value = "2"; VariantName = "[No Variations]"
Add component (AddParameter): Name = "Number of Turns"; Value = ""; VariantName = "[No Variations]"
Add component (AddParameter): Name = "Package Quantity"; Value = "1"; VariantName = "[No Variations]"
Add component (AddParameter): Name = "Package Shape"; Value = ""; VariantName = "[No Variations]"
Add component (AddParameter): Name = "Packaging"; Value = "Tape and Reel"; VariantName = "[No Variations]"
Add component (AddParameter): Name = "Pins"; Value = ""; VariantName = "[No Variations]"
Add component (AddParameter): Name = "Power Per Element"; Value = ""; VariantName = "[No Variations]"
Add component (AddParameter): Name = "Power Rating"; Value = "125mW"; VariantName = "[No Variations]"
Add component (AddParameter): Name = "Pricing 1"; Value = "1=0,05590, 10=0,01670, 25=0,01290, 100=0,00840, 250=0,00830, 500=0,00690, 1000=0,00410 (USD)"; VariantName = "[No Variations]"
Add component (AddParameter): Name = "Radiation Hardening"; Value = "No"; VariantName = "[No Variations]"
Add component (AddParameter): Name = "REACH SVHC"; Value = "No SVHC"; VariantName = "[No Variations]"
Add component (AddParameter): Name = "Resistance"; Value = ""; VariantName = "[No Variations]"
Add component (AddParameter): Name = "Resistance Tolerance"; Value = "5%"; VariantName = "[No Variations]"
Add component (AddParameter): Name = "Resistence"; Value = ""; VariantName = "[No Variations]"
Add component (AddParameter): Name = "Resistor Type"; Value = "Thick Film"; VariantName = "[No Variations]"
Add component (AddParameter): Name = "RoHS"; Value = "Yes"; VariantName = "[No Variations]"
Add component (AddParameter): Name = "RoHS Compliant"; Value = "Yes"; VariantName = "[No Variations]"
Add component (AddParameter): Name = "Series"; Value = "CR0805"; VariantName = "[No Variations]"
Add component (AddParameter): Name = "Size Code"; Value = ""; VariantName = "[No Variations]"
Add component (AddParameter): Name = "Source"; Value = "Passives.SchLib"; VariantName = "[No Variations]"
Add component (AddParameter): Name = "Stock 1"; Value = "3734"; VariantName = "[No Variations]"
Add component (AddParameter): Name = "Taper"; Value = ""; VariantName = "[No Variations]"
Add component (AddParameter): Name = "Technology"; Value = ""; VariantName = "[No Variations]"
Add component (AddParameter): Name = "Temperature Coefficient"; Value = "200ppm/°C"; VariantName = "[No Variations]"
Add component (AddParameter): Name = "Terminal Finish"; Value = ""; VariantName = "[No Variations]"
Add component (AddParameter): Name = "Terminal Pitch"; Value = ""; VariantName = "[No Variations]"
Add component (AddParameter): Name = "Termination"; Value = "SMD/SMT"; VariantName = "[No Variations]"
Add component (AddParameter): Name = "Thickness"; Value = "508um"; VariantName = "[No Variations]"
Add component (AddParameter): Name = "Tolerance"; Value = "5%"; VariantName = "[No Variations]"
Add component (AddParameter): Name = "Value"; Value = "4.7k"; VariantName = "[No Variations]"
Add component (AddParameter): Name = "Voltage Rating"; Value = "150V"; VariantName = "[No Variations]"
Add component (AddParameter): Name = "Voltage Rating (DC)"; Value = "150V"; VariantName = "[No Variations]"
Add component (AddParameter): Name = "Weight"; Value = ""; VariantName = "[No Variations]"
Add component (AddParameter): Name = "Width"; Value = "0.049inch"; VariantName = "[No Variations]"
Add component (AddParameter): Name = "Working Voltage"; Value = ""; VariantName = "[No Variations]"
Added Component: Designator=R10_KCELL1(R0805FTK)
Add component (AddParameter): Name = ".Creator"; Value = "DR"; VariantName = "[No Variations]"
Add component (AddParameter): Name = ".PCBcheck"; Value = ""; VariantName = "[No Variations]"
Add component (AddParameter): Name = ".SCHcheck"; Value = ""; VariantName = "[No Variations]"
Add component (AddParameter): Name = "Case Code (Metric)"; Value = "2012"; VariantName = "[No Variations]"
Add component (AddParameter): Name = "Case/Package"; Value = "0805"; VariantName = "[No Variations]"
Add component (AddParameter): Name = "Category"; Value = "Chip SMD Resistors"; VariantName = "[No Variations]"
Add component (AddParameter): Name = "Circuit Type"; Value = ""; VariantName = "[No Variations]"
Add component (AddParameter): Name = "Color"; Value = ""; VariantName = "[No Variations]"
Add component (AddParameter): Name = "ComponentLink1Description"; Value = "https://datasheet.ciiva.com/11809/0900766b80fcdb72-11809178.pdf?src-supplier=RSComponents"; VariantName = "[No Variations]"
Add component (AddParameter): Name = "ComponentLink1URL"; Value = "https://datasheet.ciiva.com/11809/0900766b80fcdb72-11809178.pdf?src-supplier=RSComponents"; VariantName = "[No Variations]"
Add component (AddParameter): Name = "ComponentLink2Description"; Value = "https://datasheet.ciiva.com/6547/chpreztr-6547413.pdf?src-supplier=Digi-Key"; VariantName = "[No Variations]"
Add component (AddParameter): Name = "ComponentLink2URL"; Value = "https://datasheet.ciiva.com/6547/chpreztr-6547413.pdf?src-supplier=Digi-Key"; VariantName = "[No Variations]"
Add component (AddParameter): Name = "ComponentLink3Description"; Value = "https://datasheet.ciiva.com/6547/chpreztr-6547414.pdf?src-supplier=Digi-Key"; VariantName = "[No Variations]"
Add component (AddParameter): Name = "ComponentLink3URL"; Value = "https://datasheet.ciiva.com/6547/chpreztr-6547414.pdf?src-supplier=Digi-Key"; VariantName = "[No Variations]"
Add component (AddParameter): Name = "ComponentLink4Description"; Value = "https://datasheet.ciiva.com/6547/chpreztr-6547415.pdf?src-supplier=Digi-Key"; VariantName = "[No Variations]"
Add component (AddParameter): Name = "ComponentLink4URL"; Value = "https://datasheet.ciiva.com/6547/chpreztr-6547415.pdf?src-supplier=Digi-Key"; VariantName = "[No Variations]"
Add component (AddParameter): Name = "ComponentLink5Description"; Value = "https://datasheet.ciiva.com/9120/chpreztr-9120744.pdf?src-supplier=Avnet"; VariantName = "[No Variations]"
Add component (AddParameter): Name = "ComponentLink5URL"; Value = "https://datasheet.ciiva.com/9120/chpreztr-9120744.pdf?src-supplier=Avnet"; VariantName = "[No Variations]"
Add component (AddParameter): Name = "Construction"; Value = "Rectangular"; VariantName = "[No Variations]"
Add component (AddParameter): Name = "Contact Plating"; Value = "Tin"; VariantName = "[No Variations]"
Add component (AddParameter): Name = "Current Rating"; Value = ""; VariantName = "[No Variations]"
Add component (AddParameter): Name = "Depth"; Value = "1.25mm"; VariantName = "[No Variations]"
Add component (AddParameter): Name = "Design Item ID"; Value = "R100-0805FTK"; VariantName = "[No Variations]"
Add component (AddParameter): Name = "ELV"; Value = ""; VariantName = "[No Variations]"
Add component (AddParameter): Name = "Features"; Value = "Moisture Resistant"; VariantName = "[No Variations]"
Add component (AddParameter): Name = "Height"; Value = "0.5mm"; VariantName = "[No Variations]"
Add component (AddParameter): Name = "Insulation Resistance"; Value = ""; VariantName = "[No Variations]"
Add component (AddParameter): Name = "Lead Free"; Value = ""; VariantName = "[No Variations]"
Add component (AddParameter): Name = "Lead Length"; Value = ""; VariantName = "[No Variations]"
Add component (AddParameter): Name = "Length"; Value = "2mm"; VariantName = "[No Variations]"
Add component (AddParameter): Name = "Manufacturer"; Value = ""; VariantName = "[No Variations]"
Add component (AddParameter): Name = "Manufacturer 1"; Value = "Bourns"; VariantName = "[No Variations]"
Add component (AddParameter): Name = "Manufacturer Part Number"; Value = ""; VariantName = "[No Variations]"
Add component (AddParameter): Name = "Manufacturer Part Number 1"; Value = "CR0805-FX-1000ELF"; VariantName = "[No Variations]"
Add component (AddParameter): Name = "Max Operating Temperature"; Value = "155°C"; VariantName = "[No Variations]"
Add component (AddParameter): Name = "Max Power Dissipation"; Value = "125mW"; VariantName = "[No Variations]"
Add component (AddParameter): Name = "Military Standard"; Value = "Not"; VariantName = "[No Variations]"
Add component (AddParameter): Name = "Min Operating Temperature"; Value = "-55°C"; VariantName = "[No Variations]"
Add component (AddParameter): Name = "Mount"; Value = "Surface Mount"; VariantName = "[No Variations]"
Add component (AddParameter): Name = "Number of Contacts"; Value = ""; VariantName = "[No Variations]"
Add component (AddParameter): Name = "Number of Elements"; Value = ""; VariantName = "[No Variations]"
Add component (AddParameter): Name = "Number of Resistors"; Value = ""; VariantName = "[No Variations]"
Add component (AddParameter): Name = "Number of Terminals/Pins"; Value = ""; VariantName = "[No Variations]"
Add component (AddParameter): Name = "Number of Terminations"; Value = "2"; VariantName = "[No Variations]"
Add component (AddParameter): Name = "Number of Turns"; Value = ""; VariantName = "[No Variations]"
Add component (AddParameter): Name = "Package Quantity"; Value = "1"; VariantName = "[No Variations]"
Add component (AddParameter): Name = "Package Shape"; Value = ""; VariantName = "[No Variations]"
Add component (AddParameter): Name = "Packaging"; Value = "Tape and Reel"; VariantName = "[No Variations]"
Add component (AddParameter): Name = "Pins"; Value = "2"; VariantName = "[No Variations]"
Add component (AddParameter): Name = "Power Per Element"; Value = ""; VariantName = "[No Variations]"
Add component (AddParameter): Name = "Power Rating"; Value = "125mW"; VariantName = "[No Variations]"
Add component (AddParameter): Name = "Pricing 1"; Value = "1=0,05840, 10=0,03430, 25=0,01780, 100=0,00750, 250=0,00560, 500=0,00490, 3000=0,00470 (USD)"; VariantName = "[No Variations]"
Add component (AddParameter): Name = "Radiation Hardening"; Value = "No"; VariantName = "[No Variations]"
Add component (AddParameter): Name = "REACH SVHC"; Value = "No SVHC"; VariantName = "[No Variations]"
Add component (AddParameter): Name = "Resistance"; Value = ""; VariantName = "[No Variations]"
Add component (AddParameter): Name = "Resistance Tolerance"; Value = "1%"; VariantName = "[No Variations]"
Add component (AddParameter): Name = "Resistence"; Value = ""; VariantName = "[No Variations]"
Add component (AddParameter): Name = "Resistor Type"; Value = "Thick Film"; VariantName = "[No Variations]"
Add component (AddParameter): Name = "RoHS"; Value = "Yes"; VariantName = "[No Variations]"
Add component (AddParameter): Name = "RoHS Compliant"; Value = "Yes"; VariantName = "[No Variations]"
Add component (AddParameter): Name = "Series"; Value = "CR0805"; VariantName = "[No Variations]"
Add component (AddParameter): Name = "Size Code"; Value = ""; VariantName = "[No Variations]"
Add component (AddParameter): Name = "Source"; Value = "Passives.SchLib"; VariantName = "[No Variations]"
Add component (AddParameter): Name = "Stock 1"; Value = "49802"; VariantName = "[No Variations]"
Add component (AddParameter): Name = "Taper"; Value = ""; VariantName = "[No Variations]"
Add component (AddParameter): Name = "Technology"; Value = "THICK FILM"; VariantName = "[No Variations]"
Add component (AddParameter): Name = "Temperature Coefficient"; Value = "100ppm/°C"; VariantName = "[No Variations]"
Add component (AddParameter): Name = "Terminal Finish"; Value = ""; VariantName = "[No Variations]"
Add component (AddParameter): Name = "Terminal Pitch"; Value = ""; VariantName = "[No Variations]"
Add component (AddParameter): Name = "Termination"; Value = "SMD/SMT"; VariantName = "[No Variations]"
Add component (AddParameter): Name = "Thickness"; Value = "508um"; VariantName = "[No Variations]"
Add component (AddParameter): Name = "Tolerance"; Value = "1%"; VariantName = "[No Variations]"
Add component (AddParameter): Name = "Value"; Value = "100"; VariantName = "[No Variations]"
Add component (AddParameter): Name = "Voltage Rating"; Value = "150V"; VariantName = "[No Variations]"
Add component (AddParameter): Name = "Voltage Rating (DC)"; Value = "150V"; VariantName = "[No Variations]"
Add component (AddParameter): Name = "Weight"; Value = ""; VariantName = "[No Variations]"
Add component (AddParameter): Name = "Width"; Value = "1.25mm"; VariantName = "[No Variations]"
Add component (AddParameter): Name = "Working Voltage"; Value = ""; VariantName = "[No Variations]"
Added Component: Designator=R10_KCELL2(R0805FTK)
Add component (AddParameter): Name = ".Creator"; Value = "DR"; VariantName = "[No Variations]"
Add component (AddParameter): Name = ".PCBcheck"; Value = ""; VariantName = "[No Variations]"
Add component (AddParameter): Name = ".SCHcheck"; Value = ""; VariantName = "[No Variations]"
Add component (AddParameter): Name = "Case Code (Metric)"; Value = "2012"; VariantName = "[No Variations]"
Add component (AddParameter): Name = "Case/Package"; Value = "0805"; VariantName = "[No Variations]"
Add component (AddParameter): Name = "Category"; Value = "Chip SMD Resistors"; VariantName = "[No Variations]"
Add component (AddParameter): Name = "Circuit Type"; Value = ""; VariantName = "[No Variations]"
Add component (AddParameter): Name = "Color"; Value = ""; VariantName = "[No Variations]"
Add component (AddParameter): Name = "ComponentLink1Description"; Value = "https://datasheet.ciiva.com/11809/0900766b80fcdb72-11809178.pdf?src-supplier=RSComponents"; VariantName = "[No Variations]"
Add component (AddParameter): Name = "ComponentLink1URL"; Value = "https://datasheet.ciiva.com/11809/0900766b80fcdb72-11809178.pdf?src-supplier=RSComponents"; VariantName = "[No Variations]"
Add component (AddParameter): Name = "ComponentLink2Description"; Value = "https://datasheet.ciiva.com/6547/chpreztr-6547413.pdf?src-supplier=Digi-Key"; VariantName = "[No Variations]"
Add component (AddParameter): Name = "ComponentLink2URL"; Value = "https://datasheet.ciiva.com/6547/chpreztr-6547413.pdf?src-supplier=Digi-Key"; VariantName = "[No Variations]"
Add component (AddParameter): Name = "ComponentLink3Description"; Value = "https://datasheet.ciiva.com/6547/chpreztr-6547414.pdf?src-supplier=Digi-Key"; VariantName = "[No Variations]"
Add component (AddParameter): Name = "ComponentLink3URL"; Value = "https://datasheet.ciiva.com/6547/chpreztr-6547414.pdf?src-supplier=Digi-Key"; VariantName = "[No Variations]"
Add component (AddParameter): Name = "ComponentLink4Description"; Value = "https://datasheet.ciiva.com/6547/chpreztr-6547415.pdf?src-supplier=Digi-Key"; VariantName = "[No Variations]"
Add component (AddParameter): Name = "ComponentLink4URL"; Value = "https://datasheet.ciiva.com/6547/chpreztr-6547415.pdf?src-supplier=Digi-Key"; VariantName = "[No Variations]"
Add component (AddParameter): Name = "ComponentLink5Description"; Value = "https://datasheet.ciiva.com/9120/chpreztr-9120744.pdf?src-supplier=Avnet"; VariantName = "[No Variations]"
Add component (AddParameter): Name = "ComponentLink5URL"; Value = "https://datasheet.ciiva.com/9120/chpreztr-9120744.pdf?src-supplier=Avnet"; VariantName = "[No Variations]"
Add component (AddParameter): Name = "Construction"; Value = "Rectangular"; VariantName = "[No Variations]"
Add component (AddParameter): Name = "Contact Plating"; Value = "Tin"; VariantName = "[No Variations]"
Add component (AddParameter): Name = "Current Rating"; Value = ""; VariantName = "[No Variations]"
Add component (AddParameter): Name = "Depth"; Value = "1.25mm"; VariantName = "[No Variations]"
Add component (AddParameter): Name = "Design Item ID"; Value = "R100-0805FTK"; VariantName = "[No Variations]"
Add component (AddParameter): Name = "ELV"; Value = ""; VariantName = "[No Variations]"
Add component (AddParameter): Name = "Features"; Value = "Moisture Resistant"; VariantName = "[No Variations]"
Add component (AddParameter): Name = "Height"; Value = "0.5mm"; VariantName = "[No Variations]"
Add component (AddParameter): Name = "Insulation Resistance"; Value = ""; VariantName = "[No Variations]"
Add component (AddParameter): Name = "Lead Free"; Value = ""; VariantName = "[No Variations]"
Add component (AddParameter): Name = "Lead Length"; Value = ""; VariantName = "[No Variations]"
Add component (AddParameter): Name = "Length"; Value = "2mm"; VariantName = "[No Variations]"
Add component (AddParameter): Name = "Manufacturer"; Value = ""; VariantName = "[No Variations]"
Add component (AddParameter): Name = "Manufacturer 1"; Value = "Bourns"; VariantName = "[No Variations]"
Add component (AddParameter): Name = "Manufacturer Part Number"; Value = ""; VariantName = "[No Variations]"
Add component (AddParameter): Name = "Manufacturer Part Number 1"; Value = "CR0805-FX-1000ELF"; VariantName = "[No Variations]"
Add component (AddParameter): Name = "Max Operating Temperature"; Value = "155°C"; VariantName = "[No Variations]"
Add component (AddParameter): Name = "Max Power Dissipation"; Value = "125mW"; VariantName = "[No Variations]"
Add component (AddParameter): Name = "Military Standard"; Value = "Not"; VariantName = "[No Variations]"
Add component (AddParameter): Name = "Min Operating Temperature"; Value = "-55°C"; VariantName = "[No Variations]"
Add component (AddParameter): Name = "Mount"; Value = "Surface Mount"; VariantName = "[No Variations]"
Add component (AddParameter): Name = "Number of Contacts"; Value = ""; VariantName = "[No Variations]"
Add component (AddParameter): Name = "Number of Elements"; Value = ""; VariantName = "[No Variations]"
Add component (AddParameter): Name = "Number of Resistors"; Value = ""; VariantName = "[No Variations]"
Add component (AddParameter): Name = "Number of Terminals/Pins"; Value = ""; VariantName = "[No Variations]"
Add component (AddParameter): Name = "Number of Terminations"; Value = "2"; VariantName = "[No Variations]"
Add component (AddParameter): Name = "Number of Turns"; Value = ""; VariantName = "[No Variations]"
Add component (AddParameter): Name = "Package Quantity"; Value = "1"; VariantName = "[No Variations]"
Add component (AddParameter): Name = "Package Shape"; Value = ""; VariantName = "[No Variations]"
Add component (AddParameter): Name = "Packaging"; Value = "Tape and Reel"; VariantName = "[No Variations]"
Add component (AddParameter): Name = "Pins"; Value = "2"; VariantName = "[No Variations]"
Add component (AddParameter): Name = "Power Per Element"; Value = ""; VariantName = "[No Variations]"
Add component (AddParameter): Name = "Power Rating"; Value = "125mW"; VariantName = "[No Variations]"
Add component (AddParameter): Name = "Pricing 1"; Value = "1=0,05840, 10=0,03430, 25=0,01780, 100=0,00750, 250=0,00560, 500=0,00490, 3000=0,00470 (USD)"; VariantName = "[No Variations]"
Add component (AddParameter): Name = "Radiation Hardening"; Value = "No"; VariantName = "[No Variations]"
Add component (AddParameter): Name = "REACH SVHC"; Value = "No SVHC"; VariantName = "[No Variations]"
Add component (AddParameter): Name = "Resistance"; Value = ""; VariantName = "[No Variations]"
Add component (AddParameter): Name = "Resistance Tolerance"; Value = "1%"; VariantName = "[No Variations]"
Add component (AddParameter): Name = "Resistence"; Value = ""; VariantName = "[No Variations]"
Add component (AddParameter): Name = "Resistor Type"; Value = "Thick Film"; VariantName = "[No Variations]"
Add component (AddParameter): Name = "RoHS"; Value = "Yes"; VariantName = "[No Variations]"
Add component (AddParameter): Name = "RoHS Compliant"; Value = "Yes"; VariantName = "[No Variations]"
Add component (AddParameter): Name = "Series"; Value = "CR0805"; VariantName = "[No Variations]"
Add component (AddParameter): Name = "Size Code"; Value = ""; VariantName = "[No Variations]"
Add component (AddParameter): Name = "Source"; Value = "Passives.SchLib"; VariantName = "[No Variations]"
Add component (AddParameter): Name = "Stock 1"; Value = "49802"; VariantName = "[No Variations]"
Add component (AddParameter): Name = "Taper"; Value = ""; VariantName = "[No Variations]"
Add component (AddParameter): Name = "Technology"; Value = "THICK FILM"; VariantName = "[No Variations]"
Add component (AddParameter): Name = "Temperature Coefficient"; Value = "100ppm/°C"; VariantName = "[No Variations]"
Add component (AddParameter): Name = "Terminal Finish"; Value = ""; VariantName = "[No Variations]"
Add component (AddParameter): Name = "Terminal Pitch"; Value = ""; VariantName = "[No Variations]"
Add component (AddParameter): Name = "Termination"; Value = "SMD/SMT"; VariantName = "[No Variations]"
Add component (AddParameter): Name = "Thickness"; Value = "508um"; VariantName = "[No Variations]"
Add component (AddParameter): Name = "Tolerance"; Value = "1%"; VariantName = "[No Variations]"
Add component (AddParameter): Name = "Value"; Value = "100"; VariantName = "[No Variations]"
Add component (AddParameter): Name = "Voltage Rating"; Value = "150V"; VariantName = "[No Variations]"
Add component (AddParameter): Name = "Voltage Rating (DC)"; Value = "150V"; VariantName = "[No Variations]"
Add component (AddParameter): Name = "Weight"; Value = ""; VariantName = "[No Variations]"
Add component (AddParameter): Name = "Width"; Value = "1.25mm"; VariantName = "[No Variations]"
Add component (AddParameter): Name = "Working Voltage"; Value = ""; VariantName = "[No Variations]"
Added Component: Designator=TP2_NTC1(TestPoint)
Add component (AddParameter): Name = ".Creator"; Value = "GP"; VariantName = "[No Variations]"
Add component (AddParameter): Name = ".PCBcheck"; Value = "GP"; VariantName = "[No Variations]"
Add component (AddParameter): Name = ".SCHcheck"; Value = "GP"; VariantName = "[No Variations]"
Add component (AddParameter): Name = "Category"; Value = "TestPoint"; VariantName = "[No Variations]"
Add component (AddParameter): Name = "Checked by"; Value = ""; VariantName = "[No Variations]"
Add component (AddParameter): Name = "Design Item ID"; Value = "TestPoint"; VariantName = "[No Variations]"
Add component (AddParameter): Name = "Size"; Value = ""; VariantName = "[No Variations]"
Add component (AddParameter): Name = "Source"; Value = "e-Tech_Racing.SchLib"; VariantName = "[No Variations]"
Added Component: Designator=TP2_NTC2(TestPoint)
Add component (AddParameter): Name = ".Creator"; Value = "GP"; VariantName = "[No Variations]"
Add component (AddParameter): Name = ".PCBcheck"; Value = "GP"; VariantName = "[No Variations]"
Add component (AddParameter): Name = ".SCHcheck"; Value = "GP"; VariantName = "[No Variations]"
Add component (AddParameter): Name = "Category"; Value = "TestPoint"; VariantName = "[No Variations]"
Add component (AddParameter): Name = "Checked by"; Value = ""; VariantName = "[No Variations]"
Add component (AddParameter): Name = "Design Item ID"; Value = "TestPoint"; VariantName = "[No Variations]"
Add component (AddParameter): Name = "Size"; Value = ""; VariantName = "[No Variations]"
Add component (AddParameter): Name = "Source"; Value = "e-Tech_Racing.SchLib"; VariantName = "[No Variations]"
Added Component: Designator=TP2_NTC3(TestPoint)
Add component (AddParameter): Name = ".Creator"; Value = "GP"; VariantName = "[No Variations]"
Add component (AddParameter): Name = ".PCBcheck"; Value = "GP"; VariantName = "[No Variations]"
Add component (AddParameter): Name = ".SCHcheck"; Value = "GP"; VariantName = "[No Variations]"
Add component (AddParameter): Name = "Category"; Value = "TestPoint"; VariantName = "[No Variations]"
Add component (AddParameter): Name = "Checked by"; Value = ""; VariantName = "[No Variations]"
Add component (AddParameter): Name = "Design Item ID"; Value = "TestPoint"; VariantName = "[No Variations]"
Add component (AddParameter): Name = "Size"; Value = ""; VariantName = "[No Variations]"
Add component (AddParameter): Name = "Source"; Value = "e-Tech_Racing.SchLib"; VariantName = "[No Variations]"
Added Component: Designator=TP2_NTC4(TestPoint)
Add component (AddParameter): Name = ".Creator"; Value = "GP"; VariantName = "[No Variations]"
Add component (AddParameter): Name = ".PCBcheck"; Value = "GP"; VariantName = "[No Variations]"
Add component (AddParameter): Name = ".SCHcheck"; Value = "GP"; VariantName = "[No Variations]"
Add component (AddParameter): Name = "Category"; Value = "TestPoint"; VariantName = "[No Variations]"
Add component (AddParameter): Name = "Checked by"; Value = ""; VariantName = "[No Variations]"
Add component (AddParameter): Name = "Design Item ID"; Value = "TestPoint"; VariantName = "[No Variations]"
Add component (AddParameter): Name = "Size"; Value = ""; VariantName = "[No Variations]"
Add component (AddParameter): Name = "Source"; Value = "e-Tech_Racing.SchLib"; VariantName = "[No Variations]"
Added Component: Designator=TP3_CH1(TestPoint)
Add component (AddParameter): Name = ".Creator"; Value = "GP"; VariantName = "[No Variations]"
Add component (AddParameter): Name = ".PCBcheck"; Value = "GP"; VariantName = "[No Variations]"
Add component (AddParameter): Name = ".SCHcheck"; Value = "GP"; VariantName = "[No Variations]"
Add component (AddParameter): Name = "Category"; Value = "TestPoint"; VariantName = "[No Variations]"
Add component (AddParameter): Name = "Checked by"; Value = ""; VariantName = "[No Variations]"
Add component (AddParameter): Name = "Design Item ID"; Value = "TestPoint"; VariantName = "[No Variations]"
Add component (AddParameter): Name = "Size"; Value = ""; VariantName = "[No Variations]"
Add component (AddParameter): Name = "Source"; Value = "e-Tech_Racing.SchLib"; VariantName = "[No Variations]"
Added Component: Designator=TP3_CH2(TestPoint)
Add component (AddParameter): Name = ".Creator"; Value = "GP"; VariantName = "[No Variations]"
Add component (AddParameter): Name = ".PCBcheck"; Value = "GP"; VariantName = "[No Variations]"
Add component (AddParameter): Name = ".SCHcheck"; Value = "GP"; VariantName = "[No Variations]"
Add component (AddParameter): Name = "Category"; Value = "TestPoint"; VariantName = "[No Variations]"
Add component (AddParameter): Name = "Checked by"; Value = ""; VariantName = "[No Variations]"
Add component (AddParameter): Name = "Design Item ID"; Value = "TestPoint"; VariantName = "[No Variations]"
Add component (AddParameter): Name = "Size"; Value = ""; VariantName = "[No Variations]"
Add component (AddParameter): Name = "Source"; Value = "e-Tech_Racing.SchLib"; VariantName = "[No Variations]"
Added Component: Designator=TP4_CH1(TestPoint)
Add component (AddParameter): Name = ".Creator"; Value = "GP"; VariantName = "[No Variations]"
Add component (AddParameter): Name = ".PCBcheck"; Value = "GP"; VariantName = "[No Variations]"
Add component (AddParameter): Name = ".SCHcheck"; Value = "GP"; VariantName = "[No Variations]"
Add component (AddParameter): Name = "Category"; Value = "TestPoint"; VariantName = "[No Variations]"
Add component (AddParameter): Name = "Checked by"; Value = ""; VariantName = "[No Variations]"
Add component (AddParameter): Name = "Design Item ID"; Value = "TestPoint"; VariantName = "[No Variations]"
Add component (AddParameter): Name = "Size"; Value = ""; VariantName = "[No Variations]"
Add component (AddParameter): Name = "Source"; Value = "e-Tech_Racing.SchLib"; VariantName = "[No Variations]"
Added Component: Designator=TP4_CH2(TestPoint)
Add component (AddParameter): Name = ".Creator"; Value = "GP"; VariantName = "[No Variations]"
Add component (AddParameter): Name = ".PCBcheck"; Value = "GP"; VariantName = "[No Variations]"
Add component (AddParameter): Name = ".SCHcheck"; Value = "GP"; VariantName = "[No Variations]"
Add component (AddParameter): Name = "Category"; Value = "TestPoint"; VariantName = "[No Variations]"
Add component (AddParameter): Name = "Checked by"; Value = ""; VariantName = "[No Variations]"
Add component (AddParameter): Name = "Design Item ID"; Value = "TestPoint"; VariantName = "[No Variations]"
Add component (AddParameter): Name = "Size"; Value = ""; VariantName = "[No Variations]"
Add component (AddParameter): Name = "Source"; Value = "e-Tech_Racing.SchLib"; VariantName = "[No Variations]"
Added Component: Designator=TP5(TestPoint)
Add component (AddParameter): Name = ".Creator"; Value = "GP"; VariantName = "[No Variations]"
Add component (AddParameter): Name = ".PCBcheck"; Value = "GP"; VariantName = "[No Variations]"
Add component (AddParameter): Name = ".SCHcheck"; Value = "GP"; VariantName = "[No Variations]"
Add component (AddParameter): Name = "Category"; Value = "TestPoint"; VariantName = "[No Variations]"
Add component (AddParameter): Name = "Checked by"; Value = ""; VariantName = "[No Variations]"
Add component (AddParameter): Name = "Design Item ID"; Value = "TestPoint"; VariantName = "[No Variations]"
Add component (AddParameter): Name = "Size"; Value = ""; VariantName = "[No Variations]"
Add component (AddParameter): Name = "Source"; Value = "e-Tech_Racing.SchLib"; VariantName = "[No Variations]"
Added Component: Designator=TP6(TestPoint)
Add component (AddParameter): Name = ".Creator"; Value = "GP"; VariantName = "[No Variations]"
Add component (AddParameter): Name = ".PCBcheck"; Value = "GP"; VariantName = "[No Variations]"
Add component (AddParameter): Name = ".SCHcheck"; Value = "GP"; VariantName = "[No Variations]"
Add component (AddParameter): Name = "Category"; Value = "TestPoint"; VariantName = "[No Variations]"
Add component (AddParameter): Name = "Checked by"; Value = ""; VariantName = "[No Variations]"
Add component (AddParameter): Name = "Design Item ID"; Value = "TestPoint"; VariantName = "[No Variations]"
Add component (AddParameter): Name = "Size"; Value = ""; VariantName = "[No Variations]"
Add component (AddParameter): Name = "Source"; Value = "e-Tech_Racing.SchLib"; VariantName = "[No Variations]"
Added Component: Designator=Z5_NTC3(SODFL370X108-2N)
Add component (AddParameter): Name = "Case/Package"; Value = ""; VariantName = "[No Variations]"
Add component (AddParameter): Name = "Forward Current"; Value = ""; VariantName = "[No Variations]"
Add component (AddParameter): Name = "Forward Voltage"; Value = ""; VariantName = "[No Variations]"
Add component (AddParameter): Name = "Max Operating Temperature"; Value = "175°C"; VariantName = "[No Variations]"
Add component (AddParameter): Name = "Max Surge Current"; Value = ""; VariantName = "[No Variations]"
Add component (AddParameter): Name = "Min Operating Temperature"; Value = "-65°C"; VariantName = "[No Variations]"
Add component (AddParameter): Name = "Mounting Technology"; Value = ""; VariantName = "[No Variations]"
Add component (AddParameter): Name = "Peak Inverse Voltage"; Value = ""; VariantName = "[No Variations]"
Add component (AddParameter): Name = "Pins"; Value = "2"; VariantName = "[No Variations]"
Add component (AddParameter): Name = "RoHS Compliant"; Value = "Yes"; VariantName = "[No Variations]"
Added Component: Designator=Z5_NTC4(SODFL370X108-2N)
Add component (AddParameter): Name = "Case/Package"; Value = ""; VariantName = "[No Variations]"
Add component (AddParameter): Name = "Forward Current"; Value = ""; VariantName = "[No Variations]"
Add component (AddParameter): Name = "Forward Voltage"; Value = ""; VariantName = "[No Variations]"
Add component (AddParameter): Name = "Max Operating Temperature"; Value = "175°C"; VariantName = "[No Variations]"
Add component (AddParameter): Name = "Max Surge Current"; Value = ""; VariantName = "[No Variations]"
Add component (AddParameter): Name = "Min Operating Temperature"; Value = "-65°C"; VariantName = "[No Variations]"
Add component (AddParameter): Name = "Mounting Technology"; Value = ""; VariantName = "[No Variations]"
Add component (AddParameter): Name = "Peak Inverse Voltage"; Value = ""; VariantName = "[No Variations]"
Add component (AddParameter): Name = "Pins"; Value = "2"; VariantName = "[No Variations]"
Add component (AddParameter): Name = "RoHS Compliant"; Value = "Yes"; VariantName = "[No Variations]"
Added Pin To Net: NetName=GND Pin=C12_NTC1-1
Added Pin To Net: NetName=GND Pin=C12_NTC2-1
Added Pin To Net: NetName=GND Pin=C12_NTC3-1
Added Pin To Net: NetName=GND Pin=C12_NTC4-1
Added Pin To Net: NetName=GND Pin=C13_NTC1-1
Added Pin To Net: NetName=GND Pin=C13_NTC2-1
Added Pin To Net: NetName=GND Pin=C13_NTC3-1
Added Pin To Net: NetName=GND Pin=C13_NTC4-1
Added Pin To Net: NetName=3V3_MCU Pin=C37_DCH1-1
Added Pin To Net: NetName=3V3_MCU Pin=C37_DCH2-1
Added Pin To Net: NetName=GND Pin=C50_DCH1-1
Added Pin To Net: NetName=+12V Pin=C50_DCH1-2
Added Pin To Net: NetName=GND Pin=C50_DCH2-1
Added Pin To Net: NetName=+12V Pin=C50_DCH2-2
Added Pin To Net: NetName=GND Pin=D1-1
Added Pin To Net: NetName=GND Pin=D2-1
Added Pin To Net: NetName=GND Pin=J1-2
Added Pin To Net: NetName=GND Pin=J2-2
Added Pin To Net: NetName=GND Pin=J7-2
Added Pin To Net: NetName=GND Pin=J8-2
Added Pin To Net: NetName=S_CELL1- Pin=J9-1
Added Pin To Net: NetName=S_CELL1+ Pin=J9-2
Added Pin To Net: NetName=S_CELL2- Pin=J10-1
Added Pin To Net: NetName=S_CELL2+ Pin=J10-2
Added Pin To Net: NetName=GND Pin=NTC1_DCH1-2
Added Pin To Net: NetName=GND Pin=NTC1_DCH2-2
Added Pin To Net: NetName=+5V Pin=R8_NTC3-2
Added Pin To Net: NetName=+5V Pin=R8_NTC4-2
Added Pin To Net: NetName=NetQ1_KCELL1_G Pin=R10_KCELL1-2
Added Pin To Net: NetName=NetQ1_KCELL2_G Pin=R10_KCELL2-2
Added Pin To Net: NetName=3V3_MCU Pin=R28_DCH1-2
Added Pin To Net: NetName=3V3_MCU Pin=R28_DCH2-2
Added Pin To Net: NetName=GND Pin=R33_DCH1-1
Added Pin To Net: NetName=GND Pin=R33_DCH2-1
Added Pin To Net: NetName=GND Pin=R34_DCH1-1
Added Pin To Net: NetName=GND Pin=R34_DCH2-1
Added Pin To Net: NetName=GND Pin=R35_DCH1-1
Added Pin To Net: NetName=GND Pin=R35_DCH2-1
Added Pin To Net: NetName=GND Pin=R36_DCH1-1
Added Pin To Net: NetName=GND Pin=R36_DCH2-1
Added Pin To Net: NetName=NetC13_NTC1_2 Pin=TP2_NTC1-1
Added Pin To Net: NetName=NetC13_NTC2_2 Pin=TP2_NTC2-1
Added Pin To Net: NetName=NetC31_CH1_2 Pin=TP3_CH1-1
Added Pin To Net: NetName=NetC31_CH2_2 Pin=TP3_CH2-1
Added Pin To Net: NetName=NetC34_CH1_2 Pin=TP4_CH1-1
Added Pin To Net: NetName=NetC34_CH2_2 Pin=TP4_CH2-1
Added Pin To Net: NetName=NetC39_1 Pin=TP5-1
Added Pin To Net: NetName=+5V Pin=TP6-1
Added Pin To Net: NetName=3V3_MCU Pin=U6_DCH1-8
Added Pin To Net: NetName=3V3_MCU Pin=U6_DCH2-8
Added Pin To Net: NetName=NetC1_2 Pin=Z1-2
Added Pin To Net: NetName=NetC2_2 Pin=Z2-2
Added Pin To Net: NetName=NetC3_2 Pin=Z3-2
Added Pin To Net: NetName=NetC4_2 Pin=Z4-2
Added Pin To Net: NetName=GND Pin=Z5_NTC1-1
Added Pin To Net: NetName=GND Pin=Z5_NTC2-1
Added Pin To Net: NetName=GND Pin=Z5_NTC3-1
Added Pin To Net: NetName=GND Pin=Z5_NTC4-1
Added Pin To Net: NetName=CELL1_LED1 Pin=J1-3
Added Pin To Net: NetName=CELL1_LED1 Pin=U4-42
Added Net: Name=CELL1_LED1
Added Pin To Net: NetName=CELL1_LED2 Pin=J1-4
Added Pin To Net: NetName=CELL1_LED2 Pin=U4-43
Added Net: Name=CELL1_LED2
Added Pin To Net: NetName=CELL2_LED1 Pin=J2-3
Added Pin To Net: NetName=CELL2_LED1 Pin=U4-44
Added Net: Name=CELL2_LED1
Added Pin To Net: NetName=CELL2_LED2 Pin=J2-4
Added Pin To Net: NetName=CELL2_LED2 Pin=U4-45
Added Net: Name=CELL2_LED2
Added Pin To Net: NetName=DCH_NTC1_ADC Pin=C13_NTC3-2
Added Pin To Net: NetName=DCH_NTC1_ADC Pin=R9_NTC3-2
Added Pin To Net: NetName=DCH_NTC1_ADC Pin=TP2_NTC3-1
Added Pin To Net: NetName=DCH_NTC1_ADC Pin=U4-35
Added Pin To Net: NetName=DCH_NTC1_ADC Pin=Z5_NTC3-2
Added Net: Name=DCH_NTC1_ADC
Added Pin To Net: NetName=DCH_NTC2_ADC Pin=C13_NTC4-2
Added Pin To Net: NetName=DCH_NTC2_ADC Pin=R9_NTC4-2
Added Pin To Net: NetName=DCH_NTC2_ADC Pin=TP2_NTC4-1
Added Pin To Net: NetName=DCH_NTC2_ADC Pin=U4-36
Added Pin To Net: NetName=DCH_NTC2_ADC Pin=Z5_NTC4-2
Added Net: Name=DCH_NTC2_ADC
Added Pin To Net: NetName=NetC12_NTC3_2 Pin=C12_NTC3-2
Added Pin To Net: NetName=NetC12_NTC3_2 Pin=NTC1_DCH1-1
Added Pin To Net: NetName=NetC12_NTC3_2 Pin=R8_NTC3-1
Added Pin To Net: NetName=NetC12_NTC3_2 Pin=R9_NTC3-1
Added Net: Name=NetC12_NTC3_2
Added Pin To Net: NetName=NetC12_NTC4_2 Pin=C12_NTC4-2
Added Pin To Net: NetName=NetC12_NTC4_2 Pin=NTC1_DCH2-1
Added Pin To Net: NetName=NetC12_NTC4_2 Pin=R8_NTC4-1
Added Pin To Net: NetName=NetC12_NTC4_2 Pin=R9_NTC4-1
Added Net: Name=NetC12_NTC4_2
Added Pin To Net: NetName=NetR5_KCELL1_2 Pin=R5_KCELL1-2
Added Pin To Net: NetName=NetR5_KCELL1_2 Pin=R10_KCELL1-1
Added Pin To Net: NetName=NetR5_KCELL1_2 Pin=U4-60
Added Net: Name=NetR5_KCELL1_2
Added Pin To Net: NetName=NetR5_KCELL2_2 Pin=R5_KCELL2-2
Added Pin To Net: NetName=NetR5_KCELL2_2 Pin=R10_KCELL2-1
Added Pin To Net: NetName=NetR5_KCELL2_2 Pin=U4-62
Added Net: Name=NetR5_KCELL2_2
Added Class: Name=NTC3
Added Class: Name=NTC4
Added Member To Class: ClassName=DCH1 Member=Component C50_DCH1 (C50) C100n-50V-0805FNPC-X7R
Added Member To Class: ClassName=DCH2 Member=Component C50_DCH2 (C50) C100n-50V-0805FNPC-X7R
Added Member To Class: ClassName=ETR_CELLMETER_SLAVE Member=Component J9 NanoFit 1x2
Added Member To Class: ClassName=ETR_CELLMETER_SLAVE Member=Component J10 NanoFit 1x2
Added Member To Class: ClassName=DCH1 Member=Component NTC1_DCH1 (NTC1) NTC SMD 0805
Added Member To Class: ClassName=DCH2 Member=Component NTC1_DCH2 (NTC1) NTC SMD 0805
Added Member To Class: ClassName=KCELL1 Member=Component R10_KCELL1 (R10) R100 0805
Added Member To Class: ClassName=KCELL2 Member=Component R10_KCELL2 (R10) R100 0805
Added Member To Class: ClassName=NTC1 Member=Component TP2_NTC1 (TP2) TestPoint
Added Member To Class: ClassName=NTC2 Member=Component TP2_NTC2 (TP2) TestPoint
Added Member To Class: ClassName=CH1 Member=Component TP3_CH1 (TP3) TestPoint
Added Member To Class: ClassName=CH2 Member=Component TP3_CH2 (TP3) TestPoint
Added Member To Class: ClassName=CH1 Member=Component TP4_CH1 (TP4) TestPoint
Added Member To Class: ClassName=CH2 Member=Component TP4_CH2 (TP4) TestPoint
Added Member To Class: ClassName=U_Supply Member=Component TP5 TestPoint
Added Member To Class: ClassName=U_Supply Member=Component TP6 TestPoint
Added Member To Class: ClassName=NTC Member=NTC3 (NTC.SchDoc)
Added Member To Class: ClassName=NTC Member=NTC4 (NTC.SchDoc)
