ISO-10303-21;
HEADER;
FILE_DESCRIPTION(('Open CASCADE Model'),'2;1');
FILE_NAME('Open CASCADE Shape Model','2024-11-21T10:56:02',('Author'),(
    'Open CASCADE'),'Open CASCADE STEP processor 7.5','Open CASCADE 7.5'
  ,'Unknown');
FILE_SCHEMA(('AUTOMOTIVE_DESIGN { 1 0 10303 214 1 1 1 1 }'));
ENDSEC;
DATA;
#1 = APPLICATION_PROTOCOL_DEFINITION('international standard',
  'automotive_design',2000,#2);
#2 = APPLICATION_CONTEXT(
  'core data for automotive mechanical design processes');
#3 = SHAPE_DEFINITION_REPRESENTATION(#4,#10);
#4 = PRODUCT_DEFINITION_SHAPE('','',#5);
#5 = PRODUCT_DEFINITION('design','',#6,#9);
#6 = PRODUCT_DEFINITION_FORMATION('','',#7);
#7 = PRODUCT('PCB','PCB','',(#8));
#8 = PRODUCT_CONTEXT('',#2,'mechanical');
#9 = PRODUCT_DEFINITION_CONTEXT('part definition',#2,'design');
#10 = SHAPE_REPRESENTATION('',(#11,#15,#19,#23,#27,#31,#35),#39);
#11 = AXIS2_PLACEMENT_3D('',#12,#13,#14);
#12 = CARTESIAN_POINT('',(0.,0.,0.));
#13 = DIRECTION('',(0.,0.,1.));
#14 = DIRECTION('',(1.,0.,-0.));
#15 = AXIS2_PLACEMENT_3D('',#16,#17,#18);
#16 = CARTESIAN_POINT('',(0.,0.,0.));
#17 = DIRECTION('',(0.,0.,1.));
#18 = DIRECTION('',(1.,0.,-0.));
#19 = AXIS2_PLACEMENT_3D('',#20,#21,#22);
#20 = CARTESIAN_POINT('',(0.,0.,0.));
#21 = DIRECTION('',(0.,0.,1.));
#22 = DIRECTION('',(1.,0.,-0.));
#23 = AXIS2_PLACEMENT_3D('',#24,#25,#26);
#24 = CARTESIAN_POINT('',(0.,0.,0.));
#25 = DIRECTION('',(0.,0.,1.));
#26 = DIRECTION('',(1.,0.,-0.));
#27 = AXIS2_PLACEMENT_3D('',#28,#29,#30);
#28 = CARTESIAN_POINT('',(0.,0.,0.));
#29 = DIRECTION('',(0.,0.,1.));
#30 = DIRECTION('',(1.,0.,-0.));
#31 = AXIS2_PLACEMENT_3D('',#32,#33,#34);
#32 = CARTESIAN_POINT('',(0.,0.,0.));
#33 = DIRECTION('',(0.,0.,1.));
#34 = DIRECTION('',(1.,0.,-0.));
#35 = AXIS2_PLACEMENT_3D('',#36,#37,#38);
#36 = CARTESIAN_POINT('',(0.,0.,0.));
#37 = DIRECTION('',(0.,0.,1.));
#38 = DIRECTION('',(1.,0.,-0.));
#39 = ( GEOMETRIC_REPRESENTATION_CONTEXT(3) 
GLOBAL_UNCERTAINTY_ASSIGNED_CONTEXT((#43)) GLOBAL_UNIT_ASSIGNED_CONTEXT(
(#40,#41,#42)) REPRESENTATION_CONTEXT('Context #1',
  '3D Context with UNIT and UNCERTAINTY') );
#40 = ( LENGTH_UNIT() NAMED_UNIT(*) SI_UNIT(.MILLI.,.METRE.) );
#41 = ( NAMED_UNIT(*) PLANE_ANGLE_UNIT() SI_UNIT($,.RADIAN.) );
#42 = ( NAMED_UNIT(*) SI_UNIT($,.STERADIAN.) SOLID_ANGLE_UNIT() );
#43 = UNCERTAINTY_MEASURE_WITH_UNIT(LENGTH_MEASURE(5.E-06),#40,
  'distance_accuracy_value','confusion accuracy');
#44 = PRODUCT_RELATED_PRODUCT_CATEGORY('part',$,(#7));
#45 = SHAPE_DEFINITION_REPRESENTATION(#46,#52);
#46 = PRODUCT_DEFINITION_SHAPE('','',#47);
#47 = PRODUCT_DEFINITION('design','',#48,#51);
#48 = PRODUCT_DEFINITION_FORMATION('','',#49);
#49 = PRODUCT('Board','Board','',(#50));
#50 = PRODUCT_CONTEXT('',#2,'mechanical');
#51 = PRODUCT_DEFINITION_CONTEXT('part definition',#2,'design');
#52 = SHAPE_REPRESENTATION('',(#11,#53),#57);
#53 = AXIS2_PLACEMENT_3D('',#54,#55,#56);
#54 = CARTESIAN_POINT('',(0.,0.,-0.41032176));
#55 = DIRECTION('',(0.,0.,1.));
#56 = DIRECTION('',(1.,0.,-0.));
#57 = ( GEOMETRIC_REPRESENTATION_CONTEXT(3) 
GLOBAL_UNCERTAINTY_ASSIGNED_CONTEXT((#61)) GLOBAL_UNIT_ASSIGNED_CONTEXT(
(#58,#59,#60)) REPRESENTATION_CONTEXT('Context #1',
  '3D Context with UNIT and UNCERTAINTY') );
#58 = ( LENGTH_UNIT() NAMED_UNIT(*) SI_UNIT(.MILLI.,.METRE.) );
#59 = ( NAMED_UNIT(*) PLANE_ANGLE_UNIT() SI_UNIT($,.RADIAN.) );
#60 = ( NAMED_UNIT(*) SI_UNIT($,.STERADIAN.) SOLID_ANGLE_UNIT() );
#61 = UNCERTAINTY_MEASURE_WITH_UNIT(LENGTH_MEASURE(1.E-07),#58,
  'distance_accuracy_value','confusion accuracy');
#62 = ADVANCED_BREP_SHAPE_REPRESENTATION('',(#11,#63),#369);
#63 = MANIFOLD_SOLID_BREP('',#64);
#64 = CLOSED_SHELL('',(#65,#105,#136,#167,#189,#222,#255,#288,#321,#345)
  );
#65 = ADVANCED_FACE('',(#66),#100,.T.);
#66 = FACE_BOUND('',#67,.T.);
#67 = EDGE_LOOP('',(#68,#78,#86,#94));
#68 = ORIENTED_EDGE('',*,*,#69,.T.);
#69 = EDGE_CURVE('',#70,#72,#74,.T.);
#70 = VERTEX_POINT('',#71);
#71 = CARTESIAN_POINT('',(0.,0.,0.));
#72 = VERTEX_POINT('',#73);
#73 = CARTESIAN_POINT('',(0.,0.,0.41032176));
#74 = LINE('',#75,#76);
#75 = CARTESIAN_POINT('',(0.,0.,0.));
#76 = VECTOR('',#77,1.);
#77 = DIRECTION('',(0.,0.,1.));
#78 = ORIENTED_EDGE('',*,*,#79,.T.);
#79 = EDGE_CURVE('',#72,#80,#82,.T.);
#80 = VERTEX_POINT('',#81);
#81 = CARTESIAN_POINT('',(0.,120.,0.41032176));
#82 = LINE('',#83,#84);
#83 = CARTESIAN_POINT('',(0.,0.,0.41032176));
#84 = VECTOR('',#85,1.);
#85 = DIRECTION('',(0.,1.,0.));
#86 = ORIENTED_EDGE('',*,*,#87,.F.);
#87 = EDGE_CURVE('',#88,#80,#90,.T.);
#88 = VERTEX_POINT('',#89);
#89 = CARTESIAN_POINT('',(0.,120.,0.));
#90 = LINE('',#91,#92);
#91 = CARTESIAN_POINT('',(0.,120.,0.));
#92 = VECTOR('',#93,1.);
#93 = DIRECTION('',(0.,0.,1.));
#94 = ORIENTED_EDGE('',*,*,#95,.F.);
#95 = EDGE_CURVE('',#70,#88,#96,.T.);
#96 = LINE('',#97,#98);
#97 = CARTESIAN_POINT('',(0.,0.,0.));
#98 = VECTOR('',#99,1.);
#99 = DIRECTION('',(0.,1.,0.));
#100 = PLANE('',#101);
#101 = AXIS2_PLACEMENT_3D('',#102,#103,#104);
#102 = CARTESIAN_POINT('',(0.,0.,0.));
#103 = DIRECTION('',(-1.,0.,0.));
#104 = DIRECTION('',(0.,1.,0.));
#105 = ADVANCED_FACE('',(#106),#131,.T.);
#106 = FACE_BOUND('',#107,.T.);
#107 = EDGE_LOOP('',(#108,#109,#117,#125));
#108 = ORIENTED_EDGE('',*,*,#87,.T.);
#109 = ORIENTED_EDGE('',*,*,#110,.T.);
#110 = EDGE_CURVE('',#80,#111,#113,.T.);
#111 = VERTEX_POINT('',#112);
#112 = CARTESIAN_POINT('',(50.,120.,0.41032176));
#113 = LINE('',#114,#115);
#114 = CARTESIAN_POINT('',(0.,120.,0.41032176));
#115 = VECTOR('',#116,1.);
#116 = DIRECTION('',(1.,0.,0.));
#117 = ORIENTED_EDGE('',*,*,#118,.F.);
#118 = EDGE_CURVE('',#119,#111,#121,.T.);
#119 = VERTEX_POINT('',#120);
#120 = CARTESIAN_POINT('',(50.,120.,0.));
#121 = LINE('',#122,#123);
#122 = CARTESIAN_POINT('',(50.,120.,0.));
#123 = VECTOR('',#124,1.);
#124 = DIRECTION('',(0.,0.,1.));
#125 = ORIENTED_EDGE('',*,*,#126,.F.);
#126 = EDGE_CURVE('',#88,#119,#127,.T.);
#127 = LINE('',#128,#129);
#128 = CARTESIAN_POINT('',(0.,120.,0.));
#129 = VECTOR('',#130,1.);
#130 = DIRECTION('',(1.,0.,0.));
#131 = PLANE('',#132);
#132 = AXIS2_PLACEMENT_3D('',#133,#134,#135);
#133 = CARTESIAN_POINT('',(0.,120.,0.));
#134 = DIRECTION('',(0.,1.,0.));
#135 = DIRECTION('',(1.,0.,0.));
#136 = ADVANCED_FACE('',(#137),#162,.T.);
#137 = FACE_BOUND('',#138,.T.);
#138 = EDGE_LOOP('',(#139,#140,#148,#156));
#139 = ORIENTED_EDGE('',*,*,#118,.T.);
#140 = ORIENTED_EDGE('',*,*,#141,.T.);
#141 = EDGE_CURVE('',#111,#142,#144,.T.);
#142 = VERTEX_POINT('',#143);
#143 = CARTESIAN_POINT('',(50.,0.,0.41032176));
#144 = LINE('',#145,#146);
#145 = CARTESIAN_POINT('',(50.,120.,0.41032176));
#146 = VECTOR('',#147,1.);
#147 = DIRECTION('',(0.,-1.,0.));
#148 = ORIENTED_EDGE('',*,*,#149,.F.);
#149 = EDGE_CURVE('',#150,#142,#152,.T.);
#150 = VERTEX_POINT('',#151);
#151 = CARTESIAN_POINT('',(50.,0.,0.));
#152 = LINE('',#153,#154);
#153 = CARTESIAN_POINT('',(50.,0.,0.));
#154 = VECTOR('',#155,1.);
#155 = DIRECTION('',(0.,0.,1.));
#156 = ORIENTED_EDGE('',*,*,#157,.F.);
#157 = EDGE_CURVE('',#119,#150,#158,.T.);
#158 = LINE('',#159,#160);
#159 = CARTESIAN_POINT('',(50.,120.,0.));
#160 = VECTOR('',#161,1.);
#161 = DIRECTION('',(0.,-1.,0.));
#162 = PLANE('',#163);
#163 = AXIS2_PLACEMENT_3D('',#164,#165,#166);
#164 = CARTESIAN_POINT('',(50.,120.,0.));
#165 = DIRECTION('',(1.,0.,-0.));
#166 = DIRECTION('',(0.,-1.,0.));
#167 = ADVANCED_FACE('',(#168),#184,.T.);
#168 = FACE_BOUND('',#169,.T.);
#169 = EDGE_LOOP('',(#170,#171,#177,#178));
#170 = ORIENTED_EDGE('',*,*,#149,.T.);
#171 = ORIENTED_EDGE('',*,*,#172,.T.);
#172 = EDGE_CURVE('',#142,#72,#173,.T.);
#173 = LINE('',#174,#175);
#174 = CARTESIAN_POINT('',(50.,0.,0.41032176));
#175 = VECTOR('',#176,1.);
#176 = DIRECTION('',(-1.,0.,0.));
#177 = ORIENTED_EDGE('',*,*,#69,.F.);
#178 = ORIENTED_EDGE('',*,*,#179,.F.);
#179 = EDGE_CURVE('',#150,#70,#180,.T.);
#180 = LINE('',#181,#182);
#181 = CARTESIAN_POINT('',(50.,0.,0.));
#182 = VECTOR('',#183,1.);
#183 = DIRECTION('',(-1.,0.,0.));
#184 = PLANE('',#185);
#185 = AXIS2_PLACEMENT_3D('',#186,#187,#188);
#186 = CARTESIAN_POINT('',(50.,0.,0.));
#187 = DIRECTION('',(0.,-1.,0.));
#188 = DIRECTION('',(-1.,0.,0.));
#189 = ADVANCED_FACE('',(#190),#217,.F.);
#190 = FACE_BOUND('',#191,.T.);
#191 = EDGE_LOOP('',(#192,#202,#209,#210));
#192 = ORIENTED_EDGE('',*,*,#193,.T.);
#193 = EDGE_CURVE('',#194,#196,#198,.T.);
#194 = VERTEX_POINT('',#195);
#195 = CARTESIAN_POINT('',(8.3,11.,0.));
#196 = VERTEX_POINT('',#197);
#197 = CARTESIAN_POINT('',(8.3,11.,0.41032176));
#198 = LINE('',#199,#200);
#199 = CARTESIAN_POINT('',(8.3,11.,0.));
#200 = VECTOR('',#201,1.);
#201 = DIRECTION('',(0.,0.,1.));
#202 = ORIENTED_EDGE('',*,*,#203,.T.);
#203 = EDGE_CURVE('',#196,#196,#204,.T.);
#204 = CIRCLE('',#205,2.);
#205 = AXIS2_PLACEMENT_3D('',#206,#207,#208);
#206 = CARTESIAN_POINT('',(6.3,11.,0.41032176));
#207 = DIRECTION('',(0.,0.,1.));
#208 = DIRECTION('',(1.,0.,-0.));
#209 = ORIENTED_EDGE('',*,*,#193,.F.);
#210 = ORIENTED_EDGE('',*,*,#211,.F.);
#211 = EDGE_CURVE('',#194,#194,#212,.T.);
#212 = CIRCLE('',#213,2.);
#213 = AXIS2_PLACEMENT_3D('',#214,#215,#216);
#214 = CARTESIAN_POINT('',(6.3,11.,0.));
#215 = DIRECTION('',(0.,0.,1.));
#216 = DIRECTION('',(1.,0.,-0.));
#217 = CYLINDRICAL_SURFACE('',#218,2.);
#218 = AXIS2_PLACEMENT_3D('',#219,#220,#221);
#219 = CARTESIAN_POINT('',(6.3,11.,0.));
#220 = DIRECTION('',(-0.,-0.,-1.));
#221 = DIRECTION('',(1.,0.,-0.));
#222 = ADVANCED_FACE('',(#223),#250,.F.);
#223 = FACE_BOUND('',#224,.T.);
#224 = EDGE_LOOP('',(#225,#235,#242,#243));
#225 = ORIENTED_EDGE('',*,*,#226,.T.);
#226 = EDGE_CURVE('',#227,#229,#231,.T.);
#227 = VERTEX_POINT('',#228);
#228 = CARTESIAN_POINT('',(8.3,109.,0.));
#229 = VERTEX_POINT('',#230);
#230 = CARTESIAN_POINT('',(8.3,109.,0.41032176));
#231 = LINE('',#232,#233);
#232 = CARTESIAN_POINT('',(8.3,109.,0.));
#233 = VECTOR('',#234,1.);
#234 = DIRECTION('',(0.,0.,1.));
#235 = ORIENTED_EDGE('',*,*,#236,.T.);
#236 = EDGE_CURVE('',#229,#229,#237,.T.);
#237 = CIRCLE('',#238,2.);
#238 = AXIS2_PLACEMENT_3D('',#239,#240,#241);
#239 = CARTESIAN_POINT('',(6.3,109.,0.41032176));
#240 = DIRECTION('',(0.,0.,1.));
#241 = DIRECTION('',(1.,0.,-0.));
#242 = ORIENTED_EDGE('',*,*,#226,.F.);
#243 = ORIENTED_EDGE('',*,*,#244,.F.);
#244 = EDGE_CURVE('',#227,#227,#245,.T.);
#245 = CIRCLE('',#246,2.);
#246 = AXIS2_PLACEMENT_3D('',#247,#248,#249);
#247 = CARTESIAN_POINT('',(6.3,109.,0.));
#248 = DIRECTION('',(0.,0.,1.));
#249 = DIRECTION('',(1.,0.,-0.));
#250 = CYLINDRICAL_SURFACE('',#251,2.);
#251 = AXIS2_PLACEMENT_3D('',#252,#253,#254);
#252 = CARTESIAN_POINT('',(6.3,109.,0.));
#253 = DIRECTION('',(-0.,-0.,-1.));
#254 = DIRECTION('',(1.,0.,-0.));
#255 = ADVANCED_FACE('',(#256),#283,.F.);
#256 = FACE_BOUND('',#257,.T.);
#257 = EDGE_LOOP('',(#258,#268,#275,#276));
#258 = ORIENTED_EDGE('',*,*,#259,.T.);
#259 = EDGE_CURVE('',#260,#262,#264,.T.);
#260 = VERTEX_POINT('',#261);
#261 = CARTESIAN_POINT('',(45.7,11.,0.));
#262 = VERTEX_POINT('',#263);
#263 = CARTESIAN_POINT('',(45.7,11.,0.41032176));
#264 = LINE('',#265,#266);
#265 = CARTESIAN_POINT('',(45.7,11.,0.));
#266 = VECTOR('',#267,1.);
#267 = DIRECTION('',(0.,0.,1.));
#268 = ORIENTED_EDGE('',*,*,#269,.T.);
#269 = EDGE_CURVE('',#262,#262,#270,.T.);
#270 = CIRCLE('',#271,2.);
#271 = AXIS2_PLACEMENT_3D('',#272,#273,#274);
#272 = CARTESIAN_POINT('',(43.7,11.,0.41032176));
#273 = DIRECTION('',(0.,0.,1.));
#274 = DIRECTION('',(1.,0.,-0.));
#275 = ORIENTED_EDGE('',*,*,#259,.F.);
#276 = ORIENTED_EDGE('',*,*,#277,.F.);
#277 = EDGE_CURVE('',#260,#260,#278,.T.);
#278 = CIRCLE('',#279,2.);
#279 = AXIS2_PLACEMENT_3D('',#280,#281,#282);
#280 = CARTESIAN_POINT('',(43.7,11.,0.));
#281 = DIRECTION('',(0.,0.,1.));
#282 = DIRECTION('',(1.,0.,-0.));
#283 = CYLINDRICAL_SURFACE('',#284,2.);
#284 = AXIS2_PLACEMENT_3D('',#285,#286,#287);
#285 = CARTESIAN_POINT('',(43.7,11.,0.));
#286 = DIRECTION('',(-0.,-0.,-1.));
#287 = DIRECTION('',(1.,0.,-0.));
#288 = ADVANCED_FACE('',(#289),#316,.F.);
#289 = FACE_BOUND('',#290,.T.);
#290 = EDGE_LOOP('',(#291,#301,#308,#309));
#291 = ORIENTED_EDGE('',*,*,#292,.T.);
#292 = EDGE_CURVE('',#293,#295,#297,.T.);
#293 = VERTEX_POINT('',#294);
#294 = CARTESIAN_POINT('',(45.7,109.,0.));
#295 = VERTEX_POINT('',#296);
#296 = CARTESIAN_POINT('',(45.7,109.,0.41032176));
#297 = LINE('',#298,#299);
#298 = CARTESIAN_POINT('',(45.7,109.,0.));
#299 = VECTOR('',#300,1.);
#300 = DIRECTION('',(0.,0.,1.));
#301 = ORIENTED_EDGE('',*,*,#302,.T.);
#302 = EDGE_CURVE('',#295,#295,#303,.T.);
#303 = CIRCLE('',#304,2.);
#304 = AXIS2_PLACEMENT_3D('',#305,#306,#307);
#305 = CARTESIAN_POINT('',(43.7,109.,0.41032176));
#306 = DIRECTION('',(0.,0.,1.));
#307 = DIRECTION('',(1.,0.,-0.));
#308 = ORIENTED_EDGE('',*,*,#292,.F.);
#309 = ORIENTED_EDGE('',*,*,#310,.F.);
#310 = EDGE_CURVE('',#293,#293,#311,.T.);
#311 = CIRCLE('',#312,2.);
#312 = AXIS2_PLACEMENT_3D('',#313,#314,#315);
#313 = CARTESIAN_POINT('',(43.7,109.,0.));
#314 = DIRECTION('',(0.,0.,1.));
#315 = DIRECTION('',(1.,0.,-0.));
#316 = CYLINDRICAL_SURFACE('',#317,2.);
#317 = AXIS2_PLACEMENT_3D('',#318,#319,#320);
#318 = CARTESIAN_POINT('',(43.7,109.,0.));
#319 = DIRECTION('',(-0.,-0.,-1.));
#320 = DIRECTION('',(1.,0.,-0.));
#321 = ADVANCED_FACE('',(#322,#328,#331,#334,#337),#340,.T.);
#322 = FACE_BOUND('',#323,.T.);
#323 = EDGE_LOOP('',(#324,#325,#326,#327));
#324 = ORIENTED_EDGE('',*,*,#95,.T.);
#325 = ORIENTED_EDGE('',*,*,#126,.T.);
#326 = ORIENTED_EDGE('',*,*,#157,.T.);
#327 = ORIENTED_EDGE('',*,*,#179,.T.);
#328 = FACE_BOUND('',#329,.T.);
#329 = EDGE_LOOP('',(#330));
#330 = ORIENTED_EDGE('',*,*,#211,.T.);
#331 = FACE_BOUND('',#332,.T.);
#332 = EDGE_LOOP('',(#333));
#333 = ORIENTED_EDGE('',*,*,#244,.T.);
#334 = FACE_BOUND('',#335,.T.);
#335 = EDGE_LOOP('',(#336));
#336 = ORIENTED_EDGE('',*,*,#277,.T.);
#337 = FACE_BOUND('',#338,.T.);
#338 = EDGE_LOOP('',(#339));
#339 = ORIENTED_EDGE('',*,*,#310,.T.);
#340 = PLANE('',#341);
#341 = AXIS2_PLACEMENT_3D('',#342,#343,#344);
#342 = CARTESIAN_POINT('',(25.,60.,0.));
#343 = DIRECTION('',(-0.,-0.,-1.));
#344 = DIRECTION('',(-1.,0.,0.));
#345 = ADVANCED_FACE('',(#346,#352,#355,#358,#361),#364,.F.);
#346 = FACE_BOUND('',#347,.F.);
#347 = EDGE_LOOP('',(#348,#349,#350,#351));
#348 = ORIENTED_EDGE('',*,*,#79,.T.);
#349 = ORIENTED_EDGE('',*,*,#110,.T.);
#350 = ORIENTED_EDGE('',*,*,#141,.T.);
#351 = ORIENTED_EDGE('',*,*,#172,.T.);
#352 = FACE_BOUND('',#353,.F.);
#353 = EDGE_LOOP('',(#354));
#354 = ORIENTED_EDGE('',*,*,#203,.T.);
#355 = FACE_BOUND('',#356,.F.);
#356 = EDGE_LOOP('',(#357));
#357 = ORIENTED_EDGE('',*,*,#236,.T.);
#358 = FACE_BOUND('',#359,.F.);
#359 = EDGE_LOOP('',(#360));
#360 = ORIENTED_EDGE('',*,*,#269,.T.);
#361 = FACE_BOUND('',#362,.F.);
#362 = EDGE_LOOP('',(#363));
#363 = ORIENTED_EDGE('',*,*,#302,.T.);
#364 = PLANE('',#365);
#365 = AXIS2_PLACEMENT_3D('',#366,#367,#368);
#366 = CARTESIAN_POINT('',(25.,60.,0.41032176));
#367 = DIRECTION('',(-0.,-0.,-1.));
#368 = DIRECTION('',(-1.,0.,0.));
#369 = ( GEOMETRIC_REPRESENTATION_CONTEXT(3) 
GLOBAL_UNCERTAINTY_ASSIGNED_CONTEXT((#373)) GLOBAL_UNIT_ASSIGNED_CONTEXT
((#370,#371,#372)) REPRESENTATION_CONTEXT('Context #1',
  '3D Context with UNIT and UNCERTAINTY') );
#370 = ( LENGTH_UNIT() NAMED_UNIT(*) SI_UNIT(.MILLI.,.METRE.) );
#371 = ( NAMED_UNIT(*) PLANE_ANGLE_UNIT() SI_UNIT($,.RADIAN.) );
#372 = ( NAMED_UNIT(*) SI_UNIT($,.STERADIAN.) SOLID_ANGLE_UNIT() );
#373 = UNCERTAINTY_MEASURE_WITH_UNIT(LENGTH_MEASURE(1.E-07),#370,
  'distance_accuracy_value','confusion accuracy');
#374 = SHAPE_DEFINITION_REPRESENTATION(#375,#62);
#375 = PRODUCT_DEFINITION_SHAPE('','',#376);
#376 = PRODUCT_DEFINITION('design','',#377,#380);
#377 = PRODUCT_DEFINITION_FORMATION('','',#378);
#378 = PRODUCT('Open CASCADE STEP translator 7.5 1.1.1',
  'Open CASCADE STEP translator 7.5 1.1.1','',(#379));
#379 = PRODUCT_CONTEXT('',#2,'mechanical');
#380 = PRODUCT_DEFINITION_CONTEXT('part definition',#2,'design');
#381 = CONTEXT_DEPENDENT_SHAPE_REPRESENTATION(#382,#384);
#382 = ( REPRESENTATION_RELATIONSHIP('','',#62,#52) 
REPRESENTATION_RELATIONSHIP_WITH_TRANSFORMATION(#383) 
SHAPE_REPRESENTATION_RELATIONSHIP() );
#383 = ITEM_DEFINED_TRANSFORMATION('','',#11,#53);
#384 = PRODUCT_DEFINITION_SHAPE('Placement','Placement of an item',#385
  );
#385 = NEXT_ASSEMBLY_USAGE_OCCURRENCE('1','','',#47,#376,$);
#386 = PRODUCT_RELATED_PRODUCT_CATEGORY('part',$,(#378));
#387 = CONTEXT_DEPENDENT_SHAPE_REPRESENTATION(#388,#390);
#388 = ( REPRESENTATION_RELATIONSHIP('','',#52,#10) 
REPRESENTATION_RELATIONSHIP_WITH_TRANSFORMATION(#389) 
SHAPE_REPRESENTATION_RELATIONSHIP() );
#389 = ITEM_DEFINED_TRANSFORMATION('','',#11,#15);
#390 = PRODUCT_DEFINITION_SHAPE('Placement','Placement of an item',#391
  );
#391 = NEXT_ASSEMBLY_USAGE_OCCURRENCE('2','','',#5,#47,$);
#392 = PRODUCT_RELATED_PRODUCT_CATEGORY('part',$,(#49));
#393 = SHAPE_DEFINITION_REPRESENTATION(#394,#400);
#394 = PRODUCT_DEFINITION_SHAPE('','',#395);
#395 = PRODUCT_DEFINITION('design','',#396,#399);
#396 = PRODUCT_DEFINITION_FORMATION('','',#397);
#397 = PRODUCT('D2','D2','',(#398));
#398 = PRODUCT_CONTEXT('',#2,'mechanical');
#399 = PRODUCT_DEFINITION_CONTEXT('part definition',#2,'design');
#400 = SHAPE_REPRESENTATION('',(#11,#401),#405);
#401 = AXIS2_PLACEMENT_3D('',#402,#403,#404);
#402 = CARTESIAN_POINT('',(45.719102478027,86.360406494141,
    0.149999633431));
#403 = DIRECTION('',(1.748455531469E-07,-1.,-4.371140912996E-08));
#404 = DIRECTION('',(1.,1.748455531469E-07,-1.262072989224E-30));
#405 = ( GEOMETRIC_REPRESENTATION_CONTEXT(3) 
GLOBAL_UNCERTAINTY_ASSIGNED_CONTEXT((#409)) GLOBAL_UNIT_ASSIGNED_CONTEXT
((#406,#407,#408)) REPRESENTATION_CONTEXT('Context #1',
  '3D Context with UNIT and UNCERTAINTY') );
#406 = ( LENGTH_UNIT() NAMED_UNIT(*) SI_UNIT(.MILLI.,.METRE.) );
#407 = ( NAMED_UNIT(*) PLANE_ANGLE_UNIT() SI_UNIT($,.RADIAN.) );
#408 = ( NAMED_UNIT(*) SI_UNIT($,.STERADIAN.) SOLID_ANGLE_UNIT() );
#409 = UNCERTAINTY_MEASURE_WITH_UNIT(LENGTH_MEASURE(1.E-07),#406,
  'distance_accuracy_value','confusion accuracy');
#410 = SHAPE_REPRESENTATION('',(#11,#411,#596,#781,#1067,#1285,#1503,
    #3283),#3540);
#411 = MANIFOLD_SOLID_BREP('',#412);
#412 = CLOSED_SHELL('',(#413,#453,#484,#515,#548,#570,#583));
#413 = ADVANCED_FACE('',(#414),#448,.F.);
#414 = FACE_BOUND('',#415,.T.);
#415 = EDGE_LOOP('',(#416,#426,#434,#442));
#416 = ORIENTED_EDGE('',*,*,#417,.T.);
#417 = EDGE_CURVE('',#418,#420,#422,.T.);
#418 = VERTEX_POINT('',#419);
#419 = CARTESIAN_POINT('',(-1.,1.E-01,0.625));
#420 = VERTEX_POINT('',#421);
#421 = CARTESIAN_POINT('',(-0.6,1.E-01,0.625));
#422 = LINE('',#423,#424);
#423 = CARTESIAN_POINT('',(-1.,1.E-01,0.625));
#424 = VECTOR('',#425,1.);
#425 = DIRECTION('',(1.,0.,0.));
#426 = ORIENTED_EDGE('',*,*,#427,.F.);
#427 = EDGE_CURVE('',#428,#420,#430,.T.);
#428 = VERTEX_POINT('',#429);
#429 = CARTESIAN_POINT('',(-0.6,0.15,0.625));
#430 = LINE('',#431,#432);
#431 = CARTESIAN_POINT('',(-0.6,0.15,0.625));
#432 = VECTOR('',#433,1.);
#433 = DIRECTION('',(-0.,-1.,-0.));
#434 = ORIENTED_EDGE('',*,*,#435,.F.);
#435 = EDGE_CURVE('',#436,#428,#438,.T.);
#436 = VERTEX_POINT('',#437);
#437 = CARTESIAN_POINT('',(-1.,0.15,0.625));
#438 = LINE('',#439,#440);
#439 = CARTESIAN_POINT('',(-1.,0.15,0.625));
#440 = VECTOR('',#441,1.);
#441 = DIRECTION('',(1.,0.,0.));
#442 = ORIENTED_EDGE('',*,*,#443,.T.);
#443 = EDGE_CURVE('',#436,#418,#444,.T.);
#444 = LINE('',#445,#446);
#445 = CARTESIAN_POINT('',(-1.,0.15,0.625));
#446 = VECTOR('',#447,1.);
#447 = DIRECTION('',(-0.,-1.,-0.));
#448 = PLANE('',#449);
#449 = AXIS2_PLACEMENT_3D('',#450,#451,#452);
#450 = CARTESIAN_POINT('',(-1.,0.15,0.625));
#451 = DIRECTION('',(0.,0.,-1.));
#452 = DIRECTION('',(-1.,0.,-0.));
#453 = ADVANCED_FACE('',(#454),#479,.F.);
#454 = FACE_BOUND('',#455,.T.);
#455 = EDGE_LOOP('',(#456,#464,#472,#478));
#456 = ORIENTED_EDGE('',*,*,#457,.T.);
#457 = EDGE_CURVE('',#420,#458,#460,.T.);
#458 = VERTEX_POINT('',#459);
#459 = CARTESIAN_POINT('',(-0.6,1.E-01,0.206031501455));
#460 = LINE('',#461,#462);
#461 = CARTESIAN_POINT('',(-0.6,1.E-01,0.625));
#462 = VECTOR('',#463,1.);
#463 = DIRECTION('',(-2.587789240124E-16,0.,-1.));
#464 = ORIENTED_EDGE('',*,*,#465,.F.);
#465 = EDGE_CURVE('',#466,#458,#468,.T.);
#466 = VERTEX_POINT('',#467);
#467 = CARTESIAN_POINT('',(-0.6,0.15,0.206031501455));
#468 = LINE('',#469,#470);
#469 = CARTESIAN_POINT('',(-0.6,0.15,0.206031501455));
#470 = VECTOR('',#471,1.);
#471 = DIRECTION('',(-0.,-1.,-0.));
#472 = ORIENTED_EDGE('',*,*,#473,.F.);
#473 = EDGE_CURVE('',#428,#466,#474,.T.);
#474 = LINE('',#475,#476);
#475 = CARTESIAN_POINT('',(-0.6,0.15,0.625));
#476 = VECTOR('',#477,1.);
#477 = DIRECTION('',(-2.587789240124E-16,0.,-1.));
#478 = ORIENTED_EDGE('',*,*,#427,.T.);
#479 = PLANE('',#480);
#480 = AXIS2_PLACEMENT_3D('',#481,#482,#483);
#481 = CARTESIAN_POINT('',(-0.6,0.15,0.625));
#482 = DIRECTION('',(-1.,0.,2.587789240124E-16));
#483 = DIRECTION('',(2.587789240124E-16,0.,1.));
#484 = ADVANCED_FACE('',(#485),#510,.F.);
#485 = FACE_BOUND('',#486,.T.);
#486 = EDGE_LOOP('',(#487,#495,#503,#509));
#487 = ORIENTED_EDGE('',*,*,#488,.T.);
#488 = EDGE_CURVE('',#458,#489,#491,.T.);
#489 = VERTEX_POINT('',#490);
#490 = CARTESIAN_POINT('',(-0.657142857143,1.E-01,0.206031501455));
#491 = LINE('',#492,#493);
#492 = CARTESIAN_POINT('',(-0.6,1.E-01,0.206031501455));
#493 = VECTOR('',#494,1.);
#494 = DIRECTION('',(-1.,0.,7.115076756936E-15));
#495 = ORIENTED_EDGE('',*,*,#496,.F.);
#496 = EDGE_CURVE('',#497,#489,#499,.T.);
#497 = VERTEX_POINT('',#498);
#498 = CARTESIAN_POINT('',(-0.657142857143,0.15,0.206031501455));
#499 = LINE('',#500,#501);
#500 = CARTESIAN_POINT('',(-0.657142857143,0.15,0.206031501455));
#501 = VECTOR('',#502,1.);
#502 = DIRECTION('',(-0.,-1.,-0.));
#503 = ORIENTED_EDGE('',*,*,#504,.F.);
#504 = EDGE_CURVE('',#466,#497,#505,.T.);
#505 = LINE('',#506,#507);
#506 = CARTESIAN_POINT('',(-0.6,0.15,0.206031501455));
#507 = VECTOR('',#508,1.);
#508 = DIRECTION('',(-1.,0.,7.115076756936E-15));
#509 = ORIENTED_EDGE('',*,*,#465,.T.);
#510 = PLANE('',#511);
#511 = AXIS2_PLACEMENT_3D('',#512,#513,#514);
#512 = CARTESIAN_POINT('',(-0.6,0.15,0.206031501455));
#513 = DIRECTION('',(7.115076756936E-15,-0.,1.));
#514 = DIRECTION('',(1.,0.,-7.115076756936E-15));
#515 = ADVANCED_FACE('',(#516),#543,.F.);
#516 = FACE_BOUND('',#517,.F.);
#517 = EDGE_LOOP('',(#518,#519,#528,#536));
#518 = ORIENTED_EDGE('',*,*,#496,.F.);
#519 = ORIENTED_EDGE('',*,*,#520,.T.);
#520 = EDGE_CURVE('',#497,#521,#523,.T.);
#521 = VERTEX_POINT('',#522);
#522 = CARTESIAN_POINT('',(-1.,0.15,0.4));
#523 = CIRCLE('',#524,0.4);
#524 = AXIS2_PLACEMENT_3D('',#525,#526,#527);
#525 = CARTESIAN_POINT('',(-1.,0.15,2.168404344971E-16));
#526 = DIRECTION('',(0.,-1.,0.));
#527 = DIRECTION('',(0.,0.,1.));
#528 = ORIENTED_EDGE('',*,*,#529,.T.);
#529 = EDGE_CURVE('',#521,#530,#532,.T.);
#530 = VERTEX_POINT('',#531);
#531 = CARTESIAN_POINT('',(-1.,1.E-01,0.4));
#532 = LINE('',#533,#534);
#533 = CARTESIAN_POINT('',(-1.,0.15,0.4));
#534 = VECTOR('',#535,1.);
#535 = DIRECTION('',(-0.,-1.,-0.));
#536 = ORIENTED_EDGE('',*,*,#537,.F.);
#537 = EDGE_CURVE('',#489,#530,#538,.T.);
#538 = CIRCLE('',#539,0.4);
#539 = AXIS2_PLACEMENT_3D('',#540,#541,#542);
#540 = CARTESIAN_POINT('',(-1.,1.E-01,2.168404344971E-16));
#541 = DIRECTION('',(0.,-1.,0.));
#542 = DIRECTION('',(0.,0.,1.));
#543 = CYLINDRICAL_SURFACE('',#544,0.4);
#544 = AXIS2_PLACEMENT_3D('',#545,#546,#547);
#545 = CARTESIAN_POINT('',(-1.,0.15,2.168404344971E-16));
#546 = DIRECTION('',(-0.,-1.,-0.));
#547 = DIRECTION('',(0.,0.,-1.));
#548 = ADVANCED_FACE('',(#549),#565,.F.);
#549 = FACE_BOUND('',#550,.T.);
#550 = EDGE_LOOP('',(#551,#557,#558,#564));
#551 = ORIENTED_EDGE('',*,*,#552,.T.);
#552 = EDGE_CURVE('',#530,#418,#553,.T.);
#553 = LINE('',#554,#555);
#554 = CARTESIAN_POINT('',(-1.,1.E-01,0.4));
#555 = VECTOR('',#556,1.);
#556 = DIRECTION('',(9.637352644316E-16,0.,1.));
#557 = ORIENTED_EDGE('',*,*,#443,.F.);
#558 = ORIENTED_EDGE('',*,*,#559,.F.);
#559 = EDGE_CURVE('',#521,#436,#560,.T.);
#560 = LINE('',#561,#562);
#561 = CARTESIAN_POINT('',(-1.,0.15,0.4));
#562 = VECTOR('',#563,1.);
#563 = DIRECTION('',(9.637352644316E-16,0.,1.));
#564 = ORIENTED_EDGE('',*,*,#529,.T.);
#565 = PLANE('',#566);
#566 = AXIS2_PLACEMENT_3D('',#567,#568,#569);
#567 = CARTESIAN_POINT('',(-1.,0.15,0.4));
#568 = DIRECTION('',(1.,0.,-9.637352644316E-16));
#569 = DIRECTION('',(-9.637352644316E-16,0.,-1.));
#570 = ADVANCED_FACE('',(#571),#578,.T.);
#571 = FACE_BOUND('',#572,.T.);
#572 = EDGE_LOOP('',(#573,#574,#575,#576,#577));
#573 = ORIENTED_EDGE('',*,*,#435,.T.);
#574 = ORIENTED_EDGE('',*,*,#473,.T.);
#575 = ORIENTED_EDGE('',*,*,#504,.T.);
#576 = ORIENTED_EDGE('',*,*,#520,.T.);
#577 = ORIENTED_EDGE('',*,*,#559,.T.);
#578 = PLANE('',#579);
#579 = AXIS2_PLACEMENT_3D('',#580,#581,#582);
#580 = CARTESIAN_POINT('',(-1.,0.15,2.168404344971E-16));
#581 = DIRECTION('',(0.,1.,0.));
#582 = DIRECTION('',(0.,-0.,1.));
#583 = ADVANCED_FACE('',(#584),#591,.F.);
#584 = FACE_BOUND('',#585,.T.);
#585 = EDGE_LOOP('',(#586,#587,#588,#589,#590));
#586 = ORIENTED_EDGE('',*,*,#417,.F.);
#587 = ORIENTED_EDGE('',*,*,#552,.F.);
#588 = ORIENTED_EDGE('',*,*,#537,.F.);
#589 = ORIENTED_EDGE('',*,*,#488,.F.);
#590 = ORIENTED_EDGE('',*,*,#457,.F.);
#591 = PLANE('',#592);
#592 = AXIS2_PLACEMENT_3D('',#593,#594,#595);
#593 = CARTESIAN_POINT('',(-1.,1.E-01,2.168404344971E-16));
#594 = DIRECTION('',(0.,1.,0.));
#595 = DIRECTION('',(0.,-0.,1.));
#596 = MANIFOLD_SOLID_BREP('',#597);
#597 = CLOSED_SHELL('',(#598,#638,#669,#700,#733,#755,#768));
#598 = ADVANCED_FACE('',(#599),#633,.F.);
#599 = FACE_BOUND('',#600,.T.);
#600 = EDGE_LOOP('',(#601,#611,#619,#627));
#601 = ORIENTED_EDGE('',*,*,#602,.T.);
#602 = EDGE_CURVE('',#603,#605,#607,.T.);
#603 = VERTEX_POINT('',#604);
#604 = CARTESIAN_POINT('',(-0.6,1.E-01,-0.206031501455));
#605 = VERTEX_POINT('',#606);
#606 = CARTESIAN_POINT('',(-0.6,1.E-01,-0.625));
#607 = LINE('',#608,#609);
#608 = CARTESIAN_POINT('',(-0.6,1.E-01,-0.206031501455));
#609 = VECTOR('',#610,1.);
#610 = DIRECTION('',(2.587789240124E-16,0.,-1.));
#611 = ORIENTED_EDGE('',*,*,#612,.F.);
#612 = EDGE_CURVE('',#613,#605,#615,.T.);
#613 = VERTEX_POINT('',#614);
#614 = CARTESIAN_POINT('',(-0.6,0.15,-0.625));
#615 = LINE('',#616,#617);
#616 = CARTESIAN_POINT('',(-0.6,0.15,-0.625));
#617 = VECTOR('',#618,1.);
#618 = DIRECTION('',(-0.,-1.,-0.));
#619 = ORIENTED_EDGE('',*,*,#620,.F.);
#620 = EDGE_CURVE('',#621,#613,#623,.T.);
#621 = VERTEX_POINT('',#622);
#622 = CARTESIAN_POINT('',(-0.6,0.15,-0.206031501455));
#623 = LINE('',#624,#625);
#624 = CARTESIAN_POINT('',(-0.6,0.15,-0.206031501455));
#625 = VECTOR('',#626,1.);
#626 = DIRECTION('',(2.587789240124E-16,0.,-1.));
#627 = ORIENTED_EDGE('',*,*,#628,.T.);
#628 = EDGE_CURVE('',#621,#603,#629,.T.);
#629 = LINE('',#630,#631);
#630 = CARTESIAN_POINT('',(-0.6,0.15,-0.206031501455));
#631 = VECTOR('',#632,1.);
#632 = DIRECTION('',(-0.,-1.,-0.));
#633 = PLANE('',#634);
#634 = AXIS2_PLACEMENT_3D('',#635,#636,#637);
#635 = CARTESIAN_POINT('',(-0.6,0.15,-0.206031501455));
#636 = DIRECTION('',(-1.,0.,-2.587789240124E-16));
#637 = DIRECTION('',(-2.587789240124E-16,0.,1.));
#638 = ADVANCED_FACE('',(#639),#664,.F.);
#639 = FACE_BOUND('',#640,.T.);
#640 = EDGE_LOOP('',(#641,#649,#657,#663));
#641 = ORIENTED_EDGE('',*,*,#642,.T.);
#642 = EDGE_CURVE('',#605,#643,#645,.T.);
#643 = VERTEX_POINT('',#644);
#644 = CARTESIAN_POINT('',(-1.,1.E-01,-0.625));
#645 = LINE('',#646,#647);
#646 = CARTESIAN_POINT('',(-0.6,1.E-01,-0.625));
#647 = VECTOR('',#648,1.);
#648 = DIRECTION('',(-1.,0.,1.084202172486E-15));
#649 = ORIENTED_EDGE('',*,*,#650,.F.);
#650 = EDGE_CURVE('',#651,#643,#653,.T.);
#651 = VERTEX_POINT('',#652);
#652 = CARTESIAN_POINT('',(-1.,0.15,-0.625));
#653 = LINE('',#654,#655);
#654 = CARTESIAN_POINT('',(-1.,0.15,-0.625));
#655 = VECTOR('',#656,1.);
#656 = DIRECTION('',(-0.,-1.,-0.));
#657 = ORIENTED_EDGE('',*,*,#658,.F.);
#658 = EDGE_CURVE('',#613,#651,#659,.T.);
#659 = LINE('',#660,#661);
#660 = CARTESIAN_POINT('',(-0.6,0.15,-0.625));
#661 = VECTOR('',#662,1.);
#662 = DIRECTION('',(-1.,0.,1.084202172486E-15));
#663 = ORIENTED_EDGE('',*,*,#612,.T.);
#664 = PLANE('',#665);
#665 = AXIS2_PLACEMENT_3D('',#666,#667,#668);
#666 = CARTESIAN_POINT('',(-0.6,0.15,-0.625));
#667 = DIRECTION('',(1.084202172486E-15,-0.,1.));
#668 = DIRECTION('',(1.,0.,-1.084202172486E-15));
#669 = ADVANCED_FACE('',(#670),#695,.F.);
#670 = FACE_BOUND('',#671,.T.);
#671 = EDGE_LOOP('',(#672,#680,#688,#694));
#672 = ORIENTED_EDGE('',*,*,#673,.T.);
#673 = EDGE_CURVE('',#643,#674,#676,.T.);
#674 = VERTEX_POINT('',#675);
#675 = CARTESIAN_POINT('',(-1.,1.E-01,-0.4));
#676 = LINE('',#677,#678);
#677 = CARTESIAN_POINT('',(-1.,1.E-01,-0.625));
#678 = VECTOR('',#679,1.);
#679 = DIRECTION('',(-9.637352644316E-16,0.,1.));
#680 = ORIENTED_EDGE('',*,*,#681,.F.);
#681 = EDGE_CURVE('',#682,#674,#684,.T.);
#682 = VERTEX_POINT('',#683);
#683 = CARTESIAN_POINT('',(-1.,0.15,-0.4));
#684 = LINE('',#685,#686);
#685 = CARTESIAN_POINT('',(-1.,0.15,-0.4));
#686 = VECTOR('',#687,1.);
#687 = DIRECTION('',(-0.,-1.,-0.));
#688 = ORIENTED_EDGE('',*,*,#689,.F.);
#689 = EDGE_CURVE('',#651,#682,#690,.T.);
#690 = LINE('',#691,#692);
#691 = CARTESIAN_POINT('',(-1.,0.15,-0.625));
#692 = VECTOR('',#693,1.);
#693 = DIRECTION('',(-9.637352644316E-16,0.,1.));
#694 = ORIENTED_EDGE('',*,*,#650,.T.);
#695 = PLANE('',#696);
#696 = AXIS2_PLACEMENT_3D('',#697,#698,#699);
#697 = CARTESIAN_POINT('',(-1.,0.15,-0.625));
#698 = DIRECTION('',(1.,-0.,9.637352644316E-16));
#699 = DIRECTION('',(9.637352644316E-16,0.,-1.));
#700 = ADVANCED_FACE('',(#701),#728,.F.);
#701 = FACE_BOUND('',#702,.F.);
#702 = EDGE_LOOP('',(#703,#704,#713,#721));
#703 = ORIENTED_EDGE('',*,*,#681,.F.);
#704 = ORIENTED_EDGE('',*,*,#705,.T.);
#705 = EDGE_CURVE('',#682,#706,#708,.T.);
#706 = VERTEX_POINT('',#707);
#707 = CARTESIAN_POINT('',(-0.657142857143,0.15,-0.206031501455));
#708 = CIRCLE('',#709,0.4);
#709 = AXIS2_PLACEMENT_3D('',#710,#711,#712);
#710 = CARTESIAN_POINT('',(-1.,0.15,2.168404344971E-16));
#711 = DIRECTION('',(0.,-1.,0.));
#712 = DIRECTION('',(0.,0.,1.));
#713 = ORIENTED_EDGE('',*,*,#714,.T.);
#714 = EDGE_CURVE('',#706,#715,#717,.T.);
#715 = VERTEX_POINT('',#716);
#716 = CARTESIAN_POINT('',(-0.657142857143,1.E-01,-0.206031501455));
#717 = LINE('',#718,#719);
#718 = CARTESIAN_POINT('',(-0.657142857143,0.15,-0.206031501455));
#719 = VECTOR('',#720,1.);
#720 = DIRECTION('',(-0.,-1.,-0.));
#721 = ORIENTED_EDGE('',*,*,#722,.F.);
#722 = EDGE_CURVE('',#674,#715,#723,.T.);
#723 = CIRCLE('',#724,0.4);
#724 = AXIS2_PLACEMENT_3D('',#725,#726,#727);
#725 = CARTESIAN_POINT('',(-1.,1.E-01,2.168404344971E-16));
#726 = DIRECTION('',(0.,-1.,0.));
#727 = DIRECTION('',(0.,0.,1.));
#728 = CYLINDRICAL_SURFACE('',#729,0.4);
#729 = AXIS2_PLACEMENT_3D('',#730,#731,#732);
#730 = CARTESIAN_POINT('',(-1.,0.15,2.168404344971E-16));
#731 = DIRECTION('',(-0.,-1.,-0.));
#732 = DIRECTION('',(0.,0.,-1.));
#733 = ADVANCED_FACE('',(#734),#750,.F.);
#734 = FACE_BOUND('',#735,.T.);
#735 = EDGE_LOOP('',(#736,#742,#743,#749));
#736 = ORIENTED_EDGE('',*,*,#737,.T.);
#737 = EDGE_CURVE('',#715,#603,#738,.T.);
#738 = LINE('',#739,#740);
#739 = CARTESIAN_POINT('',(-0.657142857143,1.E-01,-0.206031501455));
#740 = VECTOR('',#741,1.);
#741 = DIRECTION('',(1.,0.,1.89735380185E-15));
#742 = ORIENTED_EDGE('',*,*,#628,.F.);
#743 = ORIENTED_EDGE('',*,*,#744,.F.);
#744 = EDGE_CURVE('',#706,#621,#745,.T.);
#745 = LINE('',#746,#747);
#746 = CARTESIAN_POINT('',(-0.657142857143,0.15,-0.206031501455));
#747 = VECTOR('',#748,1.);
#748 = DIRECTION('',(1.,0.,1.89735380185E-15));
#749 = ORIENTED_EDGE('',*,*,#714,.T.);
#750 = PLANE('',#751);
#751 = AXIS2_PLACEMENT_3D('',#752,#753,#754);
#752 = CARTESIAN_POINT('',(-0.657142857143,0.15,-0.206031501455));
#753 = DIRECTION('',(1.89735380185E-15,0.,-1.));
#754 = DIRECTION('',(-1.,0.,-1.89735380185E-15));
#755 = ADVANCED_FACE('',(#756),#763,.T.);
#756 = FACE_BOUND('',#757,.T.);
#757 = EDGE_LOOP('',(#758,#759,#760,#761,#762));
#758 = ORIENTED_EDGE('',*,*,#620,.T.);
#759 = ORIENTED_EDGE('',*,*,#658,.T.);
#760 = ORIENTED_EDGE('',*,*,#689,.T.);
#761 = ORIENTED_EDGE('',*,*,#705,.T.);
#762 = ORIENTED_EDGE('',*,*,#744,.T.);
#763 = PLANE('',#764);
#764 = AXIS2_PLACEMENT_3D('',#765,#766,#767);
#765 = CARTESIAN_POINT('',(-1.,0.15,2.168404344971E-16));
#766 = DIRECTION('',(0.,1.,0.));
#767 = DIRECTION('',(0.,-0.,1.));
#768 = ADVANCED_FACE('',(#769),#776,.F.);
#769 = FACE_BOUND('',#770,.T.);
#770 = EDGE_LOOP('',(#771,#772,#773,#774,#775));
#771 = ORIENTED_EDGE('',*,*,#602,.F.);
#772 = ORIENTED_EDGE('',*,*,#737,.F.);
#773 = ORIENTED_EDGE('',*,*,#722,.F.);
#774 = ORIENTED_EDGE('',*,*,#673,.F.);
#775 = ORIENTED_EDGE('',*,*,#642,.F.);
#776 = PLANE('',#777);
#777 = AXIS2_PLACEMENT_3D('',#778,#779,#780);
#778 = CARTESIAN_POINT('',(-1.,1.E-01,2.168404344971E-16));
#779 = DIRECTION('',(0.,1.,0.));
#780 = DIRECTION('',(0.,-0.,1.));
#781 = MANIFOLD_SOLID_BREP('',#782);
#782 = CLOSED_SHELL('',(#783,#839,#870,#901,#932,#979,#999,#1019,#1037,
    #1055));
#783 = ADVANCED_FACE('',(#784),#834,.F.);
#784 = FACE_BOUND('',#785,.T.);
#785 = EDGE_LOOP('',(#786,#796,#804,#812,#820,#828));
#786 = ORIENTED_EDGE('',*,*,#787,.F.);
#787 = EDGE_CURVE('',#788,#790,#792,.T.);
#788 = VERTEX_POINT('',#789);
#789 = CARTESIAN_POINT('',(-1.,-0.15,-0.2));
#790 = VERTEX_POINT('',#791);
#791 = CARTESIAN_POINT('',(-1.,-0.15,-0.5));
#792 = LINE('',#793,#794);
#793 = CARTESIAN_POINT('',(-1.,-0.15,-0.35));
#794 = VECTOR('',#795,1.);
#795 = DIRECTION('',(1.445602896647E-15,0.,-1.));
#796 = ORIENTED_EDGE('',*,*,#797,.T.);
#797 = EDGE_CURVE('',#788,#798,#800,.T.);
#798 = VERTEX_POINT('',#799);
#799 = CARTESIAN_POINT('',(-1.,0.15,-0.2));
#800 = LINE('',#801,#802);
#801 = CARTESIAN_POINT('',(-1.,-0.932623792125,-0.2));
#802 = VECTOR('',#803,1.);
#803 = DIRECTION('',(0.,1.,0.));
#804 = ORIENTED_EDGE('',*,*,#805,.F.);
#805 = EDGE_CURVE('',#806,#798,#808,.T.);
#806 = VERTEX_POINT('',#807);
#807 = CARTESIAN_POINT('',(-1.,0.15,-0.35));
#808 = LINE('',#809,#810);
#809 = CARTESIAN_POINT('',(-1.,0.15,-0.35));
#810 = VECTOR('',#811,1.);
#811 = DIRECTION('',(5.782411586589E-15,0.,1.));
#812 = ORIENTED_EDGE('',*,*,#813,.F.);
#813 = EDGE_CURVE('',#814,#806,#816,.T.);
#814 = VERTEX_POINT('',#815);
#815 = CARTESIAN_POINT('',(-1.,-0.1,-0.35));
#816 = LINE('',#817,#818);
#817 = CARTESIAN_POINT('',(-1.,-0.932623792125,-0.35));
#818 = VECTOR('',#819,1.);
#819 = DIRECTION('',(0.,1.,0.));
#820 = ORIENTED_EDGE('',*,*,#821,.T.);
#821 = EDGE_CURVE('',#814,#822,#824,.T.);
#822 = VERTEX_POINT('',#823);
#823 = CARTESIAN_POINT('',(-1.,-1.E-01,-0.5));
#824 = LINE('',#825,#826);
#825 = CARTESIAN_POINT('',(-1.,-1.E-01,-0.35));
#826 = VECTOR('',#827,1.);
#827 = DIRECTION('',(1.445602896647E-15,0.,-1.));
#828 = ORIENTED_EDGE('',*,*,#829,.F.);
#829 = EDGE_CURVE('',#790,#822,#830,.T.);
#830 = LINE('',#831,#832);
#831 = CARTESIAN_POINT('',(-1.,-1.227032961427,-0.5));
#832 = VECTOR('',#833,1.);
#833 = DIRECTION('',(-0.,1.,-0.));
#834 = PLANE('',#835);
#835 = AXIS2_PLACEMENT_3D('',#836,#837,#838);
#836 = CARTESIAN_POINT('',(-1.,-1.227032961427,-0.35));
#837 = DIRECTION('',(1.,0.,1.445602896647E-15));
#838 = DIRECTION('',(1.445602896647E-15,0.,-1.));
#839 = ADVANCED_FACE('',(#840),#865,.F.);
#840 = FACE_BOUND('',#841,.T.);
#841 = EDGE_LOOP('',(#842,#850,#851,#859));
#842 = ORIENTED_EDGE('',*,*,#843,.F.);
#843 = EDGE_CURVE('',#790,#844,#846,.T.);
#844 = VERTEX_POINT('',#845);
#845 = CARTESIAN_POINT('',(-0.6,-0.15,-0.5));
#846 = LINE('',#847,#848);
#847 = CARTESIAN_POINT('',(-1.,-0.15,-0.5));
#848 = VECTOR('',#849,1.);
#849 = DIRECTION('',(1.,0.,0.));
#850 = ORIENTED_EDGE('',*,*,#829,.T.);
#851 = ORIENTED_EDGE('',*,*,#852,.T.);
#852 = EDGE_CURVE('',#822,#853,#855,.T.);
#853 = VERTEX_POINT('',#854);
#854 = CARTESIAN_POINT('',(-0.6,-1.E-01,-0.5));
#855 = LINE('',#856,#857);
#856 = CARTESIAN_POINT('',(-1.,-1.E-01,-0.5));
#857 = VECTOR('',#858,1.);
#858 = DIRECTION('',(1.,0.,0.));
#859 = ORIENTED_EDGE('',*,*,#860,.F.);
#860 = EDGE_CURVE('',#844,#853,#861,.T.);
#861 = LINE('',#862,#863);
#862 = CARTESIAN_POINT('',(-0.6,-1.227032961427,-0.5));
#863 = VECTOR('',#864,1.);
#864 = DIRECTION('',(-0.,1.,-0.));
#865 = PLANE('',#866);
#866 = AXIS2_PLACEMENT_3D('',#867,#868,#869);
#867 = CARTESIAN_POINT('',(-1.,-1.227032961427,-0.5));
#868 = DIRECTION('',(-0.,0.,1.));
#869 = DIRECTION('',(1.,0.,0.));
#870 = ADVANCED_FACE('',(#871),#896,.F.);
#871 = FACE_BOUND('',#872,.T.);
#872 = EDGE_LOOP('',(#873,#881,#882,#890));
#873 = ORIENTED_EDGE('',*,*,#874,.F.);
#874 = EDGE_CURVE('',#844,#875,#877,.T.);
#875 = VERTEX_POINT('',#876);
#876 = CARTESIAN_POINT('',(-0.6,-0.15,0.5));
#877 = LINE('',#878,#879);
#878 = CARTESIAN_POINT('',(-0.6,-0.15,-0.5));
#879 = VECTOR('',#880,1.);
#880 = DIRECTION('',(0.,0.,1.));
#881 = ORIENTED_EDGE('',*,*,#860,.T.);
#882 = ORIENTED_EDGE('',*,*,#883,.T.);
#883 = EDGE_CURVE('',#853,#884,#886,.T.);
#884 = VERTEX_POINT('',#885);
#885 = CARTESIAN_POINT('',(-0.6,-1.E-01,0.5));
#886 = LINE('',#887,#888);
#887 = CARTESIAN_POINT('',(-0.6,-1.E-01,-0.5));
#888 = VECTOR('',#889,1.);
#889 = DIRECTION('',(0.,0.,1.));
#890 = ORIENTED_EDGE('',*,*,#891,.F.);
#891 = EDGE_CURVE('',#875,#884,#892,.T.);
#892 = LINE('',#893,#894);
#893 = CARTESIAN_POINT('',(-0.6,-1.227032961427,0.5));
#894 = VECTOR('',#895,1.);
#895 = DIRECTION('',(-0.,1.,-0.));
#896 = PLANE('',#897);
#897 = AXIS2_PLACEMENT_3D('',#898,#899,#900);
#898 = CARTESIAN_POINT('',(-0.6,-1.227032961427,-0.5));
#899 = DIRECTION('',(-1.,0.,0.));
#900 = DIRECTION('',(0.,0.,1.));
#901 = ADVANCED_FACE('',(#902),#927,.F.);
#902 = FACE_BOUND('',#903,.T.);
#903 = EDGE_LOOP('',(#904,#912,#913,#921));
#904 = ORIENTED_EDGE('',*,*,#905,.F.);
#905 = EDGE_CURVE('',#875,#906,#908,.T.);
#906 = VERTEX_POINT('',#907);
#907 = CARTESIAN_POINT('',(-1.,-0.15,0.5));
#908 = LINE('',#909,#910);
#909 = CARTESIAN_POINT('',(-0.6,-0.15,0.5));
#910 = VECTOR('',#911,1.);
#911 = DIRECTION('',(-1.,0.,0.));
#912 = ORIENTED_EDGE('',*,*,#891,.T.);
#913 = ORIENTED_EDGE('',*,*,#914,.T.);
#914 = EDGE_CURVE('',#884,#915,#917,.T.);
#915 = VERTEX_POINT('',#916);
#916 = CARTESIAN_POINT('',(-1.,-1.E-01,0.5));
#917 = LINE('',#918,#919);
#918 = CARTESIAN_POINT('',(-0.6,-1.E-01,0.5));
#919 = VECTOR('',#920,1.);
#920 = DIRECTION('',(-1.,0.,0.));
#921 = ORIENTED_EDGE('',*,*,#922,.F.);
#922 = EDGE_CURVE('',#906,#915,#923,.T.);
#923 = LINE('',#924,#925);
#924 = CARTESIAN_POINT('',(-1.,-1.227032961427,0.5));
#925 = VECTOR('',#926,1.);
#926 = DIRECTION('',(-0.,1.,-0.));
#927 = PLANE('',#928);
#928 = AXIS2_PLACEMENT_3D('',#929,#930,#931);
#929 = CARTESIAN_POINT('',(-0.6,-1.227032961427,0.5));
#930 = DIRECTION('',(-0.,0.,-1.));
#931 = DIRECTION('',(-1.,0.,0.));
#932 = ADVANCED_FACE('',(#933),#974,.F.);
#933 = FACE_BOUND('',#934,.T.);
#934 = EDGE_LOOP('',(#935,#943,#944,#952,#960,#968));
#935 = ORIENTED_EDGE('',*,*,#936,.F.);
#936 = EDGE_CURVE('',#906,#937,#939,.T.);
#937 = VERTEX_POINT('',#938);
#938 = CARTESIAN_POINT('',(-1.,-0.15,0.2));
#939 = LINE('',#940,#941);
#940 = CARTESIAN_POINT('',(-1.,-0.15,0.5));
#941 = VECTOR('',#942,1.);
#942 = DIRECTION('',(1.445602896647E-15,0.,-1.));
#943 = ORIENTED_EDGE('',*,*,#922,.T.);
#944 = ORIENTED_EDGE('',*,*,#945,.T.);
#945 = EDGE_CURVE('',#915,#946,#948,.T.);
#946 = VERTEX_POINT('',#947);
#947 = CARTESIAN_POINT('',(-1.,-0.1,0.35));
#948 = LINE('',#949,#950);
#949 = CARTESIAN_POINT('',(-1.,-1.E-01,0.5));
#950 = VECTOR('',#951,1.);
#951 = DIRECTION('',(1.445602896647E-15,0.,-1.));
#952 = ORIENTED_EDGE('',*,*,#953,.T.);
#953 = EDGE_CURVE('',#946,#954,#956,.T.);
#954 = VERTEX_POINT('',#955);
#955 = CARTESIAN_POINT('',(-1.,0.15,0.35));
#956 = LINE('',#957,#958);
#957 = CARTESIAN_POINT('',(-1.,-0.932623792125,0.35));
#958 = VECTOR('',#959,1.);
#959 = DIRECTION('',(0.,1.,0.));
#960 = ORIENTED_EDGE('',*,*,#961,.F.);
#961 = EDGE_CURVE('',#962,#954,#964,.T.);
#962 = VERTEX_POINT('',#963);
#963 = CARTESIAN_POINT('',(-1.,0.15,0.2));
#964 = LINE('',#965,#966);
#965 = CARTESIAN_POINT('',(-1.,0.15,0.2));
#966 = VECTOR('',#967,1.);
#967 = DIRECTION('',(-2.891205793295E-15,0.,1.));
#968 = ORIENTED_EDGE('',*,*,#969,.F.);
#969 = EDGE_CURVE('',#937,#962,#970,.T.);
#970 = LINE('',#971,#972);
#971 = CARTESIAN_POINT('',(-1.,-0.932623792125,0.2));
#972 = VECTOR('',#973,1.);
#973 = DIRECTION('',(0.,1.,0.));
#974 = PLANE('',#975);
#975 = AXIS2_PLACEMENT_3D('',#976,#977,#978);
#976 = CARTESIAN_POINT('',(-1.,-1.227032961427,0.5));
#977 = DIRECTION('',(1.,0.,1.445602896647E-15));
#978 = DIRECTION('',(1.445602896647E-15,0.,-1.));
#979 = ADVANCED_FACE('',(#980),#994,.F.);
#980 = FACE_BOUND('',#981,.T.);
#981 = EDGE_LOOP('',(#982,#989,#990,#991,#992,#993));
#982 = ORIENTED_EDGE('',*,*,#983,.F.);
#983 = EDGE_CURVE('',#946,#814,#984,.T.);
#984 = CIRCLE('',#985,0.35);
#985 = AXIS2_PLACEMENT_3D('',#986,#987,#988);
#986 = CARTESIAN_POINT('',(-1.,-1.E-01,2.168404344971E-16));
#987 = DIRECTION('',(-0.,1.,0.));
#988 = DIRECTION('',(0.,0.,-1.));
#989 = ORIENTED_EDGE('',*,*,#945,.F.);
#990 = ORIENTED_EDGE('',*,*,#914,.F.);
#991 = ORIENTED_EDGE('',*,*,#883,.F.);
#992 = ORIENTED_EDGE('',*,*,#852,.F.);
#993 = ORIENTED_EDGE('',*,*,#821,.F.);
#994 = PLANE('',#995);
#995 = AXIS2_PLACEMENT_3D('',#996,#997,#998);
#996 = CARTESIAN_POINT('',(-1.,-1.E-01,2.168404344971E-16));
#997 = DIRECTION('',(0.,-1.,0.));
#998 = DIRECTION('',(0.,-0.,-1.));
#999 = ADVANCED_FACE('',(#1000),#1014,.T.);
#1000 = FACE_BOUND('',#1001,.T.);
#1001 = EDGE_LOOP('',(#1002,#1003,#1010,#1011,#1012,#1013));
#1002 = ORIENTED_EDGE('',*,*,#936,.T.);
#1003 = ORIENTED_EDGE('',*,*,#1004,.F.);
#1004 = EDGE_CURVE('',#788,#937,#1005,.T.);
#1005 = CIRCLE('',#1006,0.2);
#1006 = AXIS2_PLACEMENT_3D('',#1007,#1008,#1009);
#1007 = CARTESIAN_POINT('',(-1.,-0.15,0.));
#1008 = DIRECTION('',(0.,-1.,0.));
#1009 = DIRECTION('',(0.,0.,-1.));
#1010 = ORIENTED_EDGE('',*,*,#787,.T.);
#1011 = ORIENTED_EDGE('',*,*,#843,.T.);
#1012 = ORIENTED_EDGE('',*,*,#874,.T.);
#1013 = ORIENTED_EDGE('',*,*,#905,.T.);
#1014 = PLANE('',#1015);
#1015 = AXIS2_PLACEMENT_3D('',#1016,#1017,#1018);
#1016 = CARTESIAN_POINT('',(0.,-0.15,0.));
#1017 = DIRECTION('',(0.,-1.,0.));
#1018 = DIRECTION('',(0.,-0.,-1.));
#1019 = ADVANCED_FACE('',(#1020),#1032,.T.);
#1020 = FACE_BOUND('',#1021,.T.);
#1021 = EDGE_LOOP('',(#1022,#1023,#1024,#1031));
#1022 = ORIENTED_EDGE('',*,*,#983,.T.);
#1023 = ORIENTED_EDGE('',*,*,#813,.T.);
#1024 = ORIENTED_EDGE('',*,*,#1025,.F.);
#1025 = EDGE_CURVE('',#954,#806,#1026,.T.);
#1026 = CIRCLE('',#1027,0.35);
#1027 = AXIS2_PLACEMENT_3D('',#1028,#1029,#1030);
#1028 = CARTESIAN_POINT('',(-1.,0.15,2.168404344971E-16));
#1029 = DIRECTION('',(0.,1.,0.));
#1030 = DIRECTION('',(0.,-0.,1.));
#1031 = ORIENTED_EDGE('',*,*,#953,.F.);
#1032 = CYLINDRICAL_SURFACE('',#1033,0.35);
#1033 = AXIS2_PLACEMENT_3D('',#1034,#1035,#1036);
#1034 = CARTESIAN_POINT('',(-1.,-0.932623792125,2.168404344971E-16));
#1035 = DIRECTION('',(0.,1.,0.));
#1036 = DIRECTION('',(0.,-0.,1.));
#1037 = ADVANCED_FACE('',(#1038),#1050,.F.);
#1038 = FACE_BOUND('',#1039,.T.);
#1039 = EDGE_LOOP('',(#1040,#1047,#1048,#1049));
#1040 = ORIENTED_EDGE('',*,*,#1041,.T.);
#1041 = EDGE_CURVE('',#798,#962,#1042,.T.);
#1042 = CIRCLE('',#1043,0.2);
#1043 = AXIS2_PLACEMENT_3D('',#1044,#1045,#1046);
#1044 = CARTESIAN_POINT('',(-1.,0.15,0.));
#1045 = DIRECTION('',(-0.,-1.,0.));
#1046 = DIRECTION('',(-0.,0.,-1.));
#1047 = ORIENTED_EDGE('',*,*,#961,.T.);
#1048 = ORIENTED_EDGE('',*,*,#1025,.T.);
#1049 = ORIENTED_EDGE('',*,*,#805,.T.);
#1050 = PLANE('',#1051);
#1051 = AXIS2_PLACEMENT_3D('',#1052,#1053,#1054);
#1052 = CARTESIAN_POINT('',(-1.,0.15,0.));
#1053 = DIRECTION('',(0.,-1.,0.));
#1054 = DIRECTION('',(0.,-0.,-1.));
#1055 = ADVANCED_FACE('',(#1056),#1062,.F.);
#1056 = FACE_BOUND('',#1057,.F.);
#1057 = EDGE_LOOP('',(#1058,#1059,#1060,#1061));
#1058 = ORIENTED_EDGE('',*,*,#1041,.T.);
#1059 = ORIENTED_EDGE('',*,*,#969,.F.);
#1060 = ORIENTED_EDGE('',*,*,#1004,.F.);
#1061 = ORIENTED_EDGE('',*,*,#797,.T.);
#1062 = CYLINDRICAL_SURFACE('',#1063,0.2);
#1063 = AXIS2_PLACEMENT_3D('',#1064,#1065,#1066);
#1064 = CARTESIAN_POINT('',(-1.,-0.932623792125,0.));
#1065 = DIRECTION('',(0.,1.,0.));
#1066 = DIRECTION('',(0.,-0.,1.));
#1067 = MANIFOLD_SOLID_BREP('',#1068);
#1068 = CLOSED_SHELL('',(#1069,#1126,#1158,#1182,#1206,#1230,#1254,#1271
    ));
#1069 = ADVANCED_FACE('',(#1070),#1121,.F.);
#1070 = FACE_BOUND('',#1071,.T.);
#1071 = EDGE_LOOP('',(#1072,#1082,#1091,#1099,#1107,#1115));
#1072 = ORIENTED_EDGE('',*,*,#1073,.F.);
#1073 = EDGE_CURVE('',#1074,#1076,#1078,.T.);
#1074 = VERTEX_POINT('',#1075);
#1075 = CARTESIAN_POINT('',(1.,1.E-01,-0.2));
#1076 = VERTEX_POINT('',#1077);
#1077 = CARTESIAN_POINT('',(1.,1.E-01,-0.25));
#1078 = LINE('',#1079,#1080);
#1079 = CARTESIAN_POINT('',(1.,1.E-01,-0.2));
#1080 = VECTOR('',#1081,1.);
#1081 = DIRECTION('',(0.,0.,-1.));
#1082 = ORIENTED_EDGE('',*,*,#1083,.F.);
#1083 = EDGE_CURVE('',#1084,#1074,#1086,.T.);
#1084 = VERTEX_POINT('',#1085);
#1085 = CARTESIAN_POINT('',(1.,1.E-01,0.2));
#1086 = CIRCLE('',#1087,0.2);
#1087 = AXIS2_PLACEMENT_3D('',#1088,#1089,#1090);
#1088 = CARTESIAN_POINT('',(1.,1.E-01,0.));
#1089 = DIRECTION('',(0.,-1.,0.));
#1090 = DIRECTION('',(0.,0.,1.));
#1091 = ORIENTED_EDGE('',*,*,#1092,.F.);
#1092 = EDGE_CURVE('',#1093,#1084,#1095,.T.);
#1093 = VERTEX_POINT('',#1094);
#1094 = CARTESIAN_POINT('',(1.,1.E-01,0.25));
#1095 = LINE('',#1096,#1097);
#1096 = CARTESIAN_POINT('',(1.,1.E-01,0.25));
#1097 = VECTOR('',#1098,1.);
#1098 = DIRECTION('',(0.,0.,-1.));
#1099 = ORIENTED_EDGE('',*,*,#1100,.F.);
#1100 = EDGE_CURVE('',#1101,#1093,#1103,.T.);
#1101 = VERTEX_POINT('',#1102);
#1102 = CARTESIAN_POINT('',(0.7,1.E-01,0.25));
#1103 = LINE('',#1104,#1105);
#1104 = CARTESIAN_POINT('',(0.7,1.E-01,0.25));
#1105 = VECTOR('',#1106,1.);
#1106 = DIRECTION('',(1.,0.,0.));
#1107 = ORIENTED_EDGE('',*,*,#1108,.F.);
#1108 = EDGE_CURVE('',#1109,#1101,#1111,.T.);
#1109 = VERTEX_POINT('',#1110);
#1110 = CARTESIAN_POINT('',(0.7,1.E-01,-0.25));
#1111 = LINE('',#1112,#1113);
#1112 = CARTESIAN_POINT('',(0.7,1.E-01,-0.25));
#1113 = VECTOR('',#1114,1.);
#1114 = DIRECTION('',(0.,0.,1.));
#1115 = ORIENTED_EDGE('',*,*,#1116,.F.);
#1116 = EDGE_CURVE('',#1076,#1109,#1117,.T.);
#1117 = LINE('',#1118,#1119);
#1118 = CARTESIAN_POINT('',(1.,1.E-01,-0.25));
#1119 = VECTOR('',#1120,1.);
#1120 = DIRECTION('',(-1.,0.,0.));
#1121 = PLANE('',#1122);
#1122 = AXIS2_PLACEMENT_3D('',#1123,#1124,#1125);
#1123 = CARTESIAN_POINT('',(1.,1.E-01,0.));
#1124 = DIRECTION('',(0.,1.,0.));
#1125 = DIRECTION('',(0.,-0.,1.));
#1126 = ADVANCED_FACE('',(#1127),#1153,.F.);
#1127 = FACE_BOUND('',#1128,.F.);
#1128 = EDGE_LOOP('',(#1129,#1130,#1138,#1147));
#1129 = ORIENTED_EDGE('',*,*,#1083,.F.);
#1130 = ORIENTED_EDGE('',*,*,#1131,.F.);
#1131 = EDGE_CURVE('',#1132,#1084,#1134,.T.);
#1132 = VERTEX_POINT('',#1133);
#1133 = CARTESIAN_POINT('',(1.,0.15,0.2));
#1134 = LINE('',#1135,#1136);
#1135 = CARTESIAN_POINT('',(1.,0.733095189485,0.2));
#1136 = VECTOR('',#1137,1.);
#1137 = DIRECTION('',(-0.,-1.,-0.));
#1138 = ORIENTED_EDGE('',*,*,#1139,.F.);
#1139 = EDGE_CURVE('',#1140,#1132,#1142,.T.);
#1140 = VERTEX_POINT('',#1141);
#1141 = CARTESIAN_POINT('',(1.,0.15,-0.2));
#1142 = CIRCLE('',#1143,0.2);
#1143 = AXIS2_PLACEMENT_3D('',#1144,#1145,#1146);
#1144 = CARTESIAN_POINT('',(1.,0.15,0.));
#1145 = DIRECTION('',(-0.,1.,0.));
#1146 = DIRECTION('',(0.,0.,-1.));
#1147 = ORIENTED_EDGE('',*,*,#1148,.T.);
#1148 = EDGE_CURVE('',#1140,#1074,#1149,.T.);
#1149 = LINE('',#1150,#1151);
#1150 = CARTESIAN_POINT('',(1.,0.733095189485,-0.2));
#1151 = VECTOR('',#1152,1.);
#1152 = DIRECTION('',(-0.,-1.,-0.));
#1153 = CYLINDRICAL_SURFACE('',#1154,0.2);
#1154 = AXIS2_PLACEMENT_3D('',#1155,#1156,#1157);
#1155 = CARTESIAN_POINT('',(1.,0.733095189485,0.));
#1156 = DIRECTION('',(-0.,-1.,-0.));
#1157 = DIRECTION('',(0.,0.,-1.));
#1158 = ADVANCED_FACE('',(#1159),#1177,.F.);
#1159 = FACE_BOUND('',#1160,.T.);
#1160 = EDGE_LOOP('',(#1161,#1162,#1170,#1176));
#1161 = ORIENTED_EDGE('',*,*,#1131,.F.);
#1162 = ORIENTED_EDGE('',*,*,#1163,.T.);
#1163 = EDGE_CURVE('',#1132,#1164,#1166,.T.);
#1164 = VERTEX_POINT('',#1165);
#1165 = CARTESIAN_POINT('',(1.,0.15,0.25));
#1166 = LINE('',#1167,#1168);
#1167 = CARTESIAN_POINT('',(1.,0.15,0.25));
#1168 = VECTOR('',#1169,1.);
#1169 = DIRECTION('',(0.,0.,1.));
#1170 = ORIENTED_EDGE('',*,*,#1171,.T.);
#1171 = EDGE_CURVE('',#1164,#1093,#1172,.T.);
#1172 = LINE('',#1173,#1174);
#1173 = CARTESIAN_POINT('',(1.,0.733095189485,0.25));
#1174 = VECTOR('',#1175,1.);
#1175 = DIRECTION('',(-0.,-1.,-0.));
#1176 = ORIENTED_EDGE('',*,*,#1092,.T.);
#1177 = PLANE('',#1178);
#1178 = AXIS2_PLACEMENT_3D('',#1179,#1180,#1181);
#1179 = CARTESIAN_POINT('',(1.,0.733095189485,0.25));
#1180 = DIRECTION('',(-1.,0.,0.));
#1181 = DIRECTION('',(0.,0.,1.));
#1182 = ADVANCED_FACE('',(#1183),#1201,.F.);
#1183 = FACE_BOUND('',#1184,.T.);
#1184 = EDGE_LOOP('',(#1185,#1186,#1194,#1200));
#1185 = ORIENTED_EDGE('',*,*,#1171,.F.);
#1186 = ORIENTED_EDGE('',*,*,#1187,.T.);
#1187 = EDGE_CURVE('',#1164,#1188,#1190,.T.);
#1188 = VERTEX_POINT('',#1189);
#1189 = CARTESIAN_POINT('',(0.7,0.15,0.25));
#1190 = LINE('',#1191,#1192);
#1191 = CARTESIAN_POINT('',(0.7,0.15,0.25));
#1192 = VECTOR('',#1193,1.);
#1193 = DIRECTION('',(-1.,0.,0.));
#1194 = ORIENTED_EDGE('',*,*,#1195,.T.);
#1195 = EDGE_CURVE('',#1188,#1101,#1196,.T.);
#1196 = LINE('',#1197,#1198);
#1197 = CARTESIAN_POINT('',(0.7,0.733095189485,0.25));
#1198 = VECTOR('',#1199,1.);
#1199 = DIRECTION('',(-0.,-1.,-0.));
#1200 = ORIENTED_EDGE('',*,*,#1100,.T.);
#1201 = PLANE('',#1202);
#1202 = AXIS2_PLACEMENT_3D('',#1203,#1204,#1205);
#1203 = CARTESIAN_POINT('',(0.7,0.733095189485,0.25));
#1204 = DIRECTION('',(0.,0.,-1.));
#1205 = DIRECTION('',(-1.,0.,-0.));
#1206 = ADVANCED_FACE('',(#1207),#1225,.F.);
#1207 = FACE_BOUND('',#1208,.T.);
#1208 = EDGE_LOOP('',(#1209,#1210,#1218,#1224));
#1209 = ORIENTED_EDGE('',*,*,#1195,.F.);
#1210 = ORIENTED_EDGE('',*,*,#1211,.T.);
#1211 = EDGE_CURVE('',#1188,#1212,#1214,.T.);
#1212 = VERTEX_POINT('',#1213);
#1213 = CARTESIAN_POINT('',(0.7,0.15,-0.25));
#1214 = LINE('',#1215,#1216);
#1215 = CARTESIAN_POINT('',(0.7,0.15,-0.25));
#1216 = VECTOR('',#1217,1.);
#1217 = DIRECTION('',(0.,0.,-1.));
#1218 = ORIENTED_EDGE('',*,*,#1219,.T.);
#1219 = EDGE_CURVE('',#1212,#1109,#1220,.T.);
#1220 = LINE('',#1221,#1222);
#1221 = CARTESIAN_POINT('',(0.7,0.733095189485,-0.25));
#1222 = VECTOR('',#1223,1.);
#1223 = DIRECTION('',(-0.,-1.,-0.));
#1224 = ORIENTED_EDGE('',*,*,#1108,.T.);
#1225 = PLANE('',#1226);
#1226 = AXIS2_PLACEMENT_3D('',#1227,#1228,#1229);
#1227 = CARTESIAN_POINT('',(0.7,0.733095189485,-0.25));
#1228 = DIRECTION('',(1.,0.,0.));
#1229 = DIRECTION('',(0.,0.,-1.));
#1230 = ADVANCED_FACE('',(#1231),#1249,.F.);
#1231 = FACE_BOUND('',#1232,.T.);
#1232 = EDGE_LOOP('',(#1233,#1234,#1242,#1248));
#1233 = ORIENTED_EDGE('',*,*,#1219,.F.);
#1234 = ORIENTED_EDGE('',*,*,#1235,.T.);
#1235 = EDGE_CURVE('',#1212,#1236,#1238,.T.);
#1236 = VERTEX_POINT('',#1237);
#1237 = CARTESIAN_POINT('',(1.,0.15,-0.25));
#1238 = LINE('',#1239,#1240);
#1239 = CARTESIAN_POINT('',(1.,0.15,-0.25));
#1240 = VECTOR('',#1241,1.);
#1241 = DIRECTION('',(1.,0.,0.));
#1242 = ORIENTED_EDGE('',*,*,#1243,.T.);
#1243 = EDGE_CURVE('',#1236,#1076,#1244,.T.);
#1244 = LINE('',#1245,#1246);
#1245 = CARTESIAN_POINT('',(1.,0.733095189485,-0.25));
#1246 = VECTOR('',#1247,1.);
#1247 = DIRECTION('',(-0.,-1.,-0.));
#1248 = ORIENTED_EDGE('',*,*,#1116,.T.);
#1249 = PLANE('',#1250);
#1250 = AXIS2_PLACEMENT_3D('',#1251,#1252,#1253);
#1251 = CARTESIAN_POINT('',(1.,0.733095189485,-0.25));
#1252 = DIRECTION('',(0.,-0.,1.));
#1253 = DIRECTION('',(1.,0.,0.));
#1254 = ADVANCED_FACE('',(#1255),#1266,.F.);
#1255 = FACE_BOUND('',#1256,.T.);
#1256 = EDGE_LOOP('',(#1257,#1258,#1264,#1265));
#1257 = ORIENTED_EDGE('',*,*,#1243,.F.);
#1258 = ORIENTED_EDGE('',*,*,#1259,.T.);
#1259 = EDGE_CURVE('',#1236,#1140,#1260,.T.);
#1260 = LINE('',#1261,#1262);
#1261 = CARTESIAN_POINT('',(1.,0.15,-0.2));
#1262 = VECTOR('',#1263,1.);
#1263 = DIRECTION('',(0.,0.,1.));
#1264 = ORIENTED_EDGE('',*,*,#1148,.T.);
#1265 = ORIENTED_EDGE('',*,*,#1073,.T.);
#1266 = PLANE('',#1267);
#1267 = AXIS2_PLACEMENT_3D('',#1268,#1269,#1270);
#1268 = CARTESIAN_POINT('',(1.,0.733095189485,-0.2));
#1269 = DIRECTION('',(-1.,0.,0.));
#1270 = DIRECTION('',(0.,0.,1.));
#1271 = ADVANCED_FACE('',(#1272),#1280,.F.);
#1272 = FACE_BOUND('',#1273,.T.);
#1273 = EDGE_LOOP('',(#1274,#1275,#1276,#1277,#1278,#1279));
#1274 = ORIENTED_EDGE('',*,*,#1235,.F.);
#1275 = ORIENTED_EDGE('',*,*,#1211,.F.);
#1276 = ORIENTED_EDGE('',*,*,#1187,.F.);
#1277 = ORIENTED_EDGE('',*,*,#1163,.F.);
#1278 = ORIENTED_EDGE('',*,*,#1139,.F.);
#1279 = ORIENTED_EDGE('',*,*,#1259,.F.);
#1280 = PLANE('',#1281);
#1281 = AXIS2_PLACEMENT_3D('',#1282,#1283,#1284);
#1282 = CARTESIAN_POINT('',(0.,0.15,0.));
#1283 = DIRECTION('',(0.,-1.,0.));
#1284 = DIRECTION('',(0.,-0.,-1.));
#1285 = MANIFOLD_SOLID_BREP('',#1286);
#1286 = CLOSED_SHELL('',(#1287,#1329,#1360,#1391,#1422,#1453,#1475,#1489
    ));
#1287 = ADVANCED_FACE('',(#1288),#1324,.F.);
#1288 = FACE_BOUND('',#1289,.F.);
#1289 = EDGE_LOOP('',(#1290,#1300,#1309,#1317));
#1290 = ORIENTED_EDGE('',*,*,#1291,.T.);
#1291 = EDGE_CURVE('',#1292,#1294,#1296,.T.);
#1292 = VERTEX_POINT('',#1293);
#1293 = CARTESIAN_POINT('',(1.,-0.15,0.2));
#1294 = VERTEX_POINT('',#1295);
#1295 = CARTESIAN_POINT('',(1.,-1.E-01,0.2));
#1296 = LINE('',#1297,#1298);
#1297 = CARTESIAN_POINT('',(1.,-1.227032961427,0.2));
#1298 = VECTOR('',#1299,1.);
#1299 = DIRECTION('',(-0.,1.,-0.));
#1300 = ORIENTED_EDGE('',*,*,#1301,.F.);
#1301 = EDGE_CURVE('',#1302,#1294,#1304,.T.);
#1302 = VERTEX_POINT('',#1303);
#1303 = CARTESIAN_POINT('',(1.,-1.E-01,-0.2));
#1304 = CIRCLE('',#1305,0.2);
#1305 = AXIS2_PLACEMENT_3D('',#1306,#1307,#1308);
#1306 = CARTESIAN_POINT('',(1.,-1.E-01,0.));
#1307 = DIRECTION('',(-0.,1.,0.));
#1308 = DIRECTION('',(0.,0.,-1.));
#1309 = ORIENTED_EDGE('',*,*,#1310,.F.);
#1310 = EDGE_CURVE('',#1311,#1302,#1313,.T.);
#1311 = VERTEX_POINT('',#1312);
#1312 = CARTESIAN_POINT('',(1.,-0.15,-0.2));
#1313 = LINE('',#1314,#1315);
#1314 = CARTESIAN_POINT('',(1.,-1.227032961427,-0.2));
#1315 = VECTOR('',#1316,1.);
#1316 = DIRECTION('',(-0.,1.,-0.));
#1317 = ORIENTED_EDGE('',*,*,#1318,.T.);
#1318 = EDGE_CURVE('',#1311,#1292,#1319,.T.);
#1319 = CIRCLE('',#1320,0.2);
#1320 = AXIS2_PLACEMENT_3D('',#1321,#1322,#1323);
#1321 = CARTESIAN_POINT('',(1.,-0.15,0.));
#1322 = DIRECTION('',(-0.,1.,0.));
#1323 = DIRECTION('',(0.,0.,-1.));
#1324 = CYLINDRICAL_SURFACE('',#1325,0.2);
#1325 = AXIS2_PLACEMENT_3D('',#1326,#1327,#1328);
#1326 = CARTESIAN_POINT('',(1.,-1.227032961427,0.));
#1327 = DIRECTION('',(-0.,1.,-0.));
#1328 = DIRECTION('',(0.,0.,1.));
#1329 = ADVANCED_FACE('',(#1330),#1355,.F.);
#1330 = FACE_BOUND('',#1331,.T.);
#1331 = EDGE_LOOP('',(#1332,#1340,#1341,#1349));
#1332 = ORIENTED_EDGE('',*,*,#1333,.F.);
#1333 = EDGE_CURVE('',#1292,#1334,#1336,.T.);
#1334 = VERTEX_POINT('',#1335);
#1335 = CARTESIAN_POINT('',(1.,-0.15,0.5));
#1336 = LINE('',#1337,#1338);
#1337 = CARTESIAN_POINT('',(1.,-0.15,0.2));
#1338 = VECTOR('',#1339,1.);
#1339 = DIRECTION('',(0.,0.,1.));
#1340 = ORIENTED_EDGE('',*,*,#1291,.T.);
#1341 = ORIENTED_EDGE('',*,*,#1342,.T.);
#1342 = EDGE_CURVE('',#1294,#1343,#1345,.T.);
#1343 = VERTEX_POINT('',#1344);
#1344 = CARTESIAN_POINT('',(1.,-1.E-01,0.5));
#1345 = LINE('',#1346,#1347);
#1346 = CARTESIAN_POINT('',(1.,-1.E-01,0.2));
#1347 = VECTOR('',#1348,1.);
#1348 = DIRECTION('',(0.,0.,1.));
#1349 = ORIENTED_EDGE('',*,*,#1350,.F.);
#1350 = EDGE_CURVE('',#1334,#1343,#1351,.T.);
#1351 = LINE('',#1352,#1353);
#1352 = CARTESIAN_POINT('',(1.,-1.227032961427,0.5));
#1353 = VECTOR('',#1354,1.);
#1354 = DIRECTION('',(-0.,1.,-0.));
#1355 = PLANE('',#1356);
#1356 = AXIS2_PLACEMENT_3D('',#1357,#1358,#1359);
#1357 = CARTESIAN_POINT('',(1.,-1.227032961427,0.2));
#1358 = DIRECTION('',(-1.,0.,0.));
#1359 = DIRECTION('',(0.,0.,1.));
#1360 = ADVANCED_FACE('',(#1361),#1386,.F.);
#1361 = FACE_BOUND('',#1362,.T.);
#1362 = EDGE_LOOP('',(#1363,#1371,#1372,#1380));
#1363 = ORIENTED_EDGE('',*,*,#1364,.F.);
#1364 = EDGE_CURVE('',#1334,#1365,#1367,.T.);
#1365 = VERTEX_POINT('',#1366);
#1366 = CARTESIAN_POINT('',(0.6,-0.15,0.5));
#1367 = LINE('',#1368,#1369);
#1368 = CARTESIAN_POINT('',(1.,-0.15,0.5));
#1369 = VECTOR('',#1370,1.);
#1370 = DIRECTION('',(-1.,0.,0.));
#1371 = ORIENTED_EDGE('',*,*,#1350,.T.);
#1372 = ORIENTED_EDGE('',*,*,#1373,.T.);
#1373 = EDGE_CURVE('',#1343,#1374,#1376,.T.);
#1374 = VERTEX_POINT('',#1375);
#1375 = CARTESIAN_POINT('',(0.6,-1.E-01,0.5));
#1376 = LINE('',#1377,#1378);
#1377 = CARTESIAN_POINT('',(1.,-1.E-01,0.5));
#1378 = VECTOR('',#1379,1.);
#1379 = DIRECTION('',(-1.,0.,0.));
#1380 = ORIENTED_EDGE('',*,*,#1381,.F.);
#1381 = EDGE_CURVE('',#1365,#1374,#1382,.T.);
#1382 = LINE('',#1383,#1384);
#1383 = CARTESIAN_POINT('',(0.6,-1.227032961427,0.5));
#1384 = VECTOR('',#1385,1.);
#1385 = DIRECTION('',(-0.,1.,-0.));
#1386 = PLANE('',#1387);
#1387 = AXIS2_PLACEMENT_3D('',#1388,#1389,#1390);
#1388 = CARTESIAN_POINT('',(1.,-1.227032961427,0.5));
#1389 = DIRECTION('',(-0.,0.,-1.));
#1390 = DIRECTION('',(-1.,0.,0.));
#1391 = ADVANCED_FACE('',(#1392),#1417,.F.);
#1392 = FACE_BOUND('',#1393,.T.);
#1393 = EDGE_LOOP('',(#1394,#1402,#1403,#1411));
#1394 = ORIENTED_EDGE('',*,*,#1395,.F.);
#1395 = EDGE_CURVE('',#1365,#1396,#1398,.T.);
#1396 = VERTEX_POINT('',#1397);
#1397 = CARTESIAN_POINT('',(0.6,-0.15,-0.5));
#1398 = LINE('',#1399,#1400);
#1399 = CARTESIAN_POINT('',(0.6,-0.15,0.5));
#1400 = VECTOR('',#1401,1.);
#1401 = DIRECTION('',(0.,0.,-1.));
#1402 = ORIENTED_EDGE('',*,*,#1381,.T.);
#1403 = ORIENTED_EDGE('',*,*,#1404,.T.);
#1404 = EDGE_CURVE('',#1374,#1405,#1407,.T.);
#1405 = VERTEX_POINT('',#1406);
#1406 = CARTESIAN_POINT('',(0.6,-1.E-01,-0.5));
#1407 = LINE('',#1408,#1409);
#1408 = CARTESIAN_POINT('',(0.6,-1.E-01,0.5));
#1409 = VECTOR('',#1410,1.);
#1410 = DIRECTION('',(0.,0.,-1.));
#1411 = ORIENTED_EDGE('',*,*,#1412,.F.);
#1412 = EDGE_CURVE('',#1396,#1405,#1413,.T.);
#1413 = LINE('',#1414,#1415);
#1414 = CARTESIAN_POINT('',(0.6,-1.227032961427,-0.5));
#1415 = VECTOR('',#1416,1.);
#1416 = DIRECTION('',(-0.,1.,-0.));
#1417 = PLANE('',#1418);
#1418 = AXIS2_PLACEMENT_3D('',#1419,#1420,#1421);
#1419 = CARTESIAN_POINT('',(0.6,-1.227032961427,0.5));
#1420 = DIRECTION('',(1.,0.,0.));
#1421 = DIRECTION('',(0.,0.,-1.));
#1422 = ADVANCED_FACE('',(#1423),#1448,.F.);
#1423 = FACE_BOUND('',#1424,.T.);
#1424 = EDGE_LOOP('',(#1425,#1433,#1434,#1442));
#1425 = ORIENTED_EDGE('',*,*,#1426,.F.);
#1426 = EDGE_CURVE('',#1396,#1427,#1429,.T.);
#1427 = VERTEX_POINT('',#1428);
#1428 = CARTESIAN_POINT('',(1.,-0.15,-0.5));
#1429 = LINE('',#1430,#1431);
#1430 = CARTESIAN_POINT('',(0.6,-0.15,-0.5));
#1431 = VECTOR('',#1432,1.);
#1432 = DIRECTION('',(1.,0.,0.));
#1433 = ORIENTED_EDGE('',*,*,#1412,.T.);
#1434 = ORIENTED_EDGE('',*,*,#1435,.T.);
#1435 = EDGE_CURVE('',#1405,#1436,#1438,.T.);
#1436 = VERTEX_POINT('',#1437);
#1437 = CARTESIAN_POINT('',(1.,-1.E-01,-0.5));
#1438 = LINE('',#1439,#1440);
#1439 = CARTESIAN_POINT('',(0.6,-1.E-01,-0.5));
#1440 = VECTOR('',#1441,1.);
#1441 = DIRECTION('',(1.,0.,0.));
#1442 = ORIENTED_EDGE('',*,*,#1443,.F.);
#1443 = EDGE_CURVE('',#1427,#1436,#1444,.T.);
#1444 = LINE('',#1445,#1446);
#1445 = CARTESIAN_POINT('',(1.,-1.227032961427,-0.5));
#1446 = VECTOR('',#1447,1.);
#1447 = DIRECTION('',(-0.,1.,-0.));
#1448 = PLANE('',#1449);
#1449 = AXIS2_PLACEMENT_3D('',#1450,#1451,#1452);
#1450 = CARTESIAN_POINT('',(0.6,-1.227032961427,-0.5));
#1451 = DIRECTION('',(-0.,0.,1.));
#1452 = DIRECTION('',(1.,0.,0.));
#1453 = ADVANCED_FACE('',(#1454),#1470,.F.);
#1454 = FACE_BOUND('',#1455,.T.);
#1455 = EDGE_LOOP('',(#1456,#1462,#1463,#1469));
#1456 = ORIENTED_EDGE('',*,*,#1457,.F.);
#1457 = EDGE_CURVE('',#1427,#1311,#1458,.T.);
#1458 = LINE('',#1459,#1460);
#1459 = CARTESIAN_POINT('',(1.,-0.15,-0.5));
#1460 = VECTOR('',#1461,1.);
#1461 = DIRECTION('',(0.,0.,1.));
#1462 = ORIENTED_EDGE('',*,*,#1443,.T.);
#1463 = ORIENTED_EDGE('',*,*,#1464,.T.);
#1464 = EDGE_CURVE('',#1436,#1302,#1465,.T.);
#1465 = LINE('',#1466,#1467);
#1466 = CARTESIAN_POINT('',(1.,-1.E-01,-0.5));
#1467 = VECTOR('',#1468,1.);
#1468 = DIRECTION('',(0.,0.,1.));
#1469 = ORIENTED_EDGE('',*,*,#1310,.F.);
#1470 = PLANE('',#1471);
#1471 = AXIS2_PLACEMENT_3D('',#1472,#1473,#1474);
#1472 = CARTESIAN_POINT('',(1.,-1.227032961427,-0.5));
#1473 = DIRECTION('',(-1.,0.,0.));
#1474 = DIRECTION('',(0.,0.,1.));
#1475 = ADVANCED_FACE('',(#1476),#1484,.F.);
#1476 = FACE_BOUND('',#1477,.T.);
#1477 = EDGE_LOOP('',(#1478,#1479,#1480,#1481,#1482,#1483));
#1478 = ORIENTED_EDGE('',*,*,#1301,.F.);
#1479 = ORIENTED_EDGE('',*,*,#1464,.F.);
#1480 = ORIENTED_EDGE('',*,*,#1435,.F.);
#1481 = ORIENTED_EDGE('',*,*,#1404,.F.);
#1482 = ORIENTED_EDGE('',*,*,#1373,.F.);
#1483 = ORIENTED_EDGE('',*,*,#1342,.F.);
#1484 = PLANE('',#1485);
#1485 = AXIS2_PLACEMENT_3D('',#1486,#1487,#1488);
#1486 = CARTESIAN_POINT('',(1.,-1.E-01,0.));
#1487 = DIRECTION('',(0.,-1.,0.));
#1488 = DIRECTION('',(0.,-0.,-1.));
#1489 = ADVANCED_FACE('',(#1490),#1498,.T.);
#1490 = FACE_BOUND('',#1491,.T.);
#1491 = EDGE_LOOP('',(#1492,#1493,#1494,#1495,#1496,#1497));
#1492 = ORIENTED_EDGE('',*,*,#1457,.T.);
#1493 = ORIENTED_EDGE('',*,*,#1318,.T.);
#1494 = ORIENTED_EDGE('',*,*,#1333,.T.);
#1495 = ORIENTED_EDGE('',*,*,#1364,.T.);
#1496 = ORIENTED_EDGE('',*,*,#1395,.T.);
#1497 = ORIENTED_EDGE('',*,*,#1426,.T.);
#1498 = PLANE('',#1499);
#1499 = AXIS2_PLACEMENT_3D('',#1500,#1501,#1502);
#1500 = CARTESIAN_POINT('',(0.,-0.15,0.));
#1501 = DIRECTION('',(0.,-1.,0.));
#1502 = DIRECTION('',(0.,-0.,-1.));
#1503 = MANIFOLD_SOLID_BREP('',#1504);
#1504 = CLOSED_SHELL('',(#1505,#1547,#1596,#1638,#1680,#1743,#1806,#1855
    ,#1918,#1964,#2020,#2059,#2169,#2208,#2246,#2285,#2339,#2379,#2403,
    #2427,#2451,#2475,#2499,#2523,#2547,#2572,#2584,#2608,#2632,#2651,
    #2663,#2679,#2693,#2733,#2757,#2781,#2800,#2813,#2853,#2877,#2903,
    #2920,#2933,#2957,#2981,#3000,#3012,#3037,#3061,#3086,#3110,#3135,
    #3152,#3167,#3185,#3196,#3214,#3225,#3243,#3254,#3272));
#1505 = ADVANCED_FACE('',(#1506),#1542,.F.);
#1506 = FACE_BOUND('',#1507,.F.);
#1507 = EDGE_LOOP('',(#1508,#1518,#1527,#1535));
#1508 = ORIENTED_EDGE('',*,*,#1509,.T.);
#1509 = EDGE_CURVE('',#1510,#1512,#1514,.T.);
#1510 = VERTEX_POINT('',#1511);
#1511 = CARTESIAN_POINT('',(0.151554445662,-1.E-01,-0.140358983849));
#1512 = VERTEX_POINT('',#1513);
#1513 = CARTESIAN_POINT('',(0.151554445662,-0.15,-0.140358983849));
#1514 = LINE('',#1515,#1516);
#1515 = CARTESIAN_POINT('',(0.151554445662,-1.E-01,-0.140358983849));
#1516 = VECTOR('',#1517,1.);
#1517 = DIRECTION('',(-0.,-1.,-0.));
#1518 = ORIENTED_EDGE('',*,*,#1519,.F.);
#1519 = EDGE_CURVE('',#1520,#1512,#1522,.T.);
#1520 = VERTEX_POINT('',#1521);
#1521 = CARTESIAN_POINT('',(0.131554445662,-0.15,-0.160358983849));
#1522 = CIRCLE('',#1523,2.E-02);
#1523 = AXIS2_PLACEMENT_3D('',#1524,#1525,#1526);
#1524 = CARTESIAN_POINT('',(0.131554445662,-0.15,-0.140358983849));
#1525 = DIRECTION('',(0.,-1.,0.));
#1526 = DIRECTION('',(0.,0.,-1.));
#1527 = ORIENTED_EDGE('',*,*,#1528,.F.);
#1528 = EDGE_CURVE('',#1529,#1520,#1531,.T.);
#1529 = VERTEX_POINT('',#1530);
#1530 = CARTESIAN_POINT('',(0.131554445662,-1.E-01,-0.160358983849));
#1531 = LINE('',#1532,#1533);
#1532 = CARTESIAN_POINT('',(0.131554445662,-1.E-01,-0.160358983849));
#1533 = VECTOR('',#1534,1.);
#1534 = DIRECTION('',(-0.,-1.,-0.));
#1535 = ORIENTED_EDGE('',*,*,#1536,.T.);
#1536 = EDGE_CURVE('',#1529,#1510,#1537,.T.);
#1537 = CIRCLE('',#1538,2.E-02);
#1538 = AXIS2_PLACEMENT_3D('',#1539,#1540,#1541);
#1539 = CARTESIAN_POINT('',(0.131554445662,-1.E-01,-0.140358983849));
#1540 = DIRECTION('',(0.,-1.,0.));
#1541 = DIRECTION('',(0.,0.,-1.));
#1542 = CYLINDRICAL_SURFACE('',#1543,2.E-02);
#1543 = AXIS2_PLACEMENT_3D('',#1544,#1545,#1546);
#1544 = CARTESIAN_POINT('',(0.131554445662,-1.E-01,-0.140358983849));
#1545 = DIRECTION('',(-0.,-1.,-0.));
#1546 = DIRECTION('',(0.,0.,-1.));
#1547 = ADVANCED_FACE('',(#1548),#1591,.F.);
#1548 = FACE_BOUND('',#1549,.T.);
#1549 = EDGE_LOOP('',(#1550,#1560,#1568,#1576,#1584));
#1550 = ORIENTED_EDGE('',*,*,#1551,.F.);
#1551 = EDGE_CURVE('',#1552,#1554,#1556,.T.);
#1552 = VERTEX_POINT('',#1553);
#1553 = CARTESIAN_POINT('',(0.7,0.15,-0.25));
#1554 = VERTEX_POINT('',#1555);
#1555 = CARTESIAN_POINT('',(0.7,0.15,-0.58505481861));
#1556 = LINE('',#1557,#1558);
#1557 = CARTESIAN_POINT('',(0.7,0.15,-0.625));
#1558 = VECTOR('',#1559,1.);
#1559 = DIRECTION('',(-0.,-0.,-1.));
#1560 = ORIENTED_EDGE('',*,*,#1561,.F.);
#1561 = EDGE_CURVE('',#1562,#1552,#1564,.T.);
#1562 = VERTEX_POINT('',#1563);
#1563 = CARTESIAN_POINT('',(1.,0.15,-0.25));
#1564 = LINE('',#1565,#1566);
#1565 = CARTESIAN_POINT('',(1.3,0.15,-0.25));
#1566 = VECTOR('',#1567,1.);
#1567 = DIRECTION('',(-1.,0.,0.));
#1568 = ORIENTED_EDGE('',*,*,#1569,.T.);
#1569 = EDGE_CURVE('',#1562,#1570,#1572,.T.);
#1570 = VERTEX_POINT('',#1571);
#1571 = CARTESIAN_POINT('',(1.,0.15,-0.625));
#1572 = LINE('',#1573,#1574);
#1573 = CARTESIAN_POINT('',(1.,0.15,-0.625));
#1574 = VECTOR('',#1575,1.);
#1575 = DIRECTION('',(-0.,-0.,-1.));
#1576 = ORIENTED_EDGE('',*,*,#1577,.T.);
#1577 = EDGE_CURVE('',#1570,#1578,#1580,.T.);
#1578 = VERTEX_POINT('',#1579);
#1579 = CARTESIAN_POINT('',(0.66005481861,0.15,-0.625));
#1580 = LINE('',#1581,#1582);
#1581 = CARTESIAN_POINT('',(1.,0.15,-0.625));
#1582 = VECTOR('',#1583,1.);
#1583 = DIRECTION('',(-1.,0.,1.084202172486E-16));
#1584 = ORIENTED_EDGE('',*,*,#1585,.T.);
#1585 = EDGE_CURVE('',#1578,#1554,#1586,.T.);
#1586 = ( BOUNDED_CURVE() B_SPLINE_CURVE(3,(#1587,#1588,#1589,#1590),
.UNSPECIFIED.,.F.,.F.) B_SPLINE_CURVE_WITH_KNOTS((4,4),(5.499156671653,
7.067213942707),.PIECEWISE_BEZIER_KNOTS.) CURVE() 
GEOMETRIC_REPRESENTATION_ITEM() RATIONAL_B_SPLINE_CURVE((1.,
0.805383013467,0.805383013467,1.)) REPRESENTATION_ITEM('') );
#1587 = CARTESIAN_POINT('',(0.66005481861,0.15,-0.625));
#1588 = CARTESIAN_POINT('',(0.683467418308,0.15,-0.625));
#1589 = CARTESIAN_POINT('',(0.7,0.15,-0.608467418308));
#1590 = CARTESIAN_POINT('',(0.7,0.15,-0.58505481861));
#1591 = PLANE('',#1592);
#1592 = AXIS2_PLACEMENT_3D('',#1593,#1594,#1595);
#1593 = CARTESIAN_POINT('',(0.,0.15,0.));
#1594 = DIRECTION('',(0.,-1.,0.));
#1595 = DIRECTION('',(0.,-0.,-1.));
#1596 = ADVANCED_FACE('',(#1597),#1633,.F.);
#1597 = FACE_BOUND('',#1598,.T.);
#1598 = EDGE_LOOP('',(#1599,#1609,#1618,#1626));
#1599 = ORIENTED_EDGE('',*,*,#1600,.T.);
#1600 = EDGE_CURVE('',#1601,#1603,#1605,.T.);
#1601 = VERTEX_POINT('',#1602);
#1602 = CARTESIAN_POINT('',(-1.,0.15,0.35));
#1603 = VERTEX_POINT('',#1604);
#1604 = CARTESIAN_POINT('',(-1.,0.15,0.4));
#1605 = LINE('',#1606,#1607);
#1606 = CARTESIAN_POINT('',(-1.,0.15,-0.625));
#1607 = VECTOR('',#1608,1.);
#1608 = DIRECTION('',(3.469446951954E-16,0.,1.));
#1609 = ORIENTED_EDGE('',*,*,#1610,.F.);
#1610 = EDGE_CURVE('',#1611,#1603,#1613,.T.);
#1611 = VERTEX_POINT('',#1612);
#1612 = CARTESIAN_POINT('',(-0.7,0.15,0.264575131106));
#1613 = CIRCLE('',#1614,0.4);
#1614 = AXIS2_PLACEMENT_3D('',#1615,#1616,#1617);
#1615 = CARTESIAN_POINT('',(-1.,0.15,2.168404344971E-16));
#1616 = DIRECTION('',(0.,-1.,0.));
#1617 = DIRECTION('',(0.,0.,1.));
#1618 = ORIENTED_EDGE('',*,*,#1619,.F.);
#1619 = EDGE_CURVE('',#1620,#1611,#1622,.T.);
#1620 = VERTEX_POINT('',#1621);
#1621 = CARTESIAN_POINT('',(-0.7,0.15,0.180277563773));
#1622 = LINE('',#1623,#1624);
#1623 = CARTESIAN_POINT('',(-0.7,0.15,-0.625));
#1624 = VECTOR('',#1625,1.);
#1625 = DIRECTION('',(0.,0.,1.));
#1626 = ORIENTED_EDGE('',*,*,#1627,.F.);
#1627 = EDGE_CURVE('',#1601,#1620,#1628,.T.);
#1628 = CIRCLE('',#1629,0.35);
#1629 = AXIS2_PLACEMENT_3D('',#1630,#1631,#1632);
#1630 = CARTESIAN_POINT('',(-1.,0.15,2.168404344971E-16));
#1631 = DIRECTION('',(-0.,1.,0.));
#1632 = DIRECTION('',(1.858632295689E-15,0.,-1.));
#1633 = PLANE('',#1634);
#1634 = AXIS2_PLACEMENT_3D('',#1635,#1636,#1637);
#1635 = CARTESIAN_POINT('',(0.,0.15,0.));
#1636 = DIRECTION('',(0.,-1.,0.));
#1637 = DIRECTION('',(0.,-0.,-1.));
#1638 = ADVANCED_FACE('',(#1639),#1675,.F.);
#1639 = FACE_BOUND('',#1640,.T.);
#1640 = EDGE_LOOP('',(#1641,#1651,#1660,#1668));
#1641 = ORIENTED_EDGE('',*,*,#1642,.F.);
#1642 = EDGE_CURVE('',#1643,#1645,#1647,.T.);
#1643 = VERTEX_POINT('',#1644);
#1644 = CARTESIAN_POINT('',(-0.7,0.15,-0.264575131106));
#1645 = VERTEX_POINT('',#1646);
#1646 = CARTESIAN_POINT('',(-0.7,0.15,-0.180277563773));
#1647 = LINE('',#1648,#1649);
#1648 = CARTESIAN_POINT('',(-0.7,0.15,-0.625));
#1649 = VECTOR('',#1650,1.);
#1650 = DIRECTION('',(0.,0.,1.));
#1651 = ORIENTED_EDGE('',*,*,#1652,.F.);
#1652 = EDGE_CURVE('',#1653,#1643,#1655,.T.);
#1653 = VERTEX_POINT('',#1654);
#1654 = CARTESIAN_POINT('',(-1.,0.15,-0.4));
#1655 = CIRCLE('',#1656,0.4);
#1656 = AXIS2_PLACEMENT_3D('',#1657,#1658,#1659);
#1657 = CARTESIAN_POINT('',(-1.,0.15,2.168404344971E-16));
#1658 = DIRECTION('',(0.,-1.,0.));
#1659 = DIRECTION('',(0.,0.,1.));
#1660 = ORIENTED_EDGE('',*,*,#1661,.T.);
#1661 = EDGE_CURVE('',#1653,#1662,#1664,.T.);
#1662 = VERTEX_POINT('',#1663);
#1663 = CARTESIAN_POINT('',(-1.,0.15,-0.35));
#1664 = LINE('',#1665,#1666);
#1665 = CARTESIAN_POINT('',(-1.,0.15,-0.625));
#1666 = VECTOR('',#1667,1.);
#1667 = DIRECTION('',(3.469446951954E-16,0.,1.));
#1668 = ORIENTED_EDGE('',*,*,#1669,.F.);
#1669 = EDGE_CURVE('',#1645,#1662,#1670,.T.);
#1670 = CIRCLE('',#1671,0.35);
#1671 = AXIS2_PLACEMENT_3D('',#1672,#1673,#1674);
#1672 = CARTESIAN_POINT('',(-1.,0.15,2.168404344971E-16));
#1673 = DIRECTION('',(-0.,1.,0.));
#1674 = DIRECTION('',(3.717264591379E-15,0.,-1.));
#1675 = PLANE('',#1676);
#1676 = AXIS2_PLACEMENT_3D('',#1677,#1678,#1679);
#1677 = CARTESIAN_POINT('',(0.,0.15,0.));
#1678 = DIRECTION('',(0.,-1.,0.));
#1679 = DIRECTION('',(0.,-0.,-1.));
#1680 = ADVANCED_FACE('',(#1681),#1738,.F.);
#1681 = FACE_BOUND('',#1682,.T.);
#1682 = EDGE_LOOP('',(#1683,#1693,#1699,#1700,#1708,#1716,#1724,#1732));
#1683 = ORIENTED_EDGE('',*,*,#1684,.F.);
#1684 = EDGE_CURVE('',#1685,#1687,#1689,.T.);
#1685 = VERTEX_POINT('',#1686);
#1686 = CARTESIAN_POINT('',(-1.,1.E-01,0.4));
#1687 = VERTEX_POINT('',#1688);
#1688 = CARTESIAN_POINT('',(-1.,1.E-01,0.625));
#1689 = LINE('',#1690,#1691);
#1690 = CARTESIAN_POINT('',(-1.,1.E-01,0.625));
#1691 = VECTOR('',#1692,1.);
#1692 = DIRECTION('',(-0.,-0.,1.));
#1693 = ORIENTED_EDGE('',*,*,#1694,.T.);
#1694 = EDGE_CURVE('',#1685,#1603,#1695,.T.);
#1695 = LINE('',#1696,#1697);
#1696 = CARTESIAN_POINT('',(-1.,1.E-01,0.4));
#1697 = VECTOR('',#1698,1.);
#1698 = DIRECTION('',(-0.,1.,-0.));
#1699 = ORIENTED_EDGE('',*,*,#1600,.F.);
#1700 = ORIENTED_EDGE('',*,*,#1701,.T.);
#1701 = EDGE_CURVE('',#1601,#1702,#1704,.T.);
#1702 = VERTEX_POINT('',#1703);
#1703 = CARTESIAN_POINT('',(-1.,-1.E-01,0.35));
#1704 = LINE('',#1705,#1706);
#1705 = CARTESIAN_POINT('',(-1.,1.139949493661,0.35));
#1706 = VECTOR('',#1707,1.);
#1707 = DIRECTION('',(-0.,-1.,-0.));
#1708 = ORIENTED_EDGE('',*,*,#1709,.F.);
#1709 = EDGE_CURVE('',#1710,#1702,#1712,.T.);
#1710 = VERTEX_POINT('',#1711);
#1711 = CARTESIAN_POINT('',(-1.,-1.E-01,0.5));
#1712 = LINE('',#1713,#1714);
#1713 = CARTESIAN_POINT('',(-1.,-0.1,-0.625));
#1714 = VECTOR('',#1715,1.);
#1715 = DIRECTION('',(-3.469446951954E-16,0.,-1.));
#1716 = ORIENTED_EDGE('',*,*,#1717,.T.);
#1717 = EDGE_CURVE('',#1710,#1718,#1720,.T.);
#1718 = VERTEX_POINT('',#1719);
#1719 = CARTESIAN_POINT('',(-1.,-0.15,0.5));
#1720 = LINE('',#1721,#1722);
#1721 = CARTESIAN_POINT('',(-1.,0.15,0.5));
#1722 = VECTOR('',#1723,1.);
#1723 = DIRECTION('',(0.,-1.,0.));
#1724 = ORIENTED_EDGE('',*,*,#1725,.T.);
#1725 = EDGE_CURVE('',#1718,#1726,#1728,.T.);
#1726 = VERTEX_POINT('',#1727);
#1727 = CARTESIAN_POINT('',(-1.,-0.15,0.625));
#1728 = LINE('',#1729,#1730);
#1729 = CARTESIAN_POINT('',(-1.,-0.15,-0.625));
#1730 = VECTOR('',#1731,1.);
#1731 = DIRECTION('',(3.469446951954E-16,0.,1.));
#1732 = ORIENTED_EDGE('',*,*,#1733,.F.);
#1733 = EDGE_CURVE('',#1687,#1726,#1734,.T.);
#1734 = LINE('',#1735,#1736);
#1735 = CARTESIAN_POINT('',(-1.,0.15,0.625));
#1736 = VECTOR('',#1737,1.);
#1737 = DIRECTION('',(-0.,-1.,-0.));
#1738 = PLANE('',#1739);
#1739 = AXIS2_PLACEMENT_3D('',#1740,#1741,#1742);
#1740 = CARTESIAN_POINT('',(-1.,0.15,-0.625));
#1741 = DIRECTION('',(1.,0.,-3.469446951954E-16));
#1742 = DIRECTION('',(-3.469446951954E-16,0.,-1.));
#1743 = ADVANCED_FACE('',(#1744),#1801,.F.);
#1744 = FACE_BOUND('',#1745,.T.);
#1745 = EDGE_LOOP('',(#1746,#1747,#1755,#1763,#1771,#1779,#1787,#1795));
#1746 = ORIENTED_EDGE('',*,*,#1569,.F.);
#1747 = ORIENTED_EDGE('',*,*,#1748,.T.);
#1748 = EDGE_CURVE('',#1562,#1749,#1751,.T.);
#1749 = VERTEX_POINT('',#1750);
#1750 = CARTESIAN_POINT('',(1.,1.E-01,-0.25));
#1751 = LINE('',#1752,#1753);
#1752 = CARTESIAN_POINT('',(1.,0.15,-0.25));
#1753 = VECTOR('',#1754,1.);
#1754 = DIRECTION('',(0.,-1.,0.));
#1755 = ORIENTED_EDGE('',*,*,#1756,.T.);
#1756 = EDGE_CURVE('',#1749,#1757,#1759,.T.);
#1757 = VERTEX_POINT('',#1758);
#1758 = CARTESIAN_POINT('',(1.,0.1,-0.2));
#1759 = LINE('',#1760,#1761);
#1760 = CARTESIAN_POINT('',(1.,1.E-01,-0.625));
#1761 = VECTOR('',#1762,1.);
#1762 = DIRECTION('',(0.,0.,1.));
#1763 = ORIENTED_EDGE('',*,*,#1764,.T.);
#1764 = EDGE_CURVE('',#1757,#1765,#1767,.T.);
#1765 = VERTEX_POINT('',#1766);
#1766 = CARTESIAN_POINT('',(1.,-0.1,-0.2));
#1767 = LINE('',#1768,#1769);
#1768 = CARTESIAN_POINT('',(1.,0.715685424949,-0.2));
#1769 = VECTOR('',#1770,1.);
#1770 = DIRECTION('',(-0.,-1.,-0.));
#1771 = ORIENTED_EDGE('',*,*,#1772,.T.);
#1772 = EDGE_CURVE('',#1765,#1773,#1775,.T.);
#1773 = VERTEX_POINT('',#1774);
#1774 = CARTESIAN_POINT('',(1.,-1.E-01,-0.5));
#1775 = LINE('',#1776,#1777);
#1776 = CARTESIAN_POINT('',(1.,-0.1,-0.625));
#1777 = VECTOR('',#1778,1.);
#1778 = DIRECTION('',(0.,0.,-1.));
#1779 = ORIENTED_EDGE('',*,*,#1780,.T.);
#1780 = EDGE_CURVE('',#1773,#1781,#1783,.T.);
#1781 = VERTEX_POINT('',#1782);
#1782 = CARTESIAN_POINT('',(1.,-0.15,-0.5));
#1783 = LINE('',#1784,#1785);
#1784 = CARTESIAN_POINT('',(1.,0.15,-0.5));
#1785 = VECTOR('',#1786,1.);
#1786 = DIRECTION('',(0.,-1.,0.));
#1787 = ORIENTED_EDGE('',*,*,#1788,.T.);
#1788 = EDGE_CURVE('',#1781,#1789,#1791,.T.);
#1789 = VERTEX_POINT('',#1790);
#1790 = CARTESIAN_POINT('',(1.,-0.15,-0.625));
#1791 = LINE('',#1792,#1793);
#1792 = CARTESIAN_POINT('',(1.,-0.15,-0.625));
#1793 = VECTOR('',#1794,1.);
#1794 = DIRECTION('',(-0.,-0.,-1.));
#1795 = ORIENTED_EDGE('',*,*,#1796,.F.);
#1796 = EDGE_CURVE('',#1570,#1789,#1797,.T.);
#1797 = LINE('',#1798,#1799);
#1798 = CARTESIAN_POINT('',(1.,0.15,-0.625));
#1799 = VECTOR('',#1800,1.);
#1800 = DIRECTION('',(-0.,-1.,-0.));
#1801 = PLANE('',#1802);
#1802 = AXIS2_PLACEMENT_3D('',#1803,#1804,#1805);
#1803 = CARTESIAN_POINT('',(1.,0.15,-0.625));
#1804 = DIRECTION('',(-1.,0.,0.));
#1805 = DIRECTION('',(0.,0.,1.));
#1806 = ADVANCED_FACE('',(#1807),#1850,.F.);
#1807 = FACE_BOUND('',#1808,.T.);
#1808 = EDGE_LOOP('',(#1809,#1819,#1827,#1835,#1844));
#1809 = ORIENTED_EDGE('',*,*,#1810,.T.);
#1810 = EDGE_CURVE('',#1811,#1813,#1815,.T.);
#1811 = VERTEX_POINT('',#1812);
#1812 = CARTESIAN_POINT('',(1.,0.15,0.625));
#1813 = VERTEX_POINT('',#1814);
#1814 = CARTESIAN_POINT('',(1.,0.15,0.25));
#1815 = LINE('',#1816,#1817);
#1816 = CARTESIAN_POINT('',(1.,0.15,-0.625));
#1817 = VECTOR('',#1818,1.);
#1818 = DIRECTION('',(-0.,-0.,-1.));
#1819 = ORIENTED_EDGE('',*,*,#1820,.F.);
#1820 = EDGE_CURVE('',#1821,#1813,#1823,.T.);
#1821 = VERTEX_POINT('',#1822);
#1822 = CARTESIAN_POINT('',(0.7,0.15,0.25));
#1823 = LINE('',#1824,#1825);
#1824 = CARTESIAN_POINT('',(1.3,0.15,0.25));
#1825 = VECTOR('',#1826,1.);
#1826 = DIRECTION('',(1.,-0.,-0.));
#1827 = ORIENTED_EDGE('',*,*,#1828,.F.);
#1828 = EDGE_CURVE('',#1829,#1821,#1831,.T.);
#1829 = VERTEX_POINT('',#1830);
#1830 = CARTESIAN_POINT('',(0.7,0.15,0.58505481861));
#1831 = LINE('',#1832,#1833);
#1832 = CARTESIAN_POINT('',(0.7,0.15,-0.625));
#1833 = VECTOR('',#1834,1.);
#1834 = DIRECTION('',(-0.,-0.,-1.));
#1835 = ORIENTED_EDGE('',*,*,#1836,.T.);
#1836 = EDGE_CURVE('',#1829,#1837,#1839,.T.);
#1837 = VERTEX_POINT('',#1838);
#1838 = CARTESIAN_POINT('',(0.66005481861,0.15,0.625));
#1839 = ( BOUNDED_CURVE() B_SPLINE_CURVE(3,(#1840,#1841,#1842,#1843),
.UNSPECIFIED.,.F.,.F.) B_SPLINE_CURVE_WITH_KNOTS((4,4),(5.499156671653,
7.067213942707),.PIECEWISE_BEZIER_KNOTS.) CURVE() 
GEOMETRIC_REPRESENTATION_ITEM() RATIONAL_B_SPLINE_CURVE((1.,
0.805383013467,0.805383013467,1.)) REPRESENTATION_ITEM('') );
#1840 = CARTESIAN_POINT('',(0.7,0.15,0.58505481861));
#1841 = CARTESIAN_POINT('',(0.7,0.15,0.608467418308));
#1842 = CARTESIAN_POINT('',(0.683467418308,0.15,0.625));
#1843 = CARTESIAN_POINT('',(0.66005481861,0.15,0.625));
#1844 = ORIENTED_EDGE('',*,*,#1845,.T.);
#1845 = EDGE_CURVE('',#1837,#1811,#1846,.T.);
#1846 = LINE('',#1847,#1848);
#1847 = CARTESIAN_POINT('',(1.,0.15,0.625));
#1848 = VECTOR('',#1849,1.);
#1849 = DIRECTION('',(1.,-0.,-1.084202172486E-16));
#1850 = PLANE('',#1851);
#1851 = AXIS2_PLACEMENT_3D('',#1852,#1853,#1854);
#1852 = CARTESIAN_POINT('',(0.,0.15,0.));
#1853 = DIRECTION('',(0.,-1.,0.));
#1854 = DIRECTION('',(0.,-0.,-1.));
#1855 = ADVANCED_FACE('',(#1856),#1913,.F.);
#1856 = FACE_BOUND('',#1857,.T.);
#1857 = EDGE_LOOP('',(#1858,#1859,#1867,#1875,#1883,#1891,#1899,#1907));
#1858 = ORIENTED_EDGE('',*,*,#1661,.F.);
#1859 = ORIENTED_EDGE('',*,*,#1860,.F.);
#1860 = EDGE_CURVE('',#1861,#1653,#1863,.T.);
#1861 = VERTEX_POINT('',#1862);
#1862 = CARTESIAN_POINT('',(-1.,1.E-01,-0.4));
#1863 = LINE('',#1864,#1865);
#1864 = CARTESIAN_POINT('',(-1.,1.E-01,-0.4));
#1865 = VECTOR('',#1866,1.);
#1866 = DIRECTION('',(-0.,1.,-0.));
#1867 = ORIENTED_EDGE('',*,*,#1868,.F.);
#1868 = EDGE_CURVE('',#1869,#1861,#1871,.T.);
#1869 = VERTEX_POINT('',#1870);
#1870 = CARTESIAN_POINT('',(-1.,1.E-01,-0.625));
#1871 = LINE('',#1872,#1873);
#1872 = CARTESIAN_POINT('',(-1.,1.E-01,-0.625));
#1873 = VECTOR('',#1874,1.);
#1874 = DIRECTION('',(-9.637352644316E-16,0.,1.));
#1875 = ORIENTED_EDGE('',*,*,#1876,.T.);
#1876 = EDGE_CURVE('',#1869,#1877,#1879,.T.);
#1877 = VERTEX_POINT('',#1878);
#1878 = CARTESIAN_POINT('',(-1.,-0.15,-0.625));
#1879 = LINE('',#1880,#1881);
#1880 = CARTESIAN_POINT('',(-1.,0.15,-0.625));
#1881 = VECTOR('',#1882,1.);
#1882 = DIRECTION('',(-0.,-1.,-0.));
#1883 = ORIENTED_EDGE('',*,*,#1884,.T.);
#1884 = EDGE_CURVE('',#1877,#1885,#1887,.T.);
#1885 = VERTEX_POINT('',#1886);
#1886 = CARTESIAN_POINT('',(-1.,-0.15,-0.5));
#1887 = LINE('',#1888,#1889);
#1888 = CARTESIAN_POINT('',(-1.,-0.15,-0.625));
#1889 = VECTOR('',#1890,1.);
#1890 = DIRECTION('',(3.469446951954E-16,0.,1.));
#1891 = ORIENTED_EDGE('',*,*,#1892,.T.);
#1892 = EDGE_CURVE('',#1885,#1893,#1895,.T.);
#1893 = VERTEX_POINT('',#1894);
#1894 = CARTESIAN_POINT('',(-1.,-1.E-01,-0.5));
#1895 = LINE('',#1896,#1897);
#1896 = CARTESIAN_POINT('',(-1.,0.15,-0.5));
#1897 = VECTOR('',#1898,1.);
#1898 = DIRECTION('',(0.,1.,0.));
#1899 = ORIENTED_EDGE('',*,*,#1900,.F.);
#1900 = EDGE_CURVE('',#1901,#1893,#1903,.T.);
#1901 = VERTEX_POINT('',#1902);
#1902 = CARTESIAN_POINT('',(-1.,-0.1,-0.35));
#1903 = LINE('',#1904,#1905);
#1904 = CARTESIAN_POINT('',(-1.,-0.1,-0.625));
#1905 = VECTOR('',#1906,1.);
#1906 = DIRECTION('',(-3.469446951954E-16,0.,-1.));
#1907 = ORIENTED_EDGE('',*,*,#1908,.T.);
#1908 = EDGE_CURVE('',#1901,#1662,#1909,.T.);
#1909 = LINE('',#1910,#1911);
#1910 = CARTESIAN_POINT('',(-1.,1.139949493661,-0.35));
#1911 = VECTOR('',#1912,1.);
#1912 = DIRECTION('',(0.,1.,0.));
#1913 = PLANE('',#1914);
#1914 = AXIS2_PLACEMENT_3D('',#1915,#1916,#1917);
#1915 = CARTESIAN_POINT('',(-1.,0.15,-0.625));
#1916 = DIRECTION('',(1.,0.,-3.469446951954E-16));
#1917 = DIRECTION('',(-3.469446951954E-16,0.,-1.));
#1918 = ADVANCED_FACE('',(#1919),#1959,.F.);
#1919 = FACE_BOUND('',#1920,.T.);
#1920 = EDGE_LOOP('',(#1921,#1929,#1937,#1943,#1944,#1952,#1958));
#1921 = ORIENTED_EDGE('',*,*,#1922,.F.);
#1922 = EDGE_CURVE('',#1923,#1837,#1925,.T.);
#1923 = VERTEX_POINT('',#1924);
#1924 = CARTESIAN_POINT('',(-0.6,0.15,0.625));
#1925 = LINE('',#1926,#1927);
#1926 = CARTESIAN_POINT('',(0.7,0.15,0.625));
#1927 = VECTOR('',#1928,1.);
#1928 = DIRECTION('',(1.,-0.,-0.));
#1929 = ORIENTED_EDGE('',*,*,#1930,.F.);
#1930 = EDGE_CURVE('',#1931,#1923,#1933,.T.);
#1931 = VERTEX_POINT('',#1932);
#1932 = CARTESIAN_POINT('',(-0.6,1.E-01,0.625));
#1933 = LINE('',#1934,#1935);
#1934 = CARTESIAN_POINT('',(-0.6,1.E-01,0.625));
#1935 = VECTOR('',#1936,1.);
#1936 = DIRECTION('',(-0.,1.,-0.));
#1937 = ORIENTED_EDGE('',*,*,#1938,.F.);
#1938 = EDGE_CURVE('',#1687,#1931,#1939,.T.);
#1939 = LINE('',#1940,#1941);
#1940 = CARTESIAN_POINT('',(-0.6,1.E-01,0.625));
#1941 = VECTOR('',#1942,1.);
#1942 = DIRECTION('',(1.,-0.,-0.));
#1943 = ORIENTED_EDGE('',*,*,#1733,.T.);
#1944 = ORIENTED_EDGE('',*,*,#1945,.T.);
#1945 = EDGE_CURVE('',#1726,#1946,#1948,.T.);
#1946 = VERTEX_POINT('',#1947);
#1947 = CARTESIAN_POINT('',(1.,-0.15,0.625));
#1948 = LINE('',#1949,#1950);
#1949 = CARTESIAN_POINT('',(1.,-0.15,0.625));
#1950 = VECTOR('',#1951,1.);
#1951 = DIRECTION('',(1.,-0.,-1.084202172486E-16));
#1952 = ORIENTED_EDGE('',*,*,#1953,.F.);
#1953 = EDGE_CURVE('',#1811,#1946,#1954,.T.);
#1954 = LINE('',#1955,#1956);
#1955 = CARTESIAN_POINT('',(1.,0.15,0.625));
#1956 = VECTOR('',#1957,1.);
#1957 = DIRECTION('',(-0.,-1.,-0.));
#1958 = ORIENTED_EDGE('',*,*,#1845,.F.);
#1959 = PLANE('',#1960);
#1960 = AXIS2_PLACEMENT_3D('',#1961,#1962,#1963);
#1961 = CARTESIAN_POINT('',(1.,0.15,0.625));
#1962 = DIRECTION('',(-1.084202172486E-16,0.,-1.));
#1963 = DIRECTION('',(-1.,0.,1.084202172486E-16));
#1964 = ADVANCED_FACE('',(#1965),#2015,.F.);
#1965 = FACE_BOUND('',#1966,.T.);
#1966 = EDGE_LOOP('',(#1967,#1977,#1983,#1984,#1985,#1993,#2001,#2009));
#1967 = ORIENTED_EDGE('',*,*,#1968,.T.);
#1968 = EDGE_CURVE('',#1969,#1971,#1973,.T.);
#1969 = VERTEX_POINT('',#1970);
#1970 = CARTESIAN_POINT('',(1.,0.1,0.2));
#1971 = VERTEX_POINT('',#1972);
#1972 = CARTESIAN_POINT('',(1.,1.E-01,0.25));
#1973 = LINE('',#1974,#1975);
#1974 = CARTESIAN_POINT('',(1.,1.E-01,-0.625));
#1975 = VECTOR('',#1976,1.);
#1976 = DIRECTION('',(0.,0.,1.));
#1977 = ORIENTED_EDGE('',*,*,#1978,.T.);
#1978 = EDGE_CURVE('',#1971,#1813,#1979,.T.);
#1979 = LINE('',#1980,#1981);
#1980 = CARTESIAN_POINT('',(1.,0.15,0.25));
#1981 = VECTOR('',#1982,1.);
#1982 = DIRECTION('',(0.,1.,-0.));
#1983 = ORIENTED_EDGE('',*,*,#1810,.F.);
#1984 = ORIENTED_EDGE('',*,*,#1953,.T.);
#1985 = ORIENTED_EDGE('',*,*,#1986,.T.);
#1986 = EDGE_CURVE('',#1946,#1987,#1989,.T.);
#1987 = VERTEX_POINT('',#1988);
#1988 = CARTESIAN_POINT('',(1.,-0.15,0.5));
#1989 = LINE('',#1990,#1991);
#1990 = CARTESIAN_POINT('',(1.,-0.15,-0.625));
#1991 = VECTOR('',#1992,1.);
#1992 = DIRECTION('',(-0.,-0.,-1.));
#1993 = ORIENTED_EDGE('',*,*,#1994,.T.);
#1994 = EDGE_CURVE('',#1987,#1995,#1997,.T.);
#1995 = VERTEX_POINT('',#1996);
#1996 = CARTESIAN_POINT('',(1.,-1.E-01,0.5));
#1997 = LINE('',#1998,#1999);
#1998 = CARTESIAN_POINT('',(1.,0.15,0.5));
#1999 = VECTOR('',#2000,1.);
#2000 = DIRECTION('',(0.,1.,0.));
#2001 = ORIENTED_EDGE('',*,*,#2002,.T.);
#2002 = EDGE_CURVE('',#1995,#2003,#2005,.T.);
#2003 = VERTEX_POINT('',#2004);
#2004 = CARTESIAN_POINT('',(1.,-0.1,0.2));
#2005 = LINE('',#2006,#2007);
#2006 = CARTESIAN_POINT('',(1.,-0.1,-0.625));
#2007 = VECTOR('',#2008,1.);
#2008 = DIRECTION('',(0.,0.,-1.));
#2009 = ORIENTED_EDGE('',*,*,#2010,.T.);
#2010 = EDGE_CURVE('',#2003,#1969,#2011,.T.);
#2011 = LINE('',#2012,#2013);
#2012 = CARTESIAN_POINT('',(1.,0.715685424949,0.2));
#2013 = VECTOR('',#2014,1.);
#2014 = DIRECTION('',(0.,1.,0.));
#2015 = PLANE('',#2016);
#2016 = AXIS2_PLACEMENT_3D('',#2017,#2018,#2019);
#2017 = CARTESIAN_POINT('',(1.,0.15,-0.625));
#2018 = DIRECTION('',(-1.,0.,0.));
#2019 = DIRECTION('',(0.,0.,1.));
#2020 = ADVANCED_FACE('',(#2021),#2054,.F.);
#2021 = FACE_BOUND('',#2022,.T.);
#2022 = EDGE_LOOP('',(#2023,#2031,#2039,#2045,#2046,#2047,#2053));
#2023 = ORIENTED_EDGE('',*,*,#2024,.F.);
#2024 = EDGE_CURVE('',#2025,#1869,#2027,.T.);
#2025 = VERTEX_POINT('',#2026);
#2026 = CARTESIAN_POINT('',(-0.6,1.E-01,-0.625));
#2027 = LINE('',#2028,#2029);
#2028 = CARTESIAN_POINT('',(-0.6,1.E-01,-0.625));
#2029 = VECTOR('',#2030,1.);
#2030 = DIRECTION('',(-1.,0.,1.084202172486E-15));
#2031 = ORIENTED_EDGE('',*,*,#2032,.T.);
#2032 = EDGE_CURVE('',#2025,#2033,#2035,.T.);
#2033 = VERTEX_POINT('',#2034);
#2034 = CARTESIAN_POINT('',(-0.6,0.15,-0.625));
#2035 = LINE('',#2036,#2037);
#2036 = CARTESIAN_POINT('',(-0.6,1.E-01,-0.625));
#2037 = VECTOR('',#2038,1.);
#2038 = DIRECTION('',(-0.,1.,-0.));
#2039 = ORIENTED_EDGE('',*,*,#2040,.F.);
#2040 = EDGE_CURVE('',#1578,#2033,#2041,.T.);
#2041 = LINE('',#2042,#2043);
#2042 = CARTESIAN_POINT('',(0.7,0.15,-0.625));
#2043 = VECTOR('',#2044,1.);
#2044 = DIRECTION('',(-1.,0.,0.));
#2045 = ORIENTED_EDGE('',*,*,#1577,.F.);
#2046 = ORIENTED_EDGE('',*,*,#1796,.T.);
#2047 = ORIENTED_EDGE('',*,*,#2048,.T.);
#2048 = EDGE_CURVE('',#1789,#1877,#2049,.T.);
#2049 = LINE('',#2050,#2051);
#2050 = CARTESIAN_POINT('',(1.,-0.15,-0.625));
#2051 = VECTOR('',#2052,1.);
#2052 = DIRECTION('',(-1.,0.,1.084202172486E-16));
#2053 = ORIENTED_EDGE('',*,*,#1876,.F.);
#2054 = PLANE('',#2055);
#2055 = AXIS2_PLACEMENT_3D('',#2056,#2057,#2058);
#2056 = CARTESIAN_POINT('',(1.,0.15,-0.625));
#2057 = DIRECTION('',(1.084202172486E-16,-0.,1.));
#2058 = DIRECTION('',(1.,0.,-1.084202172486E-16));
#2059 = ADVANCED_FACE('',(#2060,#2112),#2164,.T.);
#2060 = FACE_BOUND('',#2061,.T.);
#2061 = EDGE_LOOP('',(#2062,#2071,#2079,#2088,#2096,#2105,#2111));
#2062 = ORIENTED_EDGE('',*,*,#2063,.F.);
#2063 = EDGE_CURVE('',#2064,#1520,#2066,.T.);
#2064 = VERTEX_POINT('',#2065);
#2065 = CARTESIAN_POINT('',(0.121554445662,-0.15,-0.157679491924));
#2066 = CIRCLE('',#2067,2.E-02);
#2067 = AXIS2_PLACEMENT_3D('',#2068,#2069,#2070);
#2068 = CARTESIAN_POINT('',(0.131554445662,-0.15,-0.140358983849));
#2069 = DIRECTION('',(0.,-1.,0.));
#2070 = DIRECTION('',(0.,0.,-1.));
#2071 = ORIENTED_EDGE('',*,*,#2072,.F.);
#2072 = EDGE_CURVE('',#2073,#2064,#2075,.T.);
#2073 = VERTEX_POINT('',#2074);
#2074 = CARTESIAN_POINT('',(-0.121554445662,-0.15,-1.732050807569E-02));
#2075 = LINE('',#2076,#2077);
#2076 = CARTESIAN_POINT('',(-0.121554445662,-0.15,-1.732050807569E-02));
#2077 = VECTOR('',#2078,1.);
#2078 = DIRECTION('',(0.866025403784,0.,-0.5));
#2079 = ORIENTED_EDGE('',*,*,#2080,.F.);
#2080 = EDGE_CURVE('',#2081,#2073,#2083,.T.);
#2081 = VERTEX_POINT('',#2082);
#2082 = CARTESIAN_POINT('',(-0.121554445662,-0.15,1.732050807569E-02));
#2083 = CIRCLE('',#2084,2.E-02);
#2084 = AXIS2_PLACEMENT_3D('',#2085,#2086,#2087);
#2085 = CARTESIAN_POINT('',(-0.111554445662,-0.15,-2.710505439398E-17));
#2086 = DIRECTION('',(0.,-1.,0.));
#2087 = DIRECTION('',(0.,0.,-1.));
#2088 = ORIENTED_EDGE('',*,*,#2089,.F.);
#2089 = EDGE_CURVE('',#2090,#2081,#2092,.T.);
#2090 = VERTEX_POINT('',#2091);
#2091 = CARTESIAN_POINT('',(0.121554445662,-0.15,0.157679491924));
#2092 = LINE('',#2093,#2094);
#2093 = CARTESIAN_POINT('',(0.121554445662,-0.15,0.157679491924));
#2094 = VECTOR('',#2095,1.);
#2095 = DIRECTION('',(-0.866025403784,0.,-0.5));
#2096 = ORIENTED_EDGE('',*,*,#2097,.F.);
#2097 = EDGE_CURVE('',#2098,#2090,#2100,.T.);
#2098 = VERTEX_POINT('',#2099);
#2099 = CARTESIAN_POINT('',(0.151554445662,-0.15,0.140358983849));
#2100 = CIRCLE('',#2101,2.E-02);
#2101 = AXIS2_PLACEMENT_3D('',#2102,#2103,#2104);
#2102 = CARTESIAN_POINT('',(0.131554445662,-0.15,0.140358983849));
#2103 = DIRECTION('',(0.,-1.,0.));
#2104 = DIRECTION('',(0.,0.,1.));
#2105 = ORIENTED_EDGE('',*,*,#2106,.F.);
#2106 = EDGE_CURVE('',#1512,#2098,#2107,.T.);
#2107 = LINE('',#2108,#2109);
#2108 = CARTESIAN_POINT('',(0.151554445662,-0.15,0.140358983849));
#2109 = VECTOR('',#2110,1.);
#2110 = DIRECTION('',(-0.,-0.,1.));
#2111 = ORIENTED_EDGE('',*,*,#1519,.F.);
#2112 = FACE_BOUND('',#2113,.T.);
#2113 = EDGE_LOOP('',(#2114,#2122,#2123,#2124,#2125,#2133,#2141,#2147,
    #2148,#2149,#2150,#2158));
#2114 = ORIENTED_EDGE('',*,*,#2115,.F.);
#2115 = EDGE_CURVE('',#1885,#2116,#2118,.T.);
#2116 = VERTEX_POINT('',#2117);
#2117 = CARTESIAN_POINT('',(-0.6,-0.15,-0.5));
#2118 = LINE('',#2119,#2120);
#2119 = CARTESIAN_POINT('',(-1.4,-0.15,-0.5));
#2120 = VECTOR('',#2121,1.);
#2121 = DIRECTION('',(1.,0.,0.));
#2122 = ORIENTED_EDGE('',*,*,#1884,.F.);
#2123 = ORIENTED_EDGE('',*,*,#2048,.F.);
#2124 = ORIENTED_EDGE('',*,*,#1788,.F.);
#2125 = ORIENTED_EDGE('',*,*,#2126,.F.);
#2126 = EDGE_CURVE('',#2127,#1781,#2129,.T.);
#2127 = VERTEX_POINT('',#2128);
#2128 = CARTESIAN_POINT('',(0.6,-0.15,-0.5));
#2129 = LINE('',#2130,#2131);
#2130 = CARTESIAN_POINT('',(1.4,-0.15,-0.5));
#2131 = VECTOR('',#2132,1.);
#2132 = DIRECTION('',(1.,-0.,-0.));
#2133 = ORIENTED_EDGE('',*,*,#2134,.F.);
#2134 = EDGE_CURVE('',#2135,#2127,#2137,.T.);
#2135 = VERTEX_POINT('',#2136);
#2136 = CARTESIAN_POINT('',(0.6,-0.15,0.5));
#2137 = LINE('',#2138,#2139);
#2138 = CARTESIAN_POINT('',(0.6,-0.15,0.5));
#2139 = VECTOR('',#2140,1.);
#2140 = DIRECTION('',(0.,0.,-1.));
#2141 = ORIENTED_EDGE('',*,*,#2142,.F.);
#2142 = EDGE_CURVE('',#1987,#2135,#2143,.T.);
#2143 = LINE('',#2144,#2145);
#2144 = CARTESIAN_POINT('',(1.4,-0.15,0.5));
#2145 = VECTOR('',#2146,1.);
#2146 = DIRECTION('',(-1.,0.,0.));
#2147 = ORIENTED_EDGE('',*,*,#1986,.F.);
#2148 = ORIENTED_EDGE('',*,*,#1945,.F.);
#2149 = ORIENTED_EDGE('',*,*,#1725,.F.);
#2150 = ORIENTED_EDGE('',*,*,#2151,.F.);
#2151 = EDGE_CURVE('',#2152,#1718,#2154,.T.);
#2152 = VERTEX_POINT('',#2153);
#2153 = CARTESIAN_POINT('',(-0.6,-0.15,0.5));
#2154 = LINE('',#2155,#2156);
#2155 = CARTESIAN_POINT('',(-1.4,-0.15,0.5));
#2156 = VECTOR('',#2157,1.);
#2157 = DIRECTION('',(-1.,-0.,-0.));
#2158 = ORIENTED_EDGE('',*,*,#2159,.F.);
#2159 = EDGE_CURVE('',#2116,#2152,#2160,.T.);
#2160 = LINE('',#2161,#2162);
#2161 = CARTESIAN_POINT('',(-0.6,-0.15,0.5));
#2162 = VECTOR('',#2163,1.);
#2163 = DIRECTION('',(-0.,-0.,1.));
#2164 = PLANE('',#2165);
#2165 = AXIS2_PLACEMENT_3D('',#2166,#2167,#2168);
#2166 = CARTESIAN_POINT('',(0.,-0.15,0.));
#2167 = DIRECTION('',(0.,-1.,0.));
#2168 = DIRECTION('',(0.,-0.,-1.));
#2169 = ADVANCED_FACE('',(#2170),#2203,.T.);
#2170 = FACE_BOUND('',#2171,.T.);
#2171 = EDGE_LOOP('',(#2172,#2180,#2188,#2196,#2202));
#2172 = ORIENTED_EDGE('',*,*,#2173,.T.);
#2173 = EDGE_CURVE('',#2033,#2174,#2176,.T.);
#2174 = VERTEX_POINT('',#2175);
#2175 = CARTESIAN_POINT('',(-0.66005481861,0.15,-0.625));
#2176 = LINE('',#2177,#2178);
#2177 = CARTESIAN_POINT('',(-0.6,0.15,-0.625));
#2178 = VECTOR('',#2179,1.);
#2179 = DIRECTION('',(-1.,0.,1.084202172486E-15));
#2180 = ORIENTED_EDGE('',*,*,#2181,.T.);
#2181 = EDGE_CURVE('',#2174,#2182,#2184,.T.);
#2182 = VERTEX_POINT('',#2183);
#2183 = CARTESIAN_POINT('',(-0.641078305618,0.51209343825,
    -0.606023487008));
#2184 = LINE('',#2185,#2186);
#2185 = CARTESIAN_POINT('',(-0.656339733123,0.220888053986,
    -0.621284914513));
#2186 = VECTOR('',#2187,1.);
#2187 = DIRECTION('',(5.226442768871E-02,0.997264688634,
    5.226442768871E-02));
#2188 = ORIENTED_EDGE('',*,*,#2189,.T.);
#2189 = EDGE_CURVE('',#2182,#2190,#2192,.T.);
#2190 = VERTEX_POINT('',#2191);
#2191 = CARTESIAN_POINT('',(0.641078305618,0.51209343825,-0.606023487008
    ));
#2192 = LINE('',#2193,#2194);
#2193 = CARTESIAN_POINT('',(0.7,0.51209343825,-0.606023487008));
#2194 = VECTOR('',#2195,1.);
#2195 = DIRECTION('',(1.,-0.,0.));
#2196 = ORIENTED_EDGE('',*,*,#2197,.T.);
#2197 = EDGE_CURVE('',#2190,#1578,#2198,.T.);
#2198 = LINE('',#2199,#2200);
#2199 = CARTESIAN_POINT('',(0.660163931685,0.147917998498,
    -0.625109113075));
#2200 = VECTOR('',#2201,1.);
#2201 = DIRECTION('',(5.226442768871E-02,-0.997264688634,
    -5.226442768871E-02));
#2202 = ORIENTED_EDGE('',*,*,#2040,.T.);
#2203 = PLANE('',#2204);
#2204 = AXIS2_PLACEMENT_3D('',#2205,#2206,#2207);
#2205 = CARTESIAN_POINT('',(0.7,0.15,-0.625));
#2206 = DIRECTION('',(0.,5.233595624294E-02,-0.998629534755));
#2207 = DIRECTION('',(0.,0.998629534755,5.233595624294E-02));
#2208 = ADVANCED_FACE('',(#2209),#2241,.T.);
#2209 = FACE_BOUND('',#2210,.T.);
#2210 = EDGE_LOOP('',(#2211,#2212,#2220,#2228,#2234,#2235));
#2211 = ORIENTED_EDGE('',*,*,#1551,.T.);
#2212 = ORIENTED_EDGE('',*,*,#2213,.T.);
#2213 = EDGE_CURVE('',#1554,#2214,#2216,.T.);
#2214 = VERTEX_POINT('',#2215);
#2215 = CARTESIAN_POINT('',(0.681023487008,0.51209343825,-0.566078305618
    ));
#2216 = LINE('',#2217,#2218);
#2217 = CARTESIAN_POINT('',(0.700109113075,0.147917998498,
    -0.585163931685));
#2218 = VECTOR('',#2219,1.);
#2219 = DIRECTION('',(-5.226442768871E-02,0.997264688634,
    5.226442768871E-02));
#2220 = ORIENTED_EDGE('',*,*,#2221,.T.);
#2221 = EDGE_CURVE('',#2214,#2222,#2224,.T.);
#2222 = VERTEX_POINT('',#2223);
#2223 = CARTESIAN_POINT('',(0.681023487008,0.51209343825,0.566078305618)
  );
#2224 = LINE('',#2225,#2226);
#2225 = CARTESIAN_POINT('',(0.681023487008,0.51209343825,-0.625));
#2226 = VECTOR('',#2227,1.);
#2227 = DIRECTION('',(0.,-0.,1.));
#2228 = ORIENTED_EDGE('',*,*,#2229,.T.);
#2229 = EDGE_CURVE('',#2222,#1829,#2230,.T.);
#2230 = LINE('',#2231,#2232);
#2231 = CARTESIAN_POINT('',(0.696694650073,0.213069833755,0.581749468683
    ));
#2232 = VECTOR('',#2233,1.);
#2233 = DIRECTION('',(5.226442768871E-02,-0.997264688634,
    5.226442768871E-02));
#2234 = ORIENTED_EDGE('',*,*,#1828,.T.);
#2235 = ORIENTED_EDGE('',*,*,#2236,.F.);
#2236 = EDGE_CURVE('',#1552,#1821,#2237,.T.);
#2237 = LINE('',#2238,#2239);
#2238 = CARTESIAN_POINT('',(0.7,0.15,-0.25));
#2239 = VECTOR('',#2240,1.);
#2240 = DIRECTION('',(0.,0.,1.));
#2241 = PLANE('',#2242);
#2242 = AXIS2_PLACEMENT_3D('',#2243,#2244,#2245);
#2243 = CARTESIAN_POINT('',(0.7,0.15,-0.625));
#2244 = DIRECTION('',(0.998629534755,5.233595624294E-02,0.));
#2245 = DIRECTION('',(-5.233595624294E-02,0.998629534755,0.));
#2246 = ADVANCED_FACE('',(#2247),#2280,.T.);
#2247 = FACE_BOUND('',#2248,.T.);
#2248 = EDGE_LOOP('',(#2249,#2259,#2267,#2273,#2274));
#2249 = ORIENTED_EDGE('',*,*,#2250,.T.);
#2250 = EDGE_CURVE('',#2251,#2253,#2255,.T.);
#2251 = VERTEX_POINT('',#2252);
#2252 = CARTESIAN_POINT('',(0.641078305618,0.51209343825,0.606023487008)
  );
#2253 = VERTEX_POINT('',#2254);
#2254 = CARTESIAN_POINT('',(-0.641078305618,0.51209343825,0.606023487008
    ));
#2255 = LINE('',#2256,#2257);
#2256 = CARTESIAN_POINT('',(0.7,0.51209343825,0.606023487008));
#2257 = VECTOR('',#2258,1.);
#2258 = DIRECTION('',(-1.,0.,0.));
#2259 = ORIENTED_EDGE('',*,*,#2260,.T.);
#2260 = EDGE_CURVE('',#2253,#2261,#2263,.T.);
#2261 = VERTEX_POINT('',#2262);
#2262 = CARTESIAN_POINT('',(-0.66005481861,0.15,0.625));
#2263 = LINE('',#2264,#2265);
#2264 = CARTESIAN_POINT('',(-0.656339733123,0.220888053986,
    0.621284914513));
#2265 = VECTOR('',#2266,1.);
#2266 = DIRECTION('',(-5.226442768871E-02,-0.997264688634,
    5.226442768871E-02));
#2267 = ORIENTED_EDGE('',*,*,#2268,.T.);
#2268 = EDGE_CURVE('',#2261,#1923,#2269,.T.);
#2269 = LINE('',#2270,#2271);
#2270 = CARTESIAN_POINT('',(0.7,0.15,0.625));
#2271 = VECTOR('',#2272,1.);
#2272 = DIRECTION('',(1.,-0.,-0.));
#2273 = ORIENTED_EDGE('',*,*,#1922,.T.);
#2274 = ORIENTED_EDGE('',*,*,#2275,.T.);
#2275 = EDGE_CURVE('',#1837,#2251,#2276,.T.);
#2276 = LINE('',#2277,#2278);
#2277 = CARTESIAN_POINT('',(0.660163931685,0.147917998498,0.625109113075
    ));
#2278 = VECTOR('',#2279,1.);
#2279 = DIRECTION('',(-5.226442768871E-02,0.997264688634,
    -5.226442768871E-02));
#2280 = PLANE('',#2281);
#2281 = AXIS2_PLACEMENT_3D('',#2282,#2283,#2284);
#2282 = CARTESIAN_POINT('',(0.7,0.15,0.625));
#2283 = DIRECTION('',(0.,5.233595624294E-02,0.998629534755));
#2284 = DIRECTION('',(0.,-0.998629534755,5.233595624294E-02));
#2285 = ADVANCED_FACE('',(#2286),#2334,.T.);
#2286 = FACE_BOUND('',#2287,.T.);
#2287 = EDGE_LOOP('',(#2288,#2296,#2304,#2312,#2320,#2326,#2327,#2333));
#2288 = ORIENTED_EDGE('',*,*,#2289,.T.);
#2289 = EDGE_CURVE('',#1611,#2290,#2292,.T.);
#2290 = VERTEX_POINT('',#2291);
#2291 = CARTESIAN_POINT('',(-0.7,0.15,0.58505481861));
#2292 = LINE('',#2293,#2294);
#2293 = CARTESIAN_POINT('',(-0.7,0.15,-0.625));
#2294 = VECTOR('',#2295,1.);
#2295 = DIRECTION('',(0.,0.,1.));
#2296 = ORIENTED_EDGE('',*,*,#2297,.T.);
#2297 = EDGE_CURVE('',#2290,#2298,#2300,.T.);
#2298 = VERTEX_POINT('',#2299);
#2299 = CARTESIAN_POINT('',(-0.681023487008,0.51209343825,0.566078305618
    ));
#2300 = LINE('',#2301,#2302);
#2301 = CARTESIAN_POINT('',(-0.696694650073,0.213069833755,
    0.581749468683));
#2302 = VECTOR('',#2303,1.);
#2303 = DIRECTION('',(5.226442768871E-02,0.997264688634,
    -5.226442768871E-02));
#2304 = ORIENTED_EDGE('',*,*,#2305,.T.);
#2305 = EDGE_CURVE('',#2298,#2306,#2308,.T.);
#2306 = VERTEX_POINT('',#2307);
#2307 = CARTESIAN_POINT('',(-0.681023487008,0.51209343825,
    -0.566078305618));
#2308 = LINE('',#2309,#2310);
#2309 = CARTESIAN_POINT('',(-0.681023487008,0.51209343825,-0.625));
#2310 = VECTOR('',#2311,1.);
#2311 = DIRECTION('',(0.,0.,-1.));
#2312 = ORIENTED_EDGE('',*,*,#2313,.T.);
#2313 = EDGE_CURVE('',#2306,#2314,#2316,.T.);
#2314 = VERTEX_POINT('',#2315);
#2315 = CARTESIAN_POINT('',(-0.7,0.15,-0.58505481861));
#2316 = LINE('',#2317,#2318);
#2317 = CARTESIAN_POINT('',(-0.700109113075,0.147917998498,
    -0.585163931685));
#2318 = VECTOR('',#2319,1.);
#2319 = DIRECTION('',(-5.226442768871E-02,-0.997264688634,
    -5.226442768871E-02));
#2320 = ORIENTED_EDGE('',*,*,#2321,.T.);
#2321 = EDGE_CURVE('',#2314,#1643,#2322,.T.);
#2322 = LINE('',#2323,#2324);
#2323 = CARTESIAN_POINT('',(-0.7,0.15,-0.625));
#2324 = VECTOR('',#2325,1.);
#2325 = DIRECTION('',(0.,0.,1.));
#2326 = ORIENTED_EDGE('',*,*,#1642,.T.);
#2327 = ORIENTED_EDGE('',*,*,#2328,.T.);
#2328 = EDGE_CURVE('',#1645,#1620,#2329,.T.);
#2329 = LINE('',#2330,#2331);
#2330 = CARTESIAN_POINT('',(-0.7,0.15,-0.625));
#2331 = VECTOR('',#2332,1.);
#2332 = DIRECTION('',(0.,0.,1.));
#2333 = ORIENTED_EDGE('',*,*,#1619,.T.);
#2334 = PLANE('',#2335);
#2335 = AXIS2_PLACEMENT_3D('',#2336,#2337,#2338);
#2336 = CARTESIAN_POINT('',(-0.7,0.15,-0.625));
#2337 = DIRECTION('',(-0.998629534755,5.233595624294E-02,0.));
#2338 = DIRECTION('',(-5.233595624294E-02,-0.998629534755,0.));
#2339 = ADVANCED_FACE('',(#2340),#2374,.F.);
#2340 = FACE_BOUND('',#2341,.T.);
#2341 = EDGE_LOOP('',(#2342,#2352,#2360,#2368));
#2342 = ORIENTED_EDGE('',*,*,#2343,.T.);
#2343 = EDGE_CURVE('',#2344,#2346,#2348,.T.);
#2344 = VERTEX_POINT('',#2345);
#2345 = CARTESIAN_POINT('',(0.641078305618,0.55,-0.566078305618));
#2346 = VERTEX_POINT('',#2347);
#2347 = CARTESIAN_POINT('',(-0.641078305618,0.55,-0.566078305618));
#2348 = LINE('',#2349,#2350);
#2349 = CARTESIAN_POINT('',(0.,0.55,-0.566078305618));
#2350 = VECTOR('',#2351,1.);
#2351 = DIRECTION('',(-1.,0.,0.));
#2352 = ORIENTED_EDGE('',*,*,#2353,.T.);
#2353 = EDGE_CURVE('',#2346,#2354,#2356,.T.);
#2354 = VERTEX_POINT('',#2355);
#2355 = CARTESIAN_POINT('',(-0.641078305618,0.55,0.566078305618));
#2356 = LINE('',#2357,#2358);
#2357 = CARTESIAN_POINT('',(-0.641078305618,0.55,0.));
#2358 = VECTOR('',#2359,1.);
#2359 = DIRECTION('',(0.,0.,1.));
#2360 = ORIENTED_EDGE('',*,*,#2361,.T.);
#2361 = EDGE_CURVE('',#2354,#2362,#2364,.T.);
#2362 = VERTEX_POINT('',#2363);
#2363 = CARTESIAN_POINT('',(0.641078305618,0.55,0.566078305618));
#2364 = LINE('',#2365,#2366);
#2365 = CARTESIAN_POINT('',(0.,0.55,0.566078305618));
#2366 = VECTOR('',#2367,1.);
#2367 = DIRECTION('',(1.,0.,0.));
#2368 = ORIENTED_EDGE('',*,*,#2369,.T.);
#2369 = EDGE_CURVE('',#2362,#2344,#2370,.T.);
#2370 = LINE('',#2371,#2372);
#2371 = CARTESIAN_POINT('',(0.641078305618,0.55,0.));
#2372 = VECTOR('',#2373,1.);
#2373 = DIRECTION('',(0.,0.,-1.));
#2374 = PLANE('',#2375);
#2375 = AXIS2_PLACEMENT_3D('',#2376,#2377,#2378);
#2376 = CARTESIAN_POINT('',(0.,0.55,0.));
#2377 = DIRECTION('',(0.,-1.,0.));
#2378 = DIRECTION('',(0.,0.,-1.));
#2379 = ADVANCED_FACE('',(#2380),#2398,.T.);
#2380 = FACE_BOUND('',#2381,.T.);
#2381 = EDGE_LOOP('',(#2382,#2383,#2390,#2391));
#2382 = ORIENTED_EDGE('',*,*,#2221,.F.);
#2383 = ORIENTED_EDGE('',*,*,#2384,.T.);
#2384 = EDGE_CURVE('',#2214,#2344,#2385,.T.);
#2385 = CIRCLE('',#2386,4.E-02);
#2386 = AXIS2_PLACEMENT_3D('',#2387,#2388,#2389);
#2387 = CARTESIAN_POINT('',(0.641078305618,0.51,-0.566078305618));
#2388 = DIRECTION('',(0.,-0.,1.));
#2389 = DIRECTION('',(-1.,0.,0.));
#2390 = ORIENTED_EDGE('',*,*,#2369,.F.);
#2391 = ORIENTED_EDGE('',*,*,#2392,.T.);
#2392 = EDGE_CURVE('',#2362,#2222,#2393,.T.);
#2393 = CIRCLE('',#2394,4.E-02);
#2394 = AXIS2_PLACEMENT_3D('',#2395,#2396,#2397);
#2395 = CARTESIAN_POINT('',(0.641078305618,0.51,0.566078305618));
#2396 = DIRECTION('',(0.,0.,-1.));
#2397 = DIRECTION('',(-1.,0.,0.));
#2398 = CYLINDRICAL_SURFACE('',#2399,4.E-02);
#2399 = AXIS2_PLACEMENT_3D('',#2400,#2401,#2402);
#2400 = CARTESIAN_POINT('',(0.641078305618,0.51,-0.625));
#2401 = DIRECTION('',(0.,0.,-1.));
#2402 = DIRECTION('',(-1.,0.,0.));
#2403 = ADVANCED_FACE('',(#2404),#2422,.T.);
#2404 = FACE_BOUND('',#2405,.T.);
#2405 = EDGE_LOOP('',(#2406,#2407,#2414,#2415));
#2406 = ORIENTED_EDGE('',*,*,#2361,.F.);
#2407 = ORIENTED_EDGE('',*,*,#2408,.T.);
#2408 = EDGE_CURVE('',#2354,#2253,#2409,.T.);
#2409 = CIRCLE('',#2410,4.E-02);
#2410 = AXIS2_PLACEMENT_3D('',#2411,#2412,#2413);
#2411 = CARTESIAN_POINT('',(-0.641078305618,0.51,0.566078305618));
#2412 = DIRECTION('',(1.,0.,0.));
#2413 = DIRECTION('',(0.,0.,-1.));
#2414 = ORIENTED_EDGE('',*,*,#2250,.F.);
#2415 = ORIENTED_EDGE('',*,*,#2416,.T.);
#2416 = EDGE_CURVE('',#2251,#2362,#2417,.T.);
#2417 = CIRCLE('',#2418,4.E-02);
#2418 = AXIS2_PLACEMENT_3D('',#2419,#2420,#2421);
#2419 = CARTESIAN_POINT('',(0.641078305618,0.51,0.566078305618));
#2420 = DIRECTION('',(-1.,-0.,-0.));
#2421 = DIRECTION('',(0.,0.,-1.));
#2422 = CYLINDRICAL_SURFACE('',#2423,4.E-02);
#2423 = AXIS2_PLACEMENT_3D('',#2424,#2425,#2426);
#2424 = CARTESIAN_POINT('',(0.7,0.51,0.566078305618));
#2425 = DIRECTION('',(1.,0.,0.));
#2426 = DIRECTION('',(0.,0.,-1.));
#2427 = ADVANCED_FACE('',(#2428),#2446,.T.);
#2428 = FACE_BOUND('',#2429,.T.);
#2429 = EDGE_LOOP('',(#2430,#2431,#2438,#2439));
#2430 = ORIENTED_EDGE('',*,*,#2189,.F.);
#2431 = ORIENTED_EDGE('',*,*,#2432,.T.);
#2432 = EDGE_CURVE('',#2182,#2346,#2433,.T.);
#2433 = CIRCLE('',#2434,4.E-02);
#2434 = AXIS2_PLACEMENT_3D('',#2435,#2436,#2437);
#2435 = CARTESIAN_POINT('',(-0.641078305618,0.51,-0.566078305618));
#2436 = DIRECTION('',(1.,0.,-0.));
#2437 = DIRECTION('',(0.,0.,1.));
#2438 = ORIENTED_EDGE('',*,*,#2343,.F.);
#2439 = ORIENTED_EDGE('',*,*,#2440,.T.);
#2440 = EDGE_CURVE('',#2344,#2190,#2441,.T.);
#2441 = CIRCLE('',#2442,4.E-02);
#2442 = AXIS2_PLACEMENT_3D('',#2443,#2444,#2445);
#2443 = CARTESIAN_POINT('',(0.641078305618,0.51,-0.566078305618));
#2444 = DIRECTION('',(-1.,0.,0.));
#2445 = DIRECTION('',(0.,0.,1.));
#2446 = CYLINDRICAL_SURFACE('',#2447,4.E-02);
#2447 = AXIS2_PLACEMENT_3D('',#2448,#2449,#2450);
#2448 = CARTESIAN_POINT('',(0.7,0.51,-0.566078305618));
#2449 = DIRECTION('',(-1.,0.,0.));
#2450 = DIRECTION('',(0.,0.,1.));
#2451 = ADVANCED_FACE('',(#2452),#2470,.T.);
#2452 = FACE_BOUND('',#2453,.T.);
#2453 = EDGE_LOOP('',(#2454,#2455,#2462,#2463));
#2454 = ORIENTED_EDGE('',*,*,#2305,.F.);
#2455 = ORIENTED_EDGE('',*,*,#2456,.T.);
#2456 = EDGE_CURVE('',#2298,#2354,#2457,.T.);
#2457 = CIRCLE('',#2458,4.E-02);
#2458 = AXIS2_PLACEMENT_3D('',#2459,#2460,#2461);
#2459 = CARTESIAN_POINT('',(-0.641078305618,0.51,0.566078305618));
#2460 = DIRECTION('',(0.,0.,-1.));
#2461 = DIRECTION('',(1.,0.,0.));
#2462 = ORIENTED_EDGE('',*,*,#2353,.F.);
#2463 = ORIENTED_EDGE('',*,*,#2464,.T.);
#2464 = EDGE_CURVE('',#2346,#2306,#2465,.T.);
#2465 = CIRCLE('',#2466,4.E-02);
#2466 = AXIS2_PLACEMENT_3D('',#2467,#2468,#2469);
#2467 = CARTESIAN_POINT('',(-0.641078305618,0.51,-0.566078305618));
#2468 = DIRECTION('',(0.,0.,1.));
#2469 = DIRECTION('',(1.,0.,-0.));
#2470 = CYLINDRICAL_SURFACE('',#2471,4.E-02);
#2471 = AXIS2_PLACEMENT_3D('',#2472,#2473,#2474);
#2472 = CARTESIAN_POINT('',(-0.641078305618,0.51,-0.625));
#2473 = DIRECTION('',(0.,0.,1.));
#2474 = DIRECTION('',(1.,0.,-0.));
#2475 = ADVANCED_FACE('',(#2476),#2494,.F.);
#2476 = FACE_BOUND('',#2477,.F.);
#2477 = EDGE_LOOP('',(#2478,#2485,#2486,#2493));
#2478 = ORIENTED_EDGE('',*,*,#2479,.F.);
#2479 = EDGE_CURVE('',#2003,#1765,#2480,.T.);
#2480 = CIRCLE('',#2481,0.2);
#2481 = AXIS2_PLACEMENT_3D('',#2482,#2483,#2484);
#2482 = CARTESIAN_POINT('',(1.,-0.1,0.));
#2483 = DIRECTION('',(0.,-1.,0.));
#2484 = DIRECTION('',(0.,0.,1.));
#2485 = ORIENTED_EDGE('',*,*,#2010,.T.);
#2486 = ORIENTED_EDGE('',*,*,#2487,.F.);
#2487 = EDGE_CURVE('',#1757,#1969,#2488,.T.);
#2488 = CIRCLE('',#2489,0.2);
#2489 = AXIS2_PLACEMENT_3D('',#2490,#2491,#2492);
#2490 = CARTESIAN_POINT('',(1.,0.1,0.));
#2491 = DIRECTION('',(-0.,1.,0.));
#2492 = DIRECTION('',(0.,0.,-1.));
#2493 = ORIENTED_EDGE('',*,*,#1764,.T.);
#2494 = CYLINDRICAL_SURFACE('',#2495,0.2);
#2495 = AXIS2_PLACEMENT_3D('',#2496,#2497,#2498);
#2496 = CARTESIAN_POINT('',(1.,0.715685424949,0.));
#2497 = DIRECTION('',(-0.,-1.,-0.));
#2498 = DIRECTION('',(0.,0.,-1.));
#2499 = ADVANCED_FACE('',(#2500),#2518,.F.);
#2500 = FACE_BOUND('',#2501,.T.);
#2501 = EDGE_LOOP('',(#2502,#2503,#2511,#2517));
#2502 = ORIENTED_EDGE('',*,*,#2115,.T.);
#2503 = ORIENTED_EDGE('',*,*,#2504,.F.);
#2504 = EDGE_CURVE('',#2505,#2116,#2507,.T.);
#2505 = VERTEX_POINT('',#2506);
#2506 = CARTESIAN_POINT('',(-0.6,-1.E-01,-0.5));
#2507 = LINE('',#2508,#2509);
#2508 = CARTESIAN_POINT('',(-0.6,-1.E-01,-0.5));
#2509 = VECTOR('',#2510,1.);
#2510 = DIRECTION('',(-0.,-1.,-0.));
#2511 = ORIENTED_EDGE('',*,*,#2512,.F.);
#2512 = EDGE_CURVE('',#1893,#2505,#2513,.T.);
#2513 = LINE('',#2514,#2515);
#2514 = CARTESIAN_POINT('',(-1.4,-1.E-01,-0.5));
#2515 = VECTOR('',#2516,1.);
#2516 = DIRECTION('',(1.,0.,0.));
#2517 = ORIENTED_EDGE('',*,*,#1892,.F.);
#2518 = PLANE('',#2519);
#2519 = AXIS2_PLACEMENT_3D('',#2520,#2521,#2522);
#2520 = CARTESIAN_POINT('',(-1.4,-1.E-01,-0.5));
#2521 = DIRECTION('',(0.,0.,-1.));
#2522 = DIRECTION('',(-1.,0.,-0.));
#2523 = ADVANCED_FACE('',(#2524),#2542,.F.);
#2524 = FACE_BOUND('',#2525,.T.);
#2525 = EDGE_LOOP('',(#2526,#2534,#2540,#2541));
#2526 = ORIENTED_EDGE('',*,*,#2527,.F.);
#2527 = EDGE_CURVE('',#2528,#1710,#2530,.T.);
#2528 = VERTEX_POINT('',#2529);
#2529 = CARTESIAN_POINT('',(-0.6,-1.E-01,0.5));
#2530 = LINE('',#2531,#2532);
#2531 = CARTESIAN_POINT('',(-1.4,-1.E-01,0.5));
#2532 = VECTOR('',#2533,1.);
#2533 = DIRECTION('',(-1.,-0.,-0.));
#2534 = ORIENTED_EDGE('',*,*,#2535,.T.);
#2535 = EDGE_CURVE('',#2528,#2152,#2536,.T.);
#2536 = LINE('',#2537,#2538);
#2537 = CARTESIAN_POINT('',(-0.6,-1.E-01,0.5));
#2538 = VECTOR('',#2539,1.);
#2539 = DIRECTION('',(-0.,-1.,-0.));
#2540 = ORIENTED_EDGE('',*,*,#2151,.T.);
#2541 = ORIENTED_EDGE('',*,*,#1717,.F.);
#2542 = PLANE('',#2543);
#2543 = AXIS2_PLACEMENT_3D('',#2544,#2545,#2546);
#2544 = CARTESIAN_POINT('',(-1.4,-1.E-01,0.5));
#2545 = DIRECTION('',(0.,0.,1.));
#2546 = DIRECTION('',(1.,0.,-0.));
#2547 = ADVANCED_FACE('',(#2548),#2567,.T.);
#2548 = FACE_BOUND('',#2549,.T.);
#2549 = EDGE_LOOP('',(#2550,#2557,#2558,#2559,#2565,#2566));
#2550 = ORIENTED_EDGE('',*,*,#2551,.F.);
#2551 = EDGE_CURVE('',#1901,#1702,#2552,.T.);
#2552 = CIRCLE('',#2553,0.35);
#2553 = AXIS2_PLACEMENT_3D('',#2554,#2555,#2556);
#2554 = CARTESIAN_POINT('',(-1.,-1.E-01,2.168404344971E-16));
#2555 = DIRECTION('',(0.,-1.,0.));
#2556 = DIRECTION('',(0.,0.,-1.));
#2557 = ORIENTED_EDGE('',*,*,#1900,.T.);
#2558 = ORIENTED_EDGE('',*,*,#2512,.T.);
#2559 = ORIENTED_EDGE('',*,*,#2560,.T.);
#2560 = EDGE_CURVE('',#2505,#2528,#2561,.T.);
#2561 = LINE('',#2562,#2563);
#2562 = CARTESIAN_POINT('',(-0.6,-1.E-01,0.5));
#2563 = VECTOR('',#2564,1.);
#2564 = DIRECTION('',(-0.,-0.,1.));
#2565 = ORIENTED_EDGE('',*,*,#2527,.T.);
#2566 = ORIENTED_EDGE('',*,*,#1709,.T.);
#2567 = PLANE('',#2568);
#2568 = AXIS2_PLACEMENT_3D('',#2569,#2570,#2571);
#2569 = CARTESIAN_POINT('',(0.,-1.E-01,0.));
#2570 = DIRECTION('',(0.,-1.,0.));
#2571 = DIRECTION('',(0.,-0.,-1.));
#2572 = ADVANCED_FACE('',(#2573),#2579,.F.);
#2573 = FACE_BOUND('',#2574,.T.);
#2574 = EDGE_LOOP('',(#2575,#2576,#2577,#2578));
#2575 = ORIENTED_EDGE('',*,*,#2159,.T.);
#2576 = ORIENTED_EDGE('',*,*,#2535,.F.);
#2577 = ORIENTED_EDGE('',*,*,#2560,.F.);
#2578 = ORIENTED_EDGE('',*,*,#2504,.T.);
#2579 = PLANE('',#2580);
#2580 = AXIS2_PLACEMENT_3D('',#2581,#2582,#2583);
#2581 = CARTESIAN_POINT('',(-0.6,-1.E-01,0.5));
#2582 = DIRECTION('',(1.,-0.,0.));
#2583 = DIRECTION('',(0.,0.,-1.));
#2584 = ADVANCED_FACE('',(#2585),#2603,.F.);
#2585 = FACE_BOUND('',#2586,.T.);
#2586 = EDGE_LOOP('',(#2587,#2595,#2601,#2602));
#2587 = ORIENTED_EDGE('',*,*,#2588,.F.);
#2588 = EDGE_CURVE('',#2589,#1773,#2591,.T.);
#2589 = VERTEX_POINT('',#2590);
#2590 = CARTESIAN_POINT('',(0.6,-1.E-01,-0.5));
#2591 = LINE('',#2592,#2593);
#2592 = CARTESIAN_POINT('',(1.4,-1.E-01,-0.5));
#2593 = VECTOR('',#2594,1.);
#2594 = DIRECTION('',(1.,-0.,-0.));
#2595 = ORIENTED_EDGE('',*,*,#2596,.T.);
#2596 = EDGE_CURVE('',#2589,#2127,#2597,.T.);
#2597 = LINE('',#2598,#2599);
#2598 = CARTESIAN_POINT('',(0.6,-1.E-01,-0.5));
#2599 = VECTOR('',#2600,1.);
#2600 = DIRECTION('',(-0.,-1.,-0.));
#2601 = ORIENTED_EDGE('',*,*,#2126,.T.);
#2602 = ORIENTED_EDGE('',*,*,#1780,.F.);
#2603 = PLANE('',#2604);
#2604 = AXIS2_PLACEMENT_3D('',#2605,#2606,#2607);
#2605 = CARTESIAN_POINT('',(1.4,-1.E-01,-0.5));
#2606 = DIRECTION('',(0.,0.,-1.));
#2607 = DIRECTION('',(-1.,0.,-0.));
#2608 = ADVANCED_FACE('',(#2609),#2627,.F.);
#2609 = FACE_BOUND('',#2610,.T.);
#2610 = EDGE_LOOP('',(#2611,#2612,#2620,#2626));
#2611 = ORIENTED_EDGE('',*,*,#2142,.T.);
#2612 = ORIENTED_EDGE('',*,*,#2613,.F.);
#2613 = EDGE_CURVE('',#2614,#2135,#2616,.T.);
#2614 = VERTEX_POINT('',#2615);
#2615 = CARTESIAN_POINT('',(0.6,-1.E-01,0.5));
#2616 = LINE('',#2617,#2618);
#2617 = CARTESIAN_POINT('',(0.6,-1.E-01,0.5));
#2618 = VECTOR('',#2619,1.);
#2619 = DIRECTION('',(-0.,-1.,-0.));
#2620 = ORIENTED_EDGE('',*,*,#2621,.F.);
#2621 = EDGE_CURVE('',#1995,#2614,#2622,.T.);
#2622 = LINE('',#2623,#2624);
#2623 = CARTESIAN_POINT('',(1.4,-1.E-01,0.5));
#2624 = VECTOR('',#2625,1.);
#2625 = DIRECTION('',(-1.,0.,0.));
#2626 = ORIENTED_EDGE('',*,*,#1994,.F.);
#2627 = PLANE('',#2628);
#2628 = AXIS2_PLACEMENT_3D('',#2629,#2630,#2631);
#2629 = CARTESIAN_POINT('',(1.4,-1.E-01,0.5));
#2630 = DIRECTION('',(0.,-0.,1.));
#2631 = DIRECTION('',(1.,0.,0.));
#2632 = ADVANCED_FACE('',(#2633),#2646,.F.);
#2633 = FACE_BOUND('',#2634,.T.);
#2634 = EDGE_LOOP('',(#2635,#2636,#2637,#2638,#2644,#2645));
#2635 = ORIENTED_EDGE('',*,*,#2479,.F.);
#2636 = ORIENTED_EDGE('',*,*,#2002,.F.);
#2637 = ORIENTED_EDGE('',*,*,#2621,.T.);
#2638 = ORIENTED_EDGE('',*,*,#2639,.T.);
#2639 = EDGE_CURVE('',#2614,#2589,#2640,.T.);
#2640 = LINE('',#2641,#2642);
#2641 = CARTESIAN_POINT('',(0.6,-1.E-01,0.5));
#2642 = VECTOR('',#2643,1.);
#2643 = DIRECTION('',(0.,0.,-1.));
#2644 = ORIENTED_EDGE('',*,*,#2588,.T.);
#2645 = ORIENTED_EDGE('',*,*,#1772,.F.);
#2646 = PLANE('',#2647);
#2647 = AXIS2_PLACEMENT_3D('',#2648,#2649,#2650);
#2648 = CARTESIAN_POINT('',(0.,-1.E-01,0.));
#2649 = DIRECTION('',(0.,1.,0.));
#2650 = DIRECTION('',(0.,-0.,1.));
#2651 = ADVANCED_FACE('',(#2652),#2658,.F.);
#2652 = FACE_BOUND('',#2653,.T.);
#2653 = EDGE_LOOP('',(#2654,#2655,#2656,#2657));
#2654 = ORIENTED_EDGE('',*,*,#2134,.T.);
#2655 = ORIENTED_EDGE('',*,*,#2596,.F.);
#2656 = ORIENTED_EDGE('',*,*,#2639,.F.);
#2657 = ORIENTED_EDGE('',*,*,#2613,.T.);
#2658 = PLANE('',#2659);
#2659 = AXIS2_PLACEMENT_3D('',#2660,#2661,#2662);
#2660 = CARTESIAN_POINT('',(0.6,-1.E-01,0.5));
#2661 = DIRECTION('',(-1.,0.,0.));
#2662 = DIRECTION('',(0.,0.,1.));
#2663 = ADVANCED_FACE('',(#2664),#2674,.T.);
#2664 = FACE_BOUND('',#2665,.T.);
#2665 = EDGE_LOOP('',(#2666,#2667));
#2666 = ORIENTED_EDGE('',*,*,#2328,.F.);
#2667 = ORIENTED_EDGE('',*,*,#2668,.F.);
#2668 = EDGE_CURVE('',#1620,#1645,#2669,.T.);
#2669 = CIRCLE('',#2670,0.35);
#2670 = AXIS2_PLACEMENT_3D('',#2671,#2672,#2673);
#2671 = CARTESIAN_POINT('',(-1.,0.15,2.168404344971E-16));
#2672 = DIRECTION('',(0.,1.,-0.));
#2673 = DIRECTION('',(-1.858632295689E-15,-0.,-1.));
#2674 = PLANE('',#2675);
#2675 = AXIS2_PLACEMENT_3D('',#2676,#2677,#2678);
#2676 = CARTESIAN_POINT('',(0.,0.15,0.));
#2677 = DIRECTION('',(0.,-1.,0.));
#2678 = DIRECTION('',(0.,-0.,-1.));
#2679 = ADVANCED_FACE('',(#2680),#2688,.F.);
#2680 = FACE_BOUND('',#2681,.F.);
#2681 = EDGE_LOOP('',(#2682,#2683,#2684,#2685,#2686,#2687));
#2682 = ORIENTED_EDGE('',*,*,#1701,.T.);
#2683 = ORIENTED_EDGE('',*,*,#2551,.F.);
#2684 = ORIENTED_EDGE('',*,*,#1908,.T.);
#2685 = ORIENTED_EDGE('',*,*,#1669,.F.);
#2686 = ORIENTED_EDGE('',*,*,#2668,.F.);
#2687 = ORIENTED_EDGE('',*,*,#1627,.F.);
#2688 = CYLINDRICAL_SURFACE('',#2689,0.35);
#2689 = AXIS2_PLACEMENT_3D('',#2690,#2691,#2692);
#2690 = CARTESIAN_POINT('',(-1.,1.139949493661,2.168404344971E-16));
#2691 = DIRECTION('',(-0.,-1.,-0.));
#2692 = DIRECTION('',(0.,0.,-1.));
#2693 = ADVANCED_FACE('',(#2694),#2728,.F.);
#2694 = FACE_BOUND('',#2695,.T.);
#2695 = EDGE_LOOP('',(#2696,#2697,#2704,#2705,#2713,#2721));
#2696 = ORIENTED_EDGE('',*,*,#2321,.F.);
#2697 = ORIENTED_EDGE('',*,*,#2698,.T.);
#2698 = EDGE_CURVE('',#2314,#2174,#2699,.T.);
#2699 = ( BOUNDED_CURVE() B_SPLINE_CURVE(3,(#2700,#2701,#2702,#2703),
.UNSPECIFIED.,.F.,.F.) B_SPLINE_CURVE_WITH_KNOTS((4,4),(5.499156671653,
7.067213942707),.PIECEWISE_BEZIER_KNOTS.) CURVE() 
GEOMETRIC_REPRESENTATION_ITEM() RATIONAL_B_SPLINE_CURVE((1.,
0.805383013467,0.805383013467,1.)) REPRESENTATION_ITEM('') );
#2700 = CARTESIAN_POINT('',(-0.7,0.15,-0.58505481861));
#2701 = CARTESIAN_POINT('',(-0.7,0.15,-0.608467418308));
#2702 = CARTESIAN_POINT('',(-0.683467418308,0.15,-0.625));
#2703 = CARTESIAN_POINT('',(-0.66005481861,0.15,-0.625));
#2704 = ORIENTED_EDGE('',*,*,#2173,.F.);
#2705 = ORIENTED_EDGE('',*,*,#2706,.F.);
#2706 = EDGE_CURVE('',#2707,#2033,#2709,.T.);
#2707 = VERTEX_POINT('',#2708);
#2708 = CARTESIAN_POINT('',(-0.6,0.15,-0.206031501455));
#2709 = LINE('',#2710,#2711);
#2710 = CARTESIAN_POINT('',(-0.6,0.15,-0.206031501455));
#2711 = VECTOR('',#2712,1.);
#2712 = DIRECTION('',(2.587789240124E-16,0.,-1.));
#2713 = ORIENTED_EDGE('',*,*,#2714,.F.);
#2714 = EDGE_CURVE('',#2715,#2707,#2717,.T.);
#2715 = VERTEX_POINT('',#2716);
#2716 = CARTESIAN_POINT('',(-0.657142857143,0.15,-0.206031501455));
#2717 = LINE('',#2718,#2719);
#2718 = CARTESIAN_POINT('',(-0.6,0.15,-0.206031501455));
#2719 = VECTOR('',#2720,1.);
#2720 = DIRECTION('',(1.,-0.,-4.743384504624E-16));
#2721 = ORIENTED_EDGE('',*,*,#2722,.F.);
#2722 = EDGE_CURVE('',#1643,#2715,#2723,.T.);
#2723 = CIRCLE('',#2724,0.4);
#2724 = AXIS2_PLACEMENT_3D('',#2725,#2726,#2727);
#2725 = CARTESIAN_POINT('',(-1.,0.15,2.168404344971E-16));
#2726 = DIRECTION('',(0.,-1.,0.));
#2727 = DIRECTION('',(0.,0.,1.));
#2728 = PLANE('',#2729);
#2729 = AXIS2_PLACEMENT_3D('',#2730,#2731,#2732);
#2730 = CARTESIAN_POINT('',(-1.,0.15,2.168404344971E-16));
#2731 = DIRECTION('',(0.,1.,0.));
#2732 = DIRECTION('',(0.,-0.,1.));
#2733 = ADVANCED_FACE('',(#2734),#2752,.F.);
#2734 = FACE_BOUND('',#2735,.T.);
#2735 = EDGE_LOOP('',(#2736,#2737,#2738,#2746));
#2736 = ORIENTED_EDGE('',*,*,#2706,.T.);
#2737 = ORIENTED_EDGE('',*,*,#2032,.F.);
#2738 = ORIENTED_EDGE('',*,*,#2739,.F.);
#2739 = EDGE_CURVE('',#2740,#2025,#2742,.T.);
#2740 = VERTEX_POINT('',#2741);
#2741 = CARTESIAN_POINT('',(-0.6,1.E-01,-0.206031501455));
#2742 = LINE('',#2743,#2744);
#2743 = CARTESIAN_POINT('',(-0.6,1.E-01,-0.206031501455));
#2744 = VECTOR('',#2745,1.);
#2745 = DIRECTION('',(2.587789240124E-16,0.,-1.));
#2746 = ORIENTED_EDGE('',*,*,#2747,.T.);
#2747 = EDGE_CURVE('',#2740,#2707,#2748,.T.);
#2748 = LINE('',#2749,#2750);
#2749 = CARTESIAN_POINT('',(-0.6,1.E-01,-0.206031501455));
#2750 = VECTOR('',#2751,1.);
#2751 = DIRECTION('',(-0.,1.,-0.));
#2752 = PLANE('',#2753);
#2753 = AXIS2_PLACEMENT_3D('',#2754,#2755,#2756);
#2754 = CARTESIAN_POINT('',(-0.6,1.E-01,-0.206031501455));
#2755 = DIRECTION('',(1.,0.,2.587789240124E-16));
#2756 = DIRECTION('',(2.587789240124E-16,0.,-1.));
#2757 = ADVANCED_FACE('',(#2758),#2776,.F.);
#2758 = FACE_BOUND('',#2759,.T.);
#2759 = EDGE_LOOP('',(#2760,#2761,#2762,#2770));
#2760 = ORIENTED_EDGE('',*,*,#2714,.T.);
#2761 = ORIENTED_EDGE('',*,*,#2747,.F.);
#2762 = ORIENTED_EDGE('',*,*,#2763,.F.);
#2763 = EDGE_CURVE('',#2764,#2740,#2766,.T.);
#2764 = VERTEX_POINT('',#2765);
#2765 = CARTESIAN_POINT('',(-0.657142857143,1.E-01,-0.206031501455));
#2766 = LINE('',#2767,#2768);
#2767 = CARTESIAN_POINT('',(-0.6,1.E-01,-0.206031501455));
#2768 = VECTOR('',#2769,1.);
#2769 = DIRECTION('',(1.,-0.,-4.743384504624E-16));
#2770 = ORIENTED_EDGE('',*,*,#2771,.T.);
#2771 = EDGE_CURVE('',#2764,#2715,#2772,.T.);
#2772 = LINE('',#2773,#2774);
#2773 = CARTESIAN_POINT('',(-0.657142857143,1.E-01,-0.206031501455));
#2774 = VECTOR('',#2775,1.);
#2775 = DIRECTION('',(-0.,1.,-0.));
#2776 = PLANE('',#2777);
#2777 = AXIS2_PLACEMENT_3D('',#2778,#2779,#2780);
#2778 = CARTESIAN_POINT('',(-0.6,1.E-01,-0.206031501455));
#2779 = DIRECTION('',(4.743384504624E-16,0.,1.));
#2780 = DIRECTION('',(1.,0.,-4.743384504624E-16));
#2781 = ADVANCED_FACE('',(#2782),#2795,.T.);
#2782 = FACE_BOUND('',#2783,.T.);
#2783 = EDGE_LOOP('',(#2784,#2785,#2786,#2787,#2794));
#2784 = ORIENTED_EDGE('',*,*,#1652,.T.);
#2785 = ORIENTED_EDGE('',*,*,#2722,.T.);
#2786 = ORIENTED_EDGE('',*,*,#2771,.F.);
#2787 = ORIENTED_EDGE('',*,*,#2788,.F.);
#2788 = EDGE_CURVE('',#1861,#2764,#2789,.T.);
#2789 = CIRCLE('',#2790,0.4);
#2790 = AXIS2_PLACEMENT_3D('',#2791,#2792,#2793);
#2791 = CARTESIAN_POINT('',(-1.,1.E-01,2.168404344971E-16));
#2792 = DIRECTION('',(0.,-1.,0.));
#2793 = DIRECTION('',(0.,0.,1.));
#2794 = ORIENTED_EDGE('',*,*,#1860,.T.);
#2795 = CYLINDRICAL_SURFACE('',#2796,0.4);
#2796 = AXIS2_PLACEMENT_3D('',#2797,#2798,#2799);
#2797 = CARTESIAN_POINT('',(-1.,1.E-01,2.168404344971E-16));
#2798 = DIRECTION('',(-0.,1.,-0.));
#2799 = DIRECTION('',(0.,0.,1.));
#2800 = ADVANCED_FACE('',(#2801),#2808,.T.);
#2801 = FACE_BOUND('',#2802,.T.);
#2802 = EDGE_LOOP('',(#2803,#2804,#2805,#2806,#2807));
#2803 = ORIENTED_EDGE('',*,*,#2024,.T.);
#2804 = ORIENTED_EDGE('',*,*,#1868,.T.);
#2805 = ORIENTED_EDGE('',*,*,#2788,.T.);
#2806 = ORIENTED_EDGE('',*,*,#2763,.T.);
#2807 = ORIENTED_EDGE('',*,*,#2739,.T.);
#2808 = PLANE('',#2809);
#2809 = AXIS2_PLACEMENT_3D('',#2810,#2811,#2812);
#2810 = CARTESIAN_POINT('',(-1.,1.E-01,2.168404344971E-16));
#2811 = DIRECTION('',(0.,1.,0.));
#2812 = DIRECTION('',(0.,-0.,1.));
#2813 = ADVANCED_FACE('',(#2814),#2848,.F.);
#2814 = FACE_BOUND('',#2815,.T.);
#2815 = EDGE_LOOP('',(#2816,#2817,#2824,#2825,#2834,#2842));
#2816 = ORIENTED_EDGE('',*,*,#2268,.F.);
#2817 = ORIENTED_EDGE('',*,*,#2818,.T.);
#2818 = EDGE_CURVE('',#2261,#2290,#2819,.T.);
#2819 = ( BOUNDED_CURVE() B_SPLINE_CURVE(3,(#2820,#2821,#2822,#2823),
.UNSPECIFIED.,.F.,.F.) B_SPLINE_CURVE_WITH_KNOTS((4,4),(5.499156671653,
7.067213942707),.PIECEWISE_BEZIER_KNOTS.) CURVE() 
GEOMETRIC_REPRESENTATION_ITEM() RATIONAL_B_SPLINE_CURVE((1.,
0.805383013467,0.805383013467,1.)) REPRESENTATION_ITEM('') );
#2820 = CARTESIAN_POINT('',(-0.66005481861,0.15,0.625));
#2821 = CARTESIAN_POINT('',(-0.683467418308,0.15,0.625));
#2822 = CARTESIAN_POINT('',(-0.7,0.15,0.608467418308));
#2823 = CARTESIAN_POINT('',(-0.7,0.15,0.58505481861));
#2824 = ORIENTED_EDGE('',*,*,#2289,.F.);
#2825 = ORIENTED_EDGE('',*,*,#2826,.F.);
#2826 = EDGE_CURVE('',#2827,#1611,#2829,.T.);
#2827 = VERTEX_POINT('',#2828);
#2828 = CARTESIAN_POINT('',(-0.657142857143,0.15,0.206031501455));
#2829 = CIRCLE('',#2830,0.4);
#2830 = AXIS2_PLACEMENT_3D('',#2831,#2832,#2833);
#2831 = CARTESIAN_POINT('',(-1.,0.15,2.168404344971E-16));
#2832 = DIRECTION('',(0.,-1.,0.));
#2833 = DIRECTION('',(0.,0.,1.));
#2834 = ORIENTED_EDGE('',*,*,#2835,.F.);
#2835 = EDGE_CURVE('',#2836,#2827,#2838,.T.);
#2836 = VERTEX_POINT('',#2837);
#2837 = CARTESIAN_POINT('',(-0.6,0.15,0.206031501455));
#2838 = LINE('',#2839,#2840);
#2839 = CARTESIAN_POINT('',(-0.6,0.15,0.206031501455));
#2840 = VECTOR('',#2841,1.);
#2841 = DIRECTION('',(-1.,0.,7.115076756936E-15));
#2842 = ORIENTED_EDGE('',*,*,#2843,.F.);
#2843 = EDGE_CURVE('',#1923,#2836,#2844,.T.);
#2844 = LINE('',#2845,#2846);
#2845 = CARTESIAN_POINT('',(-0.6,0.15,0.206031501455));
#2846 = VECTOR('',#2847,1.);
#2847 = DIRECTION('',(-2.587789240124E-16,-0.,-1.));
#2848 = PLANE('',#2849);
#2849 = AXIS2_PLACEMENT_3D('',#2850,#2851,#2852);
#2850 = CARTESIAN_POINT('',(-1.,0.15,2.168404344971E-16));
#2851 = DIRECTION('',(0.,1.,0.));
#2852 = DIRECTION('',(0.,-0.,1.));
#2853 = ADVANCED_FACE('',(#2854),#2872,.F.);
#2854 = FACE_BOUND('',#2855,.T.);
#2855 = EDGE_LOOP('',(#2856,#2857,#2865,#2871));
#2856 = ORIENTED_EDGE('',*,*,#2843,.T.);
#2857 = ORIENTED_EDGE('',*,*,#2858,.F.);
#2858 = EDGE_CURVE('',#2859,#2836,#2861,.T.);
#2859 = VERTEX_POINT('',#2860);
#2860 = CARTESIAN_POINT('',(-0.6,1.E-01,0.206031501455));
#2861 = LINE('',#2862,#2863);
#2862 = CARTESIAN_POINT('',(-0.6,1.E-01,0.206031501455));
#2863 = VECTOR('',#2864,1.);
#2864 = DIRECTION('',(-0.,1.,-0.));
#2865 = ORIENTED_EDGE('',*,*,#2866,.F.);
#2866 = EDGE_CURVE('',#1931,#2859,#2867,.T.);
#2867 = LINE('',#2868,#2869);
#2868 = CARTESIAN_POINT('',(-0.6,1.E-01,0.206031501455));
#2869 = VECTOR('',#2870,1.);
#2870 = DIRECTION('',(-2.587789240124E-16,-0.,-1.));
#2871 = ORIENTED_EDGE('',*,*,#1930,.T.);
#2872 = PLANE('',#2873);
#2873 = AXIS2_PLACEMENT_3D('',#2874,#2875,#2876);
#2874 = CARTESIAN_POINT('',(-0.6,1.E-01,0.206031501455));
#2875 = DIRECTION('',(1.,0.,-2.587789240124E-16));
#2876 = DIRECTION('',(-2.587789240124E-16,0.,-1.));
#2877 = ADVANCED_FACE('',(#2878),#2898,.T.);
#2878 = FACE_BOUND('',#2879,.T.);
#2879 = EDGE_LOOP('',(#2880,#2881,#2882,#2883,#2892));
#2880 = ORIENTED_EDGE('',*,*,#2826,.T.);
#2881 = ORIENTED_EDGE('',*,*,#1610,.T.);
#2882 = ORIENTED_EDGE('',*,*,#1694,.F.);
#2883 = ORIENTED_EDGE('',*,*,#2884,.F.);
#2884 = EDGE_CURVE('',#2885,#1685,#2887,.T.);
#2885 = VERTEX_POINT('',#2886);
#2886 = CARTESIAN_POINT('',(-0.657142857143,1.E-01,0.206031501455));
#2887 = CIRCLE('',#2888,0.4);
#2888 = AXIS2_PLACEMENT_3D('',#2889,#2890,#2891);
#2889 = CARTESIAN_POINT('',(-1.,1.E-01,2.168404344971E-16));
#2890 = DIRECTION('',(0.,-1.,0.));
#2891 = DIRECTION('',(0.,0.,1.));
#2892 = ORIENTED_EDGE('',*,*,#2893,.T.);
#2893 = EDGE_CURVE('',#2885,#2827,#2894,.T.);
#2894 = LINE('',#2895,#2896);
#2895 = CARTESIAN_POINT('',(-0.657142857143,1.E-01,0.206031501455));
#2896 = VECTOR('',#2897,1.);
#2897 = DIRECTION('',(-0.,1.,-0.));
#2898 = CYLINDRICAL_SURFACE('',#2899,0.4);
#2899 = AXIS2_PLACEMENT_3D('',#2900,#2901,#2902);
#2900 = CARTESIAN_POINT('',(-1.,1.E-01,2.168404344971E-16));
#2901 = DIRECTION('',(-0.,1.,-0.));
#2902 = DIRECTION('',(0.,0.,1.));
#2903 = ADVANCED_FACE('',(#2904),#2915,.F.);
#2904 = FACE_BOUND('',#2905,.T.);
#2905 = EDGE_LOOP('',(#2906,#2907,#2908,#2914));
#2906 = ORIENTED_EDGE('',*,*,#2835,.T.);
#2907 = ORIENTED_EDGE('',*,*,#2893,.F.);
#2908 = ORIENTED_EDGE('',*,*,#2909,.F.);
#2909 = EDGE_CURVE('',#2859,#2885,#2910,.T.);
#2910 = LINE('',#2911,#2912);
#2911 = CARTESIAN_POINT('',(-0.6,1.E-01,0.206031501455));
#2912 = VECTOR('',#2913,1.);
#2913 = DIRECTION('',(-1.,0.,7.115076756936E-15));
#2914 = ORIENTED_EDGE('',*,*,#2858,.T.);
#2915 = PLANE('',#2916);
#2916 = AXIS2_PLACEMENT_3D('',#2917,#2918,#2919);
#2917 = CARTESIAN_POINT('',(-0.6,1.E-01,0.206031501455));
#2918 = DIRECTION('',(-7.115076756936E-15,0.,-1.));
#2919 = DIRECTION('',(-1.,0.,7.115076756936E-15));
#2920 = ADVANCED_FACE('',(#2921),#2928,.T.);
#2921 = FACE_BOUND('',#2922,.T.);
#2922 = EDGE_LOOP('',(#2923,#2924,#2925,#2926,#2927));
#2923 = ORIENTED_EDGE('',*,*,#2866,.T.);
#2924 = ORIENTED_EDGE('',*,*,#2909,.T.);
#2925 = ORIENTED_EDGE('',*,*,#2884,.T.);
#2926 = ORIENTED_EDGE('',*,*,#1684,.T.);
#2927 = ORIENTED_EDGE('',*,*,#1938,.T.);
#2928 = PLANE('',#2929);
#2929 = AXIS2_PLACEMENT_3D('',#2930,#2931,#2932);
#2930 = CARTESIAN_POINT('',(-1.,1.E-01,2.168404344971E-16));
#2931 = DIRECTION('',(0.,1.,0.));
#2932 = DIRECTION('',(0.,-0.,1.));
#2933 = ADVANCED_FACE('',(#2934),#2952,.F.);
#2934 = FACE_BOUND('',#2935,.T.);
#2935 = EDGE_LOOP('',(#2936,#2937,#2945,#2951));
#2936 = ORIENTED_EDGE('',*,*,#1561,.T.);
#2937 = ORIENTED_EDGE('',*,*,#2938,.F.);
#2938 = EDGE_CURVE('',#2939,#1552,#2941,.T.);
#2939 = VERTEX_POINT('',#2940);
#2940 = CARTESIAN_POINT('',(0.7,1.E-01,-0.25));
#2941 = LINE('',#2942,#2943);
#2942 = CARTESIAN_POINT('',(0.7,1.E-01,-0.25));
#2943 = VECTOR('',#2944,1.);
#2944 = DIRECTION('',(-0.,1.,-0.));
#2945 = ORIENTED_EDGE('',*,*,#2946,.F.);
#2946 = EDGE_CURVE('',#1749,#2939,#2947,.T.);
#2947 = LINE('',#2948,#2949);
#2948 = CARTESIAN_POINT('',(1.3,1.E-01,-0.25));
#2949 = VECTOR('',#2950,1.);
#2950 = DIRECTION('',(-1.,0.,0.));
#2951 = ORIENTED_EDGE('',*,*,#1748,.F.);
#2952 = PLANE('',#2953);
#2953 = AXIS2_PLACEMENT_3D('',#2954,#2955,#2956);
#2954 = CARTESIAN_POINT('',(1.3,1.E-01,-0.25));
#2955 = DIRECTION('',(-0.,0.,-1.));
#2956 = DIRECTION('',(-1.,0.,0.));
#2957 = ADVANCED_FACE('',(#2958),#2976,.F.);
#2958 = FACE_BOUND('',#2959,.T.);
#2959 = EDGE_LOOP('',(#2960,#2968,#2974,#2975));
#2960 = ORIENTED_EDGE('',*,*,#2961,.F.);
#2961 = EDGE_CURVE('',#2962,#1971,#2964,.T.);
#2962 = VERTEX_POINT('',#2963);
#2963 = CARTESIAN_POINT('',(0.7,1.E-01,0.25));
#2964 = LINE('',#2965,#2966);
#2965 = CARTESIAN_POINT('',(1.3,1.E-01,0.25));
#2966 = VECTOR('',#2967,1.);
#2967 = DIRECTION('',(1.,-0.,-0.));
#2968 = ORIENTED_EDGE('',*,*,#2969,.T.);
#2969 = EDGE_CURVE('',#2962,#1821,#2970,.T.);
#2970 = LINE('',#2971,#2972);
#2971 = CARTESIAN_POINT('',(0.7,1.E-01,0.25));
#2972 = VECTOR('',#2973,1.);
#2973 = DIRECTION('',(-0.,1.,-0.));
#2974 = ORIENTED_EDGE('',*,*,#1820,.T.);
#2975 = ORIENTED_EDGE('',*,*,#1978,.F.);
#2976 = PLANE('',#2977);
#2977 = AXIS2_PLACEMENT_3D('',#2978,#2979,#2980);
#2978 = CARTESIAN_POINT('',(1.3,1.E-01,0.25));
#2979 = DIRECTION('',(0.,0.,1.));
#2980 = DIRECTION('',(1.,0.,-0.));
#2981 = ADVANCED_FACE('',(#2982),#2995,.F.);
#2982 = FACE_BOUND('',#2983,.T.);
#2983 = EDGE_LOOP('',(#2984,#2985,#2991,#2992,#2993,#2994));
#2984 = ORIENTED_EDGE('',*,*,#2946,.T.);
#2985 = ORIENTED_EDGE('',*,*,#2986,.T.);
#2986 = EDGE_CURVE('',#2939,#2962,#2987,.T.);
#2987 = LINE('',#2988,#2989);
#2988 = CARTESIAN_POINT('',(0.7,1.E-01,-0.25));
#2989 = VECTOR('',#2990,1.);
#2990 = DIRECTION('',(0.,0.,1.));
#2991 = ORIENTED_EDGE('',*,*,#2961,.T.);
#2992 = ORIENTED_EDGE('',*,*,#1968,.F.);
#2993 = ORIENTED_EDGE('',*,*,#2487,.F.);
#2994 = ORIENTED_EDGE('',*,*,#1756,.F.);
#2995 = PLANE('',#2996);
#2996 = AXIS2_PLACEMENT_3D('',#2997,#2998,#2999);
#2997 = CARTESIAN_POINT('',(0.,1.E-01,0.));
#2998 = DIRECTION('',(0.,-1.,0.));
#2999 = DIRECTION('',(0.,-0.,-1.));
#3000 = ADVANCED_FACE('',(#3001),#3007,.F.);
#3001 = FACE_BOUND('',#3002,.T.);
#3002 = EDGE_LOOP('',(#3003,#3004,#3005,#3006));
#3003 = ORIENTED_EDGE('',*,*,#2236,.T.);
#3004 = ORIENTED_EDGE('',*,*,#2969,.F.);
#3005 = ORIENTED_EDGE('',*,*,#2986,.F.);
#3006 = ORIENTED_EDGE('',*,*,#2938,.T.);
#3007 = PLANE('',#3008);
#3008 = AXIS2_PLACEMENT_3D('',#3009,#3010,#3011);
#3009 = CARTESIAN_POINT('',(0.7,1.E-01,-0.25));
#3010 = DIRECTION('',(-1.,0.,0.));
#3011 = DIRECTION('',(0.,0.,1.));
#3012 = ADVANCED_FACE('',(#3013),#3032,.F.);
#3013 = FACE_BOUND('',#3014,.F.);
#3014 = EDGE_LOOP('',(#3015,#3016,#3024,#3031));
#3015 = ORIENTED_EDGE('',*,*,#2063,.F.);
#3016 = ORIENTED_EDGE('',*,*,#3017,.F.);
#3017 = EDGE_CURVE('',#3018,#2064,#3020,.T.);
#3018 = VERTEX_POINT('',#3019);
#3019 = CARTESIAN_POINT('',(0.121554445662,-1.E-01,-0.157679491924));
#3020 = LINE('',#3021,#3022);
#3021 = CARTESIAN_POINT('',(0.121554445662,-1.E-01,-0.157679491924));
#3022 = VECTOR('',#3023,1.);
#3023 = DIRECTION('',(-0.,-1.,-0.));
#3024 = ORIENTED_EDGE('',*,*,#3025,.T.);
#3025 = EDGE_CURVE('',#3018,#1529,#3026,.T.);
#3026 = CIRCLE('',#3027,2.E-02);
#3027 = AXIS2_PLACEMENT_3D('',#3028,#3029,#3030);
#3028 = CARTESIAN_POINT('',(0.131554445662,-1.E-01,-0.140358983849));
#3029 = DIRECTION('',(0.,-1.,0.));
#3030 = DIRECTION('',(0.,0.,-1.));
#3031 = ORIENTED_EDGE('',*,*,#1528,.T.);
#3032 = CYLINDRICAL_SURFACE('',#3033,2.E-02);
#3033 = AXIS2_PLACEMENT_3D('',#3034,#3035,#3036);
#3034 = CARTESIAN_POINT('',(0.131554445662,-1.E-01,-0.140358983849));
#3035 = DIRECTION('',(-0.,-1.,-0.));
#3036 = DIRECTION('',(0.,0.,-1.));
#3037 = ADVANCED_FACE('',(#3038),#3056,.F.);
#3038 = FACE_BOUND('',#3039,.T.);
#3039 = EDGE_LOOP('',(#3040,#3041,#3042,#3050));
#3040 = ORIENTED_EDGE('',*,*,#2072,.T.);
#3041 = ORIENTED_EDGE('',*,*,#3017,.F.);
#3042 = ORIENTED_EDGE('',*,*,#3043,.F.);
#3043 = EDGE_CURVE('',#3044,#3018,#3046,.T.);
#3044 = VERTEX_POINT('',#3045);
#3045 = CARTESIAN_POINT('',(-0.121554445662,-1.E-01,-1.732050807569E-02)
  );
#3046 = LINE('',#3047,#3048);
#3047 = CARTESIAN_POINT('',(-0.121554445662,-1.E-01,-1.732050807569E-02)
  );
#3048 = VECTOR('',#3049,1.);
#3049 = DIRECTION('',(0.866025403784,0.,-0.5));
#3050 = ORIENTED_EDGE('',*,*,#3051,.T.);
#3051 = EDGE_CURVE('',#3044,#2073,#3052,.T.);
#3052 = LINE('',#3053,#3054);
#3053 = CARTESIAN_POINT('',(-0.121554445662,-1.E-01,-1.732050807569E-02)
  );
#3054 = VECTOR('',#3055,1.);
#3055 = DIRECTION('',(-0.,-1.,-0.));
#3056 = PLANE('',#3057);
#3057 = AXIS2_PLACEMENT_3D('',#3058,#3059,#3060);
#3058 = CARTESIAN_POINT('',(-0.121554445662,-1.E-01,-1.732050807569E-02)
  );
#3059 = DIRECTION('',(-0.5,0.,-0.866025403784));
#3060 = DIRECTION('',(-0.866025403784,0.,0.5));
#3061 = ADVANCED_FACE('',(#3062),#3081,.F.);
#3062 = FACE_BOUND('',#3063,.F.);
#3063 = EDGE_LOOP('',(#3064,#3072,#3079,#3080));
#3064 = ORIENTED_EDGE('',*,*,#3065,.F.);
#3065 = EDGE_CURVE('',#3066,#2081,#3068,.T.);
#3066 = VERTEX_POINT('',#3067);
#3067 = CARTESIAN_POINT('',(-0.121554445662,-1.E-01,1.732050807569E-02)
  );
#3068 = LINE('',#3069,#3070);
#3069 = CARTESIAN_POINT('',(-0.121554445662,-1.E-01,1.732050807569E-02)
  );
#3070 = VECTOR('',#3071,1.);
#3071 = DIRECTION('',(-0.,-1.,-0.));
#3072 = ORIENTED_EDGE('',*,*,#3073,.T.);
#3073 = EDGE_CURVE('',#3066,#3044,#3074,.T.);
#3074 = CIRCLE('',#3075,2.E-02);
#3075 = AXIS2_PLACEMENT_3D('',#3076,#3077,#3078);
#3076 = CARTESIAN_POINT('',(-0.111554445662,-1.E-01,-2.710505439398E-17)
  );
#3077 = DIRECTION('',(0.,-1.,0.));
#3078 = DIRECTION('',(0.,0.,-1.));
#3079 = ORIENTED_EDGE('',*,*,#3051,.T.);
#3080 = ORIENTED_EDGE('',*,*,#2080,.F.);
#3081 = CYLINDRICAL_SURFACE('',#3082,2.E-02);
#3082 = AXIS2_PLACEMENT_3D('',#3083,#3084,#3085);
#3083 = CARTESIAN_POINT('',(-0.111554445662,-1.E-01,-2.710505439398E-17)
  );
#3084 = DIRECTION('',(-0.,-1.,-0.));
#3085 = DIRECTION('',(0.,0.,-1.));
#3086 = ADVANCED_FACE('',(#3087),#3105,.F.);
#3087 = FACE_BOUND('',#3088,.T.);
#3088 = EDGE_LOOP('',(#3089,#3090,#3091,#3099));
#3089 = ORIENTED_EDGE('',*,*,#2089,.T.);
#3090 = ORIENTED_EDGE('',*,*,#3065,.F.);
#3091 = ORIENTED_EDGE('',*,*,#3092,.F.);
#3092 = EDGE_CURVE('',#3093,#3066,#3095,.T.);
#3093 = VERTEX_POINT('',#3094);
#3094 = CARTESIAN_POINT('',(0.121554445662,-1.E-01,0.157679491924));
#3095 = LINE('',#3096,#3097);
#3096 = CARTESIAN_POINT('',(0.121554445662,-1.E-01,0.157679491924));
#3097 = VECTOR('',#3098,1.);
#3098 = DIRECTION('',(-0.866025403784,0.,-0.5));
#3099 = ORIENTED_EDGE('',*,*,#3100,.T.);
#3100 = EDGE_CURVE('',#3093,#2090,#3101,.T.);
#3101 = LINE('',#3102,#3103);
#3102 = CARTESIAN_POINT('',(0.121554445662,-1.E-01,0.157679491924));
#3103 = VECTOR('',#3104,1.);
#3104 = DIRECTION('',(-0.,-1.,-0.));
#3105 = PLANE('',#3106);
#3106 = AXIS2_PLACEMENT_3D('',#3107,#3108,#3109);
#3107 = CARTESIAN_POINT('',(0.121554445662,-1.E-01,0.157679491924));
#3108 = DIRECTION('',(-0.5,0.,0.866025403784));
#3109 = DIRECTION('',(0.866025403784,0.,0.5));
#3110 = ADVANCED_FACE('',(#3111),#3130,.F.);
#3111 = FACE_BOUND('',#3112,.F.);
#3112 = EDGE_LOOP('',(#3113,#3121,#3128,#3129));
#3113 = ORIENTED_EDGE('',*,*,#3114,.F.);
#3114 = EDGE_CURVE('',#3115,#2098,#3117,.T.);
#3115 = VERTEX_POINT('',#3116);
#3116 = CARTESIAN_POINT('',(0.151554445662,-1.E-01,0.140358983849));
#3117 = LINE('',#3118,#3119);
#3118 = CARTESIAN_POINT('',(0.151554445662,-1.E-01,0.140358983849));
#3119 = VECTOR('',#3120,1.);
#3120 = DIRECTION('',(-0.,-1.,-0.));
#3121 = ORIENTED_EDGE('',*,*,#3122,.T.);
#3122 = EDGE_CURVE('',#3115,#3093,#3123,.T.);
#3123 = CIRCLE('',#3124,2.E-02);
#3124 = AXIS2_PLACEMENT_3D('',#3125,#3126,#3127);
#3125 = CARTESIAN_POINT('',(0.131554445662,-1.E-01,0.140358983849));
#3126 = DIRECTION('',(0.,-1.,0.));
#3127 = DIRECTION('',(0.,0.,1.));
#3128 = ORIENTED_EDGE('',*,*,#3100,.T.);
#3129 = ORIENTED_EDGE('',*,*,#2097,.F.);
#3130 = CYLINDRICAL_SURFACE('',#3131,2.E-02);
#3131 = AXIS2_PLACEMENT_3D('',#3132,#3133,#3134);
#3132 = CARTESIAN_POINT('',(0.131554445662,-1.E-01,0.140358983849));
#3133 = DIRECTION('',(-0.,-1.,-0.));
#3134 = DIRECTION('',(0.,0.,-1.));
#3135 = ADVANCED_FACE('',(#3136),#3147,.F.);
#3136 = FACE_BOUND('',#3137,.T.);
#3137 = EDGE_LOOP('',(#3138,#3139,#3140,#3146));
#3138 = ORIENTED_EDGE('',*,*,#2106,.T.);
#3139 = ORIENTED_EDGE('',*,*,#3114,.F.);
#3140 = ORIENTED_EDGE('',*,*,#3141,.F.);
#3141 = EDGE_CURVE('',#1510,#3115,#3142,.T.);
#3142 = LINE('',#3143,#3144);
#3143 = CARTESIAN_POINT('',(0.151554445662,-1.E-01,0.140358983849));
#3144 = VECTOR('',#3145,1.);
#3145 = DIRECTION('',(-0.,-0.,1.));
#3146 = ORIENTED_EDGE('',*,*,#1509,.T.);
#3147 = PLANE('',#3148);
#3148 = AXIS2_PLACEMENT_3D('',#3149,#3150,#3151);
#3149 = CARTESIAN_POINT('',(0.151554445662,-1.E-01,0.140358983849));
#3150 = DIRECTION('',(1.,-0.,0.));
#3151 = DIRECTION('',(0.,0.,-1.));
#3152 = ADVANCED_FACE('',(#3153),#3162,.T.);
#3153 = FACE_BOUND('',#3154,.T.);
#3154 = EDGE_LOOP('',(#3155,#3156,#3157,#3158,#3159,#3160,#3161));
#3155 = ORIENTED_EDGE('',*,*,#3025,.T.);
#3156 = ORIENTED_EDGE('',*,*,#1536,.T.);
#3157 = ORIENTED_EDGE('',*,*,#3141,.T.);
#3158 = ORIENTED_EDGE('',*,*,#3122,.T.);
#3159 = ORIENTED_EDGE('',*,*,#3092,.T.);
#3160 = ORIENTED_EDGE('',*,*,#3073,.T.);
#3161 = ORIENTED_EDGE('',*,*,#3043,.T.);
#3162 = PLANE('',#3163);
#3163 = AXIS2_PLACEMENT_3D('',#3164,#3165,#3166);
#3164 = CARTESIAN_POINT('',(0.131554445662,-1.E-01,-0.140358983849));
#3165 = DIRECTION('',(0.,-1.,0.));
#3166 = DIRECTION('',(0.,-0.,-1.));
#3167 = ADVANCED_FACE('',(#3168),#3180,.T.);
#3168 = FACE_BOUND('',#3169,.T.);
#3169 = EDGE_LOOP('',(#3170,#3171,#3172,#3179));
#3170 = ORIENTED_EDGE('',*,*,#2818,.F.);
#3171 = ORIENTED_EDGE('',*,*,#2260,.F.);
#3172 = ORIENTED_EDGE('',*,*,#3173,.F.);
#3173 = EDGE_CURVE('',#2298,#2253,#3174,.T.);
#3174 = CIRCLE('',#3175,4.E-02);
#3175 = AXIS2_PLACEMENT_3D('',#3176,#3177,#3178);
#3176 = CARTESIAN_POINT('',(-0.641078305618,0.51,0.566078305618));
#3177 = DIRECTION('',(5.226442768871E-02,0.997264688634,
    -5.226442768871E-02));
#3178 = DIRECTION('',(8.23993651089E-18,5.233595624294E-02,
    0.998629534755));
#3179 = ORIENTED_EDGE('',*,*,#2297,.F.);
#3180 = CYLINDRICAL_SURFACE('',#3181,4.E-02);
#3181 = AXIS2_PLACEMENT_3D('',#3182,#3183,#3184);
#3182 = CARTESIAN_POINT('',(-0.656339733123,0.218794615736,
    0.581339733123));
#3183 = DIRECTION('',(-5.226442768871E-02,-0.997264688634,
    5.226442768871E-02));
#3184 = DIRECTION('',(0.998629534755,-5.233595624294E-02,
    -8.23993651089E-18));
#3185 = ADVANCED_FACE('',(#3186),#3191,.T.);
#3186 = FACE_BOUND('',#3187,.T.);
#3187 = EDGE_LOOP('',(#3188,#3189,#3190));
#3188 = ORIENTED_EDGE('',*,*,#3173,.T.);
#3189 = ORIENTED_EDGE('',*,*,#2408,.F.);
#3190 = ORIENTED_EDGE('',*,*,#2456,.F.);
#3191 = SPHERICAL_SURFACE('',#3192,4.E-02);
#3192 = AXIS2_PLACEMENT_3D('',#3193,#3194,#3195);
#3193 = CARTESIAN_POINT('',(-0.641078305618,0.51,0.566078305618));
#3194 = DIRECTION('',(0.,1.,0.));
#3195 = DIRECTION('',(1.,0.,0.));
#3196 = ADVANCED_FACE('',(#3197),#3209,.T.);
#3197 = FACE_BOUND('',#3198,.T.);
#3198 = EDGE_LOOP('',(#3199,#3200,#3201,#3208));
#3199 = ORIENTED_EDGE('',*,*,#2698,.F.);
#3200 = ORIENTED_EDGE('',*,*,#2313,.F.);
#3201 = ORIENTED_EDGE('',*,*,#3202,.F.);
#3202 = EDGE_CURVE('',#2182,#2306,#3203,.T.);
#3203 = CIRCLE('',#3204,4.E-02);
#3204 = AXIS2_PLACEMENT_3D('',#3205,#3206,#3207);
#3205 = CARTESIAN_POINT('',(-0.641078305618,0.51,-0.566078305618));
#3206 = DIRECTION('',(5.226442768871E-02,0.997264688634,
    5.226442768871E-02));
#3207 = DIRECTION('',(-4.336808689942E-19,-5.233595624294E-02,
    0.998629534755));
#3208 = ORIENTED_EDGE('',*,*,#2181,.F.);
#3209 = CYLINDRICAL_SURFACE('',#3210,4.E-02);
#3210 = AXIS2_PLACEMENT_3D('',#3211,#3212,#3213);
#3211 = CARTESIAN_POINT('',(-0.660163931685,0.145824560248,
    -0.585163931685));
#3212 = DIRECTION('',(-5.226442768871E-02,-0.997264688634,
    -5.226442768871E-02));
#3213 = DIRECTION('',(0.998629534755,-5.233595624294E-02,
    8.23993651089E-18));
#3214 = ADVANCED_FACE('',(#3215),#3220,.T.);
#3215 = FACE_BOUND('',#3216,.T.);
#3216 = EDGE_LOOP('',(#3217,#3218,#3219));
#3217 = ORIENTED_EDGE('',*,*,#2464,.F.);
#3218 = ORIENTED_EDGE('',*,*,#2432,.F.);
#3219 = ORIENTED_EDGE('',*,*,#3202,.T.);
#3220 = SPHERICAL_SURFACE('',#3221,4.E-02);
#3221 = AXIS2_PLACEMENT_3D('',#3222,#3223,#3224);
#3222 = CARTESIAN_POINT('',(-0.641078305618,0.51,-0.566078305618));
#3223 = DIRECTION('',(0.,1.,0.));
#3224 = DIRECTION('',(1.,0.,0.));
#3225 = ADVANCED_FACE('',(#3226),#3238,.T.);
#3226 = FACE_BOUND('',#3227,.T.);
#3227 = EDGE_LOOP('',(#3228,#3229,#3230,#3237));
#3228 = ORIENTED_EDGE('',*,*,#1585,.F.);
#3229 = ORIENTED_EDGE('',*,*,#2197,.F.);
#3230 = ORIENTED_EDGE('',*,*,#3231,.F.);
#3231 = EDGE_CURVE('',#2214,#2190,#3232,.T.);
#3232 = CIRCLE('',#3233,4.E-02);
#3233 = AXIS2_PLACEMENT_3D('',#3234,#3235,#3236);
#3234 = CARTESIAN_POINT('',(0.641078305618,0.51,-0.566078305618));
#3235 = DIRECTION('',(-5.226442768871E-02,0.997264688634,
    5.226442768871E-02));
#3236 = DIRECTION('',(4.336808689942E-19,-5.233595624294E-02,
    0.998629534755));
#3237 = ORIENTED_EDGE('',*,*,#2213,.F.);
#3238 = CYLINDRICAL_SURFACE('',#3239,4.E-02);
#3239 = AXIS2_PLACEMENT_3D('',#3240,#3241,#3242);
#3240 = CARTESIAN_POINT('',(0.660163931685,0.145824560248,
    -0.585163931685));
#3241 = DIRECTION('',(5.226442768871E-02,-0.997264688634,
    -5.226442768871E-02));
#3242 = DIRECTION('',(0.998629534755,5.233595624294E-02,
    -8.23993651089E-18));
#3243 = ADVANCED_FACE('',(#3244),#3249,.T.);
#3244 = FACE_BOUND('',#3245,.T.);
#3245 = EDGE_LOOP('',(#3246,#3247,#3248));
#3246 = ORIENTED_EDGE('',*,*,#2440,.F.);
#3247 = ORIENTED_EDGE('',*,*,#2384,.F.);
#3248 = ORIENTED_EDGE('',*,*,#3231,.T.);
#3249 = SPHERICAL_SURFACE('',#3250,4.E-02);
#3250 = AXIS2_PLACEMENT_3D('',#3251,#3252,#3253);
#3251 = CARTESIAN_POINT('',(0.641078305618,0.51,-0.566078305618));
#3252 = DIRECTION('',(0.,1.,0.));
#3253 = DIRECTION('',(1.,0.,0.));
#3254 = ADVANCED_FACE('',(#3255),#3267,.T.);
#3255 = FACE_BOUND('',#3256,.T.);
#3256 = EDGE_LOOP('',(#3257,#3258,#3259,#3266));
#3257 = ORIENTED_EDGE('',*,*,#1836,.F.);
#3258 = ORIENTED_EDGE('',*,*,#2229,.F.);
#3259 = ORIENTED_EDGE('',*,*,#3260,.F.);
#3260 = EDGE_CURVE('',#2251,#2222,#3261,.T.);
#3261 = CIRCLE('',#3262,4.E-02);
#3262 = AXIS2_PLACEMENT_3D('',#3263,#3264,#3265);
#3263 = CARTESIAN_POINT('',(0.641078305618,0.51,0.566078305618));
#3264 = DIRECTION('',(-5.226442768871E-02,0.997264688634,
    -5.226442768871E-02));
#3265 = DIRECTION('',(-0.998629534755,-5.233595624294E-02,
    1.47451495458E-17));
#3266 = ORIENTED_EDGE('',*,*,#2275,.F.);
#3267 = CYLINDRICAL_SURFACE('',#3268,4.E-02);
#3268 = AXIS2_PLACEMENT_3D('',#3269,#3270,#3271);
#3269 = CARTESIAN_POINT('',(0.656749468683,0.210976395506,0.581749468683
    ));
#3270 = DIRECTION('',(5.226442768871E-02,-0.997264688634,
    5.226442768871E-02));
#3271 = DIRECTION('',(0.998629534755,5.233595624294E-02,
    8.23993651089E-18));
#3272 = ADVANCED_FACE('',(#3273),#3278,.T.);
#3273 = FACE_BOUND('',#3274,.T.);
#3274 = EDGE_LOOP('',(#3275,#3276,#3277));
#3275 = ORIENTED_EDGE('',*,*,#3260,.T.);
#3276 = ORIENTED_EDGE('',*,*,#2392,.F.);
#3277 = ORIENTED_EDGE('',*,*,#2416,.F.);
#3278 = SPHERICAL_SURFACE('',#3279,4.E-02);
#3279 = AXIS2_PLACEMENT_3D('',#3280,#3281,#3282);
#3280 = CARTESIAN_POINT('',(0.641078305618,0.51,0.566078305618));
#3281 = DIRECTION('',(0.,1.,0.));
#3282 = DIRECTION('',(1.,0.,0.));
#3283 = MANIFOLD_SOLID_BREP('',#3284);
#3284 = CLOSED_SHELL('',(#3285,#3327,#3369,#3400,#3424,#3455,#3488,#3510
    ,#3525));
#3285 = ADVANCED_FACE('',(#3286),#3322,.T.);
#3286 = FACE_BOUND('',#3287,.T.);
#3287 = EDGE_LOOP('',(#3288,#3299,#3307,#3316));
#3288 = ORIENTED_EDGE('',*,*,#3289,.F.);
#3289 = EDGE_CURVE('',#3290,#3292,#3294,.T.);
#3290 = VERTEX_POINT('',#3291);
#3291 = CARTESIAN_POINT('',(0.131554445662,-0.15,0.160358983849));
#3292 = VERTEX_POINT('',#3293);
#3293 = CARTESIAN_POINT('',(0.121554445662,-0.15,0.157679491924));
#3294 = CIRCLE('',#3295,2.E-02);
#3295 = AXIS2_PLACEMENT_3D('',#3296,#3297,#3298);
#3296 = CARTESIAN_POINT('',(0.131554445662,-0.15,0.140358983849));
#3297 = DIRECTION('',(0.,-1.,0.));
#3298 = DIRECTION('',(0.,0.,-1.));
#3299 = ORIENTED_EDGE('',*,*,#3300,.T.);
#3300 = EDGE_CURVE('',#3290,#3301,#3303,.T.);
#3301 = VERTEX_POINT('',#3302);
#3302 = CARTESIAN_POINT('',(0.131554445662,-1.E-01,0.160358983849));
#3303 = LINE('',#3304,#3305);
#3304 = CARTESIAN_POINT('',(0.131554445662,-0.57779745108,0.160358983849
    ));
#3305 = VECTOR('',#3306,1.);
#3306 = DIRECTION('',(-0.,1.,-0.));
#3307 = ORIENTED_EDGE('',*,*,#3308,.T.);
#3308 = EDGE_CURVE('',#3301,#3309,#3311,.T.);
#3309 = VERTEX_POINT('',#3310);
#3310 = CARTESIAN_POINT('',(0.121554445662,-1.E-01,0.157679491924));
#3311 = CIRCLE('',#3312,2.E-02);
#3312 = AXIS2_PLACEMENT_3D('',#3313,#3314,#3315);
#3313 = CARTESIAN_POINT('',(0.131554445662,-1.E-01,0.140358983849));
#3314 = DIRECTION('',(0.,-1.,0.));
#3315 = DIRECTION('',(0.,0.,-1.));
#3316 = ORIENTED_EDGE('',*,*,#3317,.F.);
#3317 = EDGE_CURVE('',#3292,#3309,#3318,.T.);
#3318 = LINE('',#3319,#3320);
#3319 = CARTESIAN_POINT('',(0.121554445662,-0.57779745108,0.157679491924
    ));
#3320 = VECTOR('',#3321,1.);
#3321 = DIRECTION('',(-0.,1.,-0.));
#3322 = CYLINDRICAL_SURFACE('',#3323,2.E-02);
#3323 = AXIS2_PLACEMENT_3D('',#3324,#3325,#3326);
#3324 = CARTESIAN_POINT('',(0.131554445662,-0.57779745108,0.140358983849
    ));
#3325 = DIRECTION('',(-0.,1.,-0.));
#3326 = DIRECTION('',(0.,0.,1.));
#3327 = ADVANCED_FACE('',(#3328),#3364,.T.);
#3328 = FACE_BOUND('',#3329,.T.);
#3329 = EDGE_LOOP('',(#3330,#3341,#3349,#3358));
#3330 = ORIENTED_EDGE('',*,*,#3331,.F.);
#3331 = EDGE_CURVE('',#3332,#3334,#3336,.T.);
#3332 = VERTEX_POINT('',#3333);
#3333 = CARTESIAN_POINT('',(0.121554445662,-0.15,-0.157679491924));
#3334 = VERTEX_POINT('',#3335);
#3335 = CARTESIAN_POINT('',(0.151554445662,-0.15,-0.140358983849));
#3336 = CIRCLE('',#3337,2.E-02);
#3337 = AXIS2_PLACEMENT_3D('',#3338,#3339,#3340);
#3338 = CARTESIAN_POINT('',(0.131554445662,-0.15,-0.140358983849));
#3339 = DIRECTION('',(0.,-1.,0.));
#3340 = DIRECTION('',(0.,0.,-1.));
#3341 = ORIENTED_EDGE('',*,*,#3342,.T.);
#3342 = EDGE_CURVE('',#3332,#3343,#3345,.T.);
#3343 = VERTEX_POINT('',#3344);
#3344 = CARTESIAN_POINT('',(0.121554445662,-1.E-01,-0.157679491924));
#3345 = LINE('',#3346,#3347);
#3346 = CARTESIAN_POINT('',(0.121554445662,-0.57779745108,
    -0.157679491924));
#3347 = VECTOR('',#3348,1.);
#3348 = DIRECTION('',(-0.,1.,-0.));
#3349 = ORIENTED_EDGE('',*,*,#3350,.T.);
#3350 = EDGE_CURVE('',#3343,#3351,#3353,.T.);
#3351 = VERTEX_POINT('',#3352);
#3352 = CARTESIAN_POINT('',(0.151554445662,-1.E-01,-0.140358983849));
#3353 = CIRCLE('',#3354,2.E-02);
#3354 = AXIS2_PLACEMENT_3D('',#3355,#3356,#3357);
#3355 = CARTESIAN_POINT('',(0.131554445662,-1.E-01,-0.140358983849));
#3356 = DIRECTION('',(0.,-1.,0.));
#3357 = DIRECTION('',(0.,0.,-1.));
#3358 = ORIENTED_EDGE('',*,*,#3359,.F.);
#3359 = EDGE_CURVE('',#3334,#3351,#3360,.T.);
#3360 = LINE('',#3361,#3362);
#3361 = CARTESIAN_POINT('',(0.151554445662,-0.57779745108,
    -0.140358983849));
#3362 = VECTOR('',#3363,1.);
#3363 = DIRECTION('',(-0.,1.,-0.));
#3364 = CYLINDRICAL_SURFACE('',#3365,2.E-02);
#3365 = AXIS2_PLACEMENT_3D('',#3366,#3367,#3368);
#3366 = CARTESIAN_POINT('',(0.131554445662,-0.57779745108,
    -0.140358983849));
#3367 = DIRECTION('',(-0.,1.,-0.));
#3368 = DIRECTION('',(0.,0.,1.));
#3369 = ADVANCED_FACE('',(#3370),#3395,.F.);
#3370 = FACE_BOUND('',#3371,.T.);
#3371 = EDGE_LOOP('',(#3372,#3380,#3381,#3389));
#3372 = ORIENTED_EDGE('',*,*,#3373,.F.);
#3373 = EDGE_CURVE('',#3334,#3374,#3376,.T.);
#3374 = VERTEX_POINT('',#3375);
#3375 = CARTESIAN_POINT('',(0.151554445662,-0.15,0.140358983849));
#3376 = LINE('',#3377,#3378);
#3377 = CARTESIAN_POINT('',(0.151554445662,-0.15,-0.140358983849));
#3378 = VECTOR('',#3379,1.);
#3379 = DIRECTION('',(0.,0.,1.));
#3380 = ORIENTED_EDGE('',*,*,#3359,.T.);
#3381 = ORIENTED_EDGE('',*,*,#3382,.T.);
#3382 = EDGE_CURVE('',#3351,#3383,#3385,.T.);
#3383 = VERTEX_POINT('',#3384);
#3384 = CARTESIAN_POINT('',(0.151554445662,-1.E-01,0.140358983849));
#3385 = LINE('',#3386,#3387);
#3386 = CARTESIAN_POINT('',(0.151554445662,-1.E-01,-0.140358983849));
#3387 = VECTOR('',#3388,1.);
#3388 = DIRECTION('',(0.,0.,1.));
#3389 = ORIENTED_EDGE('',*,*,#3390,.F.);
#3390 = EDGE_CURVE('',#3374,#3383,#3391,.T.);
#3391 = LINE('',#3392,#3393);
#3392 = CARTESIAN_POINT('',(0.151554445662,-0.57779745108,0.140358983849
    ));
#3393 = VECTOR('',#3394,1.);
#3394 = DIRECTION('',(-0.,1.,-0.));
#3395 = PLANE('',#3396);
#3396 = AXIS2_PLACEMENT_3D('',#3397,#3398,#3399);
#3397 = CARTESIAN_POINT('',(0.151554445662,-0.57779745108,
    -0.140358983849));
#3398 = DIRECTION('',(-1.,0.,0.));
#3399 = DIRECTION('',(0.,0.,1.));
#3400 = ADVANCED_FACE('',(#3401),#3419,.T.);
#3401 = FACE_BOUND('',#3402,.T.);
#3402 = EDGE_LOOP('',(#3403,#3404,#3411,#3412));
#3403 = ORIENTED_EDGE('',*,*,#3300,.F.);
#3404 = ORIENTED_EDGE('',*,*,#3405,.F.);
#3405 = EDGE_CURVE('',#3374,#3290,#3406,.T.);
#3406 = CIRCLE('',#3407,2.E-02);
#3407 = AXIS2_PLACEMENT_3D('',#3408,#3409,#3410);
#3408 = CARTESIAN_POINT('',(0.131554445662,-0.15,0.140358983849));
#3409 = DIRECTION('',(0.,-1.,0.));
#3410 = DIRECTION('',(0.,0.,-1.));
#3411 = ORIENTED_EDGE('',*,*,#3390,.T.);
#3412 = ORIENTED_EDGE('',*,*,#3413,.T.);
#3413 = EDGE_CURVE('',#3383,#3301,#3414,.T.);
#3414 = CIRCLE('',#3415,2.E-02);
#3415 = AXIS2_PLACEMENT_3D('',#3416,#3417,#3418);
#3416 = CARTESIAN_POINT('',(0.131554445662,-1.E-01,0.140358983849));
#3417 = DIRECTION('',(0.,-1.,0.));
#3418 = DIRECTION('',(0.,0.,-1.));
#3419 = CYLINDRICAL_SURFACE('',#3420,2.E-02);
#3420 = AXIS2_PLACEMENT_3D('',#3421,#3422,#3423);
#3421 = CARTESIAN_POINT('',(0.131554445662,-0.57779745108,0.140358983849
    ));
#3422 = DIRECTION('',(-0.,1.,-0.));
#3423 = DIRECTION('',(0.,0.,1.));
#3424 = ADVANCED_FACE('',(#3425),#3450,.F.);
#3425 = FACE_BOUND('',#3426,.T.);
#3426 = EDGE_LOOP('',(#3427,#3435,#3436,#3444));
#3427 = ORIENTED_EDGE('',*,*,#3428,.F.);
#3428 = EDGE_CURVE('',#3292,#3429,#3431,.T.);
#3429 = VERTEX_POINT('',#3430);
#3430 = CARTESIAN_POINT('',(-0.121554445662,-0.15,1.732050807569E-02));
#3431 = LINE('',#3432,#3433);
#3432 = CARTESIAN_POINT('',(0.121554445662,-0.15,0.157679491924));
#3433 = VECTOR('',#3434,1.);
#3434 = DIRECTION('',(-0.866025403784,0.,-0.5));
#3435 = ORIENTED_EDGE('',*,*,#3317,.T.);
#3436 = ORIENTED_EDGE('',*,*,#3437,.T.);
#3437 = EDGE_CURVE('',#3309,#3438,#3440,.T.);
#3438 = VERTEX_POINT('',#3439);
#3439 = CARTESIAN_POINT('',(-0.121554445662,-1.E-01,1.732050807569E-02)
  );
#3440 = LINE('',#3441,#3442);
#3441 = CARTESIAN_POINT('',(0.121554445662,-1.E-01,0.157679491924));
#3442 = VECTOR('',#3443,1.);
#3443 = DIRECTION('',(-0.866025403784,0.,-0.5));
#3444 = ORIENTED_EDGE('',*,*,#3445,.F.);
#3445 = EDGE_CURVE('',#3429,#3438,#3446,.T.);
#3446 = LINE('',#3447,#3448);
#3447 = CARTESIAN_POINT('',(-0.121554445662,-0.57779745108,
    1.732050807569E-02));
#3448 = VECTOR('',#3449,1.);
#3449 = DIRECTION('',(-0.,1.,-0.));
#3450 = PLANE('',#3451);
#3451 = AXIS2_PLACEMENT_3D('',#3452,#3453,#3454);
#3452 = CARTESIAN_POINT('',(0.121554445662,-0.57779745108,0.157679491924
    ));
#3453 = DIRECTION('',(0.5,0.,-0.866025403784));
#3454 = DIRECTION('',(-0.866025403784,0.,-0.5));
#3455 = ADVANCED_FACE('',(#3456),#3483,.T.);
#3456 = FACE_BOUND('',#3457,.T.);
#3457 = EDGE_LOOP('',(#3458,#3467,#3468,#3477));
#3458 = ORIENTED_EDGE('',*,*,#3459,.F.);
#3459 = EDGE_CURVE('',#3429,#3460,#3462,.T.);
#3460 = VERTEX_POINT('',#3461);
#3461 = CARTESIAN_POINT('',(-0.121554445662,-0.15,-1.732050807569E-02));
#3462 = CIRCLE('',#3463,2.E-02);
#3463 = AXIS2_PLACEMENT_3D('',#3464,#3465,#3466);
#3464 = CARTESIAN_POINT('',(-0.111554445662,-0.15,-2.710505439398E-17));
#3465 = DIRECTION('',(0.,-1.,0.));
#3466 = DIRECTION('',(0.,0.,-1.));
#3467 = ORIENTED_EDGE('',*,*,#3445,.T.);
#3468 = ORIENTED_EDGE('',*,*,#3469,.T.);
#3469 = EDGE_CURVE('',#3438,#3470,#3472,.T.);
#3470 = VERTEX_POINT('',#3471);
#3471 = CARTESIAN_POINT('',(-0.121554445662,-1.E-01,-1.732050807569E-02)
  );
#3472 = CIRCLE('',#3473,2.E-02);
#3473 = AXIS2_PLACEMENT_3D('',#3474,#3475,#3476);
#3474 = CARTESIAN_POINT('',(-0.111554445662,-1.E-01,-2.710505439398E-17)
  );
#3475 = DIRECTION('',(0.,-1.,0.));
#3476 = DIRECTION('',(0.,0.,-1.));
#3477 = ORIENTED_EDGE('',*,*,#3478,.F.);
#3478 = EDGE_CURVE('',#3460,#3470,#3479,.T.);
#3479 = LINE('',#3480,#3481);
#3480 = CARTESIAN_POINT('',(-0.121554445662,-0.57779745108,
    -1.732050807569E-02));
#3481 = VECTOR('',#3482,1.);
#3482 = DIRECTION('',(-0.,1.,-0.));
#3483 = CYLINDRICAL_SURFACE('',#3484,2.E-02);
#3484 = AXIS2_PLACEMENT_3D('',#3485,#3486,#3487);
#3485 = CARTESIAN_POINT('',(-0.111554445662,-0.57779745108,
    -2.710505439398E-17));
#3486 = DIRECTION('',(-0.,1.,-0.));
#3487 = DIRECTION('',(0.,0.,1.));
#3488 = ADVANCED_FACE('',(#3489),#3505,.F.);
#3489 = FACE_BOUND('',#3490,.T.);
#3490 = EDGE_LOOP('',(#3491,#3497,#3498,#3504));
#3491 = ORIENTED_EDGE('',*,*,#3492,.F.);
#3492 = EDGE_CURVE('',#3460,#3332,#3493,.T.);
#3493 = LINE('',#3494,#3495);
#3494 = CARTESIAN_POINT('',(-0.121554445662,-0.15,-1.732050807569E-02));
#3495 = VECTOR('',#3496,1.);
#3496 = DIRECTION('',(0.866025403784,0.,-0.5));
#3497 = ORIENTED_EDGE('',*,*,#3478,.T.);
#3498 = ORIENTED_EDGE('',*,*,#3499,.T.);
#3499 = EDGE_CURVE('',#3470,#3343,#3500,.T.);
#3500 = LINE('',#3501,#3502);
#3501 = CARTESIAN_POINT('',(-0.121554445662,-1.E-01,-1.732050807569E-02)
  );
#3502 = VECTOR('',#3503,1.);
#3503 = DIRECTION('',(0.866025403784,0.,-0.5));
#3504 = ORIENTED_EDGE('',*,*,#3342,.F.);
#3505 = PLANE('',#3506);
#3506 = AXIS2_PLACEMENT_3D('',#3507,#3508,#3509);
#3507 = CARTESIAN_POINT('',(-0.121554445662,-0.57779745108,
    -1.732050807569E-02));
#3508 = DIRECTION('',(0.5,0.,0.866025403784));
#3509 = DIRECTION('',(0.866025403784,0.,-0.5));
#3510 = ADVANCED_FACE('',(#3511),#3520,.F.);
#3511 = FACE_BOUND('',#3512,.T.);
#3512 = EDGE_LOOP('',(#3513,#3514,#3515,#3516,#3517,#3518,#3519));
#3513 = ORIENTED_EDGE('',*,*,#3350,.F.);
#3514 = ORIENTED_EDGE('',*,*,#3499,.F.);
#3515 = ORIENTED_EDGE('',*,*,#3469,.F.);
#3516 = ORIENTED_EDGE('',*,*,#3437,.F.);
#3517 = ORIENTED_EDGE('',*,*,#3308,.F.);
#3518 = ORIENTED_EDGE('',*,*,#3413,.F.);
#3519 = ORIENTED_EDGE('',*,*,#3382,.F.);
#3520 = PLANE('',#3521);
#3521 = AXIS2_PLACEMENT_3D('',#3522,#3523,#3524);
#3522 = CARTESIAN_POINT('',(0.131554445662,-1.E-01,-0.140358983849));
#3523 = DIRECTION('',(0.,-1.,0.));
#3524 = DIRECTION('',(0.,-0.,-1.));
#3525 = ADVANCED_FACE('',(#3526),#3535,.T.);
#3526 = FACE_BOUND('',#3527,.T.);
#3527 = EDGE_LOOP('',(#3528,#3529,#3530,#3531,#3532,#3533,#3534));
#3528 = ORIENTED_EDGE('',*,*,#3492,.T.);
#3529 = ORIENTED_EDGE('',*,*,#3331,.T.);
#3530 = ORIENTED_EDGE('',*,*,#3373,.T.);
#3531 = ORIENTED_EDGE('',*,*,#3405,.T.);
#3532 = ORIENTED_EDGE('',*,*,#3289,.T.);
#3533 = ORIENTED_EDGE('',*,*,#3428,.T.);
#3534 = ORIENTED_EDGE('',*,*,#3459,.T.);
#3535 = PLANE('',#3536);
#3536 = AXIS2_PLACEMENT_3D('',#3537,#3538,#3539);
#3537 = CARTESIAN_POINT('',(0.,-0.15,0.));
#3538 = DIRECTION('',(0.,-1.,0.));
#3539 = DIRECTION('',(0.,-0.,-1.));
#3540 = ( GEOMETRIC_REPRESENTATION_CONTEXT(3) 
GLOBAL_UNCERTAINTY_ASSIGNED_CONTEXT((#3544)) 
GLOBAL_UNIT_ASSIGNED_CONTEXT((#3541,#3542,#3543)) REPRESENTATION_CONTEXT
('Context #1','3D Context with UNIT and UNCERTAINTY') );
#3541 = ( LENGTH_UNIT() NAMED_UNIT(*) SI_UNIT(.MILLI.,.METRE.) );
#3542 = ( NAMED_UNIT(*) PLANE_ANGLE_UNIT() SI_UNIT($,.RADIAN.) );
#3543 = ( NAMED_UNIT(*) SI_UNIT($,.STERADIAN.) SOLID_ANGLE_UNIT() );
#3544 = UNCERTAINTY_MEASURE_WITH_UNIT(LENGTH_MEASURE(1.E-07),#3541,
  'distance_accuracy_value','confusion accuracy');
#3545 = SHAPE_DEFINITION_REPRESENTATION(#3546,#410);
#3546 = PRODUCT_DEFINITION_SHAPE('','',#3547);
#3547 = PRODUCT_DEFINITION('design','',#3548,#3551);
#3548 = PRODUCT_DEFINITION_FORMATION('','',#3549);
#3549 = PRODUCT('150080RS75000','150080RS75000','',(#3550));
#3550 = PRODUCT_CONTEXT('',#2,'mechanical');
#3551 = PRODUCT_DEFINITION_CONTEXT('part definition',#2,'design');
#3552 = CONTEXT_DEPENDENT_SHAPE_REPRESENTATION(#3553,#3555);
#3553 = ( REPRESENTATION_RELATIONSHIP('','',#410,#400) 
REPRESENTATION_RELATIONSHIP_WITH_TRANSFORMATION(#3554) 
SHAPE_REPRESENTATION_RELATIONSHIP() );
#3554 = ITEM_DEFINED_TRANSFORMATION('','',#11,#401);
#3555 = PRODUCT_DEFINITION_SHAPE('Placement','Placement of an item',
  #3556);
#3556 = NEXT_ASSEMBLY_USAGE_OCCURRENCE('3','','',#395,#3547,$);
#3557 = PRODUCT_RELATED_PRODUCT_CATEGORY('part',$,(#3549));
#3558 = CONTEXT_DEPENDENT_SHAPE_REPRESENTATION(#3559,#3561);
#3559 = ( REPRESENTATION_RELATIONSHIP('','',#400,#10) 
REPRESENTATION_RELATIONSHIP_WITH_TRANSFORMATION(#3560) 
SHAPE_REPRESENTATION_RELATIONSHIP() );
#3560 = ITEM_DEFINED_TRANSFORMATION('','',#11,#19);
#3561 = PRODUCT_DEFINITION_SHAPE('Placement','Placement of an item',
  #3562);
#3562 = NEXT_ASSEMBLY_USAGE_OCCURRENCE('4','','',#5,#395,$);
#3563 = PRODUCT_RELATED_PRODUCT_CATEGORY('part',$,(#397));
#3564 = SHAPE_DEFINITION_REPRESENTATION(#3565,#3571);
#3565 = PRODUCT_DEFINITION_SHAPE('','',#3566);
#3566 = PRODUCT_DEFINITION('design','',#3567,#3570);
#3567 = PRODUCT_DEFINITION_FORMATION('','',#3568);
#3568 = PRODUCT('D1','D1','',(#3569));
#3569 = PRODUCT_CONTEXT('',#2,'mechanical');
#3570 = PRODUCT_DEFINITION_CONTEXT('part definition',#2,'design');
#3571 = SHAPE_REPRESENTATION('',(#11,#3572),#3576);
#3572 = AXIS2_PLACEMENT_3D('',#3573,#3574,#3575);
#3573 = CARTESIAN_POINT('',(45.719102478027,82.677407836914,
    0.149999633431));
#3574 = DIRECTION('',(1.748455531469E-07,-1.,-4.371140912996E-08));
#3575 = DIRECTION('',(1.,1.748455531469E-07,-1.262072989224E-30));
#3576 = ( GEOMETRIC_REPRESENTATION_CONTEXT(3) 
GLOBAL_UNCERTAINTY_ASSIGNED_CONTEXT((#3580)) 
GLOBAL_UNIT_ASSIGNED_CONTEXT((#3577,#3578,#3579)) REPRESENTATION_CONTEXT
('Context #1','3D Context with UNIT and UNCERTAINTY') );
#3577 = ( LENGTH_UNIT() NAMED_UNIT(*) SI_UNIT(.MILLI.,.METRE.) );
#3578 = ( NAMED_UNIT(*) PLANE_ANGLE_UNIT() SI_UNIT($,.RADIAN.) );
#3579 = ( NAMED_UNIT(*) SI_UNIT($,.STERADIAN.) SOLID_ANGLE_UNIT() );
#3580 = UNCERTAINTY_MEASURE_WITH_UNIT(LENGTH_MEASURE(1.E-07),#3577,
  'distance_accuracy_value','confusion accuracy');
#3581 = CONTEXT_DEPENDENT_SHAPE_REPRESENTATION(#3582,#3584);
#3582 = ( REPRESENTATION_RELATIONSHIP('','',#410,#3571) 
REPRESENTATION_RELATIONSHIP_WITH_TRANSFORMATION(#3583) 
SHAPE_REPRESENTATION_RELATIONSHIP() );
#3583 = ITEM_DEFINED_TRANSFORMATION('','',#11,#3572);
#3584 = PRODUCT_DEFINITION_SHAPE('Placement','Placement of an item',
  #3585);
#3585 = NEXT_ASSEMBLY_USAGE_OCCURRENCE('5','','',#3566,#3547,$);
#3586 = CONTEXT_DEPENDENT_SHAPE_REPRESENTATION(#3587,#3589);
#3587 = ( REPRESENTATION_RELATIONSHIP('','',#3571,#10) 
REPRESENTATION_RELATIONSHIP_WITH_TRANSFORMATION(#3588) 
SHAPE_REPRESENTATION_RELATIONSHIP() );
#3588 = ITEM_DEFINED_TRANSFORMATION('','',#11,#23);
#3589 = PRODUCT_DEFINITION_SHAPE('Placement','Placement of an item',
  #3590);
#3590 = NEXT_ASSEMBLY_USAGE_OCCURRENCE('6','','',#5,#3566,$);
#3591 = PRODUCT_RELATED_PRODUCT_CATEGORY('part',$,(#3568));
#3592 = SHAPE_DEFINITION_REPRESENTATION(#3593,#3599);
#3593 = PRODUCT_DEFINITION_SHAPE('','',#3594);
#3594 = PRODUCT_DEFINITION('design','',#3595,#3598);
#3595 = PRODUCT_DEFINITION_FORMATION('','',#3596);
#3596 = PRODUCT('NTC1','NTC1','',(#3597));
#3597 = PRODUCT_CONTEXT('',#2,'mechanical');
#3598 = PRODUCT_DEFINITION_CONTEXT('part definition',#2,'design');
#3599 = SHAPE_REPRESENTATION('',(#11,#3600),#3604);
#3600 = AXIS2_PLACEMENT_3D('',#3601,#3602,#3603);
#3601 = CARTESIAN_POINT('',(25.000001525879,76.088998413086,0.));
#3602 = DIRECTION('',(0.,0.,1.));
#3603 = DIRECTION('',(-4.371138828674E-08,1.,0.));
#3604 = ( GEOMETRIC_REPRESENTATION_CONTEXT(3) 
GLOBAL_UNCERTAINTY_ASSIGNED_CONTEXT((#3608)) 
GLOBAL_UNIT_ASSIGNED_CONTEXT((#3605,#3606,#3607)) REPRESENTATION_CONTEXT
('Context #1','3D Context with UNIT and UNCERTAINTY') );
#3605 = ( LENGTH_UNIT() NAMED_UNIT(*) SI_UNIT(.MILLI.,.METRE.) );
#3606 = ( NAMED_UNIT(*) PLANE_ANGLE_UNIT() SI_UNIT($,.RADIAN.) );
#3607 = ( NAMED_UNIT(*) SI_UNIT($,.STERADIAN.) SOLID_ANGLE_UNIT() );
#3608 = UNCERTAINTY_MEASURE_WITH_UNIT(LENGTH_MEASURE(1.E-07),#3605,
  'distance_accuracy_value','confusion accuracy');
#3609 = SHAPE_DEFINITION_REPRESENTATION(#3610,#3616);
#3610 = PRODUCT_DEFINITION_SHAPE('','',#3611);
#3611 = PRODUCT_DEFINITION('design','',#3612,#3615);
#3612 = PRODUCT_DEFINITION_FORMATION('','',#3613);
#3613 = PRODUCT('5112114640','5112114640','',(#3614));
#3614 = PRODUCT_CONTEXT('',#2,'mechanical');
#3615 = PRODUCT_DEFINITION_CONTEXT('part definition',#2,'design');
#3616 = SHAPE_REPRESENTATION('',(#11,#3617,#3621,#3625,#3629),#3633);
#3617 = AXIS2_PLACEMENT_3D('',#3618,#3619,#3620);
#3618 = CARTESIAN_POINT('',(-1.1,-0.7,0.));
#3619 = DIRECTION('',(0.,0.,1.));
#3620 = DIRECTION('',(1.,0.,0.));
#3621 = AXIS2_PLACEMENT_3D('',#3622,#3623,#3624);
#3622 = CARTESIAN_POINT('',(-1.1,-0.7,0.));
#3623 = DIRECTION('',(0.,0.,1.));
#3624 = DIRECTION('',(1.,0.,0.));
#3625 = AXIS2_PLACEMENT_3D('',#3626,#3627,#3628);
#3626 = CARTESIAN_POINT('',(1.1,0.7,0.));
#3627 = DIRECTION('',(0.,0.,1.));
#3628 = DIRECTION('',(-1.,1.224646799147E-16,0.));
#3629 = AXIS2_PLACEMENT_3D('',#3630,#3631,#3632);
#3630 = CARTESIAN_POINT('',(-0.575,-0.7,0.855));
#3631 = DIRECTION('',(0.,0.,1.));
#3632 = DIRECTION('',(1.,0.,0.));
#3633 = ( GEOMETRIC_REPRESENTATION_CONTEXT(3) 
GLOBAL_UNCERTAINTY_ASSIGNED_CONTEXT((#3637)) 
GLOBAL_UNIT_ASSIGNED_CONTEXT((#3634,#3635,#3636)) REPRESENTATION_CONTEXT
('Context #1','3D Context with UNIT and UNCERTAINTY') );
#3634 = ( LENGTH_UNIT() NAMED_UNIT(*) SI_UNIT(.MILLI.,.METRE.) );
#3635 = ( NAMED_UNIT(*) PLANE_ANGLE_UNIT() SI_UNIT($,.RADIAN.) );
#3636 = ( NAMED_UNIT(*) SI_UNIT($,.STERADIAN.) SOLID_ANGLE_UNIT() );
#3637 = UNCERTAINTY_MEASURE_WITH_UNIT(LENGTH_MEASURE(1.E-07),#3634,
  'distance_accuracy_value','confusion accuracy');
#3638 = ADVANCED_BREP_SHAPE_REPRESENTATION('',(#11,#3639),#3789);
#3639 = MANIFOLD_SOLID_BREP('',#3640);
#3640 = CLOSED_SHELL('',(#3641,#3681,#3721,#3743,#3765,#3777));
#3641 = ADVANCED_FACE('',(#3642),#3676,.F.);
#3642 = FACE_BOUND('',#3643,.F.);
#3643 = EDGE_LOOP('',(#3644,#3654,#3662,#3670));
#3644 = ORIENTED_EDGE('',*,*,#3645,.F.);
#3645 = EDGE_CURVE('',#3646,#3648,#3650,.T.);
#3646 = VERTEX_POINT('',#3647);
#3647 = CARTESIAN_POINT('',(9.5E-02,0.,9.5E-02));
#3648 = VERTEX_POINT('',#3649);
#3649 = CARTESIAN_POINT('',(9.5E-02,0.,0.855));
#3650 = LINE('',#3651,#3652);
#3651 = CARTESIAN_POINT('',(9.5E-02,0.,9.5E-02));
#3652 = VECTOR('',#3653,1.);
#3653 = DIRECTION('',(0.,0.,1.));
#3654 = ORIENTED_EDGE('',*,*,#3655,.T.);
#3655 = EDGE_CURVE('',#3646,#3656,#3658,.T.);
#3656 = VERTEX_POINT('',#3657);
#3657 = CARTESIAN_POINT('',(9.5E-02,1.4,9.5E-02));
#3658 = LINE('',#3659,#3660);
#3659 = CARTESIAN_POINT('',(9.5E-02,0.,9.5E-02));
#3660 = VECTOR('',#3661,1.);
#3661 = DIRECTION('',(-0.,1.,0.));
#3662 = ORIENTED_EDGE('',*,*,#3663,.T.);
#3663 = EDGE_CURVE('',#3656,#3664,#3666,.T.);
#3664 = VERTEX_POINT('',#3665);
#3665 = CARTESIAN_POINT('',(9.5E-02,1.4,0.855));
#3666 = LINE('',#3667,#3668);
#3667 = CARTESIAN_POINT('',(9.5E-02,1.4,9.5E-02));
#3668 = VECTOR('',#3669,1.);
#3669 = DIRECTION('',(0.,0.,1.));
#3670 = ORIENTED_EDGE('',*,*,#3671,.F.);
#3671 = EDGE_CURVE('',#3648,#3664,#3672,.T.);
#3672 = LINE('',#3673,#3674);
#3673 = CARTESIAN_POINT('',(9.5E-02,0.,0.855));
#3674 = VECTOR('',#3675,1.);
#3675 = DIRECTION('',(-0.,1.,0.));
#3676 = PLANE('',#3677);
#3677 = AXIS2_PLACEMENT_3D('',#3678,#3679,#3680);
#3678 = CARTESIAN_POINT('',(9.5E-02,0.,9.5E-02));
#3679 = DIRECTION('',(1.,0.,-0.));
#3680 = DIRECTION('',(0.,0.,1.));
#3681 = ADVANCED_FACE('',(#3682),#3716,.T.);
#3682 = FACE_BOUND('',#3683,.T.);
#3683 = EDGE_LOOP('',(#3684,#3694,#3702,#3710));
#3684 = ORIENTED_EDGE('',*,*,#3685,.F.);
#3685 = EDGE_CURVE('',#3686,#3688,#3690,.T.);
#3686 = VERTEX_POINT('',#3687);
#3687 = CARTESIAN_POINT('',(2.105,0.,9.5E-02));
#3688 = VERTEX_POINT('',#3689);
#3689 = CARTESIAN_POINT('',(2.105,0.,0.855));
#3690 = LINE('',#3691,#3692);
#3691 = CARTESIAN_POINT('',(2.105,0.,9.5E-02));
#3692 = VECTOR('',#3693,1.);
#3693 = DIRECTION('',(0.,0.,1.));
#3694 = ORIENTED_EDGE('',*,*,#3695,.T.);
#3695 = EDGE_CURVE('',#3686,#3696,#3698,.T.);
#3696 = VERTEX_POINT('',#3697);
#3697 = CARTESIAN_POINT('',(2.105,1.4,9.5E-02));
#3698 = LINE('',#3699,#3700);
#3699 = CARTESIAN_POINT('',(2.105,0.,9.5E-02));
#3700 = VECTOR('',#3701,1.);
#3701 = DIRECTION('',(-0.,1.,0.));
#3702 = ORIENTED_EDGE('',*,*,#3703,.T.);
#3703 = EDGE_CURVE('',#3696,#3704,#3706,.T.);
#3704 = VERTEX_POINT('',#3705);
#3705 = CARTESIAN_POINT('',(2.105,1.4,0.855));
#3706 = LINE('',#3707,#3708);
#3707 = CARTESIAN_POINT('',(2.105,1.4,9.5E-02));
#3708 = VECTOR('',#3709,1.);
#3709 = DIRECTION('',(0.,0.,1.));
#3710 = ORIENTED_EDGE('',*,*,#3711,.F.);
#3711 = EDGE_CURVE('',#3688,#3704,#3712,.T.);
#3712 = LINE('',#3713,#3714);
#3713 = CARTESIAN_POINT('',(2.105,0.,0.855));
#3714 = VECTOR('',#3715,1.);
#3715 = DIRECTION('',(-0.,1.,0.));
#3716 = PLANE('',#3717);
#3717 = AXIS2_PLACEMENT_3D('',#3718,#3719,#3720);
#3718 = CARTESIAN_POINT('',(2.105,0.,9.5E-02));
#3719 = DIRECTION('',(1.,0.,-0.));
#3720 = DIRECTION('',(0.,0.,1.));
#3721 = ADVANCED_FACE('',(#3722),#3738,.F.);
#3722 = FACE_BOUND('',#3723,.F.);
#3723 = EDGE_LOOP('',(#3724,#3730,#3731,#3737));
#3724 = ORIENTED_EDGE('',*,*,#3725,.F.);
#3725 = EDGE_CURVE('',#3646,#3686,#3726,.T.);
#3726 = LINE('',#3727,#3728);
#3727 = CARTESIAN_POINT('',(9.5E-02,0.,9.5E-02));
#3728 = VECTOR('',#3729,1.);
#3729 = DIRECTION('',(1.,0.,-0.));
#3730 = ORIENTED_EDGE('',*,*,#3645,.T.);
#3731 = ORIENTED_EDGE('',*,*,#3732,.T.);
#3732 = EDGE_CURVE('',#3648,#3688,#3733,.T.);
#3733 = LINE('',#3734,#3735);
#3734 = CARTESIAN_POINT('',(9.5E-02,0.,0.855));
#3735 = VECTOR('',#3736,1.);
#3736 = DIRECTION('',(1.,0.,-0.));
#3737 = ORIENTED_EDGE('',*,*,#3685,.F.);
#3738 = PLANE('',#3739);
#3739 = AXIS2_PLACEMENT_3D('',#3740,#3741,#3742);
#3740 = CARTESIAN_POINT('',(9.5E-02,0.,9.5E-02));
#3741 = DIRECTION('',(-0.,1.,0.));
#3742 = DIRECTION('',(0.,0.,1.));
#3743 = ADVANCED_FACE('',(#3744),#3760,.T.);
#3744 = FACE_BOUND('',#3745,.T.);
#3745 = EDGE_LOOP('',(#3746,#3752,#3753,#3759));
#3746 = ORIENTED_EDGE('',*,*,#3747,.F.);
#3747 = EDGE_CURVE('',#3656,#3696,#3748,.T.);
#3748 = LINE('',#3749,#3750);
#3749 = CARTESIAN_POINT('',(9.5E-02,1.4,9.5E-02));
#3750 = VECTOR('',#3751,1.);
#3751 = DIRECTION('',(1.,0.,-0.));
#3752 = ORIENTED_EDGE('',*,*,#3663,.T.);
#3753 = ORIENTED_EDGE('',*,*,#3754,.T.);
#3754 = EDGE_CURVE('',#3664,#3704,#3755,.T.);
#3755 = LINE('',#3756,#3757);
#3756 = CARTESIAN_POINT('',(9.5E-02,1.4,0.855));
#3757 = VECTOR('',#3758,1.);
#3758 = DIRECTION('',(1.,0.,-0.));
#3759 = ORIENTED_EDGE('',*,*,#3703,.F.);
#3760 = PLANE('',#3761);
#3761 = AXIS2_PLACEMENT_3D('',#3762,#3763,#3764);
#3762 = CARTESIAN_POINT('',(9.5E-02,1.4,9.5E-02));
#3763 = DIRECTION('',(-0.,1.,0.));
#3764 = DIRECTION('',(0.,0.,1.));
#3765 = ADVANCED_FACE('',(#3766),#3772,.F.);
#3766 = FACE_BOUND('',#3767,.F.);
#3767 = EDGE_LOOP('',(#3768,#3769,#3770,#3771));
#3768 = ORIENTED_EDGE('',*,*,#3655,.F.);
#3769 = ORIENTED_EDGE('',*,*,#3725,.T.);
#3770 = ORIENTED_EDGE('',*,*,#3695,.T.);
#3771 = ORIENTED_EDGE('',*,*,#3747,.F.);
#3772 = PLANE('',#3773);
#3773 = AXIS2_PLACEMENT_3D('',#3774,#3775,#3776);
#3774 = CARTESIAN_POINT('',(9.5E-02,0.,9.5E-02));
#3775 = DIRECTION('',(0.,0.,1.));
#3776 = DIRECTION('',(1.,0.,-0.));
#3777 = ADVANCED_FACE('',(#3778),#3784,.T.);
#3778 = FACE_BOUND('',#3779,.T.);
#3779 = EDGE_LOOP('',(#3780,#3781,#3782,#3783));
#3780 = ORIENTED_EDGE('',*,*,#3671,.F.);
#3781 = ORIENTED_EDGE('',*,*,#3732,.T.);
#3782 = ORIENTED_EDGE('',*,*,#3711,.T.);
#3783 = ORIENTED_EDGE('',*,*,#3754,.F.);
#3784 = PLANE('',#3785);
#3785 = AXIS2_PLACEMENT_3D('',#3786,#3787,#3788);
#3786 = CARTESIAN_POINT('',(9.5E-02,0.,0.855));
#3787 = DIRECTION('',(0.,0.,1.));
#3788 = DIRECTION('',(1.,0.,-0.));
#3789 = ( GEOMETRIC_REPRESENTATION_CONTEXT(3) 
GLOBAL_UNCERTAINTY_ASSIGNED_CONTEXT((#3793)) 
GLOBAL_UNIT_ASSIGNED_CONTEXT((#3790,#3791,#3792)) REPRESENTATION_CONTEXT
('Context #1','3D Context with UNIT and UNCERTAINTY') );
#3790 = ( LENGTH_UNIT() NAMED_UNIT(*) SI_UNIT(.MILLI.,.METRE.) );
#3791 = ( NAMED_UNIT(*) PLANE_ANGLE_UNIT() SI_UNIT($,.RADIAN.) );
#3792 = ( NAMED_UNIT(*) SI_UNIT($,.STERADIAN.) SOLID_ANGLE_UNIT() );
#3793 = UNCERTAINTY_MEASURE_WITH_UNIT(LENGTH_MEASURE(1.E-07),#3790,
  'distance_accuracy_value','confusion accuracy');
#3794 = SHAPE_DEFINITION_REPRESENTATION(#3795,#3638);
#3795 = PRODUCT_DEFINITION_SHAPE('','',#3796);
#3796 = PRODUCT_DEFINITION('design','',#3797,#3800);
#3797 = PRODUCT_DEFINITION_FORMATION('','',#3798);
#3798 = PRODUCT('Mid Body','Mid Body','',(#3799));
#3799 = PRODUCT_CONTEXT('',#2,'mechanical');
#3800 = PRODUCT_DEFINITION_CONTEXT('part definition',#2,'design');
#3801 = CONTEXT_DEPENDENT_SHAPE_REPRESENTATION(#3802,#3804);
#3802 = ( REPRESENTATION_RELATIONSHIP('','',#3638,#3616) 
REPRESENTATION_RELATIONSHIP_WITH_TRANSFORMATION(#3803) 
SHAPE_REPRESENTATION_RELATIONSHIP() );
#3803 = ITEM_DEFINED_TRANSFORMATION('','',#11,#3617);
#3804 = PRODUCT_DEFINITION_SHAPE('Placement','Placement of an item',
  #3805);
#3805 = NEXT_ASSEMBLY_USAGE_OCCURRENCE('7','1','',#3611,#3796,$);
#3806 = PRODUCT_RELATED_PRODUCT_CATEGORY('part',$,(#3798));
#3807 = SHAPE_DEFINITION_REPRESENTATION(#3808,#3814);
#3808 = PRODUCT_DEFINITION_SHAPE('','',#3809);
#3809 = PRODUCT_DEFINITION('design','',#3810,#3813);
#3810 = PRODUCT_DEFINITION_FORMATION('','',#3811);
#3811 = PRODUCT('Terminal','Terminal','',(#3812));
#3812 = PRODUCT_CONTEXT('',#2,'mechanical');
#3813 = PRODUCT_DEFINITION_CONTEXT('part definition',#2,'design');
#3814 = SHAPE_REPRESENTATION('',(#11,#3815),#3819);
#3815 = AXIS2_PLACEMENT_3D('',#3816,#3817,#3818);
#3816 = CARTESIAN_POINT('',(0.,0.,0.));
#3817 = DIRECTION('',(0.,0.,1.));
#3818 = DIRECTION('',(1.,0.,0.));
#3819 = ( GEOMETRIC_REPRESENTATION_CONTEXT(3) 
GLOBAL_UNCERTAINTY_ASSIGNED_CONTEXT((#3823)) 
GLOBAL_UNIT_ASSIGNED_CONTEXT((#3820,#3821,#3822)) REPRESENTATION_CONTEXT
('Context #1','3D Context with UNIT and UNCERTAINTY') );
#3820 = ( LENGTH_UNIT() NAMED_UNIT(*) SI_UNIT(.MILLI.,.METRE.) );
#3821 = ( NAMED_UNIT(*) PLANE_ANGLE_UNIT() SI_UNIT($,.RADIAN.) );
#3822 = ( NAMED_UNIT(*) SI_UNIT($,.STERADIAN.) SOLID_ANGLE_UNIT() );
#3823 = UNCERTAINTY_MEASURE_WITH_UNIT(LENGTH_MEASURE(1.E-07),#3820,
  'distance_accuracy_value','confusion accuracy');
#3824 = ADVANCED_BREP_SHAPE_REPRESENTATION('',(#11,#3825),#4107);
#3825 = MANIFOLD_SOLID_BREP('',#3826);
#3826 = CLOSED_SHELL('',(#3827,#3867,#3930,#3954,#4010,#4027,#4044,#4061
    ,#4078,#4095));
#3827 = ADVANCED_FACE('',(#3828),#3862,.F.);
#3828 = FACE_BOUND('',#3829,.F.);
#3829 = EDGE_LOOP('',(#3830,#3840,#3848,#3856));
#3830 = ORIENTED_EDGE('',*,*,#3831,.F.);
#3831 = EDGE_CURVE('',#3832,#3834,#3836,.T.);
#3832 = VERTEX_POINT('',#3833);
#3833 = CARTESIAN_POINT('',(0.,0.,0.));
#3834 = VERTEX_POINT('',#3835);
#3835 = CARTESIAN_POINT('',(0.,0.,0.95));
#3836 = LINE('',#3837,#3838);
#3837 = CARTESIAN_POINT('',(0.,0.,0.));
#3838 = VECTOR('',#3839,1.);
#3839 = DIRECTION('',(0.,0.,1.));
#3840 = ORIENTED_EDGE('',*,*,#3841,.T.);
#3841 = EDGE_CURVE('',#3832,#3842,#3844,.T.);
#3842 = VERTEX_POINT('',#3843);
#3843 = CARTESIAN_POINT('',(0.,1.4,0.));
#3844 = LINE('',#3845,#3846);
#3845 = CARTESIAN_POINT('',(0.,0.,0.));
#3846 = VECTOR('',#3847,1.);
#3847 = DIRECTION('',(-0.,1.,0.));
#3848 = ORIENTED_EDGE('',*,*,#3849,.T.);
#3849 = EDGE_CURVE('',#3842,#3850,#3852,.T.);
#3850 = VERTEX_POINT('',#3851);
#3851 = CARTESIAN_POINT('',(0.,1.4,0.95));
#3852 = LINE('',#3853,#3854);
#3853 = CARTESIAN_POINT('',(0.,1.4,0.));
#3854 = VECTOR('',#3855,1.);
#3855 = DIRECTION('',(0.,0.,1.));
#3856 = ORIENTED_EDGE('',*,*,#3857,.F.);
#3857 = EDGE_CURVE('',#3834,#3850,#3858,.T.);
#3858 = LINE('',#3859,#3860);
#3859 = CARTESIAN_POINT('',(0.,0.,0.95));
#3860 = VECTOR('',#3861,1.);
#3861 = DIRECTION('',(-0.,1.,0.));
#3862 = PLANE('',#3863);
#3863 = AXIS2_PLACEMENT_3D('',#3864,#3865,#3866);
#3864 = CARTESIAN_POINT('',(0.,0.,0.));
#3865 = DIRECTION('',(1.,0.,-0.));
#3866 = DIRECTION('',(0.,0.,1.));
#3867 = ADVANCED_FACE('',(#3868),#3925,.F.);
#3868 = FACE_BOUND('',#3869,.F.);
#3869 = EDGE_LOOP('',(#3870,#3880,#3886,#3887,#3895,#3903,#3911,#3919));
#3870 = ORIENTED_EDGE('',*,*,#3871,.F.);
#3871 = EDGE_CURVE('',#3872,#3874,#3876,.T.);
#3872 = VERTEX_POINT('',#3873);
#3873 = CARTESIAN_POINT('',(0.525,0.,0.));
#3874 = VERTEX_POINT('',#3875);
#3875 = CARTESIAN_POINT('',(0.525,0.,9.5E-02));
#3876 = LINE('',#3877,#3878);
#3877 = CARTESIAN_POINT('',(0.525,0.,0.));
#3878 = VECTOR('',#3879,1.);
#3879 = DIRECTION('',(0.,0.,1.));
#3880 = ORIENTED_EDGE('',*,*,#3881,.F.);
#3881 = EDGE_CURVE('',#3832,#3872,#3882,.T.);
#3882 = LINE('',#3883,#3884);
#3883 = CARTESIAN_POINT('',(0.,0.,0.));
#3884 = VECTOR('',#3885,1.);
#3885 = DIRECTION('',(1.,0.,-0.));
#3886 = ORIENTED_EDGE('',*,*,#3831,.T.);
#3887 = ORIENTED_EDGE('',*,*,#3888,.T.);
#3888 = EDGE_CURVE('',#3834,#3889,#3891,.T.);
#3889 = VERTEX_POINT('',#3890);
#3890 = CARTESIAN_POINT('',(0.525,0.,0.95));
#3891 = LINE('',#3892,#3893);
#3892 = CARTESIAN_POINT('',(0.,0.,0.95));
#3893 = VECTOR('',#3894,1.);
#3894 = DIRECTION('',(1.,0.,-0.));
#3895 = ORIENTED_EDGE('',*,*,#3896,.F.);
#3896 = EDGE_CURVE('',#3897,#3889,#3899,.T.);
#3897 = VERTEX_POINT('',#3898);
#3898 = CARTESIAN_POINT('',(0.525,0.,0.855));
#3899 = LINE('',#3900,#3901);
#3900 = CARTESIAN_POINT('',(0.525,0.,0.));
#3901 = VECTOR('',#3902,1.);
#3902 = DIRECTION('',(0.,0.,1.));
#3903 = ORIENTED_EDGE('',*,*,#3904,.F.);
#3904 = EDGE_CURVE('',#3905,#3897,#3907,.T.);
#3905 = VERTEX_POINT('',#3906);
#3906 = CARTESIAN_POINT('',(9.5E-02,0.,0.855));
#3907 = LINE('',#3908,#3909);
#3908 = CARTESIAN_POINT('',(9.5E-02,0.,0.855));
#3909 = VECTOR('',#3910,1.);
#3910 = DIRECTION('',(1.,0.,-0.));
#3911 = ORIENTED_EDGE('',*,*,#3912,.F.);
#3912 = EDGE_CURVE('',#3913,#3905,#3915,.T.);
#3913 = VERTEX_POINT('',#3914);
#3914 = CARTESIAN_POINT('',(9.5E-02,0.,9.5E-02));
#3915 = LINE('',#3916,#3917);
#3916 = CARTESIAN_POINT('',(9.5E-02,0.,9.5E-02));
#3917 = VECTOR('',#3918,1.);
#3918 = DIRECTION('',(0.,0.,1.));
#3919 = ORIENTED_EDGE('',*,*,#3920,.T.);
#3920 = EDGE_CURVE('',#3913,#3874,#3921,.T.);
#3921 = LINE('',#3922,#3923);
#3922 = CARTESIAN_POINT('',(9.5E-02,0.,9.5E-02));
#3923 = VECTOR('',#3924,1.);
#3924 = DIRECTION('',(1.,0.,-0.));
#3925 = PLANE('',#3926);
#3926 = AXIS2_PLACEMENT_3D('',#3927,#3928,#3929);
#3927 = CARTESIAN_POINT('',(0.,0.,0.));
#3928 = DIRECTION('',(-0.,1.,0.));
#3929 = DIRECTION('',(0.,0.,1.));
#3930 = ADVANCED_FACE('',(#3931),#3949,.T.);
#3931 = FACE_BOUND('',#3932,.T.);
#3932 = EDGE_LOOP('',(#3933,#3934,#3935,#3943));
#3933 = ORIENTED_EDGE('',*,*,#3857,.F.);
#3934 = ORIENTED_EDGE('',*,*,#3888,.T.);
#3935 = ORIENTED_EDGE('',*,*,#3936,.T.);
#3936 = EDGE_CURVE('',#3889,#3937,#3939,.T.);
#3937 = VERTEX_POINT('',#3938);
#3938 = CARTESIAN_POINT('',(0.525,1.4,0.95));
#3939 = LINE('',#3940,#3941);
#3940 = CARTESIAN_POINT('',(0.525,0.,0.95));
#3941 = VECTOR('',#3942,1.);
#3942 = DIRECTION('',(-0.,1.,0.));
#3943 = ORIENTED_EDGE('',*,*,#3944,.F.);
#3944 = EDGE_CURVE('',#3850,#3937,#3945,.T.);
#3945 = LINE('',#3946,#3947);
#3946 = CARTESIAN_POINT('',(0.,1.4,0.95));
#3947 = VECTOR('',#3948,1.);
#3948 = DIRECTION('',(1.,0.,-0.));
#3949 = PLANE('',#3950);
#3950 = AXIS2_PLACEMENT_3D('',#3951,#3952,#3953);
#3951 = CARTESIAN_POINT('',(0.,0.,0.95));
#3952 = DIRECTION('',(0.,0.,1.));
#3953 = DIRECTION('',(1.,0.,-0.));
#3954 = ADVANCED_FACE('',(#3955),#4005,.T.);
#3955 = FACE_BOUND('',#3956,.T.);
#3956 = EDGE_LOOP('',(#3957,#3967,#3973,#3974,#3975,#3983,#3991,#3999));
#3957 = ORIENTED_EDGE('',*,*,#3958,.F.);
#3958 = EDGE_CURVE('',#3959,#3961,#3963,.T.);
#3959 = VERTEX_POINT('',#3960);
#3960 = CARTESIAN_POINT('',(0.525,1.4,0.));
#3961 = VERTEX_POINT('',#3962);
#3962 = CARTESIAN_POINT('',(0.525,1.4,9.5E-02));
#3963 = LINE('',#3964,#3965);
#3964 = CARTESIAN_POINT('',(0.525,1.4,0.));
#3965 = VECTOR('',#3966,1.);
#3966 = DIRECTION('',(0.,0.,1.));
#3967 = ORIENTED_EDGE('',*,*,#3968,.F.);
#3968 = EDGE_CURVE('',#3842,#3959,#3969,.T.);
#3969 = LINE('',#3970,#3971);
#3970 = CARTESIAN_POINT('',(0.,1.4,0.));
#3971 = VECTOR('',#3972,1.);
#3972 = DIRECTION('',(1.,0.,-0.));
#3973 = ORIENTED_EDGE('',*,*,#3849,.T.);
#3974 = ORIENTED_EDGE('',*,*,#3944,.T.);
#3975 = ORIENTED_EDGE('',*,*,#3976,.F.);
#3976 = EDGE_CURVE('',#3977,#3937,#3979,.T.);
#3977 = VERTEX_POINT('',#3978);
#3978 = CARTESIAN_POINT('',(0.525,1.4,0.855));
#3979 = LINE('',#3980,#3981);
#3980 = CARTESIAN_POINT('',(0.525,1.4,0.));
#3981 = VECTOR('',#3982,1.);
#3982 = DIRECTION('',(0.,0.,1.));
#3983 = ORIENTED_EDGE('',*,*,#3984,.F.);
#3984 = EDGE_CURVE('',#3985,#3977,#3987,.T.);
#3985 = VERTEX_POINT('',#3986);
#3986 = CARTESIAN_POINT('',(9.5E-02,1.4,0.855));
#3987 = LINE('',#3988,#3989);
#3988 = CARTESIAN_POINT('',(9.5E-02,1.4,0.855));
#3989 = VECTOR('',#3990,1.);
#3990 = DIRECTION('',(1.,0.,-0.));
#3991 = ORIENTED_EDGE('',*,*,#3992,.F.);
#3992 = EDGE_CURVE('',#3993,#3985,#3995,.T.);
#3993 = VERTEX_POINT('',#3994);
#3994 = CARTESIAN_POINT('',(9.5E-02,1.4,9.5E-02));
#3995 = LINE('',#3996,#3997);
#3996 = CARTESIAN_POINT('',(9.5E-02,1.4,9.5E-02));
#3997 = VECTOR('',#3998,1.);
#3998 = DIRECTION('',(0.,0.,1.));
#3999 = ORIENTED_EDGE('',*,*,#4000,.T.);
#4000 = EDGE_CURVE('',#3993,#3961,#4001,.T.);
#4001 = LINE('',#4002,#4003);
#4002 = CARTESIAN_POINT('',(9.5E-02,1.4,9.5E-02));
#4003 = VECTOR('',#4004,1.);
#4004 = DIRECTION('',(1.,0.,-0.));
#4005 = PLANE('',#4006);
#4006 = AXIS2_PLACEMENT_3D('',#4007,#4008,#4009);
#4007 = CARTESIAN_POINT('',(0.,1.4,0.));
#4008 = DIRECTION('',(-0.,1.,0.));
#4009 = DIRECTION('',(0.,0.,1.));
#4010 = ADVANCED_FACE('',(#4011),#4022,.F.);
#4011 = FACE_BOUND('',#4012,.F.);
#4012 = EDGE_LOOP('',(#4013,#4014,#4015,#4021));
#4013 = ORIENTED_EDGE('',*,*,#3841,.F.);
#4014 = ORIENTED_EDGE('',*,*,#3881,.T.);
#4015 = ORIENTED_EDGE('',*,*,#4016,.T.);
#4016 = EDGE_CURVE('',#3872,#3959,#4017,.T.);
#4017 = LINE('',#4018,#4019);
#4018 = CARTESIAN_POINT('',(0.525,0.,0.));
#4019 = VECTOR('',#4020,1.);
#4020 = DIRECTION('',(-0.,1.,0.));
#4021 = ORIENTED_EDGE('',*,*,#3968,.F.);
#4022 = PLANE('',#4023);
#4023 = AXIS2_PLACEMENT_3D('',#4024,#4025,#4026);
#4024 = CARTESIAN_POINT('',(0.,0.,0.));
#4025 = DIRECTION('',(0.,0.,1.));
#4026 = DIRECTION('',(1.,0.,-0.));
#4027 = ADVANCED_FACE('',(#4028),#4039,.T.);
#4028 = FACE_BOUND('',#4029,.T.);
#4029 = EDGE_LOOP('',(#4030,#4031,#4032,#4033));
#4030 = ORIENTED_EDGE('',*,*,#3871,.F.);
#4031 = ORIENTED_EDGE('',*,*,#4016,.T.);
#4032 = ORIENTED_EDGE('',*,*,#3958,.T.);
#4033 = ORIENTED_EDGE('',*,*,#4034,.T.);
#4034 = EDGE_CURVE('',#3961,#3874,#4035,.T.);
#4035 = LINE('',#4036,#4037);
#4036 = CARTESIAN_POINT('',(0.525,0.,9.5E-02));
#4037 = VECTOR('',#4038,1.);
#4038 = DIRECTION('',(0.,-1.,0.));
#4039 = PLANE('',#4040);
#4040 = AXIS2_PLACEMENT_3D('',#4041,#4042,#4043);
#4041 = CARTESIAN_POINT('',(0.525,0.,0.));
#4042 = DIRECTION('',(1.,0.,-0.));
#4043 = DIRECTION('',(0.,0.,1.));
#4044 = ADVANCED_FACE('',(#4045),#4056,.T.);
#4045 = FACE_BOUND('',#4046,.T.);
#4046 = EDGE_LOOP('',(#4047,#4048,#4054,#4055));
#4047 = ORIENTED_EDGE('',*,*,#4000,.F.);
#4048 = ORIENTED_EDGE('',*,*,#4049,.F.);
#4049 = EDGE_CURVE('',#3913,#3993,#4050,.T.);
#4050 = LINE('',#4051,#4052);
#4051 = CARTESIAN_POINT('',(9.5E-02,0.,9.5E-02));
#4052 = VECTOR('',#4053,1.);
#4053 = DIRECTION('',(-0.,1.,0.));
#4054 = ORIENTED_EDGE('',*,*,#3920,.T.);
#4055 = ORIENTED_EDGE('',*,*,#4034,.F.);
#4056 = PLANE('',#4057);
#4057 = AXIS2_PLACEMENT_3D('',#4058,#4059,#4060);
#4058 = CARTESIAN_POINT('',(9.5E-02,0.,9.5E-02));
#4059 = DIRECTION('',(0.,0.,1.));
#4060 = DIRECTION('',(1.,0.,-0.));
#4061 = ADVANCED_FACE('',(#4062),#4073,.T.);
#4062 = FACE_BOUND('',#4063,.T.);
#4063 = EDGE_LOOP('',(#4064,#4065,#4066,#4067));
#4064 = ORIENTED_EDGE('',*,*,#3912,.F.);
#4065 = ORIENTED_EDGE('',*,*,#4049,.T.);
#4066 = ORIENTED_EDGE('',*,*,#3992,.T.);
#4067 = ORIENTED_EDGE('',*,*,#4068,.F.);
#4068 = EDGE_CURVE('',#3905,#3985,#4069,.T.);
#4069 = LINE('',#4070,#4071);
#4070 = CARTESIAN_POINT('',(9.5E-02,0.,0.855));
#4071 = VECTOR('',#4072,1.);
#4072 = DIRECTION('',(-0.,1.,0.));
#4073 = PLANE('',#4074);
#4074 = AXIS2_PLACEMENT_3D('',#4075,#4076,#4077);
#4075 = CARTESIAN_POINT('',(9.5E-02,0.,9.5E-02));
#4076 = DIRECTION('',(1.,0.,-0.));
#4077 = DIRECTION('',(0.,0.,1.));
#4078 = ADVANCED_FACE('',(#4079),#4090,.F.);
#4079 = FACE_BOUND('',#4080,.F.);
#4080 = EDGE_LOOP('',(#4081,#4082,#4083,#4084));
#4081 = ORIENTED_EDGE('',*,*,#3984,.F.);
#4082 = ORIENTED_EDGE('',*,*,#4068,.F.);
#4083 = ORIENTED_EDGE('',*,*,#3904,.T.);
#4084 = ORIENTED_EDGE('',*,*,#4085,.F.);
#4085 = EDGE_CURVE('',#3977,#3897,#4086,.T.);
#4086 = LINE('',#4087,#4088);
#4087 = CARTESIAN_POINT('',(0.525,0.,0.855));
#4088 = VECTOR('',#4089,1.);
#4089 = DIRECTION('',(0.,-1.,0.));
#4090 = PLANE('',#4091);
#4091 = AXIS2_PLACEMENT_3D('',#4092,#4093,#4094);
#4092 = CARTESIAN_POINT('',(9.5E-02,0.,0.855));
#4093 = DIRECTION('',(0.,0.,1.));
#4094 = DIRECTION('',(1.,0.,-0.));
#4095 = ADVANCED_FACE('',(#4096),#4102,.T.);
#4096 = FACE_BOUND('',#4097,.T.);
#4097 = EDGE_LOOP('',(#4098,#4099,#4100,#4101));
#4098 = ORIENTED_EDGE('',*,*,#3896,.F.);
#4099 = ORIENTED_EDGE('',*,*,#4085,.F.);
#4100 = ORIENTED_EDGE('',*,*,#3976,.T.);
#4101 = ORIENTED_EDGE('',*,*,#3936,.F.);
#4102 = PLANE('',#4103);
#4103 = AXIS2_PLACEMENT_3D('',#4104,#4105,#4106);
#4104 = CARTESIAN_POINT('',(0.525,0.,0.));
#4105 = DIRECTION('',(1.,0.,-0.));
#4106 = DIRECTION('',(0.,0.,1.));
#4107 = ( GEOMETRIC_REPRESENTATION_CONTEXT(3) 
GLOBAL_UNCERTAINTY_ASSIGNED_CONTEXT((#4111)) 
GLOBAL_UNIT_ASSIGNED_CONTEXT((#4108,#4109,#4110)) REPRESENTATION_CONTEXT
('Context #1','3D Context with UNIT and UNCERTAINTY') );
#4108 = ( LENGTH_UNIT() NAMED_UNIT(*) SI_UNIT(.MILLI.,.METRE.) );
#4109 = ( NAMED_UNIT(*) PLANE_ANGLE_UNIT() SI_UNIT($,.RADIAN.) );
#4110 = ( NAMED_UNIT(*) SI_UNIT($,.STERADIAN.) SOLID_ANGLE_UNIT() );
#4111 = UNCERTAINTY_MEASURE_WITH_UNIT(LENGTH_MEASURE(1.E-07),#4108,
  'distance_accuracy_value','confusion accuracy');
#4112 = SHAPE_DEFINITION_REPRESENTATION(#4113,#3824);
#4113 = PRODUCT_DEFINITION_SHAPE('','',#4114);
#4114 = PRODUCT_DEFINITION('design','',#4115,#4118);
#4115 = PRODUCT_DEFINITION_FORMATION('','',#4116);
#4116 = PRODUCT('Open CASCADE STEP translator 7.5 1.2.1',
  'Open CASCADE STEP translator 7.5 1.2.1','',(#4117));
#4117 = PRODUCT_CONTEXT('',#2,'mechanical');
#4118 = PRODUCT_DEFINITION_CONTEXT('part definition',#2,'design');
#4119 = CONTEXT_DEPENDENT_SHAPE_REPRESENTATION(#4120,#4122);
#4120 = ( REPRESENTATION_RELATIONSHIP('','',#3824,#3814) 
REPRESENTATION_RELATIONSHIP_WITH_TRANSFORMATION(#4121) 
SHAPE_REPRESENTATION_RELATIONSHIP() );
#4121 = ITEM_DEFINED_TRANSFORMATION('','',#11,#3815);
#4122 = PRODUCT_DEFINITION_SHAPE('Placement','Placement of an item',
  #4123);
#4123 = NEXT_ASSEMBLY_USAGE_OCCURRENCE('8','2','',#3809,#4114,$);
#4124 = PRODUCT_RELATED_PRODUCT_CATEGORY('part',$,(#4116));
#4125 = CONTEXT_DEPENDENT_SHAPE_REPRESENTATION(#4126,#4128);
#4126 = ( REPRESENTATION_RELATIONSHIP('','',#3814,#3616) 
REPRESENTATION_RELATIONSHIP_WITH_TRANSFORMATION(#4127) 
SHAPE_REPRESENTATION_RELATIONSHIP() );
#4127 = ITEM_DEFINED_TRANSFORMATION('','',#11,#3621);
#4128 = PRODUCT_DEFINITION_SHAPE('Placement','Placement of an item',
  #4129);
#4129 = NEXT_ASSEMBLY_USAGE_OCCURRENCE('9','3','',#3611,#3809,$);
#4130 = PRODUCT_RELATED_PRODUCT_CATEGORY('part',$,(#3811));
#4131 = CONTEXT_DEPENDENT_SHAPE_REPRESENTATION(#4132,#4134);
#4132 = ( REPRESENTATION_RELATIONSHIP('','',#3814,#3616) 
REPRESENTATION_RELATIONSHIP_WITH_TRANSFORMATION(#4133) 
SHAPE_REPRESENTATION_RELATIONSHIP() );
#4133 = ITEM_DEFINED_TRANSFORMATION('','',#11,#3625);
#4134 = PRODUCT_DEFINITION_SHAPE('Placement','Placement of an item',
  #4135);
#4135 = NEXT_ASSEMBLY_USAGE_OCCURRENCE('10','4','',#3611,#3809,$);
#4136 = ADVANCED_BREP_SHAPE_REPRESENTATION('',(#11,#4137),#4287);
#4137 = MANIFOLD_SOLID_BREP('',#4138);
#4138 = CLOSED_SHELL('',(#4139,#4179,#4219,#4241,#4263,#4275));
#4139 = ADVANCED_FACE('',(#4140),#4174,.F.);
#4140 = FACE_BOUND('',#4141,.F.);
#4141 = EDGE_LOOP('',(#4142,#4152,#4160,#4168));
#4142 = ORIENTED_EDGE('',*,*,#4143,.F.);
#4143 = EDGE_CURVE('',#4144,#4146,#4148,.T.);
#4144 = VERTEX_POINT('',#4145);
#4145 = CARTESIAN_POINT('',(0.,0.,0.));
#4146 = VERTEX_POINT('',#4147);
#4147 = CARTESIAN_POINT('',(0.,0.,9.5E-02));
#4148 = LINE('',#4149,#4150);
#4149 = CARTESIAN_POINT('',(0.,0.,0.));
#4150 = VECTOR('',#4151,1.);
#4151 = DIRECTION('',(0.,0.,1.));
#4152 = ORIENTED_EDGE('',*,*,#4153,.T.);
#4153 = EDGE_CURVE('',#4144,#4154,#4156,.T.);
#4154 = VERTEX_POINT('',#4155);
#4155 = CARTESIAN_POINT('',(0.,1.4,0.));
#4156 = LINE('',#4157,#4158);
#4157 = CARTESIAN_POINT('',(0.,0.,0.));
#4158 = VECTOR('',#4159,1.);
#4159 = DIRECTION('',(-0.,1.,0.));
#4160 = ORIENTED_EDGE('',*,*,#4161,.T.);
#4161 = EDGE_CURVE('',#4154,#4162,#4164,.T.);
#4162 = VERTEX_POINT('',#4163);
#4163 = CARTESIAN_POINT('',(0.,1.4,9.5E-02));
#4164 = LINE('',#4165,#4166);
#4165 = CARTESIAN_POINT('',(0.,1.4,0.));
#4166 = VECTOR('',#4167,1.);
#4167 = DIRECTION('',(0.,0.,1.));
#4168 = ORIENTED_EDGE('',*,*,#4169,.F.);
#4169 = EDGE_CURVE('',#4146,#4162,#4170,.T.);
#4170 = LINE('',#4171,#4172);
#4171 = CARTESIAN_POINT('',(0.,0.,9.5E-02));
#4172 = VECTOR('',#4173,1.);
#4173 = DIRECTION('',(-0.,1.,0.));
#4174 = PLANE('',#4175);
#4175 = AXIS2_PLACEMENT_3D('',#4176,#4177,#4178);
#4176 = CARTESIAN_POINT('',(0.,0.,0.));
#4177 = DIRECTION('',(1.,0.,-0.));
#4178 = DIRECTION('',(0.,0.,1.));
#4179 = ADVANCED_FACE('',(#4180),#4214,.T.);
#4180 = FACE_BOUND('',#4181,.T.);
#4181 = EDGE_LOOP('',(#4182,#4192,#4200,#4208));
#4182 = ORIENTED_EDGE('',*,*,#4183,.F.);
#4183 = EDGE_CURVE('',#4184,#4186,#4188,.T.);
#4184 = VERTEX_POINT('',#4185);
#4185 = CARTESIAN_POINT('',(1.15,0.,0.));
#4186 = VERTEX_POINT('',#4187);
#4187 = CARTESIAN_POINT('',(1.15,0.,9.5E-02));
#4188 = LINE('',#4189,#4190);
#4189 = CARTESIAN_POINT('',(1.15,0.,0.));
#4190 = VECTOR('',#4191,1.);
#4191 = DIRECTION('',(0.,0.,1.));
#4192 = ORIENTED_EDGE('',*,*,#4193,.T.);
#4193 = EDGE_CURVE('',#4184,#4194,#4196,.T.);
#4194 = VERTEX_POINT('',#4195);
#4195 = CARTESIAN_POINT('',(1.15,1.4,0.));
#4196 = LINE('',#4197,#4198);
#4197 = CARTESIAN_POINT('',(1.15,0.,0.));
#4198 = VECTOR('',#4199,1.);
#4199 = DIRECTION('',(-0.,1.,0.));
#4200 = ORIENTED_EDGE('',*,*,#4201,.T.);
#4201 = EDGE_CURVE('',#4194,#4202,#4204,.T.);
#4202 = VERTEX_POINT('',#4203);
#4203 = CARTESIAN_POINT('',(1.15,1.4,9.5E-02));
#4204 = LINE('',#4205,#4206);
#4205 = CARTESIAN_POINT('',(1.15,1.4,0.));
#4206 = VECTOR('',#4207,1.);
#4207 = DIRECTION('',(0.,0.,1.));
#4208 = ORIENTED_EDGE('',*,*,#4209,.F.);
#4209 = EDGE_CURVE('',#4186,#4202,#4210,.T.);
#4210 = LINE('',#4211,#4212);
#4211 = CARTESIAN_POINT('',(1.15,0.,9.5E-02));
#4212 = VECTOR('',#4213,1.);
#4213 = DIRECTION('',(-0.,1.,0.));
#4214 = PLANE('',#4215);
#4215 = AXIS2_PLACEMENT_3D('',#4216,#4217,#4218);
#4216 = CARTESIAN_POINT('',(1.15,0.,0.));
#4217 = DIRECTION('',(1.,0.,-0.));
#4218 = DIRECTION('',(0.,0.,1.));
#4219 = ADVANCED_FACE('',(#4220),#4236,.F.);
#4220 = FACE_BOUND('',#4221,.F.);
#4221 = EDGE_LOOP('',(#4222,#4228,#4229,#4235));
#4222 = ORIENTED_EDGE('',*,*,#4223,.F.);
#4223 = EDGE_CURVE('',#4144,#4184,#4224,.T.);
#4224 = LINE('',#4225,#4226);
#4225 = CARTESIAN_POINT('',(0.,0.,0.));
#4226 = VECTOR('',#4227,1.);
#4227 = DIRECTION('',(1.,0.,-0.));
#4228 = ORIENTED_EDGE('',*,*,#4143,.T.);
#4229 = ORIENTED_EDGE('',*,*,#4230,.T.);
#4230 = EDGE_CURVE('',#4146,#4186,#4231,.T.);
#4231 = LINE('',#4232,#4233);
#4232 = CARTESIAN_POINT('',(0.,0.,9.5E-02));
#4233 = VECTOR('',#4234,1.);
#4234 = DIRECTION('',(1.,0.,-0.));
#4235 = ORIENTED_EDGE('',*,*,#4183,.F.);
#4236 = PLANE('',#4237);
#4237 = AXIS2_PLACEMENT_3D('',#4238,#4239,#4240);
#4238 = CARTESIAN_POINT('',(0.,0.,0.));
#4239 = DIRECTION('',(-0.,1.,0.));
#4240 = DIRECTION('',(0.,0.,1.));
#4241 = ADVANCED_FACE('',(#4242),#4258,.T.);
#4242 = FACE_BOUND('',#4243,.T.);
#4243 = EDGE_LOOP('',(#4244,#4250,#4251,#4257));
#4244 = ORIENTED_EDGE('',*,*,#4245,.F.);
#4245 = EDGE_CURVE('',#4154,#4194,#4246,.T.);
#4246 = LINE('',#4247,#4248);
#4247 = CARTESIAN_POINT('',(0.,1.4,0.));
#4248 = VECTOR('',#4249,1.);
#4249 = DIRECTION('',(1.,0.,-0.));
#4250 = ORIENTED_EDGE('',*,*,#4161,.T.);
#4251 = ORIENTED_EDGE('',*,*,#4252,.T.);
#4252 = EDGE_CURVE('',#4162,#4202,#4253,.T.);
#4253 = LINE('',#4254,#4255);
#4254 = CARTESIAN_POINT('',(0.,1.4,9.5E-02));
#4255 = VECTOR('',#4256,1.);
#4256 = DIRECTION('',(1.,0.,-0.));
#4257 = ORIENTED_EDGE('',*,*,#4201,.F.);
#4258 = PLANE('',#4259);
#4259 = AXIS2_PLACEMENT_3D('',#4260,#4261,#4262);
#4260 = CARTESIAN_POINT('',(0.,1.4,0.));
#4261 = DIRECTION('',(-0.,1.,0.));
#4262 = DIRECTION('',(0.,0.,1.));
#4263 = ADVANCED_FACE('',(#4264),#4270,.F.);
#4264 = FACE_BOUND('',#4265,.F.);
#4265 = EDGE_LOOP('',(#4266,#4267,#4268,#4269));
#4266 = ORIENTED_EDGE('',*,*,#4153,.F.);
#4267 = ORIENTED_EDGE('',*,*,#4223,.T.);
#4268 = ORIENTED_EDGE('',*,*,#4193,.T.);
#4269 = ORIENTED_EDGE('',*,*,#4245,.F.);
#4270 = PLANE('',#4271);
#4271 = AXIS2_PLACEMENT_3D('',#4272,#4273,#4274);
#4272 = CARTESIAN_POINT('',(0.,0.,0.));
#4273 = DIRECTION('',(0.,0.,1.));
#4274 = DIRECTION('',(1.,0.,-0.));
#4275 = ADVANCED_FACE('',(#4276),#4282,.T.);
#4276 = FACE_BOUND('',#4277,.T.);
#4277 = EDGE_LOOP('',(#4278,#4279,#4280,#4281));
#4278 = ORIENTED_EDGE('',*,*,#4169,.F.);
#4279 = ORIENTED_EDGE('',*,*,#4230,.T.);
#4280 = ORIENTED_EDGE('',*,*,#4209,.T.);
#4281 = ORIENTED_EDGE('',*,*,#4252,.F.);
#4282 = PLANE('',#4283);
#4283 = AXIS2_PLACEMENT_3D('',#4284,#4285,#4286);
#4284 = CARTESIAN_POINT('',(0.,0.,9.5E-02));
#4285 = DIRECTION('',(0.,0.,1.));
#4286 = DIRECTION('',(1.,0.,-0.));
#4287 = ( GEOMETRIC_REPRESENTATION_CONTEXT(3) 
GLOBAL_UNCERTAINTY_ASSIGNED_CONTEXT((#4291)) 
GLOBAL_UNIT_ASSIGNED_CONTEXT((#4288,#4289,#4290)) REPRESENTATION_CONTEXT
('Context #1','3D Context with UNIT and UNCERTAINTY') );
#4288 = ( LENGTH_UNIT() NAMED_UNIT(*) SI_UNIT(.MILLI.,.METRE.) );
#4289 = ( NAMED_UNIT(*) PLANE_ANGLE_UNIT() SI_UNIT($,.RADIAN.) );
#4290 = ( NAMED_UNIT(*) SI_UNIT($,.STERADIAN.) SOLID_ANGLE_UNIT() );
#4291 = UNCERTAINTY_MEASURE_WITH_UNIT(LENGTH_MEASURE(1.E-07),#4288,
  'distance_accuracy_value','confusion accuracy');
#4292 = SHAPE_DEFINITION_REPRESENTATION(#4293,#4136);
#4293 = PRODUCT_DEFINITION_SHAPE('','',#4294);
#4294 = PRODUCT_DEFINITION('design','',#4295,#4298);
#4295 = PRODUCT_DEFINITION_FORMATION('','',#4296);
#4296 = PRODUCT('Mark','Mark','',(#4297));
#4297 = PRODUCT_CONTEXT('',#2,'mechanical');
#4298 = PRODUCT_DEFINITION_CONTEXT('part definition',#2,'design');
#4299 = CONTEXT_DEPENDENT_SHAPE_REPRESENTATION(#4300,#4302);
#4300 = ( REPRESENTATION_RELATIONSHIP('','',#4136,#3616) 
REPRESENTATION_RELATIONSHIP_WITH_TRANSFORMATION(#4301) 
SHAPE_REPRESENTATION_RELATIONSHIP() );
#4301 = ITEM_DEFINED_TRANSFORMATION('','',#11,#3629);
#4302 = PRODUCT_DEFINITION_SHAPE('Placement','Placement of an item',
  #4303);
#4303 = NEXT_ASSEMBLY_USAGE_OCCURRENCE('11','5','',#3611,#4294,$);
#4304 = PRODUCT_RELATED_PRODUCT_CATEGORY('part',$,(#4296));
#4305 = CONTEXT_DEPENDENT_SHAPE_REPRESENTATION(#4306,#4308);
#4306 = ( REPRESENTATION_RELATIONSHIP('','',#3616,#3599) 
REPRESENTATION_RELATIONSHIP_WITH_TRANSFORMATION(#4307) 
SHAPE_REPRESENTATION_RELATIONSHIP() );
#4307 = ITEM_DEFINED_TRANSFORMATION('','',#11,#3600);
#4308 = PRODUCT_DEFINITION_SHAPE('Placement','Placement of an item',
  #4309);
#4309 = NEXT_ASSEMBLY_USAGE_OCCURRENCE('12','','',#3594,#3611,$);
#4310 = PRODUCT_RELATED_PRODUCT_CATEGORY('part',$,(#3613));
#4311 = CONTEXT_DEPENDENT_SHAPE_REPRESENTATION(#4312,#4314);
#4312 = ( REPRESENTATION_RELATIONSHIP('','',#3599,#10) 
REPRESENTATION_RELATIONSHIP_WITH_TRANSFORMATION(#4313) 
SHAPE_REPRESENTATION_RELATIONSHIP() );
#4313 = ITEM_DEFINED_TRANSFORMATION('','',#11,#27);
#4314 = PRODUCT_DEFINITION_SHAPE('Placement','Placement of an item',
  #4315);
#4315 = NEXT_ASSEMBLY_USAGE_OCCURRENCE('13','','',#5,#3594,$);
#4316 = PRODUCT_RELATED_PRODUCT_CATEGORY('part',$,(#3596));
#4317 = SHAPE_DEFINITION_REPRESENTATION(#4318,#4324);
#4318 = PRODUCT_DEFINITION_SHAPE('','',#4319);
#4319 = PRODUCT_DEFINITION('design','',#4320,#4323);
#4320 = PRODUCT_DEFINITION_FORMATION('','',#4321);
#4321 = PRODUCT('J1','J1','',(#4322));
#4322 = PRODUCT_CONTEXT('',#2,'mechanical');
#4323 = PRODUCT_DEFINITION_CONTEXT('part definition',#2,'design');
#4324 = SHAPE_REPRESENTATION('',(#11,#4325),#4329);
#4325 = AXIS2_PLACEMENT_3D('',#4326,#4327,#4328);
#4326 = CARTESIAN_POINT('',(45.262002563477,97.007997131348,
    4.999998092651));
#4327 = DIRECTION('',(-0.,0.,1.));
#4328 = DIRECTION('',(1.19248806385E-08,-1.,0.));
#4329 = ( GEOMETRIC_REPRESENTATION_CONTEXT(3) 
GLOBAL_UNCERTAINTY_ASSIGNED_CONTEXT((#4333)) 
GLOBAL_UNIT_ASSIGNED_CONTEXT((#4330,#4331,#4332)) REPRESENTATION_CONTEXT
('Context #1','3D Context with UNIT and UNCERTAINTY') );
#4330 = ( LENGTH_UNIT() NAMED_UNIT(*) SI_UNIT(.MILLI.,.METRE.) );
#4331 = ( NAMED_UNIT(*) PLANE_ANGLE_UNIT() SI_UNIT($,.RADIAN.) );
#4332 = ( NAMED_UNIT(*) SI_UNIT($,.STERADIAN.) SOLID_ANGLE_UNIT() );
#4333 = UNCERTAINTY_MEASURE_WITH_UNIT(LENGTH_MEASURE(2.E-07),#4330,
  'distance_accuracy_value','confusion accuracy');
#4334 = SHAPE_DEFINITION_REPRESENTATION(#4335,#4341);
#4335 = PRODUCT_DEFINITION_SHAPE('','',#4336);
#4336 = PRODUCT_DEFINITION('design','',#4337,#4340);
#4337 = PRODUCT_DEFINITION_FORMATION('','',#4338);
#4338 = PRODUCT('1053091104','1053091104','',(#4339));
#4339 = PRODUCT_CONTEXT('',#2,'mechanical');
#4340 = PRODUCT_DEFINITION_CONTEXT('part definition',#2,'design');
#4341 = SHAPE_REPRESENTATION('',(#11,#4342,#4346),#4350);
#4342 = AXIS2_PLACEMENT_3D('',#4343,#4344,#4345);
#4343 = CARTESIAN_POINT('',(0.,0.,0.));
#4344 = DIRECTION('',(0.,0.,1.));
#4345 = DIRECTION('',(1.,0.,-0.));
#4346 = AXIS2_PLACEMENT_3D('',#4347,#4348,#4349);
#4347 = CARTESIAN_POINT('',(0.,0.,0.));
#4348 = DIRECTION('',(0.,0.,1.));
#4349 = DIRECTION('',(1.,0.,-0.));
#4350 = ( GEOMETRIC_REPRESENTATION_CONTEXT(3) 
GLOBAL_UNCERTAINTY_ASSIGNED_CONTEXT((#4354)) 
GLOBAL_UNIT_ASSIGNED_CONTEXT((#4351,#4352,#4353)) REPRESENTATION_CONTEXT
('Context #1','3D Context with UNIT and UNCERTAINTY') );
#4351 = ( LENGTH_UNIT() NAMED_UNIT(*) SI_UNIT(.MILLI.,.METRE.) );
#4352 = ( NAMED_UNIT(*) PLANE_ANGLE_UNIT() SI_UNIT($,.RADIAN.) );
#4353 = ( NAMED_UNIT(*) SI_UNIT($,.STERADIAN.) SOLID_ANGLE_UNIT() );
#4354 = UNCERTAINTY_MEASURE_WITH_UNIT(LENGTH_MEASURE(2.E-07),#4351,
  'distance_accuracy_value','confusion accuracy');
#4355 = ADVANCED_BREP_SHAPE_REPRESENTATION('',(#11,#4356),#9655);
#4356 = MANIFOLD_SOLID_BREP('',#4357);
#4357 = CLOSED_SHELL('',(#4358,#4430,#4678,#4718,#4819,#4850,#4881,#4905
    ,#4929,#4953,#4984,#5042,#5097,#5128,#5177,#5416,#5447,#5471,#5495,
    #5512,#5558,#5589,#5690,#5721,#5752,#5776,#5793,#5817,#5848,#5872,
    #5957,#5974,#5991,#6003,#6025,#6042,#6073,#6097,#6121,#6138,#6150,
    #6167,#6184,#6196,#6213,#6230,#6242,#6281,#6328,#6368,#6401,#6464,
    #6497,#6528,#6561,#6588,#6613,#6630,#6661,#6686,#6697,#6750,#6783,
    #6807,#6833,#6858,#6882,#6900,#6935,#6993,#7011,#7051,#7083,#7134,
    #7146,#7177,#7278,#7309,#7340,#7364,#7381,#7405,#7436,#7460,#7545,
    #7562,#7579,#7591,#7613,#7630,#7661,#7685,#7709,#7726,#7738,#7755,
    #7772,#7784,#7801,#7818,#7830,#7847,#7859,#7876,#7893,#7910,#7945,
    #7969,#7993,#8010,#8056,#8087,#8188,#8219,#8250,#8274,#8291,#8315,
    #8346,#8370,#8455,#8472,#8489,#8501,#8523,#8540,#8571,#8595,#8619,
    #8636,#8648,#8665,#8682,#8694,#8711,#8728,#8740,#8859,#8892,#8911,
    #8929,#8940,#8964,#8988,#9021,#9045,#9062,#9074,#9086,#9117,#9148,
    #9174,#9191,#9203,#9220,#9232,#9249,#9261,#9285,#9309,#9340,#9357,
    #9374,#9386,#9455,#9472,#9489,#9501,#9532,#9563,#9580,#9597,#9609,
    #9626,#9643));
#4358 = ADVANCED_FACE('',(#4359),#4425,.F.);
#4359 = FACE_BOUND('',#4360,.F.);
#4360 = EDGE_LOOP('',(#4361,#4371,#4379,#4387,#4395,#4403,#4411,#4419));
#4361 = ORIENTED_EDGE('',*,*,#4362,.T.);
#4362 = EDGE_CURVE('',#4363,#4365,#4367,.T.);
#4363 = VERTEX_POINT('',#4364);
#4364 = CARTESIAN_POINT('',(4.67,-1.74,-4.23));
#4365 = VERTEX_POINT('',#4366);
#4366 = CARTESIAN_POINT('',(-4.67,-1.74,-4.23));
#4367 = LINE('',#4368,#4369);
#4368 = CARTESIAN_POINT('',(4.67,-1.74,-4.23));
#4369 = VECTOR('',#4370,1.);
#4370 = DIRECTION('',(-1.,0.,0.));
#4371 = ORIENTED_EDGE('',*,*,#4372,.T.);
#4372 = EDGE_CURVE('',#4365,#4373,#4375,.T.);
#4373 = VERTEX_POINT('',#4374);
#4374 = CARTESIAN_POINT('',(-4.67,-1.74,-4.83));
#4375 = LINE('',#4376,#4377);
#4376 = CARTESIAN_POINT('',(-4.67,-1.74,-4.23));
#4377 = VECTOR('',#4378,1.);
#4378 = DIRECTION('',(0.,0.,-1.));
#4379 = ORIENTED_EDGE('',*,*,#4380,.T.);
#4380 = EDGE_CURVE('',#4373,#4381,#4383,.T.);
#4381 = VERTEX_POINT('',#4382);
#4382 = CARTESIAN_POINT('',(-5.47,-1.74,-4.83));
#4383 = LINE('',#4384,#4385);
#4384 = CARTESIAN_POINT('',(-4.67,-1.74,-4.83));
#4385 = VECTOR('',#4386,1.);
#4386 = DIRECTION('',(-1.,0.,0.));
#4387 = ORIENTED_EDGE('',*,*,#4388,.F.);
#4388 = EDGE_CURVE('',#4389,#4381,#4391,.T.);
#4389 = VERTEX_POINT('',#4390);
#4390 = CARTESIAN_POINT('',(-5.47,-1.74,4.23));
#4391 = LINE('',#4392,#4393);
#4392 = CARTESIAN_POINT('',(-5.47,-1.74,4.23));
#4393 = VECTOR('',#4394,1.);
#4394 = DIRECTION('',(0.,0.,-1.));
#4395 = ORIENTED_EDGE('',*,*,#4396,.T.);
#4396 = EDGE_CURVE('',#4389,#4397,#4399,.T.);
#4397 = VERTEX_POINT('',#4398);
#4398 = CARTESIAN_POINT('',(5.47,-1.74,4.23));
#4399 = LINE('',#4400,#4401);
#4400 = CARTESIAN_POINT('',(-5.47,-1.74,4.23));
#4401 = VECTOR('',#4402,1.);
#4402 = DIRECTION('',(1.,0.,0.));
#4403 = ORIENTED_EDGE('',*,*,#4404,.T.);
#4404 = EDGE_CURVE('',#4397,#4405,#4407,.T.);
#4405 = VERTEX_POINT('',#4406);
#4406 = CARTESIAN_POINT('',(5.47,-1.74,-4.83));
#4407 = LINE('',#4408,#4409);
#4408 = CARTESIAN_POINT('',(5.47,-1.74,4.23));
#4409 = VECTOR('',#4410,1.);
#4410 = DIRECTION('',(0.,0.,-1.));
#4411 = ORIENTED_EDGE('',*,*,#4412,.T.);
#4412 = EDGE_CURVE('',#4405,#4413,#4415,.T.);
#4413 = VERTEX_POINT('',#4414);
#4414 = CARTESIAN_POINT('',(4.67,-1.74,-4.83));
#4415 = LINE('',#4416,#4417);
#4416 = CARTESIAN_POINT('',(5.47,-1.74,-4.83));
#4417 = VECTOR('',#4418,1.);
#4418 = DIRECTION('',(-1.,0.,0.));
#4419 = ORIENTED_EDGE('',*,*,#4420,.F.);
#4420 = EDGE_CURVE('',#4363,#4413,#4421,.T.);
#4421 = LINE('',#4422,#4423);
#4422 = CARTESIAN_POINT('',(4.67,-1.74,-4.23));
#4423 = VECTOR('',#4424,1.);
#4424 = DIRECTION('',(0.,0.,-1.));
#4425 = PLANE('',#4426);
#4426 = AXIS2_PLACEMENT_3D('',#4427,#4428,#4429);
#4427 = CARTESIAN_POINT('',(0.,-1.74,0.));
#4428 = DIRECTION('',(0.,1.,0.));
#4429 = DIRECTION('',(1.,0.,0.));
#4430 = ADVANCED_FACE('',(#4431,#4537,#4571,#4605,#4639),#4673,.T.);
#4431 = FACE_BOUND('',#4432,.F.);
#4432 = EDGE_LOOP('',(#4433,#4444,#4452,#4460,#4468,#4476,#4484,#4490,
    #4491,#4499,#4507,#4515,#4523,#4531));
#4433 = ORIENTED_EDGE('',*,*,#4434,.T.);
#4434 = EDGE_CURVE('',#4435,#4437,#4439,.T.);
#4435 = VERTEX_POINT('',#4436);
#4436 = CARTESIAN_POINT('',(0.4472135955,1.74,-4.23));
#4437 = VERTEX_POINT('',#4438);
#4438 = CARTESIAN_POINT('',(-0.4472135955,1.74,-4.23));
#4439 = CIRCLE('',#4440,0.6);
#4440 = AXIS2_PLACEMENT_3D('',#4441,#4442,#4443);
#4441 = CARTESIAN_POINT('',(0.,1.34,-4.23));
#4442 = DIRECTION('',(0.,0.,-1.));
#4443 = DIRECTION('',(0.7453559925,0.666666666667,0.));
#4444 = ORIENTED_EDGE('',*,*,#4445,.T.);
#4445 = EDGE_CURVE('',#4437,#4446,#4448,.T.);
#4446 = VERTEX_POINT('',#4447);
#4447 = CARTESIAN_POINT('',(-4.67,1.74,-4.23));
#4448 = LINE('',#4449,#4450);
#4449 = CARTESIAN_POINT('',(-0.4472135955,1.74,-4.23));
#4450 = VECTOR('',#4451,1.);
#4451 = DIRECTION('',(-1.,0.,0.));
#4452 = ORIENTED_EDGE('',*,*,#4453,.T.);
#4453 = EDGE_CURVE('',#4446,#4454,#4456,.T.);
#4454 = VERTEX_POINT('',#4455);
#4455 = CARTESIAN_POINT('',(-4.67,1.14,-4.23));
#4456 = LINE('',#4457,#4458);
#4457 = CARTESIAN_POINT('',(-4.67,1.74,-4.23));
#4458 = VECTOR('',#4459,1.);
#4459 = DIRECTION('',(0.,-1.,0.));
#4460 = ORIENTED_EDGE('',*,*,#4461,.F.);
#4461 = EDGE_CURVE('',#4462,#4454,#4464,.T.);
#4462 = VERTEX_POINT('',#4463);
#4463 = CARTESIAN_POINT('',(-5.47,1.14,-4.23));
#4464 = LINE('',#4465,#4466);
#4465 = CARTESIAN_POINT('',(-5.47,1.14,-4.23));
#4466 = VECTOR('',#4467,1.);
#4467 = DIRECTION('',(1.,0.,0.));
#4468 = ORIENTED_EDGE('',*,*,#4469,.F.);
#4469 = EDGE_CURVE('',#4470,#4462,#4472,.T.);
#4470 = VERTEX_POINT('',#4471);
#4471 = CARTESIAN_POINT('',(-5.47,-1.14,-4.23));
#4472 = LINE('',#4473,#4474);
#4473 = CARTESIAN_POINT('',(-5.47,-1.14,-4.23));
#4474 = VECTOR('',#4475,1.);
#4475 = DIRECTION('',(0.,1.,0.));
#4476 = ORIENTED_EDGE('',*,*,#4477,.T.);
#4477 = EDGE_CURVE('',#4470,#4478,#4480,.T.);
#4478 = VERTEX_POINT('',#4479);
#4479 = CARTESIAN_POINT('',(-4.67,-1.14,-4.23));
#4480 = LINE('',#4481,#4482);
#4481 = CARTESIAN_POINT('',(-5.47,-1.14,-4.23));
#4482 = VECTOR('',#4483,1.);
#4483 = DIRECTION('',(1.,0.,0.));
#4484 = ORIENTED_EDGE('',*,*,#4485,.F.);
#4485 = EDGE_CURVE('',#4365,#4478,#4486,.T.);
#4486 = LINE('',#4487,#4488);
#4487 = CARTESIAN_POINT('',(-4.67,-1.74,-4.23));
#4488 = VECTOR('',#4489,1.);
#4489 = DIRECTION('',(0.,1.,0.));
#4490 = ORIENTED_EDGE('',*,*,#4362,.F.);
#4491 = ORIENTED_EDGE('',*,*,#4492,.T.);
#4492 = EDGE_CURVE('',#4363,#4493,#4495,.T.);
#4493 = VERTEX_POINT('',#4494);
#4494 = CARTESIAN_POINT('',(4.67,-1.14,-4.23));
#4495 = LINE('',#4496,#4497);
#4496 = CARTESIAN_POINT('',(4.67,-1.74,-4.23));
#4497 = VECTOR('',#4498,1.);
#4498 = DIRECTION('',(0.,1.,0.));
#4499 = ORIENTED_EDGE('',*,*,#4500,.F.);
#4500 = EDGE_CURVE('',#4501,#4493,#4503,.T.);
#4501 = VERTEX_POINT('',#4502);
#4502 = CARTESIAN_POINT('',(5.47,-1.14,-4.23));
#4503 = LINE('',#4504,#4505);
#4504 = CARTESIAN_POINT('',(5.47,-1.14,-4.23));
#4505 = VECTOR('',#4506,1.);
#4506 = DIRECTION('',(-1.,0.,0.));
#4507 = ORIENTED_EDGE('',*,*,#4508,.T.);
#4508 = EDGE_CURVE('',#4501,#4509,#4511,.T.);
#4509 = VERTEX_POINT('',#4510);
#4510 = CARTESIAN_POINT('',(5.47,1.14,-4.23));
#4511 = LINE('',#4512,#4513);
#4512 = CARTESIAN_POINT('',(5.47,-1.14,-4.23));
#4513 = VECTOR('',#4514,1.);
#4514 = DIRECTION('',(0.,1.,0.));
#4515 = ORIENTED_EDGE('',*,*,#4516,.T.);
#4516 = EDGE_CURVE('',#4509,#4517,#4519,.T.);
#4517 = VERTEX_POINT('',#4518);
#4518 = CARTESIAN_POINT('',(4.67,1.14,-4.23));
#4519 = LINE('',#4520,#4521);
#4520 = CARTESIAN_POINT('',(5.47,1.14,-4.23));
#4521 = VECTOR('',#4522,1.);
#4522 = DIRECTION('',(-1.,0.,0.));
#4523 = ORIENTED_EDGE('',*,*,#4524,.F.);
#4524 = EDGE_CURVE('',#4525,#4517,#4527,.T.);
#4525 = VERTEX_POINT('',#4526);
#4526 = CARTESIAN_POINT('',(4.67,1.74,-4.23));
#4527 = LINE('',#4528,#4529);
#4528 = CARTESIAN_POINT('',(4.67,1.74,-4.23));
#4529 = VECTOR('',#4530,1.);
#4530 = DIRECTION('',(0.,-1.,0.));
#4531 = ORIENTED_EDGE('',*,*,#4532,.T.);
#4532 = EDGE_CURVE('',#4525,#4435,#4533,.T.);
#4533 = LINE('',#4534,#4535);
#4534 = CARTESIAN_POINT('',(4.67,1.74,-4.23));
#4535 = VECTOR('',#4536,1.);
#4536 = DIRECTION('',(-1.,0.,0.));
#4537 = FACE_BOUND('',#4538,.F.);
#4538 = EDGE_LOOP('',(#4539,#4549,#4557,#4565));
#4539 = ORIENTED_EDGE('',*,*,#4540,.T.);
#4540 = EDGE_CURVE('',#4541,#4543,#4545,.T.);
#4541 = VERTEX_POINT('',#4542);
#4542 = CARTESIAN_POINT('',(0.9325,-0.3175,-4.23));
#4543 = VERTEX_POINT('',#4544);
#4544 = CARTESIAN_POINT('',(0.9325,0.3175,-4.23));
#4545 = LINE('',#4546,#4547);
#4546 = CARTESIAN_POINT('',(0.9325,-0.3175,-4.23));
#4547 = VECTOR('',#4548,1.);
#4548 = DIRECTION('',(0.,1.,0.));
#4549 = ORIENTED_EDGE('',*,*,#4550,.T.);
#4550 = EDGE_CURVE('',#4543,#4551,#4553,.T.);
#4551 = VERTEX_POINT('',#4552);
#4552 = CARTESIAN_POINT('',(1.5675,0.3175,-4.23));
#4553 = LINE('',#4554,#4555);
#4554 = CARTESIAN_POINT('',(0.9325,0.3175,-4.23));
#4555 = VECTOR('',#4556,1.);
#4556 = DIRECTION('',(1.,0.,0.));
#4557 = ORIENTED_EDGE('',*,*,#4558,.F.);
#4558 = EDGE_CURVE('',#4559,#4551,#4561,.T.);
#4559 = VERTEX_POINT('',#4560);
#4560 = CARTESIAN_POINT('',(1.5675,-0.3175,-4.23));
#4561 = LINE('',#4562,#4563);
#4562 = CARTESIAN_POINT('',(1.5675,-0.3175,-4.23));
#4563 = VECTOR('',#4564,1.);
#4564 = DIRECTION('',(0.,1.,0.));
#4565 = ORIENTED_EDGE('',*,*,#4566,.F.);
#4566 = EDGE_CURVE('',#4541,#4559,#4567,.T.);
#4567 = LINE('',#4568,#4569);
#4568 = CARTESIAN_POINT('',(0.9325,-0.3175,-4.23));
#4569 = VECTOR('',#4570,1.);
#4570 = DIRECTION('',(1.,0.,0.));
#4571 = FACE_BOUND('',#4572,.F.);
#4572 = EDGE_LOOP('',(#4573,#4583,#4591,#4599));
#4573 = ORIENTED_EDGE('',*,*,#4574,.T.);
#4574 = EDGE_CURVE('',#4575,#4577,#4579,.T.);
#4575 = VERTEX_POINT('',#4576);
#4576 = CARTESIAN_POINT('',(-1.5675,-0.3175,-4.23));
#4577 = VERTEX_POINT('',#4578);
#4578 = CARTESIAN_POINT('',(-1.5675,0.3175,-4.23));
#4579 = LINE('',#4580,#4581);
#4580 = CARTESIAN_POINT('',(-1.5675,-0.3175,-4.23));
#4581 = VECTOR('',#4582,1.);
#4582 = DIRECTION('',(0.,1.,0.));
#4583 = ORIENTED_EDGE('',*,*,#4584,.T.);
#4584 = EDGE_CURVE('',#4577,#4585,#4587,.T.);
#4585 = VERTEX_POINT('',#4586);
#4586 = CARTESIAN_POINT('',(-0.9325,0.3175,-4.23));
#4587 = LINE('',#4588,#4589);
#4588 = CARTESIAN_POINT('',(-1.5675,0.3175,-4.23));
#4589 = VECTOR('',#4590,1.);
#4590 = DIRECTION('',(1.,0.,0.));
#4591 = ORIENTED_EDGE('',*,*,#4592,.F.);
#4592 = EDGE_CURVE('',#4593,#4585,#4595,.T.);
#4593 = VERTEX_POINT('',#4594);
#4594 = CARTESIAN_POINT('',(-0.9325,-0.3175,-4.23));
#4595 = LINE('',#4596,#4597);
#4596 = CARTESIAN_POINT('',(-0.9325,-0.3175,-4.23));
#4597 = VECTOR('',#4598,1.);
#4598 = DIRECTION('',(0.,1.,0.));
#4599 = ORIENTED_EDGE('',*,*,#4600,.F.);
#4600 = EDGE_CURVE('',#4575,#4593,#4601,.T.);
#4601 = LINE('',#4602,#4603);
#4602 = CARTESIAN_POINT('',(-1.5675,-0.3175,-4.23));
#4603 = VECTOR('',#4604,1.);
#4604 = DIRECTION('',(1.,0.,0.));
#4605 = FACE_BOUND('',#4606,.F.);
#4606 = EDGE_LOOP('',(#4607,#4617,#4625,#4633));
#4607 = ORIENTED_EDGE('',*,*,#4608,.T.);
#4608 = EDGE_CURVE('',#4609,#4611,#4613,.T.);
#4609 = VERTEX_POINT('',#4610);
#4610 = CARTESIAN_POINT('',(-4.0675,-0.3175,-4.23));
#4611 = VERTEX_POINT('',#4612);
#4612 = CARTESIAN_POINT('',(-4.0675,0.3175,-4.23));
#4613 = LINE('',#4614,#4615);
#4614 = CARTESIAN_POINT('',(-4.0675,-0.3175,-4.23));
#4615 = VECTOR('',#4616,1.);
#4616 = DIRECTION('',(0.,1.,0.));
#4617 = ORIENTED_EDGE('',*,*,#4618,.T.);
#4618 = EDGE_CURVE('',#4611,#4619,#4621,.T.);
#4619 = VERTEX_POINT('',#4620);
#4620 = CARTESIAN_POINT('',(-3.4325,0.3175,-4.23));
#4621 = LINE('',#4622,#4623);
#4622 = CARTESIAN_POINT('',(-4.0675,0.3175,-4.23));
#4623 = VECTOR('',#4624,1.);
#4624 = DIRECTION('',(1.,0.,0.));
#4625 = ORIENTED_EDGE('',*,*,#4626,.F.);
#4626 = EDGE_CURVE('',#4627,#4619,#4629,.T.);
#4627 = VERTEX_POINT('',#4628);
#4628 = CARTESIAN_POINT('',(-3.4325,-0.3175,-4.23));
#4629 = LINE('',#4630,#4631);
#4630 = CARTESIAN_POINT('',(-3.4325,-0.3175,-4.23));
#4631 = VECTOR('',#4632,1.);
#4632 = DIRECTION('',(0.,1.,0.));
#4633 = ORIENTED_EDGE('',*,*,#4634,.F.);
#4634 = EDGE_CURVE('',#4609,#4627,#4635,.T.);
#4635 = LINE('',#4636,#4637);
#4636 = CARTESIAN_POINT('',(-4.0675,-0.3175,-4.23));
#4637 = VECTOR('',#4638,1.);
#4638 = DIRECTION('',(1.,0.,0.));
#4639 = FACE_BOUND('',#4640,.F.);
#4640 = EDGE_LOOP('',(#4641,#4651,#4659,#4667));
#4641 = ORIENTED_EDGE('',*,*,#4642,.T.);
#4642 = EDGE_CURVE('',#4643,#4645,#4647,.T.);
#4643 = VERTEX_POINT('',#4644);
#4644 = CARTESIAN_POINT('',(3.4325,-0.3175,-4.23));
#4645 = VERTEX_POINT('',#4646);
#4646 = CARTESIAN_POINT('',(3.4325,0.3175,-4.23));
#4647 = LINE('',#4648,#4649);
#4648 = CARTESIAN_POINT('',(3.4325,-0.3175,-4.23));
#4649 = VECTOR('',#4650,1.);
#4650 = DIRECTION('',(0.,1.,0.));
#4651 = ORIENTED_EDGE('',*,*,#4652,.T.);
#4652 = EDGE_CURVE('',#4645,#4653,#4655,.T.);
#4653 = VERTEX_POINT('',#4654);
#4654 = CARTESIAN_POINT('',(4.0675,0.3175,-4.23));
#4655 = LINE('',#4656,#4657);
#4656 = CARTESIAN_POINT('',(3.4325,0.3175,-4.23));
#4657 = VECTOR('',#4658,1.);
#4658 = DIRECTION('',(1.,0.,0.));
#4659 = ORIENTED_EDGE('',*,*,#4660,.F.);
#4660 = EDGE_CURVE('',#4661,#4653,#4663,.T.);
#4661 = VERTEX_POINT('',#4662);
#4662 = CARTESIAN_POINT('',(4.0675,-0.3175,-4.23));
#4663 = LINE('',#4664,#4665);
#4664 = CARTESIAN_POINT('',(4.0675,-0.3175,-4.23));
#4665 = VECTOR('',#4666,1.);
#4666 = DIRECTION('',(0.,1.,0.));
#4667 = ORIENTED_EDGE('',*,*,#4668,.F.);
#4668 = EDGE_CURVE('',#4643,#4661,#4669,.T.);
#4669 = LINE('',#4670,#4671);
#4670 = CARTESIAN_POINT('',(3.4325,-0.3175,-4.23));
#4671 = VECTOR('',#4672,1.);
#4672 = DIRECTION('',(1.,0.,0.));
#4673 = PLANE('',#4674);
#4674 = AXIS2_PLACEMENT_3D('',#4675,#4676,#4677);
#4675 = CARTESIAN_POINT('',(5.47,-1.74,-4.23));
#4676 = DIRECTION('',(0.,0.,-1.));
#4677 = DIRECTION('',(-1.,0.,0.));
#4678 = ADVANCED_FACE('',(#4679),#4713,.F.);
#4679 = FACE_BOUND('',#4680,.F.);
#4680 = EDGE_LOOP('',(#4681,#4691,#4699,#4707));
#4681 = ORIENTED_EDGE('',*,*,#4682,.F.);
#4682 = EDGE_CURVE('',#4683,#4685,#4687,.T.);
#4683 = VERTEX_POINT('',#4684);
#4684 = CARTESIAN_POINT('',(3.4325,-0.3175,2.22));
#4685 = VERTEX_POINT('',#4686);
#4686 = CARTESIAN_POINT('',(3.4325,0.3175,2.22));
#4687 = LINE('',#4688,#4689);
#4688 = CARTESIAN_POINT('',(3.4325,-0.3175,2.22));
#4689 = VECTOR('',#4690,1.);
#4690 = DIRECTION('',(0.,1.,0.));
#4691 = ORIENTED_EDGE('',*,*,#4692,.T.);
#4692 = EDGE_CURVE('',#4683,#4693,#4695,.T.);
#4693 = VERTEX_POINT('',#4694);
#4694 = CARTESIAN_POINT('',(3.4325,-0.3175,-1.77));
#4695 = LINE('',#4696,#4697);
#4696 = CARTESIAN_POINT('',(3.4325,-0.3175,2.22));
#4697 = VECTOR('',#4698,1.);
#4698 = DIRECTION('',(0.,0.,-1.));
#4699 = ORIENTED_EDGE('',*,*,#4700,.T.);
#4700 = EDGE_CURVE('',#4693,#4701,#4703,.T.);
#4701 = VERTEX_POINT('',#4702);
#4702 = CARTESIAN_POINT('',(3.4325,0.3175,-1.77));
#4703 = LINE('',#4704,#4705);
#4704 = CARTESIAN_POINT('',(3.4325,-0.3175,-1.77));
#4705 = VECTOR('',#4706,1.);
#4706 = DIRECTION('',(0.,1.,0.));
#4707 = ORIENTED_EDGE('',*,*,#4708,.T.);
#4708 = EDGE_CURVE('',#4701,#4685,#4709,.T.);
#4709 = LINE('',#4710,#4711);
#4710 = CARTESIAN_POINT('',(3.4325,0.3175,-1.77));
#4711 = VECTOR('',#4712,1.);
#4712 = DIRECTION('',(0.,0.,1.));
#4713 = PLANE('',#4714);
#4714 = AXIS2_PLACEMENT_3D('',#4715,#4716,#4717);
#4715 = CARTESIAN_POINT('',(3.4325,-1.74,0.));
#4716 = DIRECTION('',(1.,0.,0.));
#4717 = DIRECTION('',(0.,0.,-1.));
#4718 = ADVANCED_FACE('',(#4719),#4814,.F.);
#4719 = FACE_BOUND('',#4720,.F.);
#4720 = EDGE_LOOP('',(#4721,#4729,#4738,#4747,#4756,#4764,#4772,#4780,
    #4789,#4798,#4807,#4813));
#4721 = ORIENTED_EDGE('',*,*,#4722,.F.);
#4722 = EDGE_CURVE('',#4723,#4643,#4725,.T.);
#4723 = VERTEX_POINT('',#4724);
#4724 = CARTESIAN_POINT('',(3.4325,-0.3175,-4.78640916408));
#4725 = LINE('',#4726,#4727);
#4726 = CARTESIAN_POINT('',(3.4325,-0.3175,-4.78640916408));
#4727 = VECTOR('',#4728,1.);
#4728 = DIRECTION('',(0.,0.,1.));
#4729 = ORIENTED_EDGE('',*,*,#4730,.T.);
#4730 = EDGE_CURVE('',#4723,#4731,#4733,.T.);
#4731 = VERTEX_POINT('',#4732);
#4732 = CARTESIAN_POINT('',(3.4325,-0.416290170132,-5.220930445781));
#4733 = CIRCLE('',#4734,1.005);
#4734 = AXIS2_PLACEMENT_3D('',#4735,#4736,#4737);
#4735 = CARTESIAN_POINT('',(3.4325,-1.3225,-4.78640916408));
#4736 = DIRECTION('',(-1.,0.,0.));
#4737 = DIRECTION('',(0.,1.,0.));
#4738 = ORIENTED_EDGE('',*,*,#4739,.T.);
#4739 = EDGE_CURVE('',#4731,#4740,#4742,.T.);
#4740 = VERTEX_POINT('',#4741);
#4741 = CARTESIAN_POINT('',(3.4325,-0.416290170132,-6.639069554219));
#4742 = CIRCLE('',#4743,1.64);
#4743 = AXIS2_PLACEMENT_3D('',#4744,#4745,#4746);
#4744 = CARTESIAN_POINT('',(3.4325,1.0625,-5.93));
#4745 = DIRECTION('',(1.,0.,0.));
#4746 = DIRECTION('',(0.,-0.901701323251,0.43235948428));
#4747 = ORIENTED_EDGE('',*,*,#4748,.T.);
#4748 = EDGE_CURVE('',#4740,#4749,#4751,.T.);
#4749 = VERTEX_POINT('',#4750);
#4750 = CARTESIAN_POINT('',(3.4325,-0.3175,-7.07359083592));
#4751 = CIRCLE('',#4752,1.005);
#4752 = AXIS2_PLACEMENT_3D('',#4753,#4754,#4755);
#4753 = CARTESIAN_POINT('',(3.4325,-1.3225,-7.07359083592));
#4754 = DIRECTION('',(-1.,0.,0.));
#4755 = DIRECTION('',(0.,0.901701323251,0.43235948428));
#4756 = ORIENTED_EDGE('',*,*,#4757,.F.);
#4757 = EDGE_CURVE('',#4758,#4749,#4760,.T.);
#4758 = VERTEX_POINT('',#4759);
#4759 = CARTESIAN_POINT('',(3.4325,-0.3175,-7.48));
#4760 = LINE('',#4761,#4762);
#4761 = CARTESIAN_POINT('',(3.4325,-0.3175,-7.48));
#4762 = VECTOR('',#4763,1.);
#4763 = DIRECTION('',(0.,0.,1.));
#4764 = ORIENTED_EDGE('',*,*,#4765,.F.);
#4765 = EDGE_CURVE('',#4766,#4758,#4768,.T.);
#4766 = VERTEX_POINT('',#4767);
#4767 = CARTESIAN_POINT('',(3.4325,0.3175,-7.48));
#4768 = LINE('',#4769,#4770);
#4769 = CARTESIAN_POINT('',(3.4325,0.3175,-7.48));
#4770 = VECTOR('',#4771,1.);
#4771 = DIRECTION('',(0.,-1.,0.));
#4772 = ORIENTED_EDGE('',*,*,#4773,.F.);
#4773 = EDGE_CURVE('',#4774,#4766,#4776,.T.);
#4774 = VERTEX_POINT('',#4775);
#4775 = CARTESIAN_POINT('',(3.4325,0.3175,-7.07359083592));
#4776 = LINE('',#4777,#4778);
#4777 = CARTESIAN_POINT('',(3.4325,0.3175,-7.07359083592));
#4778 = VECTOR('',#4779,1.);
#4779 = DIRECTION('',(0.,0.,-1.));
#4780 = ORIENTED_EDGE('',*,*,#4781,.T.);
#4781 = EDGE_CURVE('',#4774,#4782,#4784,.T.);
#4782 = VERTEX_POINT('',#4783);
#4783 = CARTESIAN_POINT('',(3.4325,0.156290170132,-6.364521281701));
#4784 = CIRCLE('',#4785,1.64);
#4785 = AXIS2_PLACEMENT_3D('',#4786,#4787,#4788);
#4786 = CARTESIAN_POINT('',(3.4325,-1.3225,-7.07359083592));
#4787 = DIRECTION('',(1.,0.,0.));
#4788 = DIRECTION('',(-0.,1.,0.));
#4789 = ORIENTED_EDGE('',*,*,#4790,.T.);
#4790 = EDGE_CURVE('',#4782,#4791,#4793,.T.);
#4791 = VERTEX_POINT('',#4792);
#4792 = CARTESIAN_POINT('',(3.4325,0.156290170132,-5.495478718299));
#4793 = CIRCLE('',#4794,1.005);
#4794 = AXIS2_PLACEMENT_3D('',#4795,#4796,#4797);
#4795 = CARTESIAN_POINT('',(3.4325,1.0625,-5.93));
#4796 = DIRECTION('',(-1.,0.,0.));
#4797 = DIRECTION('',(-0.,-0.901701323251,-0.43235948428));
#4798 = ORIENTED_EDGE('',*,*,#4799,.T.);
#4799 = EDGE_CURVE('',#4791,#4800,#4802,.T.);
#4800 = VERTEX_POINT('',#4801);
#4801 = CARTESIAN_POINT('',(3.4325,0.3175,-4.78640916408));
#4802 = CIRCLE('',#4803,1.64);
#4803 = AXIS2_PLACEMENT_3D('',#4804,#4805,#4806);
#4804 = CARTESIAN_POINT('',(3.4325,-1.3225,-4.78640916408));
#4805 = DIRECTION('',(1.,0.,0.));
#4806 = DIRECTION('',(0.,0.901701323251,-0.43235948428));
#4807 = ORIENTED_EDGE('',*,*,#4808,.F.);
#4808 = EDGE_CURVE('',#4645,#4800,#4809,.T.);
#4809 = LINE('',#4810,#4811);
#4810 = CARTESIAN_POINT('',(3.4325,0.3175,-4.23));
#4811 = VECTOR('',#4812,1.);
#4812 = DIRECTION('',(0.,0.,-1.));
#4813 = ORIENTED_EDGE('',*,*,#4642,.F.);
#4814 = PLANE('',#4815);
#4815 = AXIS2_PLACEMENT_3D('',#4816,#4817,#4818);
#4816 = CARTESIAN_POINT('',(3.4325,-1.74,0.));
#4817 = DIRECTION('',(1.,0.,0.));
#4818 = DIRECTION('',(0.,0.,-1.));
#4819 = ADVANCED_FACE('',(#4820),#4845,.T.);
#4820 = FACE_BOUND('',#4821,.F.);
#4821 = EDGE_LOOP('',(#4822,#4832,#4838,#4839));
#4822 = ORIENTED_EDGE('',*,*,#4823,.F.);
#4823 = EDGE_CURVE('',#4824,#4826,#4828,.T.);
#4824 = VERTEX_POINT('',#4825);
#4825 = CARTESIAN_POINT('',(3.5825,-0.1675,2.77));
#4826 = VERTEX_POINT('',#4827);
#4827 = CARTESIAN_POINT('',(3.5825,0.1675,2.77));
#4828 = LINE('',#4829,#4830);
#4829 = CARTESIAN_POINT('',(3.5825,-0.1675,2.77));
#4830 = VECTOR('',#4831,1.);
#4831 = DIRECTION('',(0.,1.,0.));
#4832 = ORIENTED_EDGE('',*,*,#4833,.T.);
#4833 = EDGE_CURVE('',#4824,#4683,#4834,.T.);
#4834 = LINE('',#4835,#4836);
#4835 = CARTESIAN_POINT('',(3.5825,-0.1675,2.77));
#4836 = VECTOR('',#4837,1.);
#4837 = DIRECTION('',(-0.254456678904,-0.254456678904,-0.933007822648));
#4838 = ORIENTED_EDGE('',*,*,#4682,.T.);
#4839 = ORIENTED_EDGE('',*,*,#4840,.T.);
#4840 = EDGE_CURVE('',#4685,#4826,#4841,.T.);
#4841 = LINE('',#4842,#4843);
#4842 = CARTESIAN_POINT('',(3.4325,0.3175,2.22));
#4843 = VECTOR('',#4844,1.);
#4844 = DIRECTION('',(0.254456678904,-0.254456678904,0.933007822648));
#4845 = PLANE('',#4846);
#4846 = AXIS2_PLACEMENT_3D('',#4847,#4848,#4849);
#4847 = CARTESIAN_POINT('',(3.5075,0.,2.495));
#4848 = DIRECTION('',(-0.964763821238,0.,0.263117405792));
#4849 = DIRECTION('',(0.263117405792,0.,0.964763821238));
#4850 = ADVANCED_FACE('',(#4851),#4876,.T.);
#4851 = FACE_BOUND('',#4852,.F.);
#4852 = EDGE_LOOP('',(#4853,#4861,#4869,#4875));
#4853 = ORIENTED_EDGE('',*,*,#4854,.F.);
#4854 = EDGE_CURVE('',#4855,#4826,#4857,.T.);
#4855 = VERTEX_POINT('',#4856);
#4856 = CARTESIAN_POINT('',(3.9175,0.1675,2.77));
#4857 = LINE('',#4858,#4859);
#4858 = CARTESIAN_POINT('',(3.9175,0.1675,2.77));
#4859 = VECTOR('',#4860,1.);
#4860 = DIRECTION('',(-1.,0.,0.));
#4861 = ORIENTED_EDGE('',*,*,#4862,.T.);
#4862 = EDGE_CURVE('',#4855,#4863,#4865,.T.);
#4863 = VERTEX_POINT('',#4864);
#4864 = CARTESIAN_POINT('',(3.9175,-0.1675,2.77));
#4865 = LINE('',#4866,#4867);
#4866 = CARTESIAN_POINT('',(3.9175,0.1675,2.77));
#4867 = VECTOR('',#4868,1.);
#4868 = DIRECTION('',(0.,-1.,0.));
#4869 = ORIENTED_EDGE('',*,*,#4870,.T.);
#4870 = EDGE_CURVE('',#4863,#4824,#4871,.T.);
#4871 = LINE('',#4872,#4873);
#4872 = CARTESIAN_POINT('',(3.9175,-0.1675,2.77));
#4873 = VECTOR('',#4874,1.);
#4874 = DIRECTION('',(-1.,0.,0.));
#4875 = ORIENTED_EDGE('',*,*,#4823,.T.);
#4876 = PLANE('',#4877);
#4877 = AXIS2_PLACEMENT_3D('',#4878,#4879,#4880);
#4878 = CARTESIAN_POINT('',(3.4325,0.3175,2.77));
#4879 = DIRECTION('',(0.,0.,1.));
#4880 = DIRECTION('',(0.,-1.,0.));
#4881 = ADVANCED_FACE('',(#4882),#4900,.T.);
#4882 = FACE_BOUND('',#4883,.F.);
#4883 = EDGE_LOOP('',(#4884,#4885,#4886,#4894));
#4884 = ORIENTED_EDGE('',*,*,#4854,.T.);
#4885 = ORIENTED_EDGE('',*,*,#4840,.F.);
#4886 = ORIENTED_EDGE('',*,*,#4887,.F.);
#4887 = EDGE_CURVE('',#4888,#4685,#4890,.T.);
#4888 = VERTEX_POINT('',#4889);
#4889 = CARTESIAN_POINT('',(4.0675,0.3175,2.22));
#4890 = LINE('',#4891,#4892);
#4891 = CARTESIAN_POINT('',(4.0675,0.3175,2.22));
#4892 = VECTOR('',#4893,1.);
#4893 = DIRECTION('',(-1.,0.,0.));
#4894 = ORIENTED_EDGE('',*,*,#4895,.F.);
#4895 = EDGE_CURVE('',#4855,#4888,#4896,.T.);
#4896 = LINE('',#4897,#4898);
#4897 = CARTESIAN_POINT('',(3.9175,0.1675,2.77));
#4898 = VECTOR('',#4899,1.);
#4899 = DIRECTION('',(0.254456678904,0.254456678904,-0.933007822648));
#4900 = PLANE('',#4901);
#4901 = AXIS2_PLACEMENT_3D('',#4902,#4903,#4904);
#4902 = CARTESIAN_POINT('',(3.75,0.2425,2.495));
#4903 = DIRECTION('',(0.,0.964763821238,0.263117405792));
#4904 = DIRECTION('',(0.,0.263117405792,-0.964763821238));
#4905 = ADVANCED_FACE('',(#4906),#4924,.T.);
#4906 = FACE_BOUND('',#4907,.F.);
#4907 = EDGE_LOOP('',(#4908,#4909,#4910,#4918));
#4908 = ORIENTED_EDGE('',*,*,#4887,.T.);
#4909 = ORIENTED_EDGE('',*,*,#4708,.F.);
#4910 = ORIENTED_EDGE('',*,*,#4911,.T.);
#4911 = EDGE_CURVE('',#4701,#4912,#4914,.T.);
#4912 = VERTEX_POINT('',#4913);
#4913 = CARTESIAN_POINT('',(4.0675,0.3175,-1.77));
#4914 = LINE('',#4915,#4916);
#4915 = CARTESIAN_POINT('',(3.4325,0.3175,-1.77));
#4916 = VECTOR('',#4917,1.);
#4917 = DIRECTION('',(1.,0.,0.));
#4918 = ORIENTED_EDGE('',*,*,#4919,.T.);
#4919 = EDGE_CURVE('',#4912,#4888,#4920,.T.);
#4920 = LINE('',#4921,#4922);
#4921 = CARTESIAN_POINT('',(4.0675,0.3175,-1.77));
#4922 = VECTOR('',#4923,1.);
#4923 = DIRECTION('',(0.,0.,1.));
#4924 = PLANE('',#4925);
#4925 = AXIS2_PLACEMENT_3D('',#4926,#4927,#4928);
#4926 = CARTESIAN_POINT('',(3.4325,0.3175,-8.03));
#4927 = DIRECTION('',(0.,1.,0.));
#4928 = DIRECTION('',(0.,-0.,1.));
#4929 = ADVANCED_FACE('',(#4930),#4948,.T.);
#4930 = FACE_BOUND('',#4931,.F.);
#4931 = EDGE_LOOP('',(#4932,#4933,#4941,#4947));
#4932 = ORIENTED_EDGE('',*,*,#4808,.T.);
#4933 = ORIENTED_EDGE('',*,*,#4934,.T.);
#4934 = EDGE_CURVE('',#4800,#4935,#4937,.T.);
#4935 = VERTEX_POINT('',#4936);
#4936 = CARTESIAN_POINT('',(4.0675,0.3175,-4.78640916408));
#4937 = LINE('',#4938,#4939);
#4938 = CARTESIAN_POINT('',(3.4325,0.3175,-4.78640916408));
#4939 = VECTOR('',#4940,1.);
#4940 = DIRECTION('',(1.,0.,0.));
#4941 = ORIENTED_EDGE('',*,*,#4942,.T.);
#4942 = EDGE_CURVE('',#4935,#4653,#4943,.T.);
#4943 = LINE('',#4944,#4945);
#4944 = CARTESIAN_POINT('',(4.0675,0.3175,-4.78640916408));
#4945 = VECTOR('',#4946,1.);
#4946 = DIRECTION('',(0.,0.,1.));
#4947 = ORIENTED_EDGE('',*,*,#4652,.F.);
#4948 = PLANE('',#4949);
#4949 = AXIS2_PLACEMENT_3D('',#4950,#4951,#4952);
#4950 = CARTESIAN_POINT('',(3.4325,0.3175,-8.03));
#4951 = DIRECTION('',(0.,1.,0.));
#4952 = DIRECTION('',(0.,-0.,1.));
#4953 = ADVANCED_FACE('',(#4954),#4979,.T.);
#4954 = FACE_BOUND('',#4955,.F.);
#4955 = EDGE_LOOP('',(#4956,#4966,#4972,#4973));
#4956 = ORIENTED_EDGE('',*,*,#4957,.T.);
#4957 = EDGE_CURVE('',#4958,#4960,#4962,.T.);
#4958 = VERTEX_POINT('',#4959);
#4959 = CARTESIAN_POINT('',(4.0675,0.3175,-7.48));
#4960 = VERTEX_POINT('',#4961);
#4961 = CARTESIAN_POINT('',(4.0675,0.3175,-7.07359083592));
#4962 = LINE('',#4963,#4964);
#4963 = CARTESIAN_POINT('',(4.0675,0.3175,-7.48));
#4964 = VECTOR('',#4965,1.);
#4965 = DIRECTION('',(0.,0.,1.));
#4966 = ORIENTED_EDGE('',*,*,#4967,.F.);
#4967 = EDGE_CURVE('',#4774,#4960,#4968,.T.);
#4968 = LINE('',#4969,#4970);
#4969 = CARTESIAN_POINT('',(3.4325,0.3175,-7.07359083592));
#4970 = VECTOR('',#4971,1.);
#4971 = DIRECTION('',(1.,0.,0.));
#4972 = ORIENTED_EDGE('',*,*,#4773,.T.);
#4973 = ORIENTED_EDGE('',*,*,#4974,.F.);
#4974 = EDGE_CURVE('',#4958,#4766,#4975,.T.);
#4975 = LINE('',#4976,#4977);
#4976 = CARTESIAN_POINT('',(4.0675,0.3175,-7.48));
#4977 = VECTOR('',#4978,1.);
#4978 = DIRECTION('',(-1.,0.,0.));
#4979 = PLANE('',#4980);
#4980 = AXIS2_PLACEMENT_3D('',#4981,#4982,#4983);
#4981 = CARTESIAN_POINT('',(3.4325,0.3175,-8.03));
#4982 = DIRECTION('',(0.,1.,0.));
#4983 = DIRECTION('',(0.,-0.,1.));
#4984 = ADVANCED_FACE('',(#4985,#5019),#5037,.T.);
#4985 = FACE_BOUND('',#4986,.F.);
#4986 = EDGE_LOOP('',(#4987,#4997,#5005,#5013));
#4987 = ORIENTED_EDGE('',*,*,#4988,.F.);
#4988 = EDGE_CURVE('',#4989,#4991,#4993,.T.);
#4989 = VERTEX_POINT('',#4990);
#4990 = CARTESIAN_POINT('',(2.64,1.095,-1.77));
#4991 = VERTEX_POINT('',#4992);
#4992 = CARTESIAN_POINT('',(2.64,-1.095,-1.77));
#4993 = LINE('',#4994,#4995);
#4994 = CARTESIAN_POINT('',(2.64,1.095,-1.77));
#4995 = VECTOR('',#4996,1.);
#4996 = DIRECTION('',(0.,-1.,0.));
#4997 = ORIENTED_EDGE('',*,*,#4998,.F.);
#4998 = EDGE_CURVE('',#4999,#4989,#5001,.T.);
#4999 = VERTEX_POINT('',#5000);
#5000 = CARTESIAN_POINT('',(4.86,1.095,-1.77));
#5001 = LINE('',#5002,#5003);
#5002 = CARTESIAN_POINT('',(4.86,1.095,-1.77));
#5003 = VECTOR('',#5004,1.);
#5004 = DIRECTION('',(-1.,0.,0.));
#5005 = ORIENTED_EDGE('',*,*,#5006,.F.);
#5006 = EDGE_CURVE('',#5007,#4999,#5009,.T.);
#5007 = VERTEX_POINT('',#5008);
#5008 = CARTESIAN_POINT('',(4.86,-1.095,-1.77));
#5009 = LINE('',#5010,#5011);
#5010 = CARTESIAN_POINT('',(4.86,-1.095,-1.77));
#5011 = VECTOR('',#5012,1.);
#5012 = DIRECTION('',(0.,1.,0.));
#5013 = ORIENTED_EDGE('',*,*,#5014,.F.);
#5014 = EDGE_CURVE('',#4991,#5007,#5015,.T.);
#5015 = LINE('',#5016,#5017);
#5016 = CARTESIAN_POINT('',(2.64,-1.095,-1.77));
#5017 = VECTOR('',#5018,1.);
#5018 = DIRECTION('',(1.,0.,0.));
#5019 = FACE_BOUND('',#5020,.F.);
#5020 = EDGE_LOOP('',(#5021,#5022,#5030,#5036));
#5021 = ORIENTED_EDGE('',*,*,#4700,.F.);
#5022 = ORIENTED_EDGE('',*,*,#5023,.T.);
#5023 = EDGE_CURVE('',#4693,#5024,#5026,.T.);
#5024 = VERTEX_POINT('',#5025);
#5025 = CARTESIAN_POINT('',(4.0675,-0.3175,-1.77));
#5026 = LINE('',#5027,#5028);
#5027 = CARTESIAN_POINT('',(3.4325,-0.3175,-1.77));
#5028 = VECTOR('',#5029,1.);
#5029 = DIRECTION('',(1.,0.,0.));
#5030 = ORIENTED_EDGE('',*,*,#5031,.T.);
#5031 = EDGE_CURVE('',#5024,#4912,#5032,.T.);
#5032 = LINE('',#5033,#5034);
#5033 = CARTESIAN_POINT('',(4.0675,-0.3175,-1.77));
#5034 = VECTOR('',#5035,1.);
#5035 = DIRECTION('',(0.,1.,0.));
#5036 = ORIENTED_EDGE('',*,*,#4911,.F.);
#5037 = PLANE('',#5038);
#5038 = AXIS2_PLACEMENT_3D('',#5039,#5040,#5041);
#5039 = CARTESIAN_POINT('',(0.,-1.74,-1.77));
#5040 = DIRECTION('',(0.,0.,1.));
#5041 = DIRECTION('',(1.,0.,-0.));
#5042 = ADVANCED_FACE('',(#5043),#5092,.F.);
#5043 = FACE_BOUND('',#5044,.F.);
#5044 = EDGE_LOOP('',(#5045,#5055,#5063,#5071,#5079,#5085,#5086));
#5045 = ORIENTED_EDGE('',*,*,#5046,.T.);
#5046 = EDGE_CURVE('',#5047,#5049,#5051,.T.);
#5047 = VERTEX_POINT('',#5048);
#5048 = CARTESIAN_POINT('',(2.64,-1.095,-7.E-02));
#5049 = VERTEX_POINT('',#5050);
#5050 = CARTESIAN_POINT('',(2.64,-0.385,-7.E-02));
#5051 = LINE('',#5052,#5053);
#5052 = CARTESIAN_POINT('',(2.64,-1.095,-7.E-02));
#5053 = VECTOR('',#5054,1.);
#5054 = DIRECTION('',(0.,1.,0.));
#5055 = ORIENTED_EDGE('',*,*,#5056,.T.);
#5056 = EDGE_CURVE('',#5049,#5057,#5059,.T.);
#5057 = VERTEX_POINT('',#5058);
#5058 = CARTESIAN_POINT('',(2.64,-0.385,3.63));
#5059 = LINE('',#5060,#5061);
#5060 = CARTESIAN_POINT('',(2.64,-0.385,-7.E-02));
#5061 = VECTOR('',#5062,1.);
#5062 = DIRECTION('',(0.,0.,1.));
#5063 = ORIENTED_EDGE('',*,*,#5064,.T.);
#5064 = EDGE_CURVE('',#5057,#5065,#5067,.T.);
#5065 = VERTEX_POINT('',#5066);
#5066 = CARTESIAN_POINT('',(2.64,0.215,4.23));
#5067 = LINE('',#5068,#5069);
#5068 = CARTESIAN_POINT('',(2.64,-0.385,3.63));
#5069 = VECTOR('',#5070,1.);
#5070 = DIRECTION('',(0.,0.707106781187,0.707106781187));
#5071 = ORIENTED_EDGE('',*,*,#5072,.F.);
#5072 = EDGE_CURVE('',#5073,#5065,#5075,.T.);
#5073 = VERTEX_POINT('',#5074);
#5074 = CARTESIAN_POINT('',(2.64,1.095,4.23));
#5075 = LINE('',#5076,#5077);
#5076 = CARTESIAN_POINT('',(2.64,1.095,4.23));
#5077 = VECTOR('',#5078,1.);
#5078 = DIRECTION('',(0.,-1.,0.));
#5079 = ORIENTED_EDGE('',*,*,#5080,.T.);
#5080 = EDGE_CURVE('',#5073,#4989,#5081,.T.);
#5081 = LINE('',#5082,#5083);
#5082 = CARTESIAN_POINT('',(2.64,1.095,4.23));
#5083 = VECTOR('',#5084,1.);
#5084 = DIRECTION('',(0.,0.,-1.));
#5085 = ORIENTED_EDGE('',*,*,#4988,.T.);
#5086 = ORIENTED_EDGE('',*,*,#5087,.F.);
#5087 = EDGE_CURVE('',#5047,#4991,#5088,.T.);
#5088 = LINE('',#5089,#5090);
#5089 = CARTESIAN_POINT('',(2.64,-1.095,-7.E-02));
#5090 = VECTOR('',#5091,1.);
#5091 = DIRECTION('',(0.,0.,-1.));
#5092 = PLANE('',#5093);
#5093 = AXIS2_PLACEMENT_3D('',#5094,#5095,#5096);
#5094 = CARTESIAN_POINT('',(2.64,1.095,4.23));
#5095 = DIRECTION('',(-1.,0.,0.));
#5096 = DIRECTION('',(0.,-1.,0.));
#5097 = ADVANCED_FACE('',(#5098),#5123,.F.);
#5098 = FACE_BOUND('',#5099,.F.);
#5099 = EDGE_LOOP('',(#5100,#5101,#5109,#5117));
#5100 = ORIENTED_EDGE('',*,*,#5046,.F.);
#5101 = ORIENTED_EDGE('',*,*,#5102,.T.);
#5102 = EDGE_CURVE('',#5047,#5103,#5105,.T.);
#5103 = VERTEX_POINT('',#5104);
#5104 = CARTESIAN_POINT('',(2.36,-1.095,-7.E-02));
#5105 = LINE('',#5106,#5107);
#5106 = CARTESIAN_POINT('',(2.64,-1.095,-7.E-02));
#5107 = VECTOR('',#5108,1.);
#5108 = DIRECTION('',(-1.,0.,0.));
#5109 = ORIENTED_EDGE('',*,*,#5110,.T.);
#5110 = EDGE_CURVE('',#5103,#5111,#5113,.T.);
#5111 = VERTEX_POINT('',#5112);
#5112 = CARTESIAN_POINT('',(2.36,-0.385,-7.E-02));
#5113 = LINE('',#5114,#5115);
#5114 = CARTESIAN_POINT('',(2.36,-1.095,-7.E-02));
#5115 = VECTOR('',#5116,1.);
#5116 = DIRECTION('',(0.,1.,0.));
#5117 = ORIENTED_EDGE('',*,*,#5118,.F.);
#5118 = EDGE_CURVE('',#5049,#5111,#5119,.T.);
#5119 = LINE('',#5120,#5121);
#5120 = CARTESIAN_POINT('',(2.64,-0.385,-7.E-02));
#5121 = VECTOR('',#5122,1.);
#5122 = DIRECTION('',(-1.,0.,0.));
#5123 = PLANE('',#5124);
#5124 = AXIS2_PLACEMENT_3D('',#5125,#5126,#5127);
#5125 = CARTESIAN_POINT('',(3.75,-1.095,-7.E-02));
#5126 = DIRECTION('',(0.,0.,-1.));
#5127 = DIRECTION('',(0.,1.,0.));
#5128 = ADVANCED_FACE('',(#5129),#5172,.F.);
#5129 = FACE_BOUND('',#5130,.F.);
#5130 = EDGE_LOOP('',(#5131,#5141,#5149,#5157,#5163,#5164,#5165,#5166));
#5131 = ORIENTED_EDGE('',*,*,#5132,.T.);
#5132 = EDGE_CURVE('',#5133,#5135,#5137,.T.);
#5133 = VERTEX_POINT('',#5134);
#5134 = CARTESIAN_POINT('',(4.86,-1.095,4.23));
#5135 = VERTEX_POINT('',#5136);
#5136 = CARTESIAN_POINT('',(0.14,-1.095,4.23));
#5137 = LINE('',#5138,#5139);
#5138 = CARTESIAN_POINT('',(4.86,-1.095,4.23));
#5139 = VECTOR('',#5140,1.);
#5140 = DIRECTION('',(-1.,0.,0.));
#5141 = ORIENTED_EDGE('',*,*,#5142,.T.);
#5142 = EDGE_CURVE('',#5135,#5143,#5145,.T.);
#5143 = VERTEX_POINT('',#5144);
#5144 = CARTESIAN_POINT('',(0.14,-1.095,-1.77));
#5145 = LINE('',#5146,#5147);
#5146 = CARTESIAN_POINT('',(0.14,-1.095,4.23));
#5147 = VECTOR('',#5148,1.);
#5148 = DIRECTION('',(0.,0.,-1.));
#5149 = ORIENTED_EDGE('',*,*,#5150,.T.);
#5150 = EDGE_CURVE('',#5143,#5151,#5153,.T.);
#5151 = VERTEX_POINT('',#5152);
#5152 = CARTESIAN_POINT('',(2.36,-1.095,-1.77));
#5153 = LINE('',#5154,#5155);
#5154 = CARTESIAN_POINT('',(0.14,-1.095,-1.77));
#5155 = VECTOR('',#5156,1.);
#5156 = DIRECTION('',(1.,0.,0.));
#5157 = ORIENTED_EDGE('',*,*,#5158,.F.);
#5158 = EDGE_CURVE('',#5103,#5151,#5159,.T.);
#5159 = LINE('',#5160,#5161);
#5160 = CARTESIAN_POINT('',(2.36,-1.095,-7.E-02));
#5161 = VECTOR('',#5162,1.);
#5162 = DIRECTION('',(0.,0.,-1.));
#5163 = ORIENTED_EDGE('',*,*,#5102,.F.);
#5164 = ORIENTED_EDGE('',*,*,#5087,.T.);
#5165 = ORIENTED_EDGE('',*,*,#5014,.T.);
#5166 = ORIENTED_EDGE('',*,*,#5167,.F.);
#5167 = EDGE_CURVE('',#5133,#5007,#5168,.T.);
#5168 = LINE('',#5169,#5170);
#5169 = CARTESIAN_POINT('',(4.86,-1.095,4.23));
#5170 = VECTOR('',#5171,1.);
#5171 = DIRECTION('',(0.,0.,-1.));
#5172 = PLANE('',#5173);
#5173 = AXIS2_PLACEMENT_3D('',#5174,#5175,#5176);
#5174 = CARTESIAN_POINT('',(2.64,-1.095,4.23));
#5175 = DIRECTION('',(0.,-1.,0.));
#5176 = DIRECTION('',(1.,0.,0.));
#5177 = ADVANCED_FACE('',(#5178,#5377),#5411,.T.);
#5178 = FACE_BOUND('',#5179,.F.);
#5179 = EDGE_LOOP('',(#5180,#5190,#5198,#5206,#5214,#5222,#5230,#5238,
    #5246,#5254,#5262,#5268,#5269,#5277,#5283,#5284,#5292,#5300,#5308,
    #5316,#5324,#5332,#5340,#5346,#5347,#5355,#5363,#5371));
#5180 = ORIENTED_EDGE('',*,*,#5181,.T.);
#5181 = EDGE_CURVE('',#5182,#5184,#5186,.T.);
#5182 = VERTEX_POINT('',#5183);
#5183 = CARTESIAN_POINT('',(-2.2,2.56,4.23));
#5184 = VERTEX_POINT('',#5185);
#5185 = CARTESIAN_POINT('',(-2.2,1.095,4.23));
#5186 = LINE('',#5187,#5188);
#5187 = CARTESIAN_POINT('',(-2.2,2.56,4.23));
#5188 = VECTOR('',#5189,1.);
#5189 = DIRECTION('',(0.,-1.,0.));
#5190 = ORIENTED_EDGE('',*,*,#5191,.T.);
#5191 = EDGE_CURVE('',#5184,#5192,#5194,.T.);
#5192 = VERTEX_POINT('',#5193);
#5193 = CARTESIAN_POINT('',(-2.36,1.095,4.23));
#5194 = LINE('',#5195,#5196);
#5195 = CARTESIAN_POINT('',(-2.2,1.095,4.23));
#5196 = VECTOR('',#5197,1.);
#5197 = DIRECTION('',(-1.,0.,0.));
#5198 = ORIENTED_EDGE('',*,*,#5199,.T.);
#5199 = EDGE_CURVE('',#5192,#5200,#5202,.T.);
#5200 = VERTEX_POINT('',#5201);
#5201 = CARTESIAN_POINT('',(-2.36,-1.095,4.23));
#5202 = LINE('',#5203,#5204);
#5203 = CARTESIAN_POINT('',(-2.36,1.095,4.23));
#5204 = VECTOR('',#5205,1.);
#5205 = DIRECTION('',(0.,-1.,0.));
#5206 = ORIENTED_EDGE('',*,*,#5207,.T.);
#5207 = EDGE_CURVE('',#5200,#5208,#5210,.T.);
#5208 = VERTEX_POINT('',#5209);
#5209 = CARTESIAN_POINT('',(-0.14,-1.095,4.23));
#5210 = LINE('',#5211,#5212);
#5211 = CARTESIAN_POINT('',(-2.36,-1.095,4.23));
#5212 = VECTOR('',#5213,1.);
#5213 = DIRECTION('',(1.,0.,0.));
#5214 = ORIENTED_EDGE('',*,*,#5215,.T.);
#5215 = EDGE_CURVE('',#5208,#5216,#5218,.T.);
#5216 = VERTEX_POINT('',#5217);
#5217 = CARTESIAN_POINT('',(-0.14,1.095,4.23));
#5218 = LINE('',#5219,#5220);
#5219 = CARTESIAN_POINT('',(-0.14,-1.095,4.23));
#5220 = VECTOR('',#5221,1.);
#5221 = DIRECTION('',(0.,1.,0.));
#5222 = ORIENTED_EDGE('',*,*,#5223,.T.);
#5223 = EDGE_CURVE('',#5216,#5224,#5226,.T.);
#5224 = VERTEX_POINT('',#5225);
#5225 = CARTESIAN_POINT('',(-1.33,1.095,4.23));
#5226 = LINE('',#5227,#5228);
#5227 = CARTESIAN_POINT('',(-0.14,1.095,4.23));
#5228 = VECTOR('',#5229,1.);
#5229 = DIRECTION('',(-1.,0.,0.));
#5230 = ORIENTED_EDGE('',*,*,#5231,.T.);
#5231 = EDGE_CURVE('',#5224,#5232,#5234,.T.);
#5232 = VERTEX_POINT('',#5233);
#5233 = CARTESIAN_POINT('',(-1.33,1.37,4.23));
#5234 = LINE('',#5235,#5236);
#5235 = CARTESIAN_POINT('',(-1.33,1.095,4.23));
#5236 = VECTOR('',#5237,1.);
#5237 = DIRECTION('',(0.,1.,0.));
#5238 = ORIENTED_EDGE('',*,*,#5239,.T.);
#5239 = EDGE_CURVE('',#5232,#5240,#5242,.T.);
#5240 = VERTEX_POINT('',#5241);
#5241 = CARTESIAN_POINT('',(1.33,1.37,4.23));
#5242 = LINE('',#5243,#5244);
#5243 = CARTESIAN_POINT('',(-1.33,1.37,4.23));
#5244 = VECTOR('',#5245,1.);
#5245 = DIRECTION('',(1.,0.,0.));
#5246 = ORIENTED_EDGE('',*,*,#5247,.T.);
#5247 = EDGE_CURVE('',#5240,#5248,#5250,.T.);
#5248 = VERTEX_POINT('',#5249);
#5249 = CARTESIAN_POINT('',(1.33,1.095,4.23));
#5250 = LINE('',#5251,#5252);
#5251 = CARTESIAN_POINT('',(1.33,1.37,4.23));
#5252 = VECTOR('',#5253,1.);
#5253 = DIRECTION('',(0.,-1.,0.));
#5254 = ORIENTED_EDGE('',*,*,#5255,.T.);
#5255 = EDGE_CURVE('',#5248,#5256,#5258,.T.);
#5256 = VERTEX_POINT('',#5257);
#5257 = CARTESIAN_POINT('',(0.14,1.095,4.23));
#5258 = LINE('',#5259,#5260);
#5259 = CARTESIAN_POINT('',(1.33,1.095,4.23));
#5260 = VECTOR('',#5261,1.);
#5261 = DIRECTION('',(-1.,0.,0.));
#5262 = ORIENTED_EDGE('',*,*,#5263,.T.);
#5263 = EDGE_CURVE('',#5256,#5135,#5264,.T.);
#5264 = LINE('',#5265,#5266);
#5265 = CARTESIAN_POINT('',(0.14,1.095,4.23));
#5266 = VECTOR('',#5267,1.);
#5267 = DIRECTION('',(0.,-1.,0.));
#5268 = ORIENTED_EDGE('',*,*,#5132,.F.);
#5269 = ORIENTED_EDGE('',*,*,#5270,.T.);
#5270 = EDGE_CURVE('',#5133,#5271,#5273,.T.);
#5271 = VERTEX_POINT('',#5272);
#5272 = CARTESIAN_POINT('',(4.86,1.095,4.23));
#5273 = LINE('',#5274,#5275);
#5274 = CARTESIAN_POINT('',(4.86,-1.095,4.23));
#5275 = VECTOR('',#5276,1.);
#5276 = DIRECTION('',(0.,1.,0.));
#5277 = ORIENTED_EDGE('',*,*,#5278,.T.);
#5278 = EDGE_CURVE('',#5271,#5073,#5279,.T.);
#5279 = LINE('',#5280,#5281);
#5280 = CARTESIAN_POINT('',(4.86,1.095,4.23));
#5281 = VECTOR('',#5282,1.);
#5282 = DIRECTION('',(-1.,0.,0.));
#5283 = ORIENTED_EDGE('',*,*,#5072,.T.);
#5284 = ORIENTED_EDGE('',*,*,#5285,.F.);
#5285 = EDGE_CURVE('',#5286,#5065,#5288,.T.);
#5286 = VERTEX_POINT('',#5287);
#5287 = CARTESIAN_POINT('',(2.36,0.215,4.23));
#5288 = LINE('',#5289,#5290);
#5289 = CARTESIAN_POINT('',(2.36,0.215,4.23));
#5290 = VECTOR('',#5291,1.);
#5291 = DIRECTION('',(1.,0.,0.));
#5292 = ORIENTED_EDGE('',*,*,#5293,.T.);
#5293 = EDGE_CURVE('',#5286,#5294,#5296,.T.);
#5294 = VERTEX_POINT('',#5295);
#5295 = CARTESIAN_POINT('',(2.36,1.095,4.23));
#5296 = LINE('',#5297,#5298);
#5297 = CARTESIAN_POINT('',(2.36,0.215,4.23));
#5298 = VECTOR('',#5299,1.);
#5299 = DIRECTION('',(0.,1.,0.));
#5300 = ORIENTED_EDGE('',*,*,#5301,.T.);
#5301 = EDGE_CURVE('',#5294,#5302,#5304,.T.);
#5302 = VERTEX_POINT('',#5303);
#5303 = CARTESIAN_POINT('',(2.2,1.095,4.23));
#5304 = LINE('',#5305,#5306);
#5305 = CARTESIAN_POINT('',(2.36,1.095,4.23));
#5306 = VECTOR('',#5307,1.);
#5307 = DIRECTION('',(-1.,0.,0.));
#5308 = ORIENTED_EDGE('',*,*,#5309,.F.);
#5309 = EDGE_CURVE('',#5310,#5302,#5312,.T.);
#5310 = VERTEX_POINT('',#5311);
#5311 = CARTESIAN_POINT('',(2.2,2.56,4.23));
#5312 = LINE('',#5313,#5314);
#5313 = CARTESIAN_POINT('',(2.2,2.56,4.23));
#5314 = VECTOR('',#5315,1.);
#5315 = DIRECTION('',(0.,-1.,0.));
#5316 = ORIENTED_EDGE('',*,*,#5317,.T.);
#5317 = EDGE_CURVE('',#5310,#5318,#5320,.T.);
#5318 = VERTEX_POINT('',#5319);
#5319 = CARTESIAN_POINT('',(2.6,2.56,4.23));
#5320 = LINE('',#5321,#5322);
#5321 = CARTESIAN_POINT('',(2.2,2.56,4.23));
#5322 = VECTOR('',#5323,1.);
#5323 = DIRECTION('',(1.,0.,0.));
#5324 = ORIENTED_EDGE('',*,*,#5325,.T.);
#5325 = EDGE_CURVE('',#5318,#5326,#5328,.T.);
#5326 = VERTEX_POINT('',#5327);
#5327 = CARTESIAN_POINT('',(2.6,1.74,4.23));
#5328 = LINE('',#5329,#5330);
#5329 = CARTESIAN_POINT('',(2.6,2.56,4.23));
#5330 = VECTOR('',#5331,1.);
#5331 = DIRECTION('',(0.,-1.,0.));
#5332 = ORIENTED_EDGE('',*,*,#5333,.T.);
#5333 = EDGE_CURVE('',#5326,#5334,#5336,.T.);
#5334 = VERTEX_POINT('',#5335);
#5335 = CARTESIAN_POINT('',(5.47,1.74,4.23));
#5336 = LINE('',#5337,#5338);
#5337 = CARTESIAN_POINT('',(2.6,1.74,4.23));
#5338 = VECTOR('',#5339,1.);
#5339 = DIRECTION('',(1.,0.,0.));
#5340 = ORIENTED_EDGE('',*,*,#5341,.F.);
#5341 = EDGE_CURVE('',#4397,#5334,#5342,.T.);
#5342 = LINE('',#5343,#5344);
#5343 = CARTESIAN_POINT('',(5.47,-1.74,4.23));
#5344 = VECTOR('',#5345,1.);
#5345 = DIRECTION('',(0.,1.,0.));
#5346 = ORIENTED_EDGE('',*,*,#4396,.F.);
#5347 = ORIENTED_EDGE('',*,*,#5348,.T.);
#5348 = EDGE_CURVE('',#4389,#5349,#5351,.T.);
#5349 = VERTEX_POINT('',#5350);
#5350 = CARTESIAN_POINT('',(-5.47,1.74,4.23));
#5351 = LINE('',#5352,#5353);
#5352 = CARTESIAN_POINT('',(-5.47,-1.74,4.23));
#5353 = VECTOR('',#5354,1.);
#5354 = DIRECTION('',(0.,1.,0.));
#5355 = ORIENTED_EDGE('',*,*,#5356,.T.);
#5356 = EDGE_CURVE('',#5349,#5357,#5359,.T.);
#5357 = VERTEX_POINT('',#5358);
#5358 = CARTESIAN_POINT('',(-2.6,1.74,4.23));
#5359 = LINE('',#5360,#5361);
#5360 = CARTESIAN_POINT('',(-5.47,1.74,4.23));
#5361 = VECTOR('',#5362,1.);
#5362 = DIRECTION('',(1.,0.,0.));
#5363 = ORIENTED_EDGE('',*,*,#5364,.F.);
#5364 = EDGE_CURVE('',#5365,#5357,#5367,.T.);
#5365 = VERTEX_POINT('',#5366);
#5366 = CARTESIAN_POINT('',(-2.6,2.56,4.23));
#5367 = LINE('',#5368,#5369);
#5368 = CARTESIAN_POINT('',(-2.6,2.56,4.23));
#5369 = VECTOR('',#5370,1.);
#5370 = DIRECTION('',(0.,-1.,0.));
#5371 = ORIENTED_EDGE('',*,*,#5372,.T.);
#5372 = EDGE_CURVE('',#5365,#5182,#5373,.T.);
#5373 = LINE('',#5374,#5375);
#5374 = CARTESIAN_POINT('',(-2.6,2.56,4.23));
#5375 = VECTOR('',#5376,1.);
#5376 = DIRECTION('',(1.,0.,0.));
#5377 = FACE_BOUND('',#5378,.F.);
#5378 = EDGE_LOOP('',(#5379,#5389,#5397,#5405));
#5379 = ORIENTED_EDGE('',*,*,#5380,.T.);
#5380 = EDGE_CURVE('',#5381,#5383,#5385,.T.);
#5381 = VERTEX_POINT('',#5382);
#5382 = CARTESIAN_POINT('',(-4.86,1.095,4.23));
#5383 = VERTEX_POINT('',#5384);
#5384 = CARTESIAN_POINT('',(-4.86,-1.095,4.23));
#5385 = LINE('',#5386,#5387);
#5386 = CARTESIAN_POINT('',(-4.86,1.095,4.23));
#5387 = VECTOR('',#5388,1.);
#5388 = DIRECTION('',(0.,-1.,0.));
#5389 = ORIENTED_EDGE('',*,*,#5390,.T.);
#5390 = EDGE_CURVE('',#5383,#5391,#5393,.T.);
#5391 = VERTEX_POINT('',#5392);
#5392 = CARTESIAN_POINT('',(-2.64,-1.095,4.23));
#5393 = LINE('',#5394,#5395);
#5394 = CARTESIAN_POINT('',(-4.86,-1.095,4.23));
#5395 = VECTOR('',#5396,1.);
#5396 = DIRECTION('',(1.,0.,0.));
#5397 = ORIENTED_EDGE('',*,*,#5398,.T.);
#5398 = EDGE_CURVE('',#5391,#5399,#5401,.T.);
#5399 = VERTEX_POINT('',#5400);
#5400 = CARTESIAN_POINT('',(-2.64,1.095,4.23));
#5401 = LINE('',#5402,#5403);
#5402 = CARTESIAN_POINT('',(-2.64,-1.095,4.23));
#5403 = VECTOR('',#5404,1.);
#5404 = DIRECTION('',(0.,1.,0.));
#5405 = ORIENTED_EDGE('',*,*,#5406,.T.);
#5406 = EDGE_CURVE('',#5399,#5381,#5407,.T.);
#5407 = LINE('',#5408,#5409);
#5408 = CARTESIAN_POINT('',(-2.64,1.095,4.23));
#5409 = VECTOR('',#5410,1.);
#5410 = DIRECTION('',(-1.,0.,0.));
#5411 = PLANE('',#5412);
#5412 = AXIS2_PLACEMENT_3D('',#5413,#5414,#5415);
#5413 = CARTESIAN_POINT('',(-5.47,-1.74,4.23));
#5414 = DIRECTION('',(0.,0.,1.));
#5415 = DIRECTION('',(1.,0.,-0.));
#5416 = ADVANCED_FACE('',(#5417),#5442,.F.);
#5417 = FACE_BOUND('',#5418,.F.);
#5418 = EDGE_LOOP('',(#5419,#5420,#5428,#5436));
#5419 = ORIENTED_EDGE('',*,*,#5380,.F.);
#5420 = ORIENTED_EDGE('',*,*,#5421,.T.);
#5421 = EDGE_CURVE('',#5381,#5422,#5424,.T.);
#5422 = VERTEX_POINT('',#5423);
#5423 = CARTESIAN_POINT('',(-4.86,1.095,-1.77));
#5424 = LINE('',#5425,#5426);
#5425 = CARTESIAN_POINT('',(-4.86,1.095,4.23));
#5426 = VECTOR('',#5427,1.);
#5427 = DIRECTION('',(0.,0.,-1.));
#5428 = ORIENTED_EDGE('',*,*,#5429,.T.);
#5429 = EDGE_CURVE('',#5422,#5430,#5432,.T.);
#5430 = VERTEX_POINT('',#5431);
#5431 = CARTESIAN_POINT('',(-4.86,-1.095,-1.77));
#5432 = LINE('',#5433,#5434);
#5433 = CARTESIAN_POINT('',(-4.86,1.095,-1.77));
#5434 = VECTOR('',#5435,1.);
#5435 = DIRECTION('',(0.,-1.,0.));
#5436 = ORIENTED_EDGE('',*,*,#5437,.F.);
#5437 = EDGE_CURVE('',#5383,#5430,#5438,.T.);
#5438 = LINE('',#5439,#5440);
#5439 = CARTESIAN_POINT('',(-4.86,-1.095,4.23));
#5440 = VECTOR('',#5441,1.);
#5441 = DIRECTION('',(0.,0.,-1.));
#5442 = PLANE('',#5443);
#5443 = AXIS2_PLACEMENT_3D('',#5444,#5445,#5446);
#5444 = CARTESIAN_POINT('',(-4.86,1.095,4.23));
#5445 = DIRECTION('',(-1.,0.,0.));
#5446 = DIRECTION('',(0.,-1.,0.));
#5447 = ADVANCED_FACE('',(#5448),#5466,.F.);
#5448 = FACE_BOUND('',#5449,.F.);
#5449 = EDGE_LOOP('',(#5450,#5451,#5459,#5465));
#5450 = ORIENTED_EDGE('',*,*,#5406,.F.);
#5451 = ORIENTED_EDGE('',*,*,#5452,.T.);
#5452 = EDGE_CURVE('',#5399,#5453,#5455,.T.);
#5453 = VERTEX_POINT('',#5454);
#5454 = CARTESIAN_POINT('',(-2.64,1.095,-1.77));
#5455 = LINE('',#5456,#5457);
#5456 = CARTESIAN_POINT('',(-2.64,1.095,4.23));
#5457 = VECTOR('',#5458,1.);
#5458 = DIRECTION('',(0.,0.,-1.));
#5459 = ORIENTED_EDGE('',*,*,#5460,.T.);
#5460 = EDGE_CURVE('',#5453,#5422,#5461,.T.);
#5461 = LINE('',#5462,#5463);
#5462 = CARTESIAN_POINT('',(-2.64,1.095,-1.77));
#5463 = VECTOR('',#5464,1.);
#5464 = DIRECTION('',(-1.,0.,0.));
#5465 = ORIENTED_EDGE('',*,*,#5421,.F.);
#5466 = PLANE('',#5467);
#5467 = AXIS2_PLACEMENT_3D('',#5468,#5469,#5470);
#5468 = CARTESIAN_POINT('',(-2.64,1.095,4.23));
#5469 = DIRECTION('',(0.,1.,0.));
#5470 = DIRECTION('',(-1.,0.,0.));
#5471 = ADVANCED_FACE('',(#5472),#5490,.F.);
#5472 = FACE_BOUND('',#5473,.F.);
#5473 = EDGE_LOOP('',(#5474,#5475,#5483,#5489));
#5474 = ORIENTED_EDGE('',*,*,#5398,.F.);
#5475 = ORIENTED_EDGE('',*,*,#5476,.T.);
#5476 = EDGE_CURVE('',#5391,#5477,#5479,.T.);
#5477 = VERTEX_POINT('',#5478);
#5478 = CARTESIAN_POINT('',(-2.64,-1.095,-1.77));
#5479 = LINE('',#5480,#5481);
#5480 = CARTESIAN_POINT('',(-2.64,-1.095,4.23));
#5481 = VECTOR('',#5482,1.);
#5482 = DIRECTION('',(0.,0.,-1.));
#5483 = ORIENTED_EDGE('',*,*,#5484,.T.);
#5484 = EDGE_CURVE('',#5477,#5453,#5485,.T.);
#5485 = LINE('',#5486,#5487);
#5486 = CARTESIAN_POINT('',(-2.64,-1.095,-1.77));
#5487 = VECTOR('',#5488,1.);
#5488 = DIRECTION('',(0.,1.,0.));
#5489 = ORIENTED_EDGE('',*,*,#5452,.F.);
#5490 = PLANE('',#5491);
#5491 = AXIS2_PLACEMENT_3D('',#5492,#5493,#5494);
#5492 = CARTESIAN_POINT('',(-2.64,-1.095,4.23));
#5493 = DIRECTION('',(1.,0.,0.));
#5494 = DIRECTION('',(-0.,1.,0.));
#5495 = ADVANCED_FACE('',(#5496),#5507,.F.);
#5496 = FACE_BOUND('',#5497,.F.);
#5497 = EDGE_LOOP('',(#5498,#5499,#5500,#5506));
#5498 = ORIENTED_EDGE('',*,*,#5390,.F.);
#5499 = ORIENTED_EDGE('',*,*,#5437,.T.);
#5500 = ORIENTED_EDGE('',*,*,#5501,.T.);
#5501 = EDGE_CURVE('',#5430,#5477,#5502,.T.);
#5502 = LINE('',#5503,#5504);
#5503 = CARTESIAN_POINT('',(-4.86,-1.095,-1.77));
#5504 = VECTOR('',#5505,1.);
#5505 = DIRECTION('',(1.,0.,0.));
#5506 = ORIENTED_EDGE('',*,*,#5476,.F.);
#5507 = PLANE('',#5508);
#5508 = AXIS2_PLACEMENT_3D('',#5509,#5510,#5511);
#5509 = CARTESIAN_POINT('',(-4.86,-1.095,4.23));
#5510 = DIRECTION('',(0.,-1.,0.));
#5511 = DIRECTION('',(1.,0.,0.));
#5512 = ADVANCED_FACE('',(#5513,#5519),#5553,.T.);
#5513 = FACE_BOUND('',#5514,.F.);
#5514 = EDGE_LOOP('',(#5515,#5516,#5517,#5518));
#5515 = ORIENTED_EDGE('',*,*,#5429,.F.);
#5516 = ORIENTED_EDGE('',*,*,#5460,.F.);
#5517 = ORIENTED_EDGE('',*,*,#5484,.F.);
#5518 = ORIENTED_EDGE('',*,*,#5501,.F.);
#5519 = FACE_BOUND('',#5520,.F.);
#5520 = EDGE_LOOP('',(#5521,#5531,#5539,#5547));
#5521 = ORIENTED_EDGE('',*,*,#5522,.F.);
#5522 = EDGE_CURVE('',#5523,#5525,#5527,.T.);
#5523 = VERTEX_POINT('',#5524);
#5524 = CARTESIAN_POINT('',(-4.0675,-0.3175,-1.77));
#5525 = VERTEX_POINT('',#5526);
#5526 = CARTESIAN_POINT('',(-4.0675,0.3175,-1.77));
#5527 = LINE('',#5528,#5529);
#5528 = CARTESIAN_POINT('',(-4.0675,-0.3175,-1.77));
#5529 = VECTOR('',#5530,1.);
#5530 = DIRECTION('',(0.,1.,0.));
#5531 = ORIENTED_EDGE('',*,*,#5532,.T.);
#5532 = EDGE_CURVE('',#5523,#5533,#5535,.T.);
#5533 = VERTEX_POINT('',#5534);
#5534 = CARTESIAN_POINT('',(-3.4325,-0.3175,-1.77));
#5535 = LINE('',#5536,#5537);
#5536 = CARTESIAN_POINT('',(-4.0675,-0.3175,-1.77));
#5537 = VECTOR('',#5538,1.);
#5538 = DIRECTION('',(1.,0.,0.));
#5539 = ORIENTED_EDGE('',*,*,#5540,.T.);
#5540 = EDGE_CURVE('',#5533,#5541,#5543,.T.);
#5541 = VERTEX_POINT('',#5542);
#5542 = CARTESIAN_POINT('',(-3.4325,0.3175,-1.77));
#5543 = LINE('',#5544,#5545);
#5544 = CARTESIAN_POINT('',(-3.4325,-0.3175,-1.77));
#5545 = VECTOR('',#5546,1.);
#5546 = DIRECTION('',(0.,1.,0.));
#5547 = ORIENTED_EDGE('',*,*,#5548,.F.);
#5548 = EDGE_CURVE('',#5525,#5541,#5549,.T.);
#5549 = LINE('',#5550,#5551);
#5550 = CARTESIAN_POINT('',(-4.0675,0.3175,-1.77));
#5551 = VECTOR('',#5552,1.);
#5552 = DIRECTION('',(1.,0.,0.));
#5553 = PLANE('',#5554);
#5554 = AXIS2_PLACEMENT_3D('',#5555,#5556,#5557);
#5555 = CARTESIAN_POINT('',(0.,-1.74,-1.77));
#5556 = DIRECTION('',(0.,0.,1.));
#5557 = DIRECTION('',(1.,0.,-0.));
#5558 = ADVANCED_FACE('',(#5559),#5584,.F.);
#5559 = FACE_BOUND('',#5560,.F.);
#5560 = EDGE_LOOP('',(#5561,#5571,#5577,#5578));
#5561 = ORIENTED_EDGE('',*,*,#5562,.F.);
#5562 = EDGE_CURVE('',#5563,#5565,#5567,.T.);
#5563 = VERTEX_POINT('',#5564);
#5564 = CARTESIAN_POINT('',(-4.0675,-0.3175,2.22));
#5565 = VERTEX_POINT('',#5566);
#5566 = CARTESIAN_POINT('',(-4.0675,0.3175,2.22));
#5567 = LINE('',#5568,#5569);
#5568 = CARTESIAN_POINT('',(-4.0675,-0.3175,2.22));
#5569 = VECTOR('',#5570,1.);
#5570 = DIRECTION('',(0.,1.,0.));
#5571 = ORIENTED_EDGE('',*,*,#5572,.T.);
#5572 = EDGE_CURVE('',#5563,#5523,#5573,.T.);
#5573 = LINE('',#5574,#5575);
#5574 = CARTESIAN_POINT('',(-4.0675,-0.3175,2.22));
#5575 = VECTOR('',#5576,1.);
#5576 = DIRECTION('',(0.,0.,-1.));
#5577 = ORIENTED_EDGE('',*,*,#5522,.T.);
#5578 = ORIENTED_EDGE('',*,*,#5579,.T.);
#5579 = EDGE_CURVE('',#5525,#5565,#5580,.T.);
#5580 = LINE('',#5581,#5582);
#5581 = CARTESIAN_POINT('',(-4.0675,0.3175,-1.77));
#5582 = VECTOR('',#5583,1.);
#5583 = DIRECTION('',(0.,0.,1.));
#5584 = PLANE('',#5585);
#5585 = AXIS2_PLACEMENT_3D('',#5586,#5587,#5588);
#5586 = CARTESIAN_POINT('',(-4.0675,-1.74,0.));
#5587 = DIRECTION('',(1.,0.,0.));
#5588 = DIRECTION('',(0.,0.,-1.));
#5589 = ADVANCED_FACE('',(#5590),#5685,.F.);
#5590 = FACE_BOUND('',#5591,.F.);
#5591 = EDGE_LOOP('',(#5592,#5602,#5610,#5618,#5627,#5636,#5645,#5651,
    #5652,#5660,#5669,#5678));
#5592 = ORIENTED_EDGE('',*,*,#5593,.F.);
#5593 = EDGE_CURVE('',#5594,#5596,#5598,.T.);
#5594 = VERTEX_POINT('',#5595);
#5595 = CARTESIAN_POINT('',(-4.0675,-0.3175,-7.48));
#5596 = VERTEX_POINT('',#5597);
#5597 = CARTESIAN_POINT('',(-4.0675,-0.3175,-7.07359083592));
#5598 = LINE('',#5599,#5600);
#5599 = CARTESIAN_POINT('',(-4.0675,-0.3175,-7.48));
#5600 = VECTOR('',#5601,1.);
#5601 = DIRECTION('',(0.,0.,1.));
#5602 = ORIENTED_EDGE('',*,*,#5603,.F.);
#5603 = EDGE_CURVE('',#5604,#5594,#5606,.T.);
#5604 = VERTEX_POINT('',#5605);
#5605 = CARTESIAN_POINT('',(-4.0675,0.3175,-7.48));
#5606 = LINE('',#5607,#5608);
#5607 = CARTESIAN_POINT('',(-4.0675,0.3175,-7.48));
#5608 = VECTOR('',#5609,1.);
#5609 = DIRECTION('',(0.,-1.,0.));
#5610 = ORIENTED_EDGE('',*,*,#5611,.F.);
#5611 = EDGE_CURVE('',#5612,#5604,#5614,.T.);
#5612 = VERTEX_POINT('',#5613);
#5613 = CARTESIAN_POINT('',(-4.0675,0.3175,-7.07359083592));
#5614 = LINE('',#5615,#5616);
#5615 = CARTESIAN_POINT('',(-4.0675,0.3175,-7.07359083592));
#5616 = VECTOR('',#5617,1.);
#5617 = DIRECTION('',(0.,0.,-1.));
#5618 = ORIENTED_EDGE('',*,*,#5619,.T.);
#5619 = EDGE_CURVE('',#5612,#5620,#5622,.T.);
#5620 = VERTEX_POINT('',#5621);
#5621 = CARTESIAN_POINT('',(-4.0675,0.156290170132,-6.364521281701));
#5622 = CIRCLE('',#5623,1.64);
#5623 = AXIS2_PLACEMENT_3D('',#5624,#5625,#5626);
#5624 = CARTESIAN_POINT('',(-4.0675,-1.3225,-7.07359083592));
#5625 = DIRECTION('',(1.,0.,0.));
#5626 = DIRECTION('',(-0.,1.,0.));
#5627 = ORIENTED_EDGE('',*,*,#5628,.T.);
#5628 = EDGE_CURVE('',#5620,#5629,#5631,.T.);
#5629 = VERTEX_POINT('',#5630);
#5630 = CARTESIAN_POINT('',(-4.0675,0.156290170132,-5.495478718299));
#5631 = CIRCLE('',#5632,1.005);
#5632 = AXIS2_PLACEMENT_3D('',#5633,#5634,#5635);
#5633 = CARTESIAN_POINT('',(-4.0675,1.0625,-5.93));
#5634 = DIRECTION('',(-1.,0.,0.));
#5635 = DIRECTION('',(-0.,-0.901701323251,-0.43235948428));
#5636 = ORIENTED_EDGE('',*,*,#5637,.T.);
#5637 = EDGE_CURVE('',#5629,#5638,#5640,.T.);
#5638 = VERTEX_POINT('',#5639);
#5639 = CARTESIAN_POINT('',(-4.0675,0.3175,-4.78640916408));
#5640 = CIRCLE('',#5641,1.64);
#5641 = AXIS2_PLACEMENT_3D('',#5642,#5643,#5644);
#5642 = CARTESIAN_POINT('',(-4.0675,-1.3225,-4.78640916408));
#5643 = DIRECTION('',(1.,0.,0.));
#5644 = DIRECTION('',(0.,0.901701323251,-0.43235948428));
#5645 = ORIENTED_EDGE('',*,*,#5646,.F.);
#5646 = EDGE_CURVE('',#4611,#5638,#5647,.T.);
#5647 = LINE('',#5648,#5649);
#5648 = CARTESIAN_POINT('',(-4.0675,0.3175,-4.23));
#5649 = VECTOR('',#5650,1.);
#5650 = DIRECTION('',(0.,0.,-1.));
#5651 = ORIENTED_EDGE('',*,*,#4608,.F.);
#5652 = ORIENTED_EDGE('',*,*,#5653,.F.);
#5653 = EDGE_CURVE('',#5654,#4609,#5656,.T.);
#5654 = VERTEX_POINT('',#5655);
#5655 = CARTESIAN_POINT('',(-4.0675,-0.3175,-4.78640916408));
#5656 = LINE('',#5657,#5658);
#5657 = CARTESIAN_POINT('',(-4.0675,-0.3175,-4.78640916408));
#5658 = VECTOR('',#5659,1.);
#5659 = DIRECTION('',(0.,0.,1.));
#5660 = ORIENTED_EDGE('',*,*,#5661,.T.);
#5661 = EDGE_CURVE('',#5654,#5662,#5664,.T.);
#5662 = VERTEX_POINT('',#5663);
#5663 = CARTESIAN_POINT('',(-4.0675,-0.416290170132,-5.220930445781));
#5664 = CIRCLE('',#5665,1.005);
#5665 = AXIS2_PLACEMENT_3D('',#5666,#5667,#5668);
#5666 = CARTESIAN_POINT('',(-4.0675,-1.3225,-4.78640916408));
#5667 = DIRECTION('',(-1.,0.,0.));
#5668 = DIRECTION('',(0.,1.,0.));
#5669 = ORIENTED_EDGE('',*,*,#5670,.T.);
#5670 = EDGE_CURVE('',#5662,#5671,#5673,.T.);
#5671 = VERTEX_POINT('',#5672);
#5672 = CARTESIAN_POINT('',(-4.0675,-0.416290170132,-6.639069554219));
#5673 = CIRCLE('',#5674,1.64);
#5674 = AXIS2_PLACEMENT_3D('',#5675,#5676,#5677);
#5675 = CARTESIAN_POINT('',(-4.0675,1.0625,-5.93));
#5676 = DIRECTION('',(1.,0.,0.));
#5677 = DIRECTION('',(0.,-0.901701323251,0.43235948428));
#5678 = ORIENTED_EDGE('',*,*,#5679,.T.);
#5679 = EDGE_CURVE('',#5671,#5596,#5680,.T.);
#5680 = CIRCLE('',#5681,1.005);
#5681 = AXIS2_PLACEMENT_3D('',#5682,#5683,#5684);
#5682 = CARTESIAN_POINT('',(-4.0675,-1.3225,-7.07359083592));
#5683 = DIRECTION('',(-1.,0.,0.));
#5684 = DIRECTION('',(0.,0.901701323251,0.43235948428));
#5685 = PLANE('',#5686);
#5686 = AXIS2_PLACEMENT_3D('',#5687,#5688,#5689);
#5687 = CARTESIAN_POINT('',(-4.0675,-1.74,0.));
#5688 = DIRECTION('',(1.,0.,0.));
#5689 = DIRECTION('',(0.,0.,-1.));
#5690 = ADVANCED_FACE('',(#5691),#5716,.T.);
#5691 = FACE_BOUND('',#5692,.F.);
#5692 = EDGE_LOOP('',(#5693,#5703,#5709,#5710));
#5693 = ORIENTED_EDGE('',*,*,#5694,.F.);
#5694 = EDGE_CURVE('',#5695,#5697,#5699,.T.);
#5695 = VERTEX_POINT('',#5696);
#5696 = CARTESIAN_POINT('',(-3.9175,-0.1675,2.77));
#5697 = VERTEX_POINT('',#5698);
#5698 = CARTESIAN_POINT('',(-3.9175,0.1675,2.77));
#5699 = LINE('',#5700,#5701);
#5700 = CARTESIAN_POINT('',(-3.9175,-0.1675,2.77));
#5701 = VECTOR('',#5702,1.);
#5702 = DIRECTION('',(0.,1.,0.));
#5703 = ORIENTED_EDGE('',*,*,#5704,.T.);
#5704 = EDGE_CURVE('',#5695,#5563,#5705,.T.);
#5705 = LINE('',#5706,#5707);
#5706 = CARTESIAN_POINT('',(-3.9175,-0.1675,2.77));
#5707 = VECTOR('',#5708,1.);
#5708 = DIRECTION('',(-0.254456678904,-0.254456678904,-0.933007822648));
#5709 = ORIENTED_EDGE('',*,*,#5562,.T.);
#5710 = ORIENTED_EDGE('',*,*,#5711,.T.);
#5711 = EDGE_CURVE('',#5565,#5697,#5712,.T.);
#5712 = LINE('',#5713,#5714);
#5713 = CARTESIAN_POINT('',(-4.0675,0.3175,2.22));
#5714 = VECTOR('',#5715,1.);
#5715 = DIRECTION('',(0.254456678904,-0.254456678904,0.933007822648));
#5716 = PLANE('',#5717);
#5717 = AXIS2_PLACEMENT_3D('',#5718,#5719,#5720);
#5718 = CARTESIAN_POINT('',(-3.9925,0.,2.495));
#5719 = DIRECTION('',(-0.964763821238,0.,0.263117405792));
#5720 = DIRECTION('',(0.263117405792,0.,0.964763821238));
#5721 = ADVANCED_FACE('',(#5722),#5747,.T.);
#5722 = FACE_BOUND('',#5723,.F.);
#5723 = EDGE_LOOP('',(#5724,#5732,#5740,#5746));
#5724 = ORIENTED_EDGE('',*,*,#5725,.F.);
#5725 = EDGE_CURVE('',#5726,#5697,#5728,.T.);
#5726 = VERTEX_POINT('',#5727);
#5727 = CARTESIAN_POINT('',(-3.5825,0.1675,2.77));
#5728 = LINE('',#5729,#5730);
#5729 = CARTESIAN_POINT('',(-3.5825,0.1675,2.77));
#5730 = VECTOR('',#5731,1.);
#5731 = DIRECTION('',(-1.,0.,0.));
#5732 = ORIENTED_EDGE('',*,*,#5733,.T.);
#5733 = EDGE_CURVE('',#5726,#5734,#5736,.T.);
#5734 = VERTEX_POINT('',#5735);
#5735 = CARTESIAN_POINT('',(-3.5825,-0.1675,2.77));
#5736 = LINE('',#5737,#5738);
#5737 = CARTESIAN_POINT('',(-3.5825,0.1675,2.77));
#5738 = VECTOR('',#5739,1.);
#5739 = DIRECTION('',(0.,-1.,0.));
#5740 = ORIENTED_EDGE('',*,*,#5741,.T.);
#5741 = EDGE_CURVE('',#5734,#5695,#5742,.T.);
#5742 = LINE('',#5743,#5744);
#5743 = CARTESIAN_POINT('',(-3.5825,-0.1675,2.77));
#5744 = VECTOR('',#5745,1.);
#5745 = DIRECTION('',(-1.,0.,0.));
#5746 = ORIENTED_EDGE('',*,*,#5694,.T.);
#5747 = PLANE('',#5748);
#5748 = AXIS2_PLACEMENT_3D('',#5749,#5750,#5751);
#5749 = CARTESIAN_POINT('',(-4.0675,0.3175,2.77));
#5750 = DIRECTION('',(0.,0.,1.));
#5751 = DIRECTION('',(0.,-1.,0.));
#5752 = ADVANCED_FACE('',(#5753),#5771,.T.);
#5753 = FACE_BOUND('',#5754,.F.);
#5754 = EDGE_LOOP('',(#5755,#5756,#5757,#5765));
#5755 = ORIENTED_EDGE('',*,*,#5725,.T.);
#5756 = ORIENTED_EDGE('',*,*,#5711,.F.);
#5757 = ORIENTED_EDGE('',*,*,#5758,.F.);
#5758 = EDGE_CURVE('',#5759,#5565,#5761,.T.);
#5759 = VERTEX_POINT('',#5760);
#5760 = CARTESIAN_POINT('',(-3.4325,0.3175,2.22));
#5761 = LINE('',#5762,#5763);
#5762 = CARTESIAN_POINT('',(-3.4325,0.3175,2.22));
#5763 = VECTOR('',#5764,1.);
#5764 = DIRECTION('',(-1.,0.,0.));
#5765 = ORIENTED_EDGE('',*,*,#5766,.F.);
#5766 = EDGE_CURVE('',#5726,#5759,#5767,.T.);
#5767 = LINE('',#5768,#5769);
#5768 = CARTESIAN_POINT('',(-3.5825,0.1675,2.77));
#5769 = VECTOR('',#5770,1.);
#5770 = DIRECTION('',(0.254456678904,0.254456678904,-0.933007822648));
#5771 = PLANE('',#5772);
#5772 = AXIS2_PLACEMENT_3D('',#5773,#5774,#5775);
#5773 = CARTESIAN_POINT('',(-3.75,0.2425,2.495));
#5774 = DIRECTION('',(0.,0.964763821238,0.263117405792));
#5775 = DIRECTION('',(0.,0.263117405792,-0.964763821238));
#5776 = ADVANCED_FACE('',(#5777),#5788,.F.);
#5777 = FACE_BOUND('',#5778,.F.);
#5778 = EDGE_LOOP('',(#5779,#5780,#5781,#5782));
#5779 = ORIENTED_EDGE('',*,*,#5758,.T.);
#5780 = ORIENTED_EDGE('',*,*,#5579,.F.);
#5781 = ORIENTED_EDGE('',*,*,#5548,.T.);
#5782 = ORIENTED_EDGE('',*,*,#5783,.T.);
#5783 = EDGE_CURVE('',#5541,#5759,#5784,.T.);
#5784 = LINE('',#5785,#5786);
#5785 = CARTESIAN_POINT('',(-3.4325,0.3175,-1.77));
#5786 = VECTOR('',#5787,1.);
#5787 = DIRECTION('',(0.,0.,1.));
#5788 = PLANE('',#5789);
#5789 = AXIS2_PLACEMENT_3D('',#5790,#5791,#5792);
#5790 = CARTESIAN_POINT('',(-3.4325,0.3175,-7.43));
#5791 = DIRECTION('',(0.,-1.,0.));
#5792 = DIRECTION('',(0.,0.,1.));
#5793 = ADVANCED_FACE('',(#5794),#5812,.F.);
#5794 = FACE_BOUND('',#5795,.F.);
#5795 = EDGE_LOOP('',(#5796,#5804,#5805,#5806));
#5796 = ORIENTED_EDGE('',*,*,#5797,.T.);
#5797 = EDGE_CURVE('',#5798,#4619,#5800,.T.);
#5798 = VERTEX_POINT('',#5799);
#5799 = CARTESIAN_POINT('',(-3.4325,0.3175,-4.78640916408));
#5800 = LINE('',#5801,#5802);
#5801 = CARTESIAN_POINT('',(-3.4325,0.3175,-4.78640916408));
#5802 = VECTOR('',#5803,1.);
#5803 = DIRECTION('',(0.,0.,1.));
#5804 = ORIENTED_EDGE('',*,*,#4618,.F.);
#5805 = ORIENTED_EDGE('',*,*,#5646,.T.);
#5806 = ORIENTED_EDGE('',*,*,#5807,.F.);
#5807 = EDGE_CURVE('',#5798,#5638,#5808,.T.);
#5808 = LINE('',#5809,#5810);
#5809 = CARTESIAN_POINT('',(-3.4325,0.3175,-4.78640916408));
#5810 = VECTOR('',#5811,1.);
#5811 = DIRECTION('',(-1.,0.,0.));
#5812 = PLANE('',#5813);
#5813 = AXIS2_PLACEMENT_3D('',#5814,#5815,#5816);
#5814 = CARTESIAN_POINT('',(-3.4325,0.3175,-7.43));
#5815 = DIRECTION('',(0.,-1.,0.));
#5816 = DIRECTION('',(0.,0.,1.));
#5817 = ADVANCED_FACE('',(#5818),#5843,.F.);
#5818 = FACE_BOUND('',#5819,.F.);
#5819 = EDGE_LOOP('',(#5820,#5821,#5829,#5837));
#5820 = ORIENTED_EDGE('',*,*,#5611,.T.);
#5821 = ORIENTED_EDGE('',*,*,#5822,.F.);
#5822 = EDGE_CURVE('',#5823,#5604,#5825,.T.);
#5823 = VERTEX_POINT('',#5824);
#5824 = CARTESIAN_POINT('',(-3.4325,0.3175,-7.48));
#5825 = LINE('',#5826,#5827);
#5826 = CARTESIAN_POINT('',(-3.4325,0.3175,-7.48));
#5827 = VECTOR('',#5828,1.);
#5828 = DIRECTION('',(-1.,0.,0.));
#5829 = ORIENTED_EDGE('',*,*,#5830,.T.);
#5830 = EDGE_CURVE('',#5823,#5831,#5833,.T.);
#5831 = VERTEX_POINT('',#5832);
#5832 = CARTESIAN_POINT('',(-3.4325,0.3175,-7.07359083592));
#5833 = LINE('',#5834,#5835);
#5834 = CARTESIAN_POINT('',(-3.4325,0.3175,-7.48));
#5835 = VECTOR('',#5836,1.);
#5836 = DIRECTION('',(0.,0.,1.));
#5837 = ORIENTED_EDGE('',*,*,#5838,.T.);
#5838 = EDGE_CURVE('',#5831,#5612,#5839,.T.);
#5839 = LINE('',#5840,#5841);
#5840 = CARTESIAN_POINT('',(-3.4325,0.3175,-7.07359083592));
#5841 = VECTOR('',#5842,1.);
#5842 = DIRECTION('',(-1.,0.,0.));
#5843 = PLANE('',#5844);
#5844 = AXIS2_PLACEMENT_3D('',#5845,#5846,#5847);
#5845 = CARTESIAN_POINT('',(-3.4325,0.3175,-7.43));
#5846 = DIRECTION('',(0.,-1.,0.));
#5847 = DIRECTION('',(0.,0.,1.));
#5848 = ADVANCED_FACE('',(#5849),#5867,.T.);
#5849 = FACE_BOUND('',#5850,.F.);
#5850 = EDGE_LOOP('',(#5851,#5859,#5860,#5861));
#5851 = ORIENTED_EDGE('',*,*,#5852,.F.);
#5852 = EDGE_CURVE('',#5759,#5853,#5855,.T.);
#5853 = VERTEX_POINT('',#5854);
#5854 = CARTESIAN_POINT('',(-3.4325,-0.3175,2.22));
#5855 = LINE('',#5856,#5857);
#5856 = CARTESIAN_POINT('',(-3.4325,0.3175,2.22));
#5857 = VECTOR('',#5858,1.);
#5858 = DIRECTION('',(0.,-1.,0.));
#5859 = ORIENTED_EDGE('',*,*,#5783,.F.);
#5860 = ORIENTED_EDGE('',*,*,#5540,.F.);
#5861 = ORIENTED_EDGE('',*,*,#5862,.F.);
#5862 = EDGE_CURVE('',#5853,#5533,#5863,.T.);
#5863 = LINE('',#5864,#5865);
#5864 = CARTESIAN_POINT('',(-3.4325,-0.3175,2.22));
#5865 = VECTOR('',#5866,1.);
#5866 = DIRECTION('',(0.,0.,-1.));
#5867 = PLANE('',#5868);
#5868 = AXIS2_PLACEMENT_3D('',#5869,#5870,#5871);
#5869 = CARTESIAN_POINT('',(-3.4325,-1.74,0.));
#5870 = DIRECTION('',(1.,0.,0.));
#5871 = DIRECTION('',(0.,0.,-1.));
#5872 = ADVANCED_FACE('',(#5873),#5952,.T.);
#5873 = FACE_BOUND('',#5874,.F.);
#5874 = EDGE_LOOP('',(#5875,#5876,#5884,#5892,#5901,#5910,#5919,#5925,
    #5926,#5927,#5936,#5945));
#5875 = ORIENTED_EDGE('',*,*,#5830,.F.);
#5876 = ORIENTED_EDGE('',*,*,#5877,.F.);
#5877 = EDGE_CURVE('',#5878,#5823,#5880,.T.);
#5878 = VERTEX_POINT('',#5879);
#5879 = CARTESIAN_POINT('',(-3.4325,-0.3175,-7.48));
#5880 = LINE('',#5881,#5882);
#5881 = CARTESIAN_POINT('',(-3.4325,-0.3175,-7.48));
#5882 = VECTOR('',#5883,1.);
#5883 = DIRECTION('',(0.,1.,0.));
#5884 = ORIENTED_EDGE('',*,*,#5885,.F.);
#5885 = EDGE_CURVE('',#5886,#5878,#5888,.T.);
#5886 = VERTEX_POINT('',#5887);
#5887 = CARTESIAN_POINT('',(-3.4325,-0.3175,-7.07359083592));
#5888 = LINE('',#5889,#5890);
#5889 = CARTESIAN_POINT('',(-3.4325,-0.3175,-7.07359083592));
#5890 = VECTOR('',#5891,1.);
#5891 = DIRECTION('',(0.,0.,-1.));
#5892 = ORIENTED_EDGE('',*,*,#5893,.F.);
#5893 = EDGE_CURVE('',#5894,#5886,#5896,.T.);
#5894 = VERTEX_POINT('',#5895);
#5895 = CARTESIAN_POINT('',(-3.4325,-0.416290170132,-6.639069554219));
#5896 = CIRCLE('',#5897,1.005);
#5897 = AXIS2_PLACEMENT_3D('',#5898,#5899,#5900);
#5898 = CARTESIAN_POINT('',(-3.4325,-1.3225,-7.07359083592));
#5899 = DIRECTION('',(-1.,0.,0.));
#5900 = DIRECTION('',(0.,0.901701323251,0.43235948428));
#5901 = ORIENTED_EDGE('',*,*,#5902,.F.);
#5902 = EDGE_CURVE('',#5903,#5894,#5905,.T.);
#5903 = VERTEX_POINT('',#5904);
#5904 = CARTESIAN_POINT('',(-3.4325,-0.416290170132,-5.220930445781));
#5905 = CIRCLE('',#5906,1.64);
#5906 = AXIS2_PLACEMENT_3D('',#5907,#5908,#5909);
#5907 = CARTESIAN_POINT('',(-3.4325,1.0625,-5.93));
#5908 = DIRECTION('',(1.,0.,0.));
#5909 = DIRECTION('',(0.,-0.901701323251,0.43235948428));
#5910 = ORIENTED_EDGE('',*,*,#5911,.F.);
#5911 = EDGE_CURVE('',#5912,#5903,#5914,.T.);
#5912 = VERTEX_POINT('',#5913);
#5913 = CARTESIAN_POINT('',(-3.4325,-0.3175,-4.78640916408));
#5914 = CIRCLE('',#5915,1.005);
#5915 = AXIS2_PLACEMENT_3D('',#5916,#5917,#5918);
#5916 = CARTESIAN_POINT('',(-3.4325,-1.3225,-4.78640916408));
#5917 = DIRECTION('',(-1.,0.,0.));
#5918 = DIRECTION('',(0.,1.,0.));
#5919 = ORIENTED_EDGE('',*,*,#5920,.F.);
#5920 = EDGE_CURVE('',#4627,#5912,#5921,.T.);
#5921 = LINE('',#5922,#5923);
#5922 = CARTESIAN_POINT('',(-3.4325,-0.3175,-4.23));
#5923 = VECTOR('',#5924,1.);
#5924 = DIRECTION('',(0.,0.,-1.));
#5925 = ORIENTED_EDGE('',*,*,#4626,.T.);
#5926 = ORIENTED_EDGE('',*,*,#5797,.F.);
#5927 = ORIENTED_EDGE('',*,*,#5928,.F.);
#5928 = EDGE_CURVE('',#5929,#5798,#5931,.T.);
#5929 = VERTEX_POINT('',#5930);
#5930 = CARTESIAN_POINT('',(-3.4325,0.156290170132,-5.495478718299));
#5931 = CIRCLE('',#5932,1.64);
#5932 = AXIS2_PLACEMENT_3D('',#5933,#5934,#5935);
#5933 = CARTESIAN_POINT('',(-3.4325,-1.3225,-4.78640916408));
#5934 = DIRECTION('',(1.,0.,0.));
#5935 = DIRECTION('',(0.,0.901701323251,-0.43235948428));
#5936 = ORIENTED_EDGE('',*,*,#5937,.F.);
#5937 = EDGE_CURVE('',#5938,#5929,#5940,.T.);
#5938 = VERTEX_POINT('',#5939);
#5939 = CARTESIAN_POINT('',(-3.4325,0.156290170132,-6.364521281701));
#5940 = CIRCLE('',#5941,1.005);
#5941 = AXIS2_PLACEMENT_3D('',#5942,#5943,#5944);
#5942 = CARTESIAN_POINT('',(-3.4325,1.0625,-5.93));
#5943 = DIRECTION('',(-1.,0.,0.));
#5944 = DIRECTION('',(-0.,-0.901701323251,-0.43235948428));
#5945 = ORIENTED_EDGE('',*,*,#5946,.F.);
#5946 = EDGE_CURVE('',#5831,#5938,#5947,.T.);
#5947 = CIRCLE('',#5948,1.64);
#5948 = AXIS2_PLACEMENT_3D('',#5949,#5950,#5951);
#5949 = CARTESIAN_POINT('',(-3.4325,-1.3225,-7.07359083592));
#5950 = DIRECTION('',(1.,0.,0.));
#5951 = DIRECTION('',(-0.,1.,0.));
#5952 = PLANE('',#5953);
#5953 = AXIS2_PLACEMENT_3D('',#5954,#5955,#5956);
#5954 = CARTESIAN_POINT('',(-3.4325,-1.74,0.));
#5955 = DIRECTION('',(1.,0.,0.));
#5956 = DIRECTION('',(0.,0.,-1.));
#5957 = ADVANCED_FACE('',(#5958),#5969,.T.);
#5958 = FACE_BOUND('',#5959,.F.);
#5959 = EDGE_LOOP('',(#5960,#5961,#5962,#5963));
#5960 = ORIENTED_EDGE('',*,*,#5733,.F.);
#5961 = ORIENTED_EDGE('',*,*,#5766,.T.);
#5962 = ORIENTED_EDGE('',*,*,#5852,.T.);
#5963 = ORIENTED_EDGE('',*,*,#5964,.T.);
#5964 = EDGE_CURVE('',#5853,#5734,#5965,.T.);
#5965 = LINE('',#5966,#5967);
#5966 = CARTESIAN_POINT('',(-3.4325,-0.3175,2.22));
#5967 = VECTOR('',#5968,1.);
#5968 = DIRECTION('',(-0.254456678904,0.254456678904,0.933007822648));
#5969 = PLANE('',#5970);
#5970 = AXIS2_PLACEMENT_3D('',#5971,#5972,#5973);
#5971 = CARTESIAN_POINT('',(-3.5075,0.,2.495));
#5972 = DIRECTION('',(0.964763821238,0.,0.263117405792));
#5973 = DIRECTION('',(-0.263117405792,0.,0.964763821238));
#5974 = ADVANCED_FACE('',(#5975),#5986,.T.);
#5975 = FACE_BOUND('',#5976,.F.);
#5976 = EDGE_LOOP('',(#5977,#5983,#5984,#5985));
#5977 = ORIENTED_EDGE('',*,*,#5978,.T.);
#5978 = EDGE_CURVE('',#5853,#5563,#5979,.T.);
#5979 = LINE('',#5980,#5981);
#5980 = CARTESIAN_POINT('',(-3.4325,-0.3175,2.22));
#5981 = VECTOR('',#5982,1.);
#5982 = DIRECTION('',(-1.,0.,0.));
#5983 = ORIENTED_EDGE('',*,*,#5704,.F.);
#5984 = ORIENTED_EDGE('',*,*,#5741,.F.);
#5985 = ORIENTED_EDGE('',*,*,#5964,.F.);
#5986 = PLANE('',#5987);
#5987 = AXIS2_PLACEMENT_3D('',#5988,#5989,#5990);
#5988 = CARTESIAN_POINT('',(-3.75,-0.2425,2.495));
#5989 = DIRECTION('',(0.,-0.964763821238,0.263117405792));
#5990 = DIRECTION('',(0.,0.263117405792,0.964763821238));
#5991 = ADVANCED_FACE('',(#5992),#5998,.F.);
#5992 = FACE_BOUND('',#5993,.F.);
#5993 = EDGE_LOOP('',(#5994,#5995,#5996,#5997));
#5994 = ORIENTED_EDGE('',*,*,#5978,.F.);
#5995 = ORIENTED_EDGE('',*,*,#5862,.T.);
#5996 = ORIENTED_EDGE('',*,*,#5532,.F.);
#5997 = ORIENTED_EDGE('',*,*,#5572,.F.);
#5998 = PLANE('',#5999);
#5999 = AXIS2_PLACEMENT_3D('',#6000,#6001,#6002);
#6000 = CARTESIAN_POINT('',(-3.4325,-0.3175,-4.43));
#6001 = DIRECTION('',(0.,1.,0.));
#6002 = DIRECTION('',(0.,0.,-1.));
#6003 = ADVANCED_FACE('',(#6004),#6020,.F.);
#6004 = FACE_BOUND('',#6005,.F.);
#6005 = EDGE_LOOP('',(#6006,#6007,#6013,#6014));
#6006 = ORIENTED_EDGE('',*,*,#5885,.T.);
#6007 = ORIENTED_EDGE('',*,*,#6008,.T.);
#6008 = EDGE_CURVE('',#5878,#5594,#6009,.T.);
#6009 = LINE('',#6010,#6011);
#6010 = CARTESIAN_POINT('',(-3.4325,-0.3175,-7.48));
#6011 = VECTOR('',#6012,1.);
#6012 = DIRECTION('',(-1.,0.,0.));
#6013 = ORIENTED_EDGE('',*,*,#5593,.T.);
#6014 = ORIENTED_EDGE('',*,*,#6015,.F.);
#6015 = EDGE_CURVE('',#5886,#5596,#6016,.T.);
#6016 = LINE('',#6017,#6018);
#6017 = CARTESIAN_POINT('',(-3.4325,-0.3175,-7.07359083592));
#6018 = VECTOR('',#6019,1.);
#6019 = DIRECTION('',(-1.,0.,0.));
#6020 = PLANE('',#6021);
#6021 = AXIS2_PLACEMENT_3D('',#6022,#6023,#6024);
#6022 = CARTESIAN_POINT('',(-3.4325,-0.3175,-4.43));
#6023 = DIRECTION('',(0.,1.,0.));
#6024 = DIRECTION('',(0.,0.,-1.));
#6025 = ADVANCED_FACE('',(#6026),#6037,.F.);
#6026 = FACE_BOUND('',#6027,.F.);
#6027 = EDGE_LOOP('',(#6028,#6029,#6030,#6031));
#6028 = ORIENTED_EDGE('',*,*,#5653,.T.);
#6029 = ORIENTED_EDGE('',*,*,#4634,.T.);
#6030 = ORIENTED_EDGE('',*,*,#5920,.T.);
#6031 = ORIENTED_EDGE('',*,*,#6032,.T.);
#6032 = EDGE_CURVE('',#5912,#5654,#6033,.T.);
#6033 = LINE('',#6034,#6035);
#6034 = CARTESIAN_POINT('',(-3.4325,-0.3175,-4.78640916408));
#6035 = VECTOR('',#6036,1.);
#6036 = DIRECTION('',(-1.,0.,0.));
#6037 = PLANE('',#6038);
#6038 = AXIS2_PLACEMENT_3D('',#6039,#6040,#6041);
#6039 = CARTESIAN_POINT('',(-3.4325,-0.3175,-4.43));
#6040 = DIRECTION('',(0.,1.,0.));
#6041 = DIRECTION('',(0.,0.,-1.));
#6042 = ADVANCED_FACE('',(#6043),#6068,.T.);
#6043 = FACE_BOUND('',#6044,.F.);
#6044 = EDGE_LOOP('',(#6045,#6046,#6054,#6062));
#6045 = ORIENTED_EDGE('',*,*,#6008,.F.);
#6046 = ORIENTED_EDGE('',*,*,#6047,.F.);
#6047 = EDGE_CURVE('',#6048,#5878,#6050,.T.);
#6048 = VERTEX_POINT('',#6049);
#6049 = CARTESIAN_POINT('',(-3.5825,-0.1675,-8.03));
#6050 = LINE('',#6051,#6052);
#6051 = CARTESIAN_POINT('',(-3.5825,-0.1675,-8.03));
#6052 = VECTOR('',#6053,1.);
#6053 = DIRECTION('',(0.254456678904,-0.254456678904,0.933007822648));
#6054 = ORIENTED_EDGE('',*,*,#6055,.T.);
#6055 = EDGE_CURVE('',#6048,#6056,#6058,.T.);
#6056 = VERTEX_POINT('',#6057);
#6057 = CARTESIAN_POINT('',(-3.9175,-0.1675,-8.03));
#6058 = LINE('',#6059,#6060);
#6059 = CARTESIAN_POINT('',(-3.5825,-0.1675,-8.03));
#6060 = VECTOR('',#6061,1.);
#6061 = DIRECTION('',(-1.,0.,0.));
#6062 = ORIENTED_EDGE('',*,*,#6063,.T.);
#6063 = EDGE_CURVE('',#6056,#5594,#6064,.T.);
#6064 = LINE('',#6065,#6066);
#6065 = CARTESIAN_POINT('',(-3.9175,-0.1675,-8.03));
#6066 = VECTOR('',#6067,1.);
#6067 = DIRECTION('',(-0.254456678904,-0.254456678904,0.933007822648));
#6068 = PLANE('',#6069);
#6069 = AXIS2_PLACEMENT_3D('',#6070,#6071,#6072);
#6070 = CARTESIAN_POINT('',(-3.75,-0.2425,-7.755));
#6071 = DIRECTION('',(0.,-0.964763821238,-0.263117405792));
#6072 = DIRECTION('',(0.,-0.263117405792,0.964763821238));
#6073 = ADVANCED_FACE('',(#6074),#6092,.T.);
#6074 = FACE_BOUND('',#6075,.F.);
#6075 = EDGE_LOOP('',(#6076,#6084,#6085,#6086));
#6076 = ORIENTED_EDGE('',*,*,#6077,.F.);
#6077 = EDGE_CURVE('',#6048,#6078,#6080,.T.);
#6078 = VERTEX_POINT('',#6079);
#6079 = CARTESIAN_POINT('',(-3.5825,0.1675,-8.03));
#6080 = LINE('',#6081,#6082);
#6081 = CARTESIAN_POINT('',(-3.5825,-0.1675,-8.03));
#6082 = VECTOR('',#6083,1.);
#6083 = DIRECTION('',(0.,1.,0.));
#6084 = ORIENTED_EDGE('',*,*,#6047,.T.);
#6085 = ORIENTED_EDGE('',*,*,#5877,.T.);
#6086 = ORIENTED_EDGE('',*,*,#6087,.T.);
#6087 = EDGE_CURVE('',#5823,#6078,#6088,.T.);
#6088 = LINE('',#6089,#6090);
#6089 = CARTESIAN_POINT('',(-3.4325,0.3175,-7.48));
#6090 = VECTOR('',#6091,1.);
#6091 = DIRECTION('',(-0.254456678904,-0.254456678904,-0.933007822648));
#6092 = PLANE('',#6093);
#6093 = AXIS2_PLACEMENT_3D('',#6094,#6095,#6096);
#6094 = CARTESIAN_POINT('',(-3.5075,0.,-7.755));
#6095 = DIRECTION('',(0.964763821238,0.,-0.263117405792));
#6096 = DIRECTION('',(-0.263117405792,0.,-0.964763821238));
#6097 = ADVANCED_FACE('',(#6098),#6116,.T.);
#6098 = FACE_BOUND('',#6099,.F.);
#6099 = EDGE_LOOP('',(#6100,#6108,#6114,#6115));
#6100 = ORIENTED_EDGE('',*,*,#6101,.T.);
#6101 = EDGE_CURVE('',#6078,#6102,#6104,.T.);
#6102 = VERTEX_POINT('',#6103);
#6103 = CARTESIAN_POINT('',(-3.9175,0.1675,-8.03));
#6104 = LINE('',#6105,#6106);
#6105 = CARTESIAN_POINT('',(-3.5825,0.1675,-8.03));
#6106 = VECTOR('',#6107,1.);
#6107 = DIRECTION('',(-1.,0.,0.));
#6108 = ORIENTED_EDGE('',*,*,#6109,.T.);
#6109 = EDGE_CURVE('',#6102,#6056,#6110,.T.);
#6110 = LINE('',#6111,#6112);
#6111 = CARTESIAN_POINT('',(-3.9175,0.1675,-8.03));
#6112 = VECTOR('',#6113,1.);
#6113 = DIRECTION('',(0.,-1.,0.));
#6114 = ORIENTED_EDGE('',*,*,#6055,.F.);
#6115 = ORIENTED_EDGE('',*,*,#6077,.T.);
#6116 = PLANE('',#6117);
#6117 = AXIS2_PLACEMENT_3D('',#6118,#6119,#6120);
#6118 = CARTESIAN_POINT('',(-4.0675,-0.3175,-8.03));
#6119 = DIRECTION('',(0.,0.,-1.));
#6120 = DIRECTION('',(0.,1.,0.));
#6121 = ADVANCED_FACE('',(#6122),#6133,.T.);
#6122 = FACE_BOUND('',#6123,.F.);
#6123 = EDGE_LOOP('',(#6124,#6125,#6131,#6132));
#6124 = ORIENTED_EDGE('',*,*,#5822,.T.);
#6125 = ORIENTED_EDGE('',*,*,#6126,.F.);
#6126 = EDGE_CURVE('',#6102,#5604,#6127,.T.);
#6127 = LINE('',#6128,#6129);
#6128 = CARTESIAN_POINT('',(-3.9175,0.1675,-8.03));
#6129 = VECTOR('',#6130,1.);
#6130 = DIRECTION('',(-0.254456678904,0.254456678904,0.933007822648));
#6131 = ORIENTED_EDGE('',*,*,#6101,.F.);
#6132 = ORIENTED_EDGE('',*,*,#6087,.F.);
#6133 = PLANE('',#6134);
#6134 = AXIS2_PLACEMENT_3D('',#6135,#6136,#6137);
#6135 = CARTESIAN_POINT('',(-3.75,0.2425,-7.755));
#6136 = DIRECTION('',(0.,0.964763821238,-0.263117405792));
#6137 = DIRECTION('',(0.,-0.263117405792,-0.964763821238));
#6138 = ADVANCED_FACE('',(#6139),#6145,.T.);
#6139 = FACE_BOUND('',#6140,.F.);
#6140 = EDGE_LOOP('',(#6141,#6142,#6143,#6144));
#6141 = ORIENTED_EDGE('',*,*,#5603,.T.);
#6142 = ORIENTED_EDGE('',*,*,#6063,.F.);
#6143 = ORIENTED_EDGE('',*,*,#6109,.F.);
#6144 = ORIENTED_EDGE('',*,*,#6126,.T.);
#6145 = PLANE('',#6146);
#6146 = AXIS2_PLACEMENT_3D('',#6147,#6148,#6149);
#6147 = CARTESIAN_POINT('',(-3.9925,0.,-7.755));
#6148 = DIRECTION('',(-0.964763821238,0.,-0.263117405792));
#6149 = DIRECTION('',(0.263117405792,0.,-0.964763821238));
#6150 = ADVANCED_FACE('',(#6151),#6162,.F.);
#6151 = FACE_BOUND('',#6152,.F.);
#6152 = EDGE_LOOP('',(#6153,#6154,#6155,#6156));
#6153 = ORIENTED_EDGE('',*,*,#5893,.T.);
#6154 = ORIENTED_EDGE('',*,*,#6015,.T.);
#6155 = ORIENTED_EDGE('',*,*,#5679,.F.);
#6156 = ORIENTED_EDGE('',*,*,#6157,.F.);
#6157 = EDGE_CURVE('',#5894,#5671,#6158,.T.);
#6158 = LINE('',#6159,#6160);
#6159 = CARTESIAN_POINT('',(-3.4325,-0.416290170132,-6.639069554219));
#6160 = VECTOR('',#6161,1.);
#6161 = DIRECTION('',(-1.,0.,0.));
#6162 = CYLINDRICAL_SURFACE('',#6163,1.005);
#6163 = AXIS2_PLACEMENT_3D('',#6164,#6165,#6166);
#6164 = CARTESIAN_POINT('',(-3.4325,-1.3225,-7.07359083592));
#6165 = DIRECTION('',(1.,0.,0.));
#6166 = DIRECTION('',(0.,0.,-1.));
#6167 = ADVANCED_FACE('',(#6168),#6179,.T.);
#6168 = FACE_BOUND('',#6169,.T.);
#6169 = EDGE_LOOP('',(#6170,#6176,#6177,#6178));
#6170 = ORIENTED_EDGE('',*,*,#6171,.T.);
#6171 = EDGE_CURVE('',#5903,#5662,#6172,.T.);
#6172 = LINE('',#6173,#6174);
#6173 = CARTESIAN_POINT('',(-3.4325,-0.416290170132,-5.220930445781));
#6174 = VECTOR('',#6175,1.);
#6175 = DIRECTION('',(-1.,0.,0.));
#6176 = ORIENTED_EDGE('',*,*,#5670,.T.);
#6177 = ORIENTED_EDGE('',*,*,#6157,.F.);
#6178 = ORIENTED_EDGE('',*,*,#5902,.F.);
#6179 = CYLINDRICAL_SURFACE('',#6180,1.64);
#6180 = AXIS2_PLACEMENT_3D('',#6181,#6182,#6183);
#6181 = CARTESIAN_POINT('',(-3.4325,1.0625,-5.93));
#6182 = DIRECTION('',(1.,0.,0.));
#6183 = DIRECTION('',(0.,0.,-1.));
#6184 = ADVANCED_FACE('',(#6185),#6191,.F.);
#6185 = FACE_BOUND('',#6186,.F.);
#6186 = EDGE_LOOP('',(#6187,#6188,#6189,#6190));
#6187 = ORIENTED_EDGE('',*,*,#5911,.T.);
#6188 = ORIENTED_EDGE('',*,*,#6171,.T.);
#6189 = ORIENTED_EDGE('',*,*,#5661,.F.);
#6190 = ORIENTED_EDGE('',*,*,#6032,.F.);
#6191 = CYLINDRICAL_SURFACE('',#6192,1.005);
#6192 = AXIS2_PLACEMENT_3D('',#6193,#6194,#6195);
#6193 = CARTESIAN_POINT('',(-3.4325,-1.3225,-4.78640916408));
#6194 = DIRECTION('',(1.,0.,0.));
#6195 = DIRECTION('',(0.,0.,-1.));
#6196 = ADVANCED_FACE('',(#6197),#6208,.T.);
#6197 = FACE_BOUND('',#6198,.T.);
#6198 = EDGE_LOOP('',(#6199,#6205,#6206,#6207));
#6199 = ORIENTED_EDGE('',*,*,#6200,.T.);
#6200 = EDGE_CURVE('',#5929,#5629,#6201,.T.);
#6201 = LINE('',#6202,#6203);
#6202 = CARTESIAN_POINT('',(-3.4325,0.156290170132,-5.495478718299));
#6203 = VECTOR('',#6204,1.);
#6204 = DIRECTION('',(-1.,0.,0.));
#6205 = ORIENTED_EDGE('',*,*,#5637,.T.);
#6206 = ORIENTED_EDGE('',*,*,#5807,.F.);
#6207 = ORIENTED_EDGE('',*,*,#5928,.F.);
#6208 = CYLINDRICAL_SURFACE('',#6209,1.64);
#6209 = AXIS2_PLACEMENT_3D('',#6210,#6211,#6212);
#6210 = CARTESIAN_POINT('',(-3.4325,-1.3225,-4.78640916408));
#6211 = DIRECTION('',(1.,0.,0.));
#6212 = DIRECTION('',(0.,0.,-1.));
#6213 = ADVANCED_FACE('',(#6214),#6225,.F.);
#6214 = FACE_BOUND('',#6215,.F.);
#6215 = EDGE_LOOP('',(#6216,#6217,#6218,#6219));
#6216 = ORIENTED_EDGE('',*,*,#5937,.T.);
#6217 = ORIENTED_EDGE('',*,*,#6200,.T.);
#6218 = ORIENTED_EDGE('',*,*,#5628,.F.);
#6219 = ORIENTED_EDGE('',*,*,#6220,.F.);
#6220 = EDGE_CURVE('',#5938,#5620,#6221,.T.);
#6221 = LINE('',#6222,#6223);
#6222 = CARTESIAN_POINT('',(-3.4325,0.156290170132,-6.364521281701));
#6223 = VECTOR('',#6224,1.);
#6224 = DIRECTION('',(-1.,0.,0.));
#6225 = CYLINDRICAL_SURFACE('',#6226,1.005);
#6226 = AXIS2_PLACEMENT_3D('',#6227,#6228,#6229);
#6227 = CARTESIAN_POINT('',(-3.4325,1.0625,-5.93));
#6228 = DIRECTION('',(1.,0.,0.));
#6229 = DIRECTION('',(0.,0.,-1.));
#6230 = ADVANCED_FACE('',(#6231),#6237,.T.);
#6231 = FACE_BOUND('',#6232,.T.);
#6232 = EDGE_LOOP('',(#6233,#6234,#6235,#6236));
#6233 = ORIENTED_EDGE('',*,*,#5838,.T.);
#6234 = ORIENTED_EDGE('',*,*,#5619,.T.);
#6235 = ORIENTED_EDGE('',*,*,#6220,.F.);
#6236 = ORIENTED_EDGE('',*,*,#5946,.F.);
#6237 = CYLINDRICAL_SURFACE('',#6238,1.64);
#6238 = AXIS2_PLACEMENT_3D('',#6239,#6240,#6241);
#6239 = CARTESIAN_POINT('',(-3.4325,-1.3225,-7.07359083592));
#6240 = DIRECTION('',(1.,0.,0.));
#6241 = DIRECTION('',(0.,0.,-1.));
#6242 = ADVANCED_FACE('',(#6243),#6276,.F.);
#6243 = FACE_BOUND('',#6244,.F.);
#6244 = EDGE_LOOP('',(#6245,#6246,#6254,#6262,#6270));
#6245 = ORIENTED_EDGE('',*,*,#5181,.F.);
#6246 = ORIENTED_EDGE('',*,*,#6247,.T.);
#6247 = EDGE_CURVE('',#5182,#6248,#6250,.T.);
#6248 = VERTEX_POINT('',#6249);
#6249 = CARTESIAN_POINT('',(-2.2,3.75,5.411849315068));
#6250 = LINE('',#6251,#6252);
#6251 = CARTESIAN_POINT('',(-2.2,2.56,4.23));
#6252 = VECTOR('',#6253,1.);
#6253 = DIRECTION('',(0.,0.709532511966,0.70467270024));
#6254 = ORIENTED_EDGE('',*,*,#6255,.T.);
#6255 = EDGE_CURVE('',#6248,#6256,#6258,.T.);
#6256 = VERTEX_POINT('',#6257);
#6257 = CARTESIAN_POINT('',(-2.2,3.75,-0.32));
#6258 = LINE('',#6259,#6260);
#6259 = CARTESIAN_POINT('',(-2.2,3.75,5.411849315068));
#6260 = VECTOR('',#6261,1.);
#6261 = DIRECTION('',(0.,0.,-1.));
#6262 = ORIENTED_EDGE('',*,*,#6263,.T.);
#6263 = EDGE_CURVE('',#6256,#6264,#6266,.T.);
#6264 = VERTEX_POINT('',#6265);
#6265 = CARTESIAN_POINT('',(-2.2,1.095,-0.32));
#6266 = LINE('',#6267,#6268);
#6267 = CARTESIAN_POINT('',(-2.2,3.75,-0.32));
#6268 = VECTOR('',#6269,1.);
#6269 = DIRECTION('',(0.,-1.,0.));
#6270 = ORIENTED_EDGE('',*,*,#6271,.F.);
#6271 = EDGE_CURVE('',#5184,#6264,#6272,.T.);
#6272 = LINE('',#6273,#6274);
#6273 = CARTESIAN_POINT('',(-2.2,1.095,4.23));
#6274 = VECTOR('',#6275,1.);
#6275 = DIRECTION('',(0.,0.,-1.));
#6276 = PLANE('',#6277);
#6277 = AXIS2_PLACEMENT_3D('',#6278,#6279,#6280);
#6278 = CARTESIAN_POINT('',(-2.2,3.75,5.68));
#6279 = DIRECTION('',(-1.,0.,0.));
#6280 = DIRECTION('',(0.,-1.,0.));
#6281 = ADVANCED_FACE('',(#6282),#6323,.T.);
#6282 = FACE_BOUND('',#6283,.F.);
#6283 = EDGE_LOOP('',(#6284,#6285,#6286,#6294,#6302,#6308,#6309,#6317));
#6284 = ORIENTED_EDGE('',*,*,#6247,.F.);
#6285 = ORIENTED_EDGE('',*,*,#5372,.F.);
#6286 = ORIENTED_EDGE('',*,*,#6287,.F.);
#6287 = EDGE_CURVE('',#6288,#5365,#6290,.T.);
#6288 = VERTEX_POINT('',#6289);
#6289 = CARTESIAN_POINT('',(-2.6,4.02,5.68));
#6290 = LINE('',#6291,#6292);
#6291 = CARTESIAN_POINT('',(-2.6,4.02,5.68));
#6292 = VECTOR('',#6293,1.);
#6293 = DIRECTION('',(0.,-0.709532511966,-0.70467270024));
#6294 = ORIENTED_EDGE('',*,*,#6295,.T.);
#6295 = EDGE_CURVE('',#6288,#6296,#6298,.T.);
#6296 = VERTEX_POINT('',#6297);
#6297 = CARTESIAN_POINT('',(2.6,4.02,5.68));
#6298 = LINE('',#6299,#6300);
#6299 = CARTESIAN_POINT('',(-2.6,4.02,5.68));
#6300 = VECTOR('',#6301,1.);
#6301 = DIRECTION('',(1.,0.,0.));
#6302 = ORIENTED_EDGE('',*,*,#6303,.T.);
#6303 = EDGE_CURVE('',#6296,#5318,#6304,.T.);
#6304 = LINE('',#6305,#6306);
#6305 = CARTESIAN_POINT('',(2.6,4.02,5.68));
#6306 = VECTOR('',#6307,1.);
#6307 = DIRECTION('',(0.,-0.709532511966,-0.70467270024));
#6308 = ORIENTED_EDGE('',*,*,#5317,.F.);
#6309 = ORIENTED_EDGE('',*,*,#6310,.T.);
#6310 = EDGE_CURVE('',#5310,#6311,#6313,.T.);
#6311 = VERTEX_POINT('',#6312);
#6312 = CARTESIAN_POINT('',(2.2,3.75,5.411849315068));
#6313 = LINE('',#6314,#6315);
#6314 = CARTESIAN_POINT('',(2.2,2.56,4.23));
#6315 = VECTOR('',#6316,1.);
#6316 = DIRECTION('',(0.,0.709532511966,0.70467270024));
#6317 = ORIENTED_EDGE('',*,*,#6318,.T.);
#6318 = EDGE_CURVE('',#6311,#6248,#6319,.T.);
#6319 = LINE('',#6320,#6321);
#6320 = CARTESIAN_POINT('',(2.2,3.75,5.411849315068));
#6321 = VECTOR('',#6322,1.);
#6322 = DIRECTION('',(-1.,0.,0.));
#6323 = PLANE('',#6324);
#6324 = AXIS2_PLACEMENT_3D('',#6325,#6326,#6327);
#6325 = CARTESIAN_POINT('',(-2.6,4.02,5.68));
#6326 = DIRECTION('',(0.,-0.70467270024,0.709532511966));
#6327 = DIRECTION('',(0.,-0.709532511966,-0.70467270024));
#6328 = ADVANCED_FACE('',(#6329),#6363,.F.);
#6329 = FACE_BOUND('',#6330,.F.);
#6330 = EDGE_LOOP('',(#6331,#6341,#6349,#6355,#6356,#6357));
#6331 = ORIENTED_EDGE('',*,*,#6332,.F.);
#6332 = EDGE_CURVE('',#6333,#6335,#6337,.T.);
#6333 = VERTEX_POINT('',#6334);
#6334 = CARTESIAN_POINT('',(-2.6,4.35,-0.52));
#6335 = VERTEX_POINT('',#6336);
#6336 = CARTESIAN_POINT('',(-2.6,1.74,-0.52));
#6337 = LINE('',#6338,#6339);
#6338 = CARTESIAN_POINT('',(-2.6,4.35,-0.52));
#6339 = VECTOR('',#6340,1.);
#6340 = DIRECTION('',(0.,-1.,0.));
#6341 = ORIENTED_EDGE('',*,*,#6342,.F.);
#6342 = EDGE_CURVE('',#6343,#6333,#6345,.T.);
#6343 = VERTEX_POINT('',#6344);
#6344 = CARTESIAN_POINT('',(-2.6,4.35,5.68));
#6345 = LINE('',#6346,#6347);
#6346 = CARTESIAN_POINT('',(-2.6,4.35,5.68));
#6347 = VECTOR('',#6348,1.);
#6348 = DIRECTION('',(0.,0.,-1.));
#6349 = ORIENTED_EDGE('',*,*,#6350,.T.);
#6350 = EDGE_CURVE('',#6343,#6288,#6351,.T.);
#6351 = LINE('',#6352,#6353);
#6352 = CARTESIAN_POINT('',(-2.6,4.35,5.68));
#6353 = VECTOR('',#6354,1.);
#6354 = DIRECTION('',(0.,-1.,0.));
#6355 = ORIENTED_EDGE('',*,*,#6287,.T.);
#6356 = ORIENTED_EDGE('',*,*,#5364,.T.);
#6357 = ORIENTED_EDGE('',*,*,#6358,.T.);
#6358 = EDGE_CURVE('',#5357,#6335,#6359,.T.);
#6359 = LINE('',#6360,#6361);
#6360 = CARTESIAN_POINT('',(-2.6,1.74,4.23));
#6361 = VECTOR('',#6362,1.);
#6362 = DIRECTION('',(0.,0.,-1.));
#6363 = PLANE('',#6364);
#6364 = AXIS2_PLACEMENT_3D('',#6365,#6366,#6367);
#6365 = CARTESIAN_POINT('',(-2.6,0.,0.));
#6366 = DIRECTION('',(1.,0.,0.));
#6367 = DIRECTION('',(0.,0.,-1.));
#6368 = ADVANCED_FACE('',(#6369),#6396,.T.);
#6369 = FACE_BOUND('',#6370,.T.);
#6370 = EDGE_LOOP('',(#6371,#6380,#6381,#6390));
#6371 = ORIENTED_EDGE('',*,*,#6372,.F.);
#6372 = EDGE_CURVE('',#6335,#6373,#6375,.T.);
#6373 = VERTEX_POINT('',#6374);
#6374 = CARTESIAN_POINT('',(-2.35,1.74,-0.77));
#6375 = CIRCLE('',#6376,0.25);
#6376 = AXIS2_PLACEMENT_3D('',#6377,#6378,#6379);
#6377 = CARTESIAN_POINT('',(-2.35,1.74,-0.52));
#6378 = DIRECTION('',(0.,-1.,0.));
#6379 = DIRECTION('',(-1.,0.,0.));
#6380 = ORIENTED_EDGE('',*,*,#6332,.F.);
#6381 = ORIENTED_EDGE('',*,*,#6382,.T.);
#6382 = EDGE_CURVE('',#6333,#6383,#6385,.T.);
#6383 = VERTEX_POINT('',#6384);
#6384 = CARTESIAN_POINT('',(-2.35,4.349999999345,-0.77));
#6385 = CIRCLE('',#6386,0.25);
#6386 = AXIS2_PLACEMENT_3D('',#6387,#6388,#6389);
#6387 = CARTESIAN_POINT('',(-2.35,4.35,-0.52));
#6388 = DIRECTION('',(0.,-1.,0.));
#6389 = DIRECTION('',(-1.,0.,0.));
#6390 = ORIENTED_EDGE('',*,*,#6391,.T.);
#6391 = EDGE_CURVE('',#6383,#6373,#6392,.T.);
#6392 = LINE('',#6393,#6394);
#6393 = CARTESIAN_POINT('',(-2.35,4.349999999345,-0.77));
#6394 = VECTOR('',#6395,1.);
#6395 = DIRECTION('',(0.,-1.,0.));
#6396 = CYLINDRICAL_SURFACE('',#6397,0.25);
#6397 = AXIS2_PLACEMENT_3D('',#6398,#6399,#6400);
#6398 = CARTESIAN_POINT('',(-2.35,4.390737902489,-0.52));
#6399 = DIRECTION('',(0.,-1.,0.));
#6400 = DIRECTION('',(-1.,0.,0.));
#6401 = ADVANCED_FACE('',(#6402),#6459,.T.);
#6402 = FACE_BOUND('',#6403,.F.);
#6403 = EDGE_LOOP('',(#6404,#6414,#6422,#6430,#6438,#6446,#6452,#6453));
#6404 = ORIENTED_EDGE('',*,*,#6405,.T.);
#6405 = EDGE_CURVE('',#6406,#6408,#6410,.T.);
#6406 = VERTEX_POINT('',#6407);
#6407 = CARTESIAN_POINT('',(2.35,1.74,-0.77));
#6408 = VERTEX_POINT('',#6409);
#6409 = CARTESIAN_POINT('',(2.35,4.35,-0.77));
#6410 = LINE('',#6411,#6412);
#6411 = CARTESIAN_POINT('',(2.35,1.74,-0.77));
#6412 = VECTOR('',#6413,1.);
#6413 = DIRECTION('',(0.,1.,0.));
#6414 = ORIENTED_EDGE('',*,*,#6415,.F.);
#6415 = EDGE_CURVE('',#6416,#6408,#6418,.T.);
#6416 = VERTEX_POINT('',#6417);
#6417 = CARTESIAN_POINT('',(1.15,4.35,-0.77));
#6418 = LINE('',#6419,#6420);
#6419 = CARTESIAN_POINT('',(1.15,4.35,-0.77));
#6420 = VECTOR('',#6421,1.);
#6421 = DIRECTION('',(1.,-1.091811085985E-09,0.));
#6422 = ORIENTED_EDGE('',*,*,#6423,.T.);
#6423 = EDGE_CURVE('',#6416,#6424,#6426,.T.);
#6424 = VERTEX_POINT('',#6425);
#6425 = CARTESIAN_POINT('',(1.15,3.75,-0.77));
#6426 = LINE('',#6427,#6428);
#6427 = CARTESIAN_POINT('',(1.15,4.35,-0.77));
#6428 = VECTOR('',#6429,1.);
#6429 = DIRECTION('',(0.,-1.,0.));
#6430 = ORIENTED_EDGE('',*,*,#6431,.F.);
#6431 = EDGE_CURVE('',#6432,#6424,#6434,.T.);
#6432 = VERTEX_POINT('',#6433);
#6433 = CARTESIAN_POINT('',(-1.15,3.75,-0.77));
#6434 = LINE('',#6435,#6436);
#6435 = CARTESIAN_POINT('',(-1.15,3.75,-0.77));
#6436 = VECTOR('',#6437,1.);
#6437 = DIRECTION('',(1.,0.,0.));
#6438 = ORIENTED_EDGE('',*,*,#6439,.F.);
#6439 = EDGE_CURVE('',#6440,#6432,#6442,.T.);
#6440 = VERTEX_POINT('',#6441);
#6441 = CARTESIAN_POINT('',(-1.15,4.35,-0.77));
#6442 = LINE('',#6443,#6444);
#6443 = CARTESIAN_POINT('',(-1.15,4.35,-0.77));
#6444 = VECTOR('',#6445,1.);
#6445 = DIRECTION('',(0.,-1.,0.));
#6446 = ORIENTED_EDGE('',*,*,#6447,.F.);
#6447 = EDGE_CURVE('',#6383,#6440,#6448,.T.);
#6448 = LINE('',#6449,#6450);
#6449 = CARTESIAN_POINT('',(-2.35,4.349999999345,-0.77));
#6450 = VECTOR('',#6451,1.);
#6451 = DIRECTION('',(1.,5.459136846279E-10,0.));
#6452 = ORIENTED_EDGE('',*,*,#6391,.T.);
#6453 = ORIENTED_EDGE('',*,*,#6454,.T.);
#6454 = EDGE_CURVE('',#6373,#6406,#6455,.T.);
#6455 = LINE('',#6456,#6457);
#6456 = CARTESIAN_POINT('',(-2.35,1.74,-0.77));
#6457 = VECTOR('',#6458,1.);
#6458 = DIRECTION('',(1.,0.,0.));
#6459 = PLANE('',#6460);
#6460 = AXIS2_PLACEMENT_3D('',#6461,#6462,#6463);
#6461 = CARTESIAN_POINT('',(-2.6,1.74,-0.77));
#6462 = DIRECTION('',(0.,0.,-1.));
#6463 = DIRECTION('',(0.,1.,0.));
#6464 = ADVANCED_FACE('',(#6465),#6492,.T.);
#6465 = FACE_BOUND('',#6466,.T.);
#6466 = EDGE_LOOP('',(#6467,#6476,#6477,#6486));
#6467 = ORIENTED_EDGE('',*,*,#6468,.F.);
#6468 = EDGE_CURVE('',#6406,#6469,#6471,.T.);
#6469 = VERTEX_POINT('',#6470);
#6470 = CARTESIAN_POINT('',(2.6,1.74,-0.52));
#6471 = CIRCLE('',#6472,0.25);
#6472 = AXIS2_PLACEMENT_3D('',#6473,#6474,#6475);
#6473 = CARTESIAN_POINT('',(2.35,1.74,-0.52));
#6474 = DIRECTION('',(0.,-1.,0.));
#6475 = DIRECTION('',(0.,0.,-1.));
#6476 = ORIENTED_EDGE('',*,*,#6405,.T.);
#6477 = ORIENTED_EDGE('',*,*,#6478,.F.);
#6478 = EDGE_CURVE('',#6479,#6408,#6481,.T.);
#6479 = VERTEX_POINT('',#6480);
#6480 = CARTESIAN_POINT('',(2.6,4.35,-0.52));
#6481 = CIRCLE('',#6482,0.25);
#6482 = AXIS2_PLACEMENT_3D('',#6483,#6484,#6485);
#6483 = CARTESIAN_POINT('',(2.35,4.35,-0.52));
#6484 = DIRECTION('',(-0.,1.,0.));
#6485 = DIRECTION('',(1.,0.,0.));
#6486 = ORIENTED_EDGE('',*,*,#6487,.F.);
#6487 = EDGE_CURVE('',#6469,#6479,#6488,.T.);
#6488 = LINE('',#6489,#6490);
#6489 = CARTESIAN_POINT('',(2.6,1.74,-0.52));
#6490 = VECTOR('',#6491,1.);
#6491 = DIRECTION('',(0.,1.,0.));
#6492 = CYLINDRICAL_SURFACE('',#6493,0.25);
#6493 = AXIS2_PLACEMENT_3D('',#6494,#6495,#6496);
#6494 = CARTESIAN_POINT('',(2.35,-10.004824,-0.52));
#6495 = DIRECTION('',(0.,1.,0.));
#6496 = DIRECTION('',(1.,0.,0.));
#6497 = ADVANCED_FACE('',(#6498),#6523,.T.);
#6498 = FACE_BOUND('',#6499,.F.);
#6499 = EDGE_LOOP('',(#6500,#6508,#6509,#6515,#6516,#6517));
#6500 = ORIENTED_EDGE('',*,*,#6501,.F.);
#6501 = EDGE_CURVE('',#6479,#6502,#6504,.T.);
#6502 = VERTEX_POINT('',#6503);
#6503 = CARTESIAN_POINT('',(2.6,4.35,5.68));
#6504 = LINE('',#6505,#6506);
#6505 = CARTESIAN_POINT('',(2.6,4.35,-0.52));
#6506 = VECTOR('',#6507,1.);
#6507 = DIRECTION('',(0.,0.,1.));
#6508 = ORIENTED_EDGE('',*,*,#6487,.F.);
#6509 = ORIENTED_EDGE('',*,*,#6510,.F.);
#6510 = EDGE_CURVE('',#5326,#6469,#6511,.T.);
#6511 = LINE('',#6512,#6513);
#6512 = CARTESIAN_POINT('',(2.6,1.74,4.23));
#6513 = VECTOR('',#6514,1.);
#6514 = DIRECTION('',(0.,0.,-1.));
#6515 = ORIENTED_EDGE('',*,*,#5325,.F.);
#6516 = ORIENTED_EDGE('',*,*,#6303,.F.);
#6517 = ORIENTED_EDGE('',*,*,#6518,.F.);
#6518 = EDGE_CURVE('',#6502,#6296,#6519,.T.);
#6519 = LINE('',#6520,#6521);
#6520 = CARTESIAN_POINT('',(2.6,4.35,5.68));
#6521 = VECTOR('',#6522,1.);
#6522 = DIRECTION('',(0.,-1.,0.));
#6523 = PLANE('',#6524);
#6524 = AXIS2_PLACEMENT_3D('',#6525,#6526,#6527);
#6525 = CARTESIAN_POINT('',(2.6,0.,0.));
#6526 = DIRECTION('',(1.,0.,0.));
#6527 = DIRECTION('',(0.,0.,-1.));
#6528 = ADVANCED_FACE('',(#6529),#6556,.T.);
#6529 = FACE_BOUND('',#6530,.T.);
#6530 = EDGE_LOOP('',(#6531,#6532,#6541,#6549));
#6531 = ORIENTED_EDGE('',*,*,#6501,.F.);
#6532 = ORIENTED_EDGE('',*,*,#6533,.T.);
#6533 = EDGE_CURVE('',#6479,#6534,#6536,.T.);
#6534 = VERTEX_POINT('',#6535);
#6535 = CARTESIAN_POINT('',(2.35,4.6,-0.519999999982));
#6536 = CIRCLE('',#6537,0.25);
#6537 = AXIS2_PLACEMENT_3D('',#6538,#6539,#6540);
#6538 = CARTESIAN_POINT('',(2.35,4.35,-0.52));
#6539 = DIRECTION('',(0.,0.,1.));
#6540 = DIRECTION('',(1.,0.,-0.));
#6541 = ORIENTED_EDGE('',*,*,#6542,.T.);
#6542 = EDGE_CURVE('',#6534,#6543,#6545,.T.);
#6543 = VERTEX_POINT('',#6544);
#6544 = CARTESIAN_POINT('',(2.35,4.6,5.68));
#6545 = LINE('',#6546,#6547);
#6546 = CARTESIAN_POINT('',(2.35,4.6,-0.519999999982));
#6547 = VECTOR('',#6548,1.);
#6548 = DIRECTION('',(0.,0.,1.));
#6549 = ORIENTED_EDGE('',*,*,#6550,.F.);
#6550 = EDGE_CURVE('',#6502,#6543,#6551,.T.);
#6551 = CIRCLE('',#6552,0.25);
#6552 = AXIS2_PLACEMENT_3D('',#6553,#6554,#6555);
#6553 = CARTESIAN_POINT('',(2.35,4.35,5.68));
#6554 = DIRECTION('',(0.,0.,1.));
#6555 = DIRECTION('',(1.,0.,-0.));
#6556 = CYLINDRICAL_SURFACE('',#6557,0.25);
#6557 = AXIS2_PLACEMENT_3D('',#6558,#6559,#6560);
#6558 = CARTESIAN_POINT('',(2.35,4.35,-0.548677442317));
#6559 = DIRECTION('',(0.,0.,1.));
#6560 = DIRECTION('',(1.,0.,-0.));
#6561 = ADVANCED_FACE('',(#6562),#6583,.T.);
#6562 = FACE_BOUND('',#6563,.F.);
#6563 = EDGE_LOOP('',(#6564,#6565,#6566,#6567,#6568,#6577));
#6564 = ORIENTED_EDGE('',*,*,#6550,.F.);
#6565 = ORIENTED_EDGE('',*,*,#6518,.T.);
#6566 = ORIENTED_EDGE('',*,*,#6295,.F.);
#6567 = ORIENTED_EDGE('',*,*,#6350,.F.);
#6568 = ORIENTED_EDGE('',*,*,#6569,.F.);
#6569 = EDGE_CURVE('',#6570,#6343,#6572,.T.);
#6570 = VERTEX_POINT('',#6571);
#6571 = CARTESIAN_POINT('',(-2.35,4.6,5.68));
#6572 = CIRCLE('',#6573,0.25);
#6573 = AXIS2_PLACEMENT_3D('',#6574,#6575,#6576);
#6574 = CARTESIAN_POINT('',(-2.35,4.35,5.68));
#6575 = DIRECTION('',(0.,-0.,1.));
#6576 = DIRECTION('',(0.,1.,0.));
#6577 = ORIENTED_EDGE('',*,*,#6578,.T.);
#6578 = EDGE_CURVE('',#6570,#6543,#6579,.T.);
#6579 = LINE('',#6580,#6581);
#6580 = CARTESIAN_POINT('',(-2.35,4.6,5.68));
#6581 = VECTOR('',#6582,1.);
#6582 = DIRECTION('',(1.,0.,0.));
#6583 = PLANE('',#6584);
#6584 = AXIS2_PLACEMENT_3D('',#6585,#6586,#6587);
#6585 = CARTESIAN_POINT('',(-2.6,4.6,5.68));
#6586 = DIRECTION('',(0.,0.,1.));
#6587 = DIRECTION('',(0.,-1.,0.));
#6588 = ADVANCED_FACE('',(#6589),#6608,.T.);
#6589 = FACE_BOUND('',#6590,.T.);
#6590 = EDGE_LOOP('',(#6591,#6599,#6606,#6607));
#6591 = ORIENTED_EDGE('',*,*,#6592,.T.);
#6592 = EDGE_CURVE('',#6570,#6593,#6595,.T.);
#6593 = VERTEX_POINT('',#6594);
#6594 = CARTESIAN_POINT('',(-2.35,4.6,-0.52));
#6595 = LINE('',#6596,#6597);
#6596 = CARTESIAN_POINT('',(-2.35,4.6,5.68));
#6597 = VECTOR('',#6598,1.);
#6598 = DIRECTION('',(0.,0.,-1.));
#6599 = ORIENTED_EDGE('',*,*,#6600,.F.);
#6600 = EDGE_CURVE('',#6333,#6593,#6601,.T.);
#6601 = CIRCLE('',#6602,0.25);
#6602 = AXIS2_PLACEMENT_3D('',#6603,#6604,#6605);
#6603 = CARTESIAN_POINT('',(-2.35,4.35,-0.52));
#6604 = DIRECTION('',(0.,0.,-1.));
#6605 = DIRECTION('',(-1.,0.,0.));
#6606 = ORIENTED_EDGE('',*,*,#6342,.F.);
#6607 = ORIENTED_EDGE('',*,*,#6569,.F.);
#6608 = CYLINDRICAL_SURFACE('',#6609,0.25);
#6609 = AXIS2_PLACEMENT_3D('',#6610,#6611,#6612);
#6610 = CARTESIAN_POINT('',(-2.35,4.35,23.552356));
#6611 = DIRECTION('',(0.,0.,-1.));
#6612 = DIRECTION('',(-1.,0.,0.));
#6613 = ADVANCED_FACE('',(#6614),#6625,.T.);
#6614 = FACE_BOUND('',#6615,.T.);
#6615 = EDGE_LOOP('',(#6616,#6617,#6618));
#6616 = ORIENTED_EDGE('',*,*,#6382,.F.);
#6617 = ORIENTED_EDGE('',*,*,#6600,.T.);
#6618 = ORIENTED_EDGE('',*,*,#6619,.T.);
#6619 = EDGE_CURVE('',#6593,#6383,#6620,.T.);
#6620 = CIRCLE('',#6621,0.25);
#6621 = AXIS2_PLACEMENT_3D('',#6622,#6623,#6624);
#6622 = CARTESIAN_POINT('',(-2.35,4.35,-0.52));
#6623 = DIRECTION('',(-1.,0.,0.));
#6624 = DIRECTION('',(0.,1.,0.));
#6625 = SPHERICAL_SURFACE('',#6626,0.25);
#6626 = AXIS2_PLACEMENT_3D('',#6627,#6628,#6629);
#6627 = CARTESIAN_POINT('',(-2.35,4.35,-0.52));
#6628 = DIRECTION('',(0.,0.70710678479,0.707106777583));
#6629 = DIRECTION('',(0.,0.707106777583,-0.70710678479));
#6630 = ADVANCED_FACE('',(#6631),#6656,.T.);
#6631 = FACE_BOUND('',#6632,.T.);
#6632 = EDGE_LOOP('',(#6633,#6634,#6643,#6649));
#6633 = ORIENTED_EDGE('',*,*,#6415,.F.);
#6634 = ORIENTED_EDGE('',*,*,#6635,.T.);
#6635 = EDGE_CURVE('',#6416,#6636,#6638,.T.);
#6636 = VERTEX_POINT('',#6637);
#6637 = CARTESIAN_POINT('',(1.15,4.6,-0.52));
#6638 = CIRCLE('',#6639,0.25);
#6639 = AXIS2_PLACEMENT_3D('',#6640,#6641,#6642);
#6640 = CARTESIAN_POINT('',(1.15,4.35,-0.52));
#6641 = DIRECTION('',(1.,0.,0.));
#6642 = DIRECTION('',(0.,0.,-1.));
#6643 = ORIENTED_EDGE('',*,*,#6644,.T.);
#6644 = EDGE_CURVE('',#6636,#6534,#6645,.T.);
#6645 = LINE('',#6646,#6647);
#6646 = CARTESIAN_POINT('',(1.15,4.6,-0.52));
#6647 = VECTOR('',#6648,1.);
#6648 = DIRECTION('',(1.,0.,1.511716677764E-11));
#6649 = ORIENTED_EDGE('',*,*,#6650,.F.);
#6650 = EDGE_CURVE('',#6408,#6534,#6651,.T.);
#6651 = CIRCLE('',#6652,0.25);
#6652 = AXIS2_PLACEMENT_3D('',#6653,#6654,#6655);
#6653 = CARTESIAN_POINT('',(2.35,4.35,-0.52));
#6654 = DIRECTION('',(1.,0.,0.));
#6655 = DIRECTION('',(0.,0.,-1.));
#6656 = CYLINDRICAL_SURFACE('',#6657,0.25);
#6657 = AXIS2_PLACEMENT_3D('',#6658,#6659,#6660);
#6658 = CARTESIAN_POINT('',(-2.6,4.35,-0.52));
#6659 = DIRECTION('',(1.,0.,0.));
#6660 = DIRECTION('',(0.,0.,-1.));
#6661 = ADVANCED_FACE('',(#6662),#6681,.T.);
#6662 = FACE_BOUND('',#6663,.T.);
#6663 = EDGE_LOOP('',(#6664,#6672,#6679,#6680));
#6664 = ORIENTED_EDGE('',*,*,#6665,.T.);
#6665 = EDGE_CURVE('',#6593,#6666,#6668,.T.);
#6666 = VERTEX_POINT('',#6667);
#6667 = CARTESIAN_POINT('',(-1.15,4.6,-0.52));
#6668 = LINE('',#6669,#6670);
#6669 = CARTESIAN_POINT('',(-2.35,4.6,-0.519999999964));
#6670 = VECTOR('',#6671,1.);
#6671 = DIRECTION('',(1.,0.,-3.023599888981E-11));
#6672 = ORIENTED_EDGE('',*,*,#6673,.F.);
#6673 = EDGE_CURVE('',#6440,#6666,#6674,.T.);
#6674 = CIRCLE('',#6675,0.25);
#6675 = AXIS2_PLACEMENT_3D('',#6676,#6677,#6678);
#6676 = CARTESIAN_POINT('',(-1.15,4.35,-0.52));
#6677 = DIRECTION('',(1.,0.,0.));
#6678 = DIRECTION('',(0.,0.,-1.));
#6679 = ORIENTED_EDGE('',*,*,#6447,.F.);
#6680 = ORIENTED_EDGE('',*,*,#6619,.F.);
#6681 = CYLINDRICAL_SURFACE('',#6682,0.25);
#6682 = AXIS2_PLACEMENT_3D('',#6683,#6684,#6685);
#6683 = CARTESIAN_POINT('',(-2.6,4.35,-0.52));
#6684 = DIRECTION('',(1.,0.,0.));
#6685 = DIRECTION('',(0.,0.,-1.));
#6686 = ADVANCED_FACE('',(#6687),#6692,.T.);
#6687 = FACE_BOUND('',#6688,.T.);
#6688 = EDGE_LOOP('',(#6689,#6690,#6691));
#6689 = ORIENTED_EDGE('',*,*,#6533,.F.);
#6690 = ORIENTED_EDGE('',*,*,#6478,.T.);
#6691 = ORIENTED_EDGE('',*,*,#6650,.T.);
#6692 = SPHERICAL_SURFACE('',#6693,0.25);
#6693 = AXIS2_PLACEMENT_3D('',#6694,#6695,#6696);
#6694 = CARTESIAN_POINT('',(2.35,4.35,-0.52));
#6695 = DIRECTION('',(0.,-0.70710678479,-0.707106777583));
#6696 = DIRECTION('',(0.,0.707106777583,-0.70710678479));
#6697 = ADVANCED_FACE('',(#6698),#6745,.T.);
#6698 = FACE_BOUND('',#6699,.F.);
#6699 = EDGE_LOOP('',(#6700,#6701,#6702,#6703,#6704,#6712,#6721,#6729,
    #6738,#6744));
#6700 = ORIENTED_EDGE('',*,*,#6542,.T.);
#6701 = ORIENTED_EDGE('',*,*,#6578,.F.);
#6702 = ORIENTED_EDGE('',*,*,#6592,.T.);
#6703 = ORIENTED_EDGE('',*,*,#6665,.T.);
#6704 = ORIENTED_EDGE('',*,*,#6705,.T.);
#6705 = EDGE_CURVE('',#6666,#6706,#6708,.T.);
#6706 = VERTEX_POINT('',#6707);
#6707 = CARTESIAN_POINT('',(-1.15,4.6,4.1));
#6708 = LINE('',#6709,#6710);
#6709 = CARTESIAN_POINT('',(-1.15,4.6,-0.52));
#6710 = VECTOR('',#6711,1.);
#6711 = DIRECTION('',(0.,0.,1.));
#6712 = ORIENTED_EDGE('',*,*,#6713,.T.);
#6713 = EDGE_CURVE('',#6706,#6714,#6716,.T.);
#6714 = VERTEX_POINT('',#6715);
#6715 = CARTESIAN_POINT('',(-0.9,4.6,4.35));
#6716 = CIRCLE('',#6717,0.25);
#6717 = AXIS2_PLACEMENT_3D('',#6718,#6719,#6720);
#6718 = CARTESIAN_POINT('',(-0.9,4.6,4.1));
#6719 = DIRECTION('',(0.,1.,0.));
#6720 = DIRECTION('',(-1.,0.,0.));
#6721 = ORIENTED_EDGE('',*,*,#6722,.T.);
#6722 = EDGE_CURVE('',#6714,#6723,#6725,.T.);
#6723 = VERTEX_POINT('',#6724);
#6724 = CARTESIAN_POINT('',(0.9,4.6,4.35));
#6725 = LINE('',#6726,#6727);
#6726 = CARTESIAN_POINT('',(-0.9,4.6,4.35));
#6727 = VECTOR('',#6728,1.);
#6728 = DIRECTION('',(1.,0.,0.));
#6729 = ORIENTED_EDGE('',*,*,#6730,.T.);
#6730 = EDGE_CURVE('',#6723,#6731,#6733,.T.);
#6731 = VERTEX_POINT('',#6732);
#6732 = CARTESIAN_POINT('',(1.15,4.6,4.1));
#6733 = CIRCLE('',#6734,0.25);
#6734 = AXIS2_PLACEMENT_3D('',#6735,#6736,#6737);
#6735 = CARTESIAN_POINT('',(0.9,4.6,4.1));
#6736 = DIRECTION('',(0.,1.,0.));
#6737 = DIRECTION('',(0.,-0.,1.));
#6738 = ORIENTED_EDGE('',*,*,#6739,.F.);
#6739 = EDGE_CURVE('',#6636,#6731,#6740,.T.);
#6740 = LINE('',#6741,#6742);
#6741 = CARTESIAN_POINT('',(1.15,4.6,-0.52));
#6742 = VECTOR('',#6743,1.);
#6743 = DIRECTION('',(0.,0.,1.));
#6744 = ORIENTED_EDGE('',*,*,#6644,.T.);
#6745 = PLANE('',#6746);
#6746 = AXIS2_PLACEMENT_3D('',#6747,#6748,#6749);
#6747 = CARTESIAN_POINT('',(-2.6,4.6,-0.52));
#6748 = DIRECTION('',(0.,1.,0.));
#6749 = DIRECTION('',(0.,-0.,1.));
#6750 = ADVANCED_FACE('',(#6751),#6778,.F.);
#6751 = FACE_BOUND('',#6752,.F.);
#6752 = EDGE_LOOP('',(#6753,#6754,#6762,#6770,#6776,#6777));
#6753 = ORIENTED_EDGE('',*,*,#6439,.T.);
#6754 = ORIENTED_EDGE('',*,*,#6755,.T.);
#6755 = EDGE_CURVE('',#6432,#6756,#6758,.T.);
#6756 = VERTEX_POINT('',#6757);
#6757 = CARTESIAN_POINT('',(-1.15,3.75,-0.32));
#6758 = LINE('',#6759,#6760);
#6759 = CARTESIAN_POINT('',(-1.15,3.75,-0.77));
#6760 = VECTOR('',#6761,1.);
#6761 = DIRECTION('',(0.,0.,1.));
#6762 = ORIENTED_EDGE('',*,*,#6763,.T.);
#6763 = EDGE_CURVE('',#6756,#6764,#6766,.T.);
#6764 = VERTEX_POINT('',#6765);
#6765 = CARTESIAN_POINT('',(-1.15,3.75,4.1));
#6766 = LINE('',#6767,#6768);
#6767 = CARTESIAN_POINT('',(-1.15,3.75,-0.32));
#6768 = VECTOR('',#6769,1.);
#6769 = DIRECTION('',(0.,0.,1.));
#6770 = ORIENTED_EDGE('',*,*,#6771,.F.);
#6771 = EDGE_CURVE('',#6706,#6764,#6772,.T.);
#6772 = LINE('',#6773,#6774);
#6773 = CARTESIAN_POINT('',(-1.15,4.6,4.1));
#6774 = VECTOR('',#6775,1.);
#6775 = DIRECTION('',(0.,-1.,0.));
#6776 = ORIENTED_EDGE('',*,*,#6705,.F.);
#6777 = ORIENTED_EDGE('',*,*,#6673,.F.);
#6778 = PLANE('',#6779);
#6779 = AXIS2_PLACEMENT_3D('',#6780,#6781,#6782);
#6780 = CARTESIAN_POINT('',(-1.15,4.6,-0.77));
#6781 = DIRECTION('',(-1.,0.,0.));
#6782 = DIRECTION('',(0.,0.,1.));
#6783 = ADVANCED_FACE('',(#6784),#6802,.T.);
#6784 = FACE_BOUND('',#6785,.F.);
#6785 = EDGE_LOOP('',(#6786,#6787,#6795,#6801));
#6786 = ORIENTED_EDGE('',*,*,#6431,.T.);
#6787 = ORIENTED_EDGE('',*,*,#6788,.F.);
#6788 = EDGE_CURVE('',#6789,#6424,#6791,.T.);
#6789 = VERTEX_POINT('',#6790);
#6790 = CARTESIAN_POINT('',(1.15,3.75,-0.32));
#6791 = LINE('',#6792,#6793);
#6792 = CARTESIAN_POINT('',(1.15,3.75,-0.32));
#6793 = VECTOR('',#6794,1.);
#6794 = DIRECTION('',(0.,0.,-1.));
#6795 = ORIENTED_EDGE('',*,*,#6796,.F.);
#6796 = EDGE_CURVE('',#6756,#6789,#6797,.T.);
#6797 = LINE('',#6798,#6799);
#6798 = CARTESIAN_POINT('',(-1.15,3.75,-0.32));
#6799 = VECTOR('',#6800,1.);
#6800 = DIRECTION('',(1.,0.,0.));
#6801 = ORIENTED_EDGE('',*,*,#6755,.F.);
#6802 = PLANE('',#6803);
#6803 = AXIS2_PLACEMENT_3D('',#6804,#6805,#6806);
#6804 = CARTESIAN_POINT('',(-2.6,3.75,0.));
#6805 = DIRECTION('',(0.,1.,0.));
#6806 = DIRECTION('',(1.,0.,0.));
#6807 = ADVANCED_FACE('',(#6808),#6828,.F.);
#6808 = FACE_BOUND('',#6809,.F.);
#6809 = EDGE_LOOP('',(#6810,#6811,#6812,#6813,#6821,#6827));
#6810 = ORIENTED_EDGE('',*,*,#6423,.F.);
#6811 = ORIENTED_EDGE('',*,*,#6635,.T.);
#6812 = ORIENTED_EDGE('',*,*,#6739,.T.);
#6813 = ORIENTED_EDGE('',*,*,#6814,.T.);
#6814 = EDGE_CURVE('',#6731,#6815,#6817,.T.);
#6815 = VERTEX_POINT('',#6816);
#6816 = CARTESIAN_POINT('',(1.15,3.75,4.1));
#6817 = LINE('',#6818,#6819);
#6818 = CARTESIAN_POINT('',(1.15,4.6,4.1));
#6819 = VECTOR('',#6820,1.);
#6820 = DIRECTION('',(0.,-1.,0.));
#6821 = ORIENTED_EDGE('',*,*,#6822,.F.);
#6822 = EDGE_CURVE('',#6789,#6815,#6823,.T.);
#6823 = LINE('',#6824,#6825);
#6824 = CARTESIAN_POINT('',(1.15,3.75,-0.32));
#6825 = VECTOR('',#6826,1.);
#6826 = DIRECTION('',(0.,0.,1.));
#6827 = ORIENTED_EDGE('',*,*,#6788,.T.);
#6828 = PLANE('',#6829);
#6829 = AXIS2_PLACEMENT_3D('',#6830,#6831,#6832);
#6830 = CARTESIAN_POINT('',(1.15,4.6,4.1));
#6831 = DIRECTION('',(1.,0.,0.));
#6832 = DIRECTION('',(0.,0.,-1.));
#6833 = ADVANCED_FACE('',(#6834),#6853,.F.);
#6834 = FACE_BOUND('',#6835,.F.);
#6835 = EDGE_LOOP('',(#6836,#6837,#6845,#6852));
#6836 = ORIENTED_EDGE('',*,*,#6730,.F.);
#6837 = ORIENTED_EDGE('',*,*,#6838,.T.);
#6838 = EDGE_CURVE('',#6723,#6839,#6841,.T.);
#6839 = VERTEX_POINT('',#6840);
#6840 = CARTESIAN_POINT('',(0.9,3.75,4.35));
#6841 = LINE('',#6842,#6843);
#6842 = CARTESIAN_POINT('',(0.9,4.6,4.35));
#6843 = VECTOR('',#6844,1.);
#6844 = DIRECTION('',(0.,-1.,0.));
#6845 = ORIENTED_EDGE('',*,*,#6846,.T.);
#6846 = EDGE_CURVE('',#6839,#6815,#6847,.T.);
#6847 = CIRCLE('',#6848,0.25);
#6848 = AXIS2_PLACEMENT_3D('',#6849,#6850,#6851);
#6849 = CARTESIAN_POINT('',(0.9,3.75,4.1));
#6850 = DIRECTION('',(0.,1.,0.));
#6851 = DIRECTION('',(0.,-0.,1.));
#6852 = ORIENTED_EDGE('',*,*,#6814,.F.);
#6853 = CYLINDRICAL_SURFACE('',#6854,0.25);
#6854 = AXIS2_PLACEMENT_3D('',#6855,#6856,#6857);
#6855 = CARTESIAN_POINT('',(0.9,4.6,4.1));
#6856 = DIRECTION('',(0.,1.,0.));
#6857 = DIRECTION('',(1.,0.,0.));
#6858 = ADVANCED_FACE('',(#6859),#6877,.F.);
#6859 = FACE_BOUND('',#6860,.F.);
#6860 = EDGE_LOOP('',(#6861,#6862,#6870,#6876));
#6861 = ORIENTED_EDGE('',*,*,#6722,.F.);
#6862 = ORIENTED_EDGE('',*,*,#6863,.T.);
#6863 = EDGE_CURVE('',#6714,#6864,#6866,.T.);
#6864 = VERTEX_POINT('',#6865);
#6865 = CARTESIAN_POINT('',(-0.9,3.75,4.35));
#6866 = LINE('',#6867,#6868);
#6867 = CARTESIAN_POINT('',(-0.9,4.6,4.35));
#6868 = VECTOR('',#6869,1.);
#6869 = DIRECTION('',(0.,-1.,0.));
#6870 = ORIENTED_EDGE('',*,*,#6871,.T.);
#6871 = EDGE_CURVE('',#6864,#6839,#6872,.T.);
#6872 = LINE('',#6873,#6874);
#6873 = CARTESIAN_POINT('',(-0.9,3.75,4.35));
#6874 = VECTOR('',#6875,1.);
#6875 = DIRECTION('',(1.,0.,0.));
#6876 = ORIENTED_EDGE('',*,*,#6838,.F.);
#6877 = PLANE('',#6878);
#6878 = AXIS2_PLACEMENT_3D('',#6879,#6880,#6881);
#6879 = CARTESIAN_POINT('',(-0.9,4.6,4.35));
#6880 = DIRECTION('',(0.,0.,1.));
#6881 = DIRECTION('',(1.,0.,-0.));
#6882 = ADVANCED_FACE('',(#6883),#6895,.F.);
#6883 = FACE_BOUND('',#6884,.F.);
#6884 = EDGE_LOOP('',(#6885,#6886,#6887,#6894));
#6885 = ORIENTED_EDGE('',*,*,#6713,.F.);
#6886 = ORIENTED_EDGE('',*,*,#6771,.T.);
#6887 = ORIENTED_EDGE('',*,*,#6888,.T.);
#6888 = EDGE_CURVE('',#6764,#6864,#6889,.T.);
#6889 = CIRCLE('',#6890,0.25);
#6890 = AXIS2_PLACEMENT_3D('',#6891,#6892,#6893);
#6891 = CARTESIAN_POINT('',(-0.9,3.75,4.1));
#6892 = DIRECTION('',(0.,1.,0.));
#6893 = DIRECTION('',(-1.,0.,0.));
#6894 = ORIENTED_EDGE('',*,*,#6863,.F.);
#6895 = CYLINDRICAL_SURFACE('',#6896,0.25);
#6896 = AXIS2_PLACEMENT_3D('',#6897,#6898,#6899);
#6897 = CARTESIAN_POINT('',(-0.9,4.6,4.1));
#6898 = DIRECTION('',(0.,1.,0.));
#6899 = DIRECTION('',(1.,0.,0.));
#6900 = ADVANCED_FACE('',(#6901),#6930,.F.);
#6901 = FACE_BOUND('',#6902,.F.);
#6902 = EDGE_LOOP('',(#6903,#6904,#6910,#6911,#6912,#6920,#6926,#6927,
    #6928,#6929));
#6903 = ORIENTED_EDGE('',*,*,#6763,.F.);
#6904 = ORIENTED_EDGE('',*,*,#6905,.T.);
#6905 = EDGE_CURVE('',#6756,#6256,#6906,.T.);
#6906 = LINE('',#6907,#6908);
#6907 = CARTESIAN_POINT('',(-1.15,3.75,-0.32));
#6908 = VECTOR('',#6909,1.);
#6909 = DIRECTION('',(-1.,0.,0.));
#6910 = ORIENTED_EDGE('',*,*,#6255,.F.);
#6911 = ORIENTED_EDGE('',*,*,#6318,.F.);
#6912 = ORIENTED_EDGE('',*,*,#6913,.T.);
#6913 = EDGE_CURVE('',#6311,#6914,#6916,.T.);
#6914 = VERTEX_POINT('',#6915);
#6915 = CARTESIAN_POINT('',(2.2,3.75,-0.32));
#6916 = LINE('',#6917,#6918);
#6917 = CARTESIAN_POINT('',(2.2,3.75,5.411849315068));
#6918 = VECTOR('',#6919,1.);
#6919 = DIRECTION('',(0.,0.,-1.));
#6920 = ORIENTED_EDGE('',*,*,#6921,.T.);
#6921 = EDGE_CURVE('',#6914,#6789,#6922,.T.);
#6922 = LINE('',#6923,#6924);
#6923 = CARTESIAN_POINT('',(2.2,3.75,-0.32));
#6924 = VECTOR('',#6925,1.);
#6925 = DIRECTION('',(-1.,0.,0.));
#6926 = ORIENTED_EDGE('',*,*,#6822,.T.);
#6927 = ORIENTED_EDGE('',*,*,#6846,.F.);
#6928 = ORIENTED_EDGE('',*,*,#6871,.F.);
#6929 = ORIENTED_EDGE('',*,*,#6888,.F.);
#6930 = PLANE('',#6931);
#6931 = AXIS2_PLACEMENT_3D('',#6932,#6933,#6934);
#6932 = CARTESIAN_POINT('',(2.2,3.75,5.68));
#6933 = DIRECTION('',(0.,1.,0.));
#6934 = DIRECTION('',(-1.,0.,0.));
#6935 = ADVANCED_FACE('',(#6936),#6988,.T.);
#6936 = FACE_BOUND('',#6937,.F.);
#6937 = EDGE_LOOP('',(#6938,#6939,#6940,#6948,#6956,#6964,#6972,#6980,
    #6986,#6987));
#6938 = ORIENTED_EDGE('',*,*,#6796,.T.);
#6939 = ORIENTED_EDGE('',*,*,#6921,.F.);
#6940 = ORIENTED_EDGE('',*,*,#6941,.F.);
#6941 = EDGE_CURVE('',#6942,#6914,#6944,.T.);
#6942 = VERTEX_POINT('',#6943);
#6943 = CARTESIAN_POINT('',(2.2,1.095,-0.32));
#6944 = LINE('',#6945,#6946);
#6945 = CARTESIAN_POINT('',(2.2,1.095,-0.32));
#6946 = VECTOR('',#6947,1.);
#6947 = DIRECTION('',(0.,1.,0.));
#6948 = ORIENTED_EDGE('',*,*,#6949,.T.);
#6949 = EDGE_CURVE('',#6942,#6950,#6952,.T.);
#6950 = VERTEX_POINT('',#6951);
#6951 = CARTESIAN_POINT('',(1.33,1.095,-0.32));
#6952 = LINE('',#6953,#6954);
#6953 = CARTESIAN_POINT('',(2.2,1.095,-0.32));
#6954 = VECTOR('',#6955,1.);
#6955 = DIRECTION('',(-1.,0.,0.));
#6956 = ORIENTED_EDGE('',*,*,#6957,.F.);
#6957 = EDGE_CURVE('',#6958,#6950,#6960,.T.);
#6958 = VERTEX_POINT('',#6959);
#6959 = CARTESIAN_POINT('',(1.33,1.37,-0.32));
#6960 = LINE('',#6961,#6962);
#6961 = CARTESIAN_POINT('',(1.33,1.37,-0.32));
#6962 = VECTOR('',#6963,1.);
#6963 = DIRECTION('',(0.,-1.,0.));
#6964 = ORIENTED_EDGE('',*,*,#6965,.F.);
#6965 = EDGE_CURVE('',#6966,#6958,#6968,.T.);
#6966 = VERTEX_POINT('',#6967);
#6967 = CARTESIAN_POINT('',(-1.33,1.37,-0.32));
#6968 = LINE('',#6969,#6970);
#6969 = CARTESIAN_POINT('',(-1.33,1.37,-0.32));
#6970 = VECTOR('',#6971,1.);
#6971 = DIRECTION('',(1.,0.,0.));
#6972 = ORIENTED_EDGE('',*,*,#6973,.F.);
#6973 = EDGE_CURVE('',#6974,#6966,#6976,.T.);
#6974 = VERTEX_POINT('',#6975);
#6975 = CARTESIAN_POINT('',(-1.33,1.095,-0.32));
#6976 = LINE('',#6977,#6978);
#6977 = CARTESIAN_POINT('',(-1.33,1.095,-0.32));
#6978 = VECTOR('',#6979,1.);
#6979 = DIRECTION('',(0.,1.,0.));
#6980 = ORIENTED_EDGE('',*,*,#6981,.F.);
#6981 = EDGE_CURVE('',#6264,#6974,#6982,.T.);
#6982 = LINE('',#6983,#6984);
#6983 = CARTESIAN_POINT('',(-2.2,1.095,-0.32));
#6984 = VECTOR('',#6985,1.);
#6985 = DIRECTION('',(1.,0.,0.));
#6986 = ORIENTED_EDGE('',*,*,#6263,.F.);
#6987 = ORIENTED_EDGE('',*,*,#6905,.F.);
#6988 = PLANE('',#6989);
#6989 = AXIS2_PLACEMENT_3D('',#6990,#6991,#6992);
#6990 = CARTESIAN_POINT('',(-2.6,0.,-0.32));
#6991 = DIRECTION('',(0.,0.,1.));
#6992 = DIRECTION('',(1.,0.,-0.));
#6993 = ADVANCED_FACE('',(#6994),#7006,.F.);
#6994 = FACE_BOUND('',#6995,.F.);
#6995 = EDGE_LOOP('',(#6996,#6997,#7003,#7004,#7005));
#6996 = ORIENTED_EDGE('',*,*,#5309,.T.);
#6997 = ORIENTED_EDGE('',*,*,#6998,.T.);
#6998 = EDGE_CURVE('',#5302,#6942,#6999,.T.);
#6999 = LINE('',#7000,#7001);
#7000 = CARTESIAN_POINT('',(2.2,1.095,4.23));
#7001 = VECTOR('',#7002,1.);
#7002 = DIRECTION('',(0.,0.,-1.));
#7003 = ORIENTED_EDGE('',*,*,#6941,.T.);
#7004 = ORIENTED_EDGE('',*,*,#6913,.F.);
#7005 = ORIENTED_EDGE('',*,*,#6310,.F.);
#7006 = PLANE('',#7007);
#7007 = AXIS2_PLACEMENT_3D('',#7008,#7009,#7010);
#7008 = CARTESIAN_POINT('',(2.2,1.095,5.68));
#7009 = DIRECTION('',(1.,0.,0.));
#7010 = DIRECTION('',(-0.,1.,0.));
#7011 = ADVANCED_FACE('',(#7012),#7046,.F.);
#7012 = FACE_BOUND('',#7013,.F.);
#7013 = EDGE_LOOP('',(#7014,#7015,#7016,#7017,#7025,#7033,#7039,#7040));
#7014 = ORIENTED_EDGE('',*,*,#6949,.F.);
#7015 = ORIENTED_EDGE('',*,*,#6998,.F.);
#7016 = ORIENTED_EDGE('',*,*,#5301,.F.);
#7017 = ORIENTED_EDGE('',*,*,#7018,.T.);
#7018 = EDGE_CURVE('',#5294,#7019,#7021,.T.);
#7019 = VERTEX_POINT('',#7020);
#7020 = CARTESIAN_POINT('',(2.36,1.095,-1.77));
#7021 = LINE('',#7022,#7023);
#7022 = CARTESIAN_POINT('',(2.36,1.095,4.23));
#7023 = VECTOR('',#7024,1.);
#7024 = DIRECTION('',(0.,0.,-1.));
#7025 = ORIENTED_EDGE('',*,*,#7026,.T.);
#7026 = EDGE_CURVE('',#7019,#7027,#7029,.T.);
#7027 = VERTEX_POINT('',#7028);
#7028 = CARTESIAN_POINT('',(0.14,1.095,-1.77));
#7029 = LINE('',#7030,#7031);
#7030 = CARTESIAN_POINT('',(2.36,1.095,-1.77));
#7031 = VECTOR('',#7032,1.);
#7032 = DIRECTION('',(-1.,0.,0.));
#7033 = ORIENTED_EDGE('',*,*,#7034,.F.);
#7034 = EDGE_CURVE('',#5256,#7027,#7035,.T.);
#7035 = LINE('',#7036,#7037);
#7036 = CARTESIAN_POINT('',(0.14,1.095,4.23));
#7037 = VECTOR('',#7038,1.);
#7038 = DIRECTION('',(0.,0.,-1.));
#7039 = ORIENTED_EDGE('',*,*,#5255,.F.);
#7040 = ORIENTED_EDGE('',*,*,#7041,.T.);
#7041 = EDGE_CURVE('',#5248,#6950,#7042,.T.);
#7042 = LINE('',#7043,#7044);
#7043 = CARTESIAN_POINT('',(1.33,1.095,4.23));
#7044 = VECTOR('',#7045,1.);
#7045 = DIRECTION('',(0.,0.,-1.));
#7046 = PLANE('',#7047);
#7047 = AXIS2_PLACEMENT_3D('',#7048,#7049,#7050);
#7048 = CARTESIAN_POINT('',(2.36,1.095,4.23));
#7049 = DIRECTION('',(0.,1.,0.));
#7050 = DIRECTION('',(-1.,0.,0.));
#7051 = ADVANCED_FACE('',(#7052),#7078,.F.);
#7052 = FACE_BOUND('',#7053,.F.);
#7053 = EDGE_LOOP('',(#7054,#7055,#7056,#7062,#7063,#7064,#7072));
#7054 = ORIENTED_EDGE('',*,*,#5110,.F.);
#7055 = ORIENTED_EDGE('',*,*,#5158,.T.);
#7056 = ORIENTED_EDGE('',*,*,#7057,.T.);
#7057 = EDGE_CURVE('',#5151,#7019,#7058,.T.);
#7058 = LINE('',#7059,#7060);
#7059 = CARTESIAN_POINT('',(2.36,-1.095,-1.77));
#7060 = VECTOR('',#7061,1.);
#7061 = DIRECTION('',(0.,1.,0.));
#7062 = ORIENTED_EDGE('',*,*,#7018,.F.);
#7063 = ORIENTED_EDGE('',*,*,#5293,.F.);
#7064 = ORIENTED_EDGE('',*,*,#7065,.F.);
#7065 = EDGE_CURVE('',#7066,#5286,#7068,.T.);
#7066 = VERTEX_POINT('',#7067);
#7067 = CARTESIAN_POINT('',(2.36,-0.385,3.63));
#7068 = LINE('',#7069,#7070);
#7069 = CARTESIAN_POINT('',(2.36,-0.385,3.63));
#7070 = VECTOR('',#7071,1.);
#7071 = DIRECTION('',(0.,0.707106781187,0.707106781187));
#7072 = ORIENTED_EDGE('',*,*,#7073,.F.);
#7073 = EDGE_CURVE('',#5111,#7066,#7074,.T.);
#7074 = LINE('',#7075,#7076);
#7075 = CARTESIAN_POINT('',(2.36,-0.385,-7.E-02));
#7076 = VECTOR('',#7077,1.);
#7077 = DIRECTION('',(0.,0.,1.));
#7078 = PLANE('',#7079);
#7079 = AXIS2_PLACEMENT_3D('',#7080,#7081,#7082);
#7080 = CARTESIAN_POINT('',(2.36,-1.095,4.23));
#7081 = DIRECTION('',(1.,0.,0.));
#7082 = DIRECTION('',(-0.,1.,0.));
#7083 = ADVANCED_FACE('',(#7084,#7095),#7129,.T.);
#7084 = FACE_BOUND('',#7085,.F.);
#7085 = EDGE_LOOP('',(#7086,#7092,#7093,#7094));
#7086 = ORIENTED_EDGE('',*,*,#7087,.F.);
#7087 = EDGE_CURVE('',#7027,#5143,#7088,.T.);
#7088 = LINE('',#7089,#7090);
#7089 = CARTESIAN_POINT('',(0.14,1.095,-1.77));
#7090 = VECTOR('',#7091,1.);
#7091 = DIRECTION('',(0.,-1.,0.));
#7092 = ORIENTED_EDGE('',*,*,#7026,.F.);
#7093 = ORIENTED_EDGE('',*,*,#7057,.F.);
#7094 = ORIENTED_EDGE('',*,*,#5150,.F.);
#7095 = FACE_BOUND('',#7096,.F.);
#7096 = EDGE_LOOP('',(#7097,#7107,#7115,#7123));
#7097 = ORIENTED_EDGE('',*,*,#7098,.F.);
#7098 = EDGE_CURVE('',#7099,#7101,#7103,.T.);
#7099 = VERTEX_POINT('',#7100);
#7100 = CARTESIAN_POINT('',(0.9325,-0.3175,-1.77));
#7101 = VERTEX_POINT('',#7102);
#7102 = CARTESIAN_POINT('',(0.9325,0.3175,-1.77));
#7103 = LINE('',#7104,#7105);
#7104 = CARTESIAN_POINT('',(0.9325,-0.3175,-1.77));
#7105 = VECTOR('',#7106,1.);
#7106 = DIRECTION('',(0.,1.,0.));
#7107 = ORIENTED_EDGE('',*,*,#7108,.T.);
#7108 = EDGE_CURVE('',#7099,#7109,#7111,.T.);
#7109 = VERTEX_POINT('',#7110);
#7110 = CARTESIAN_POINT('',(1.5675,-0.3175,-1.77));
#7111 = LINE('',#7112,#7113);
#7112 = CARTESIAN_POINT('',(0.9325,-0.3175,-1.77));
#7113 = VECTOR('',#7114,1.);
#7114 = DIRECTION('',(1.,0.,0.));
#7115 = ORIENTED_EDGE('',*,*,#7116,.T.);
#7116 = EDGE_CURVE('',#7109,#7117,#7119,.T.);
#7117 = VERTEX_POINT('',#7118);
#7118 = CARTESIAN_POINT('',(1.5675,0.3175,-1.77));
#7119 = LINE('',#7120,#7121);
#7120 = CARTESIAN_POINT('',(1.5675,-0.3175,-1.77));
#7121 = VECTOR('',#7122,1.);
#7122 = DIRECTION('',(0.,1.,0.));
#7123 = ORIENTED_EDGE('',*,*,#7124,.F.);
#7124 = EDGE_CURVE('',#7101,#7117,#7125,.T.);
#7125 = LINE('',#7126,#7127);
#7126 = CARTESIAN_POINT('',(0.9325,0.3175,-1.77));
#7127 = VECTOR('',#7128,1.);
#7128 = DIRECTION('',(1.,0.,0.));
#7129 = PLANE('',#7130);
#7130 = AXIS2_PLACEMENT_3D('',#7131,#7132,#7133);
#7131 = CARTESIAN_POINT('',(0.,-1.74,-1.77));
#7132 = DIRECTION('',(0.,0.,1.));
#7133 = DIRECTION('',(1.,0.,-0.));
#7134 = ADVANCED_FACE('',(#7135),#7141,.F.);
#7135 = FACE_BOUND('',#7136,.F.);
#7136 = EDGE_LOOP('',(#7137,#7138,#7139,#7140));
#7137 = ORIENTED_EDGE('',*,*,#5263,.F.);
#7138 = ORIENTED_EDGE('',*,*,#7034,.T.);
#7139 = ORIENTED_EDGE('',*,*,#7087,.T.);
#7140 = ORIENTED_EDGE('',*,*,#5142,.F.);
#7141 = PLANE('',#7142);
#7142 = AXIS2_PLACEMENT_3D('',#7143,#7144,#7145);
#7143 = CARTESIAN_POINT('',(0.14,1.095,4.23));
#7144 = DIRECTION('',(-1.,0.,0.));
#7145 = DIRECTION('',(0.,-1.,0.));
#7146 = ADVANCED_FACE('',(#7147),#7172,.F.);
#7147 = FACE_BOUND('',#7148,.F.);
#7148 = EDGE_LOOP('',(#7149,#7159,#7165,#7166));
#7149 = ORIENTED_EDGE('',*,*,#7150,.F.);
#7150 = EDGE_CURVE('',#7151,#7153,#7155,.T.);
#7151 = VERTEX_POINT('',#7152);
#7152 = CARTESIAN_POINT('',(0.9325,-0.3175,2.22));
#7153 = VERTEX_POINT('',#7154);
#7154 = CARTESIAN_POINT('',(0.9325,0.3175,2.22));
#7155 = LINE('',#7156,#7157);
#7156 = CARTESIAN_POINT('',(0.9325,-0.3175,2.22));
#7157 = VECTOR('',#7158,1.);
#7158 = DIRECTION('',(0.,1.,0.));
#7159 = ORIENTED_EDGE('',*,*,#7160,.T.);
#7160 = EDGE_CURVE('',#7151,#7099,#7161,.T.);
#7161 = LINE('',#7162,#7163);
#7162 = CARTESIAN_POINT('',(0.9325,-0.3175,2.22));
#7163 = VECTOR('',#7164,1.);
#7164 = DIRECTION('',(0.,0.,-1.));
#7165 = ORIENTED_EDGE('',*,*,#7098,.T.);
#7166 = ORIENTED_EDGE('',*,*,#7167,.T.);
#7167 = EDGE_CURVE('',#7101,#7153,#7168,.T.);
#7168 = LINE('',#7169,#7170);
#7169 = CARTESIAN_POINT('',(0.9325,0.3175,-1.77));
#7170 = VECTOR('',#7171,1.);
#7171 = DIRECTION('',(0.,0.,1.));
#7172 = PLANE('',#7173);
#7173 = AXIS2_PLACEMENT_3D('',#7174,#7175,#7176);
#7174 = CARTESIAN_POINT('',(0.9325,-1.74,0.));
#7175 = DIRECTION('',(1.,0.,0.));
#7176 = DIRECTION('',(0.,0.,-1.));
#7177 = ADVANCED_FACE('',(#7178),#7273,.F.);
#7178 = FACE_BOUND('',#7179,.F.);
#7179 = EDGE_LOOP('',(#7180,#7190,#7198,#7206,#7215,#7224,#7233,#7239,
    #7240,#7248,#7257,#7266));
#7180 = ORIENTED_EDGE('',*,*,#7181,.F.);
#7181 = EDGE_CURVE('',#7182,#7184,#7186,.T.);
#7182 = VERTEX_POINT('',#7183);
#7183 = CARTESIAN_POINT('',(0.9325,-0.3175,-7.48));
#7184 = VERTEX_POINT('',#7185);
#7185 = CARTESIAN_POINT('',(0.9325,-0.3175,-7.07359083592));
#7186 = LINE('',#7187,#7188);
#7187 = CARTESIAN_POINT('',(0.9325,-0.3175,-7.48));
#7188 = VECTOR('',#7189,1.);
#7189 = DIRECTION('',(0.,0.,1.));
#7190 = ORIENTED_EDGE('',*,*,#7191,.F.);
#7191 = EDGE_CURVE('',#7192,#7182,#7194,.T.);
#7192 = VERTEX_POINT('',#7193);
#7193 = CARTESIAN_POINT('',(0.9325,0.3175,-7.48));
#7194 = LINE('',#7195,#7196);
#7195 = CARTESIAN_POINT('',(0.9325,0.3175,-7.48));
#7196 = VECTOR('',#7197,1.);
#7197 = DIRECTION('',(0.,-1.,0.));
#7198 = ORIENTED_EDGE('',*,*,#7199,.F.);
#7199 = EDGE_CURVE('',#7200,#7192,#7202,.T.);
#7200 = VERTEX_POINT('',#7201);
#7201 = CARTESIAN_POINT('',(0.9325,0.3175,-7.07359083592));
#7202 = LINE('',#7203,#7204);
#7203 = CARTESIAN_POINT('',(0.9325,0.3175,-7.07359083592));
#7204 = VECTOR('',#7205,1.);
#7205 = DIRECTION('',(0.,0.,-1.));
#7206 = ORIENTED_EDGE('',*,*,#7207,.T.);
#7207 = EDGE_CURVE('',#7200,#7208,#7210,.T.);
#7208 = VERTEX_POINT('',#7209);
#7209 = CARTESIAN_POINT('',(0.9325,0.416290170132,-6.639069554219));
#7210 = CIRCLE('',#7211,1.005);
#7211 = AXIS2_PLACEMENT_3D('',#7212,#7213,#7214);
#7212 = CARTESIAN_POINT('',(0.9325,1.3225,-7.07359083592));
#7213 = DIRECTION('',(-1.,0.,0.));
#7214 = DIRECTION('',(0.,-1.,0.));
#7215 = ORIENTED_EDGE('',*,*,#7216,.T.);
#7216 = EDGE_CURVE('',#7208,#7217,#7219,.T.);
#7217 = VERTEX_POINT('',#7218);
#7218 = CARTESIAN_POINT('',(0.9325,0.416290170132,-5.220930445781));
#7219 = CIRCLE('',#7220,1.64);
#7220 = AXIS2_PLACEMENT_3D('',#7221,#7222,#7223);
#7221 = CARTESIAN_POINT('',(0.9325,-1.0625,-5.93));
#7222 = DIRECTION('',(1.,0.,0.));
#7223 = DIRECTION('',(0.,0.901701323251,-0.43235948428));
#7224 = ORIENTED_EDGE('',*,*,#7225,.T.);
#7225 = EDGE_CURVE('',#7217,#7226,#7228,.T.);
#7226 = VERTEX_POINT('',#7227);
#7227 = CARTESIAN_POINT('',(0.9325,0.3175,-4.78640916408));
#7228 = CIRCLE('',#7229,1.005);
#7229 = AXIS2_PLACEMENT_3D('',#7230,#7231,#7232);
#7230 = CARTESIAN_POINT('',(0.9325,1.3225,-4.78640916408));
#7231 = DIRECTION('',(-1.,0.,0.));
#7232 = DIRECTION('',(-0.,-0.901701323251,-0.43235948428));
#7233 = ORIENTED_EDGE('',*,*,#7234,.F.);
#7234 = EDGE_CURVE('',#4543,#7226,#7235,.T.);
#7235 = LINE('',#7236,#7237);
#7236 = CARTESIAN_POINT('',(0.9325,0.3175,-4.23));
#7237 = VECTOR('',#7238,1.);
#7238 = DIRECTION('',(0.,0.,-1.));
#7239 = ORIENTED_EDGE('',*,*,#4540,.F.);
#7240 = ORIENTED_EDGE('',*,*,#7241,.F.);
#7241 = EDGE_CURVE('',#7242,#4541,#7244,.T.);
#7242 = VERTEX_POINT('',#7243);
#7243 = CARTESIAN_POINT('',(0.9325,-0.3175,-4.78640916408));
#7244 = LINE('',#7245,#7246);
#7245 = CARTESIAN_POINT('',(0.9325,-0.3175,-4.78640916408));
#7246 = VECTOR('',#7247,1.);
#7247 = DIRECTION('',(0.,0.,1.));
#7248 = ORIENTED_EDGE('',*,*,#7249,.T.);
#7249 = EDGE_CURVE('',#7242,#7250,#7252,.T.);
#7250 = VERTEX_POINT('',#7251);
#7251 = CARTESIAN_POINT('',(0.9325,-0.156290170132,-5.495478718299));
#7252 = CIRCLE('',#7253,1.64);
#7253 = AXIS2_PLACEMENT_3D('',#7254,#7255,#7256);
#7254 = CARTESIAN_POINT('',(0.9325,1.3225,-4.78640916408));
#7255 = DIRECTION('',(1.,0.,0.));
#7256 = DIRECTION('',(0.,-1.,0.));
#7257 = ORIENTED_EDGE('',*,*,#7258,.T.);
#7258 = EDGE_CURVE('',#7250,#7259,#7261,.T.);
#7259 = VERTEX_POINT('',#7260);
#7260 = CARTESIAN_POINT('',(0.9325,-0.156290170132,-6.364521281701));
#7261 = CIRCLE('',#7262,1.005);
#7262 = AXIS2_PLACEMENT_3D('',#7263,#7264,#7265);
#7263 = CARTESIAN_POINT('',(0.9325,-1.0625,-5.93));
#7264 = DIRECTION('',(-1.,0.,0.));
#7265 = DIRECTION('',(0.,0.901701323251,0.43235948428));
#7266 = ORIENTED_EDGE('',*,*,#7267,.T.);
#7267 = EDGE_CURVE('',#7259,#7184,#7268,.T.);
#7268 = CIRCLE('',#7269,1.64);
#7269 = AXIS2_PLACEMENT_3D('',#7270,#7271,#7272);
#7270 = CARTESIAN_POINT('',(0.9325,1.3225,-7.07359083592));
#7271 = DIRECTION('',(1.,0.,0.));
#7272 = DIRECTION('',(0.,-0.901701323251,0.43235948428));
#7273 = PLANE('',#7274);
#7274 = AXIS2_PLACEMENT_3D('',#7275,#7276,#7277);
#7275 = CARTESIAN_POINT('',(0.9325,-1.74,0.));
#7276 = DIRECTION('',(1.,0.,0.));
#7277 = DIRECTION('',(0.,0.,-1.));
#7278 = ADVANCED_FACE('',(#7279),#7304,.T.);
#7279 = FACE_BOUND('',#7280,.F.);
#7280 = EDGE_LOOP('',(#7281,#7291,#7297,#7298));
#7281 = ORIENTED_EDGE('',*,*,#7282,.F.);
#7282 = EDGE_CURVE('',#7283,#7285,#7287,.T.);
#7283 = VERTEX_POINT('',#7284);
#7284 = CARTESIAN_POINT('',(1.0825,-0.1675,2.77));
#7285 = VERTEX_POINT('',#7286);
#7286 = CARTESIAN_POINT('',(1.0825,0.1675,2.77));
#7287 = LINE('',#7288,#7289);
#7288 = CARTESIAN_POINT('',(1.0825,-0.1675,2.77));
#7289 = VECTOR('',#7290,1.);
#7290 = DIRECTION('',(0.,1.,0.));
#7291 = ORIENTED_EDGE('',*,*,#7292,.T.);
#7292 = EDGE_CURVE('',#7283,#7151,#7293,.T.);
#7293 = LINE('',#7294,#7295);
#7294 = CARTESIAN_POINT('',(1.0825,-0.1675,2.77));
#7295 = VECTOR('',#7296,1.);
#7296 = DIRECTION('',(-0.254456678904,-0.254456678904,-0.933007822648));
#7297 = ORIENTED_EDGE('',*,*,#7150,.T.);
#7298 = ORIENTED_EDGE('',*,*,#7299,.T.);
#7299 = EDGE_CURVE('',#7153,#7285,#7300,.T.);
#7300 = LINE('',#7301,#7302);
#7301 = CARTESIAN_POINT('',(0.9325,0.3175,2.22));
#7302 = VECTOR('',#7303,1.);
#7303 = DIRECTION('',(0.254456678904,-0.254456678904,0.933007822648));
#7304 = PLANE('',#7305);
#7305 = AXIS2_PLACEMENT_3D('',#7306,#7307,#7308);
#7306 = CARTESIAN_POINT('',(1.0075,0.,2.495));
#7307 = DIRECTION('',(-0.964763821238,0.,0.263117405792));
#7308 = DIRECTION('',(0.263117405792,0.,0.964763821238));
#7309 = ADVANCED_FACE('',(#7310),#7335,.T.);
#7310 = FACE_BOUND('',#7311,.F.);
#7311 = EDGE_LOOP('',(#7312,#7320,#7328,#7334));
#7312 = ORIENTED_EDGE('',*,*,#7313,.F.);
#7313 = EDGE_CURVE('',#7314,#7285,#7316,.T.);
#7314 = VERTEX_POINT('',#7315);
#7315 = CARTESIAN_POINT('',(1.4175,0.1675,2.77));
#7316 = LINE('',#7317,#7318);
#7317 = CARTESIAN_POINT('',(1.4175,0.1675,2.77));
#7318 = VECTOR('',#7319,1.);
#7319 = DIRECTION('',(-1.,0.,0.));
#7320 = ORIENTED_EDGE('',*,*,#7321,.T.);
#7321 = EDGE_CURVE('',#7314,#7322,#7324,.T.);
#7322 = VERTEX_POINT('',#7323);
#7323 = CARTESIAN_POINT('',(1.4175,-0.1675,2.77));
#7324 = LINE('',#7325,#7326);
#7325 = CARTESIAN_POINT('',(1.4175,0.1675,2.77));
#7326 = VECTOR('',#7327,1.);
#7327 = DIRECTION('',(0.,-1.,0.));
#7328 = ORIENTED_EDGE('',*,*,#7329,.T.);
#7329 = EDGE_CURVE('',#7322,#7283,#7330,.T.);
#7330 = LINE('',#7331,#7332);
#7331 = CARTESIAN_POINT('',(1.4175,-0.1675,2.77));
#7332 = VECTOR('',#7333,1.);
#7333 = DIRECTION('',(-1.,0.,0.));
#7334 = ORIENTED_EDGE('',*,*,#7282,.T.);
#7335 = PLANE('',#7336);
#7336 = AXIS2_PLACEMENT_3D('',#7337,#7338,#7339);
#7337 = CARTESIAN_POINT('',(0.9325,0.3175,2.77));
#7338 = DIRECTION('',(0.,0.,1.));
#7339 = DIRECTION('',(0.,-1.,0.));
#7340 = ADVANCED_FACE('',(#7341),#7359,.T.);
#7341 = FACE_BOUND('',#7342,.F.);
#7342 = EDGE_LOOP('',(#7343,#7344,#7345,#7353));
#7343 = ORIENTED_EDGE('',*,*,#7313,.T.);
#7344 = ORIENTED_EDGE('',*,*,#7299,.F.);
#7345 = ORIENTED_EDGE('',*,*,#7346,.F.);
#7346 = EDGE_CURVE('',#7347,#7153,#7349,.T.);
#7347 = VERTEX_POINT('',#7348);
#7348 = CARTESIAN_POINT('',(1.5675,0.3175,2.22));
#7349 = LINE('',#7350,#7351);
#7350 = CARTESIAN_POINT('',(1.5675,0.3175,2.22));
#7351 = VECTOR('',#7352,1.);
#7352 = DIRECTION('',(-1.,0.,0.));
#7353 = ORIENTED_EDGE('',*,*,#7354,.F.);
#7354 = EDGE_CURVE('',#7314,#7347,#7355,.T.);
#7355 = LINE('',#7356,#7357);
#7356 = CARTESIAN_POINT('',(1.4175,0.1675,2.77));
#7357 = VECTOR('',#7358,1.);
#7358 = DIRECTION('',(0.254456678904,0.254456678904,-0.933007822648));
#7359 = PLANE('',#7360);
#7360 = AXIS2_PLACEMENT_3D('',#7361,#7362,#7363);
#7361 = CARTESIAN_POINT('',(1.25,0.2425,2.495));
#7362 = DIRECTION('',(0.,0.964763821238,0.263117405792));
#7363 = DIRECTION('',(0.,0.263117405792,-0.964763821238));
#7364 = ADVANCED_FACE('',(#7365),#7376,.T.);
#7365 = FACE_BOUND('',#7366,.F.);
#7366 = EDGE_LOOP('',(#7367,#7368,#7369,#7370));
#7367 = ORIENTED_EDGE('',*,*,#7346,.T.);
#7368 = ORIENTED_EDGE('',*,*,#7167,.F.);
#7369 = ORIENTED_EDGE('',*,*,#7124,.T.);
#7370 = ORIENTED_EDGE('',*,*,#7371,.T.);
#7371 = EDGE_CURVE('',#7117,#7347,#7372,.T.);
#7372 = LINE('',#7373,#7374);
#7373 = CARTESIAN_POINT('',(1.5675,0.3175,-1.77));
#7374 = VECTOR('',#7375,1.);
#7375 = DIRECTION('',(0.,0.,1.));
#7376 = PLANE('',#7377);
#7377 = AXIS2_PLACEMENT_3D('',#7378,#7379,#7380);
#7378 = CARTESIAN_POINT('',(0.9325,0.3175,-7.43));
#7379 = DIRECTION('',(0.,1.,0.));
#7380 = DIRECTION('',(0.,-0.,1.));
#7381 = ADVANCED_FACE('',(#7382),#7400,.T.);
#7382 = FACE_BOUND('',#7383,.F.);
#7383 = EDGE_LOOP('',(#7384,#7392,#7393,#7394));
#7384 = ORIENTED_EDGE('',*,*,#7385,.T.);
#7385 = EDGE_CURVE('',#7386,#4551,#7388,.T.);
#7386 = VERTEX_POINT('',#7387);
#7387 = CARTESIAN_POINT('',(1.5675,0.3175,-4.78640916408));
#7388 = LINE('',#7389,#7390);
#7389 = CARTESIAN_POINT('',(1.5675,0.3175,-4.78640916408));
#7390 = VECTOR('',#7391,1.);
#7391 = DIRECTION('',(0.,0.,1.));
#7392 = ORIENTED_EDGE('',*,*,#4550,.F.);
#7393 = ORIENTED_EDGE('',*,*,#7234,.T.);
#7394 = ORIENTED_EDGE('',*,*,#7395,.T.);
#7395 = EDGE_CURVE('',#7226,#7386,#7396,.T.);
#7396 = LINE('',#7397,#7398);
#7397 = CARTESIAN_POINT('',(0.9325,0.3175,-4.78640916408));
#7398 = VECTOR('',#7399,1.);
#7399 = DIRECTION('',(1.,0.,0.));
#7400 = PLANE('',#7401);
#7401 = AXIS2_PLACEMENT_3D('',#7402,#7403,#7404);
#7402 = CARTESIAN_POINT('',(0.9325,0.3175,-7.43));
#7403 = DIRECTION('',(0.,1.,0.));
#7404 = DIRECTION('',(0.,-0.,1.));
#7405 = ADVANCED_FACE('',(#7406),#7431,.T.);
#7406 = FACE_BOUND('',#7407,.F.);
#7407 = EDGE_LOOP('',(#7408,#7409,#7417,#7425));
#7408 = ORIENTED_EDGE('',*,*,#7199,.T.);
#7409 = ORIENTED_EDGE('',*,*,#7410,.F.);
#7410 = EDGE_CURVE('',#7411,#7192,#7413,.T.);
#7411 = VERTEX_POINT('',#7412);
#7412 = CARTESIAN_POINT('',(1.5675,0.3175,-7.48));
#7413 = LINE('',#7414,#7415);
#7414 = CARTESIAN_POINT('',(1.5675,0.3175,-7.48));
#7415 = VECTOR('',#7416,1.);
#7416 = DIRECTION('',(-1.,0.,0.));
#7417 = ORIENTED_EDGE('',*,*,#7418,.T.);
#7418 = EDGE_CURVE('',#7411,#7419,#7421,.T.);
#7419 = VERTEX_POINT('',#7420);
#7420 = CARTESIAN_POINT('',(1.5675,0.3175,-7.07359083592));
#7421 = LINE('',#7422,#7423);
#7422 = CARTESIAN_POINT('',(1.5675,0.3175,-7.48));
#7423 = VECTOR('',#7424,1.);
#7424 = DIRECTION('',(0.,0.,1.));
#7425 = ORIENTED_EDGE('',*,*,#7426,.F.);
#7426 = EDGE_CURVE('',#7200,#7419,#7427,.T.);
#7427 = LINE('',#7428,#7429);
#7428 = CARTESIAN_POINT('',(0.9325,0.3175,-7.07359083592));
#7429 = VECTOR('',#7430,1.);
#7430 = DIRECTION('',(1.,0.,0.));
#7431 = PLANE('',#7432);
#7432 = AXIS2_PLACEMENT_3D('',#7433,#7434,#7435);
#7433 = CARTESIAN_POINT('',(0.9325,0.3175,-7.43));
#7434 = DIRECTION('',(0.,1.,0.));
#7435 = DIRECTION('',(0.,-0.,1.));
#7436 = ADVANCED_FACE('',(#7437),#7455,.T.);
#7437 = FACE_BOUND('',#7438,.F.);
#7438 = EDGE_LOOP('',(#7439,#7447,#7448,#7449));
#7439 = ORIENTED_EDGE('',*,*,#7440,.F.);
#7440 = EDGE_CURVE('',#7347,#7441,#7443,.T.);
#7441 = VERTEX_POINT('',#7442);
#7442 = CARTESIAN_POINT('',(1.5675,-0.3175,2.22));
#7443 = LINE('',#7444,#7445);
#7444 = CARTESIAN_POINT('',(1.5675,0.3175,2.22));
#7445 = VECTOR('',#7446,1.);
#7446 = DIRECTION('',(0.,-1.,0.));
#7447 = ORIENTED_EDGE('',*,*,#7371,.F.);
#7448 = ORIENTED_EDGE('',*,*,#7116,.F.);
#7449 = ORIENTED_EDGE('',*,*,#7450,.F.);
#7450 = EDGE_CURVE('',#7441,#7109,#7451,.T.);
#7451 = LINE('',#7452,#7453);
#7452 = CARTESIAN_POINT('',(1.5675,-0.3175,2.22));
#7453 = VECTOR('',#7454,1.);
#7454 = DIRECTION('',(0.,0.,-1.));
#7455 = PLANE('',#7456);
#7456 = AXIS2_PLACEMENT_3D('',#7457,#7458,#7459);
#7457 = CARTESIAN_POINT('',(1.5675,-1.74,0.));
#7458 = DIRECTION('',(1.,0.,0.));
#7459 = DIRECTION('',(0.,0.,-1.));
#7460 = ADVANCED_FACE('',(#7461),#7540,.T.);
#7461 = FACE_BOUND('',#7462,.F.);
#7462 = EDGE_LOOP('',(#7463,#7464,#7472,#7480,#7489,#7498,#7507,#7513,
    #7514,#7515,#7524,#7533));
#7463 = ORIENTED_EDGE('',*,*,#7418,.F.);
#7464 = ORIENTED_EDGE('',*,*,#7465,.F.);
#7465 = EDGE_CURVE('',#7466,#7411,#7468,.T.);
#7466 = VERTEX_POINT('',#7467);
#7467 = CARTESIAN_POINT('',(1.5675,-0.3175,-7.48));
#7468 = LINE('',#7469,#7470);
#7469 = CARTESIAN_POINT('',(1.5675,-0.3175,-7.48));
#7470 = VECTOR('',#7471,1.);
#7471 = DIRECTION('',(0.,1.,0.));
#7472 = ORIENTED_EDGE('',*,*,#7473,.F.);
#7473 = EDGE_CURVE('',#7474,#7466,#7476,.T.);
#7474 = VERTEX_POINT('',#7475);
#7475 = CARTESIAN_POINT('',(1.5675,-0.3175,-7.07359083592));
#7476 = LINE('',#7477,#7478);
#7477 = CARTESIAN_POINT('',(1.5675,-0.3175,-7.07359083592));
#7478 = VECTOR('',#7479,1.);
#7479 = DIRECTION('',(0.,0.,-1.));
#7480 = ORIENTED_EDGE('',*,*,#7481,.F.);
#7481 = EDGE_CURVE('',#7482,#7474,#7484,.T.);
#7482 = VERTEX_POINT('',#7483);
#7483 = CARTESIAN_POINT('',(1.5675,-0.156290170132,-6.364521281701));
#7484 = CIRCLE('',#7485,1.64);
#7485 = AXIS2_PLACEMENT_3D('',#7486,#7487,#7488);
#7486 = CARTESIAN_POINT('',(1.5675,1.3225,-7.07359083592));
#7487 = DIRECTION('',(1.,0.,0.));
#7488 = DIRECTION('',(0.,-0.901701323251,0.43235948428));
#7489 = ORIENTED_EDGE('',*,*,#7490,.F.);
#7490 = EDGE_CURVE('',#7491,#7482,#7493,.T.);
#7491 = VERTEX_POINT('',#7492);
#7492 = CARTESIAN_POINT('',(1.5675,-0.156290170132,-5.495478718299));
#7493 = CIRCLE('',#7494,1.005);
#7494 = AXIS2_PLACEMENT_3D('',#7495,#7496,#7497);
#7495 = CARTESIAN_POINT('',(1.5675,-1.0625,-5.93));
#7496 = DIRECTION('',(-1.,0.,0.));
#7497 = DIRECTION('',(0.,0.901701323251,0.43235948428));
#7498 = ORIENTED_EDGE('',*,*,#7499,.F.);
#7499 = EDGE_CURVE('',#7500,#7491,#7502,.T.);
#7500 = VERTEX_POINT('',#7501);
#7501 = CARTESIAN_POINT('',(1.5675,-0.3175,-4.78640916408));
#7502 = CIRCLE('',#7503,1.64);
#7503 = AXIS2_PLACEMENT_3D('',#7504,#7505,#7506);
#7504 = CARTESIAN_POINT('',(1.5675,1.3225,-4.78640916408));
#7505 = DIRECTION('',(1.,0.,0.));
#7506 = DIRECTION('',(0.,-1.,0.));
#7507 = ORIENTED_EDGE('',*,*,#7508,.F.);
#7508 = EDGE_CURVE('',#4559,#7500,#7509,.T.);
#7509 = LINE('',#7510,#7511);
#7510 = CARTESIAN_POINT('',(1.5675,-0.3175,-4.23));
#7511 = VECTOR('',#7512,1.);
#7512 = DIRECTION('',(0.,0.,-1.));
#7513 = ORIENTED_EDGE('',*,*,#4558,.T.);
#7514 = ORIENTED_EDGE('',*,*,#7385,.F.);
#7515 = ORIENTED_EDGE('',*,*,#7516,.F.);
#7516 = EDGE_CURVE('',#7517,#7386,#7519,.T.);
#7517 = VERTEX_POINT('',#7518);
#7518 = CARTESIAN_POINT('',(1.5675,0.416290170132,-5.220930445781));
#7519 = CIRCLE('',#7520,1.005);
#7520 = AXIS2_PLACEMENT_3D('',#7521,#7522,#7523);
#7521 = CARTESIAN_POINT('',(1.5675,1.3225,-4.78640916408));
#7522 = DIRECTION('',(-1.,0.,0.));
#7523 = DIRECTION('',(-0.,-0.901701323251,-0.43235948428));
#7524 = ORIENTED_EDGE('',*,*,#7525,.F.);
#7525 = EDGE_CURVE('',#7526,#7517,#7528,.T.);
#7526 = VERTEX_POINT('',#7527);
#7527 = CARTESIAN_POINT('',(1.5675,0.416290170132,-6.639069554219));
#7528 = CIRCLE('',#7529,1.64);
#7529 = AXIS2_PLACEMENT_3D('',#7530,#7531,#7532);
#7530 = CARTESIAN_POINT('',(1.5675,-1.0625,-5.93));
#7531 = DIRECTION('',(1.,0.,0.));
#7532 = DIRECTION('',(0.,0.901701323251,-0.43235948428));
#7533 = ORIENTED_EDGE('',*,*,#7534,.F.);
#7534 = EDGE_CURVE('',#7419,#7526,#7535,.T.);
#7535 = CIRCLE('',#7536,1.005);
#7536 = AXIS2_PLACEMENT_3D('',#7537,#7538,#7539);
#7537 = CARTESIAN_POINT('',(1.5675,1.3225,-7.07359083592));
#7538 = DIRECTION('',(-1.,0.,0.));
#7539 = DIRECTION('',(0.,-1.,0.));
#7540 = PLANE('',#7541);
#7541 = AXIS2_PLACEMENT_3D('',#7542,#7543,#7544);
#7542 = CARTESIAN_POINT('',(1.5675,-1.74,0.));
#7543 = DIRECTION('',(1.,0.,0.));
#7544 = DIRECTION('',(0.,0.,-1.));
#7545 = ADVANCED_FACE('',(#7546),#7557,.T.);
#7546 = FACE_BOUND('',#7547,.F.);
#7547 = EDGE_LOOP('',(#7548,#7549,#7550,#7551));
#7548 = ORIENTED_EDGE('',*,*,#7321,.F.);
#7549 = ORIENTED_EDGE('',*,*,#7354,.T.);
#7550 = ORIENTED_EDGE('',*,*,#7440,.T.);
#7551 = ORIENTED_EDGE('',*,*,#7552,.T.);
#7552 = EDGE_CURVE('',#7441,#7322,#7553,.T.);
#7553 = LINE('',#7554,#7555);
#7554 = CARTESIAN_POINT('',(1.5675,-0.3175,2.22));
#7555 = VECTOR('',#7556,1.);
#7556 = DIRECTION('',(-0.254456678904,0.254456678904,0.933007822648));
#7557 = PLANE('',#7558);
#7558 = AXIS2_PLACEMENT_3D('',#7559,#7560,#7561);
#7559 = CARTESIAN_POINT('',(1.4925,0.,2.495));
#7560 = DIRECTION('',(0.964763821238,0.,0.263117405792));
#7561 = DIRECTION('',(-0.263117405792,0.,0.964763821238));
#7562 = ADVANCED_FACE('',(#7563),#7574,.T.);
#7563 = FACE_BOUND('',#7564,.F.);
#7564 = EDGE_LOOP('',(#7565,#7571,#7572,#7573));
#7565 = ORIENTED_EDGE('',*,*,#7566,.T.);
#7566 = EDGE_CURVE('',#7441,#7151,#7567,.T.);
#7567 = LINE('',#7568,#7569);
#7568 = CARTESIAN_POINT('',(1.5675,-0.3175,2.22));
#7569 = VECTOR('',#7570,1.);
#7570 = DIRECTION('',(-1.,0.,0.));
#7571 = ORIENTED_EDGE('',*,*,#7292,.F.);
#7572 = ORIENTED_EDGE('',*,*,#7329,.F.);
#7573 = ORIENTED_EDGE('',*,*,#7552,.F.);
#7574 = PLANE('',#7575);
#7575 = AXIS2_PLACEMENT_3D('',#7576,#7577,#7578);
#7576 = CARTESIAN_POINT('',(1.25,-0.2425,2.495));
#7577 = DIRECTION('',(0.,-0.964763821238,0.263117405792));
#7578 = DIRECTION('',(0.,0.263117405792,0.964763821238));
#7579 = ADVANCED_FACE('',(#7580),#7586,.T.);
#7580 = FACE_BOUND('',#7581,.F.);
#7581 = EDGE_LOOP('',(#7582,#7583,#7584,#7585));
#7582 = ORIENTED_EDGE('',*,*,#7566,.F.);
#7583 = ORIENTED_EDGE('',*,*,#7450,.T.);
#7584 = ORIENTED_EDGE('',*,*,#7108,.F.);
#7585 = ORIENTED_EDGE('',*,*,#7160,.F.);
#7586 = PLANE('',#7587);
#7587 = AXIS2_PLACEMENT_3D('',#7588,#7589,#7590);
#7588 = CARTESIAN_POINT('',(0.9325,-0.3175,-4.23));
#7589 = DIRECTION('',(0.,-1.,0.));
#7590 = DIRECTION('',(0.,0.,-1.));
#7591 = ADVANCED_FACE('',(#7592),#7608,.T.);
#7592 = FACE_BOUND('',#7593,.F.);
#7593 = EDGE_LOOP('',(#7594,#7595,#7601,#7602));
#7594 = ORIENTED_EDGE('',*,*,#7473,.T.);
#7595 = ORIENTED_EDGE('',*,*,#7596,.T.);
#7596 = EDGE_CURVE('',#7466,#7182,#7597,.T.);
#7597 = LINE('',#7598,#7599);
#7598 = CARTESIAN_POINT('',(1.5675,-0.3175,-7.48));
#7599 = VECTOR('',#7600,1.);
#7600 = DIRECTION('',(-1.,0.,0.));
#7601 = ORIENTED_EDGE('',*,*,#7181,.T.);
#7602 = ORIENTED_EDGE('',*,*,#7603,.T.);
#7603 = EDGE_CURVE('',#7184,#7474,#7604,.T.);
#7604 = LINE('',#7605,#7606);
#7605 = CARTESIAN_POINT('',(0.9325,-0.3175,-7.07359083592));
#7606 = VECTOR('',#7607,1.);
#7607 = DIRECTION('',(1.,0.,0.));
#7608 = PLANE('',#7609);
#7609 = AXIS2_PLACEMENT_3D('',#7610,#7611,#7612);
#7610 = CARTESIAN_POINT('',(0.9325,-0.3175,-4.23));
#7611 = DIRECTION('',(0.,-1.,0.));
#7612 = DIRECTION('',(0.,0.,-1.));
#7613 = ADVANCED_FACE('',(#7614),#7625,.T.);
#7614 = FACE_BOUND('',#7615,.F.);
#7615 = EDGE_LOOP('',(#7616,#7617,#7618,#7619));
#7616 = ORIENTED_EDGE('',*,*,#7241,.T.);
#7617 = ORIENTED_EDGE('',*,*,#4566,.T.);
#7618 = ORIENTED_EDGE('',*,*,#7508,.T.);
#7619 = ORIENTED_EDGE('',*,*,#7620,.F.);
#7620 = EDGE_CURVE('',#7242,#7500,#7621,.T.);
#7621 = LINE('',#7622,#7623);
#7622 = CARTESIAN_POINT('',(0.9325,-0.3175,-4.78640916408));
#7623 = VECTOR('',#7624,1.);
#7624 = DIRECTION('',(1.,0.,0.));
#7625 = PLANE('',#7626);
#7626 = AXIS2_PLACEMENT_3D('',#7627,#7628,#7629);
#7627 = CARTESIAN_POINT('',(0.9325,-0.3175,-4.23));
#7628 = DIRECTION('',(0.,-1.,0.));
#7629 = DIRECTION('',(0.,0.,-1.));
#7630 = ADVANCED_FACE('',(#7631),#7656,.T.);
#7631 = FACE_BOUND('',#7632,.F.);
#7632 = EDGE_LOOP('',(#7633,#7634,#7642,#7650));
#7633 = ORIENTED_EDGE('',*,*,#7596,.F.);
#7634 = ORIENTED_EDGE('',*,*,#7635,.F.);
#7635 = EDGE_CURVE('',#7636,#7466,#7638,.T.);
#7636 = VERTEX_POINT('',#7637);
#7637 = CARTESIAN_POINT('',(1.4175,-0.1675,-8.03));
#7638 = LINE('',#7639,#7640);
#7639 = CARTESIAN_POINT('',(1.4175,-0.1675,-8.03));
#7640 = VECTOR('',#7641,1.);
#7641 = DIRECTION('',(0.254456678904,-0.254456678904,0.933007822648));
#7642 = ORIENTED_EDGE('',*,*,#7643,.T.);
#7643 = EDGE_CURVE('',#7636,#7644,#7646,.T.);
#7644 = VERTEX_POINT('',#7645);
#7645 = CARTESIAN_POINT('',(1.0825,-0.1675,-8.03));
#7646 = LINE('',#7647,#7648);
#7647 = CARTESIAN_POINT('',(1.4175,-0.1675,-8.03));
#7648 = VECTOR('',#7649,1.);
#7649 = DIRECTION('',(-1.,0.,0.));
#7650 = ORIENTED_EDGE('',*,*,#7651,.T.);
#7651 = EDGE_CURVE('',#7644,#7182,#7652,.T.);
#7652 = LINE('',#7653,#7654);
#7653 = CARTESIAN_POINT('',(1.0825,-0.1675,-8.03));
#7654 = VECTOR('',#7655,1.);
#7655 = DIRECTION('',(-0.254456678904,-0.254456678904,0.933007822648));
#7656 = PLANE('',#7657);
#7657 = AXIS2_PLACEMENT_3D('',#7658,#7659,#7660);
#7658 = CARTESIAN_POINT('',(1.25,-0.2425,-7.755));
#7659 = DIRECTION('',(0.,-0.964763821238,-0.263117405792));
#7660 = DIRECTION('',(0.,-0.263117405792,0.964763821238));
#7661 = ADVANCED_FACE('',(#7662),#7680,.T.);
#7662 = FACE_BOUND('',#7663,.F.);
#7663 = EDGE_LOOP('',(#7664,#7672,#7673,#7674));
#7664 = ORIENTED_EDGE('',*,*,#7665,.F.);
#7665 = EDGE_CURVE('',#7636,#7666,#7668,.T.);
#7666 = VERTEX_POINT('',#7667);
#7667 = CARTESIAN_POINT('',(1.4175,0.1675,-8.03));
#7668 = LINE('',#7669,#7670);
#7669 = CARTESIAN_POINT('',(1.4175,-0.1675,-8.03));
#7670 = VECTOR('',#7671,1.);
#7671 = DIRECTION('',(0.,1.,0.));
#7672 = ORIENTED_EDGE('',*,*,#7635,.T.);
#7673 = ORIENTED_EDGE('',*,*,#7465,.T.);
#7674 = ORIENTED_EDGE('',*,*,#7675,.T.);
#7675 = EDGE_CURVE('',#7411,#7666,#7676,.T.);
#7676 = LINE('',#7677,#7678);
#7677 = CARTESIAN_POINT('',(1.5675,0.3175,-7.48));
#7678 = VECTOR('',#7679,1.);
#7679 = DIRECTION('',(-0.254456678904,-0.254456678904,-0.933007822648));
#7680 = PLANE('',#7681);
#7681 = AXIS2_PLACEMENT_3D('',#7682,#7683,#7684);
#7682 = CARTESIAN_POINT('',(1.4925,0.,-7.755));
#7683 = DIRECTION('',(0.964763821238,0.,-0.263117405792));
#7684 = DIRECTION('',(-0.263117405792,0.,-0.964763821238));
#7685 = ADVANCED_FACE('',(#7686),#7704,.T.);
#7686 = FACE_BOUND('',#7687,.F.);
#7687 = EDGE_LOOP('',(#7688,#7696,#7702,#7703));
#7688 = ORIENTED_EDGE('',*,*,#7689,.T.);
#7689 = EDGE_CURVE('',#7666,#7690,#7692,.T.);
#7690 = VERTEX_POINT('',#7691);
#7691 = CARTESIAN_POINT('',(1.0825,0.1675,-8.03));
#7692 = LINE('',#7693,#7694);
#7693 = CARTESIAN_POINT('',(1.4175,0.1675,-8.03));
#7694 = VECTOR('',#7695,1.);
#7695 = DIRECTION('',(-1.,0.,0.));
#7696 = ORIENTED_EDGE('',*,*,#7697,.T.);
#7697 = EDGE_CURVE('',#7690,#7644,#7698,.T.);
#7698 = LINE('',#7699,#7700);
#7699 = CARTESIAN_POINT('',(1.0825,0.1675,-8.03));
#7700 = VECTOR('',#7701,1.);
#7701 = DIRECTION('',(0.,-1.,0.));
#7702 = ORIENTED_EDGE('',*,*,#7643,.F.);
#7703 = ORIENTED_EDGE('',*,*,#7665,.T.);
#7704 = PLANE('',#7705);
#7705 = AXIS2_PLACEMENT_3D('',#7706,#7707,#7708);
#7706 = CARTESIAN_POINT('',(0.9325,-0.3175,-8.03));
#7707 = DIRECTION('',(0.,0.,-1.));
#7708 = DIRECTION('',(0.,1.,0.));
#7709 = ADVANCED_FACE('',(#7710),#7721,.T.);
#7710 = FACE_BOUND('',#7711,.F.);
#7711 = EDGE_LOOP('',(#7712,#7713,#7719,#7720));
#7712 = ORIENTED_EDGE('',*,*,#7410,.T.);
#7713 = ORIENTED_EDGE('',*,*,#7714,.F.);
#7714 = EDGE_CURVE('',#7690,#7192,#7715,.T.);
#7715 = LINE('',#7716,#7717);
#7716 = CARTESIAN_POINT('',(1.0825,0.1675,-8.03));
#7717 = VECTOR('',#7718,1.);
#7718 = DIRECTION('',(-0.254456678904,0.254456678904,0.933007822648));
#7719 = ORIENTED_EDGE('',*,*,#7689,.F.);
#7720 = ORIENTED_EDGE('',*,*,#7675,.F.);
#7721 = PLANE('',#7722);
#7722 = AXIS2_PLACEMENT_3D('',#7723,#7724,#7725);
#7723 = CARTESIAN_POINT('',(1.25,0.2425,-7.755));
#7724 = DIRECTION('',(0.,0.964763821238,-0.263117405792));
#7725 = DIRECTION('',(0.,-0.263117405792,-0.964763821238));
#7726 = ADVANCED_FACE('',(#7727),#7733,.T.);
#7727 = FACE_BOUND('',#7728,.F.);
#7728 = EDGE_LOOP('',(#7729,#7730,#7731,#7732));
#7729 = ORIENTED_EDGE('',*,*,#7191,.T.);
#7730 = ORIENTED_EDGE('',*,*,#7651,.F.);
#7731 = ORIENTED_EDGE('',*,*,#7697,.F.);
#7732 = ORIENTED_EDGE('',*,*,#7714,.T.);
#7733 = PLANE('',#7734);
#7734 = AXIS2_PLACEMENT_3D('',#7735,#7736,#7737);
#7735 = CARTESIAN_POINT('',(1.0075,0.,-7.755));
#7736 = DIRECTION('',(-0.964763821238,0.,-0.263117405792));
#7737 = DIRECTION('',(0.263117405792,0.,-0.964763821238));
#7738 = ADVANCED_FACE('',(#7739),#7750,.T.);
#7739 = FACE_BOUND('',#7740,.T.);
#7740 = EDGE_LOOP('',(#7741,#7742,#7743,#7749));
#7741 = ORIENTED_EDGE('',*,*,#7603,.T.);
#7742 = ORIENTED_EDGE('',*,*,#7481,.F.);
#7743 = ORIENTED_EDGE('',*,*,#7744,.F.);
#7744 = EDGE_CURVE('',#7259,#7482,#7745,.T.);
#7745 = LINE('',#7746,#7747);
#7746 = CARTESIAN_POINT('',(0.9325,-0.156290170132,-6.364521281701));
#7747 = VECTOR('',#7748,1.);
#7748 = DIRECTION('',(1.,0.,0.));
#7749 = ORIENTED_EDGE('',*,*,#7267,.T.);
#7750 = CYLINDRICAL_SURFACE('',#7751,1.64);
#7751 = AXIS2_PLACEMENT_3D('',#7752,#7753,#7754);
#7752 = CARTESIAN_POINT('',(0.9325,1.3225,-7.07359083592));
#7753 = DIRECTION('',(1.,0.,0.));
#7754 = DIRECTION('',(0.,0.,-1.));
#7755 = ADVANCED_FACE('',(#7756),#7767,.F.);
#7756 = FACE_BOUND('',#7757,.F.);
#7757 = EDGE_LOOP('',(#7758,#7759,#7765,#7766));
#7758 = ORIENTED_EDGE('',*,*,#7258,.F.);
#7759 = ORIENTED_EDGE('',*,*,#7760,.T.);
#7760 = EDGE_CURVE('',#7250,#7491,#7761,.T.);
#7761 = LINE('',#7762,#7763);
#7762 = CARTESIAN_POINT('',(0.9325,-0.156290170132,-5.495478718299));
#7763 = VECTOR('',#7764,1.);
#7764 = DIRECTION('',(1.,0.,0.));
#7765 = ORIENTED_EDGE('',*,*,#7490,.T.);
#7766 = ORIENTED_EDGE('',*,*,#7744,.F.);
#7767 = CYLINDRICAL_SURFACE('',#7768,1.005);
#7768 = AXIS2_PLACEMENT_3D('',#7769,#7770,#7771);
#7769 = CARTESIAN_POINT('',(0.9325,-1.0625,-5.93));
#7770 = DIRECTION('',(1.,0.,0.));
#7771 = DIRECTION('',(0.,0.,-1.));
#7772 = ADVANCED_FACE('',(#7773),#7779,.T.);
#7773 = FACE_BOUND('',#7774,.T.);
#7774 = EDGE_LOOP('',(#7775,#7776,#7777,#7778));
#7775 = ORIENTED_EDGE('',*,*,#7760,.T.);
#7776 = ORIENTED_EDGE('',*,*,#7499,.F.);
#7777 = ORIENTED_EDGE('',*,*,#7620,.F.);
#7778 = ORIENTED_EDGE('',*,*,#7249,.T.);
#7779 = CYLINDRICAL_SURFACE('',#7780,1.64);
#7780 = AXIS2_PLACEMENT_3D('',#7781,#7782,#7783);
#7781 = CARTESIAN_POINT('',(0.9325,1.3225,-4.78640916408));
#7782 = DIRECTION('',(1.,0.,0.));
#7783 = DIRECTION('',(0.,0.,-1.));
#7784 = ADVANCED_FACE('',(#7785),#7796,.F.);
#7785 = FACE_BOUND('',#7786,.F.);
#7786 = EDGE_LOOP('',(#7787,#7788,#7794,#7795));
#7787 = ORIENTED_EDGE('',*,*,#7225,.F.);
#7788 = ORIENTED_EDGE('',*,*,#7789,.T.);
#7789 = EDGE_CURVE('',#7217,#7517,#7790,.T.);
#7790 = LINE('',#7791,#7792);
#7791 = CARTESIAN_POINT('',(0.9325,0.416290170132,-5.220930445781));
#7792 = VECTOR('',#7793,1.);
#7793 = DIRECTION('',(1.,0.,0.));
#7794 = ORIENTED_EDGE('',*,*,#7516,.T.);
#7795 = ORIENTED_EDGE('',*,*,#7395,.F.);
#7796 = CYLINDRICAL_SURFACE('',#7797,1.005);
#7797 = AXIS2_PLACEMENT_3D('',#7798,#7799,#7800);
#7798 = CARTESIAN_POINT('',(0.9325,1.3225,-4.78640916408));
#7799 = DIRECTION('',(1.,0.,0.));
#7800 = DIRECTION('',(0.,0.,-1.));
#7801 = ADVANCED_FACE('',(#7802),#7813,.T.);
#7802 = FACE_BOUND('',#7803,.T.);
#7803 = EDGE_LOOP('',(#7804,#7805,#7806,#7812));
#7804 = ORIENTED_EDGE('',*,*,#7789,.T.);
#7805 = ORIENTED_EDGE('',*,*,#7525,.F.);
#7806 = ORIENTED_EDGE('',*,*,#7807,.F.);
#7807 = EDGE_CURVE('',#7208,#7526,#7808,.T.);
#7808 = LINE('',#7809,#7810);
#7809 = CARTESIAN_POINT('',(0.9325,0.416290170132,-6.639069554219));
#7810 = VECTOR('',#7811,1.);
#7811 = DIRECTION('',(1.,0.,0.));
#7812 = ORIENTED_EDGE('',*,*,#7216,.T.);
#7813 = CYLINDRICAL_SURFACE('',#7814,1.64);
#7814 = AXIS2_PLACEMENT_3D('',#7815,#7816,#7817);
#7815 = CARTESIAN_POINT('',(0.9325,-1.0625,-5.93));
#7816 = DIRECTION('',(1.,0.,0.));
#7817 = DIRECTION('',(0.,0.,-1.));
#7818 = ADVANCED_FACE('',(#7819),#7825,.F.);
#7819 = FACE_BOUND('',#7820,.F.);
#7820 = EDGE_LOOP('',(#7821,#7822,#7823,#7824));
#7821 = ORIENTED_EDGE('',*,*,#7207,.F.);
#7822 = ORIENTED_EDGE('',*,*,#7426,.T.);
#7823 = ORIENTED_EDGE('',*,*,#7534,.T.);
#7824 = ORIENTED_EDGE('',*,*,#7807,.F.);
#7825 = CYLINDRICAL_SURFACE('',#7826,1.005);
#7826 = AXIS2_PLACEMENT_3D('',#7827,#7828,#7829);
#7827 = CARTESIAN_POINT('',(0.9325,1.3225,-7.07359083592));
#7828 = DIRECTION('',(1.,0.,0.));
#7829 = DIRECTION('',(0.,0.,-1.));
#7830 = ADVANCED_FACE('',(#7831),#7842,.F.);
#7831 = FACE_BOUND('',#7832,.F.);
#7832 = EDGE_LOOP('',(#7833,#7834,#7835,#7841));
#7833 = ORIENTED_EDGE('',*,*,#5285,.T.);
#7834 = ORIENTED_EDGE('',*,*,#5064,.F.);
#7835 = ORIENTED_EDGE('',*,*,#7836,.T.);
#7836 = EDGE_CURVE('',#5057,#7066,#7837,.T.);
#7837 = LINE('',#7838,#7839);
#7838 = CARTESIAN_POINT('',(2.64,-0.385,3.63));
#7839 = VECTOR('',#7840,1.);
#7840 = DIRECTION('',(-1.,0.,0.));
#7841 = ORIENTED_EDGE('',*,*,#7065,.T.);
#7842 = PLANE('',#7843);
#7843 = AXIS2_PLACEMENT_3D('',#7844,#7845,#7846);
#7844 = CARTESIAN_POINT('',(3.75,-0.385,3.63));
#7845 = DIRECTION('',(0.,0.707106781187,-0.707106781187));
#7846 = DIRECTION('',(0.,0.707106781187,0.707106781187));
#7847 = ADVANCED_FACE('',(#7848),#7854,.F.);
#7848 = FACE_BOUND('',#7849,.F.);
#7849 = EDGE_LOOP('',(#7850,#7851,#7852,#7853));
#7850 = ORIENTED_EDGE('',*,*,#5056,.F.);
#7851 = ORIENTED_EDGE('',*,*,#5118,.T.);
#7852 = ORIENTED_EDGE('',*,*,#7073,.T.);
#7853 = ORIENTED_EDGE('',*,*,#7836,.F.);
#7854 = PLANE('',#7855);
#7855 = AXIS2_PLACEMENT_3D('',#7856,#7857,#7858);
#7856 = CARTESIAN_POINT('',(3.75,-0.385,-7.E-02));
#7857 = DIRECTION('',(0.,1.,0.));
#7858 = DIRECTION('',(0.,-0.,1.));
#7859 = ADVANCED_FACE('',(#7860),#7871,.F.);
#7860 = FACE_BOUND('',#7861,.F.);
#7861 = EDGE_LOOP('',(#7862,#7863,#7869,#7870));
#7862 = ORIENTED_EDGE('',*,*,#5247,.F.);
#7863 = ORIENTED_EDGE('',*,*,#7864,.T.);
#7864 = EDGE_CURVE('',#5240,#6958,#7865,.T.);
#7865 = LINE('',#7866,#7867);
#7866 = CARTESIAN_POINT('',(1.33,1.37,4.23));
#7867 = VECTOR('',#7868,1.);
#7868 = DIRECTION('',(0.,0.,-1.));
#7869 = ORIENTED_EDGE('',*,*,#6957,.T.);
#7870 = ORIENTED_EDGE('',*,*,#7041,.F.);
#7871 = PLANE('',#7872);
#7872 = AXIS2_PLACEMENT_3D('',#7873,#7874,#7875);
#7873 = CARTESIAN_POINT('',(1.33,1.37,5.68));
#7874 = DIRECTION('',(-1.,0.,0.));
#7875 = DIRECTION('',(0.,-1.,0.));
#7876 = ADVANCED_FACE('',(#7877),#7888,.F.);
#7877 = FACE_BOUND('',#7878,.F.);
#7878 = EDGE_LOOP('',(#7879,#7880,#7886,#7887));
#7879 = ORIENTED_EDGE('',*,*,#5239,.F.);
#7880 = ORIENTED_EDGE('',*,*,#7881,.T.);
#7881 = EDGE_CURVE('',#5232,#6966,#7882,.T.);
#7882 = LINE('',#7883,#7884);
#7883 = CARTESIAN_POINT('',(-1.33,1.37,4.23));
#7884 = VECTOR('',#7885,1.);
#7885 = DIRECTION('',(0.,0.,-1.));
#7886 = ORIENTED_EDGE('',*,*,#6965,.T.);
#7887 = ORIENTED_EDGE('',*,*,#7864,.F.);
#7888 = PLANE('',#7889);
#7889 = AXIS2_PLACEMENT_3D('',#7890,#7891,#7892);
#7890 = CARTESIAN_POINT('',(-1.33,1.37,5.68));
#7891 = DIRECTION('',(0.,-1.,0.));
#7892 = DIRECTION('',(1.,0.,0.));
#7893 = ADVANCED_FACE('',(#7894),#7905,.F.);
#7894 = FACE_BOUND('',#7895,.F.);
#7895 = EDGE_LOOP('',(#7896,#7897,#7903,#7904));
#7896 = ORIENTED_EDGE('',*,*,#5231,.F.);
#7897 = ORIENTED_EDGE('',*,*,#7898,.T.);
#7898 = EDGE_CURVE('',#5224,#6974,#7899,.T.);
#7899 = LINE('',#7900,#7901);
#7900 = CARTESIAN_POINT('',(-1.33,1.095,4.23));
#7901 = VECTOR('',#7902,1.);
#7902 = DIRECTION('',(0.,0.,-1.));
#7903 = ORIENTED_EDGE('',*,*,#6973,.T.);
#7904 = ORIENTED_EDGE('',*,*,#7881,.F.);
#7905 = PLANE('',#7906);
#7906 = AXIS2_PLACEMENT_3D('',#7907,#7908,#7909);
#7907 = CARTESIAN_POINT('',(-1.33,1.095,5.68));
#7908 = DIRECTION('',(1.,0.,0.));
#7909 = DIRECTION('',(-0.,1.,0.));
#7910 = ADVANCED_FACE('',(#7911),#7940,.F.);
#7911 = FACE_BOUND('',#7912,.F.);
#7912 = EDGE_LOOP('',(#7913,#7914,#7915,#7916,#7924,#7932,#7938,#7939));
#7913 = ORIENTED_EDGE('',*,*,#6981,.T.);
#7914 = ORIENTED_EDGE('',*,*,#7898,.F.);
#7915 = ORIENTED_EDGE('',*,*,#5223,.F.);
#7916 = ORIENTED_EDGE('',*,*,#7917,.T.);
#7917 = EDGE_CURVE('',#5216,#7918,#7920,.T.);
#7918 = VERTEX_POINT('',#7919);
#7919 = CARTESIAN_POINT('',(-0.14,1.095,-1.77));
#7920 = LINE('',#7921,#7922);
#7921 = CARTESIAN_POINT('',(-0.14,1.095,4.23));
#7922 = VECTOR('',#7923,1.);
#7923 = DIRECTION('',(0.,0.,-1.));
#7924 = ORIENTED_EDGE('',*,*,#7925,.T.);
#7925 = EDGE_CURVE('',#7918,#7926,#7928,.T.);
#7926 = VERTEX_POINT('',#7927);
#7927 = CARTESIAN_POINT('',(-2.36,1.095,-1.77));
#7928 = LINE('',#7929,#7930);
#7929 = CARTESIAN_POINT('',(-0.14,1.095,-1.77));
#7930 = VECTOR('',#7931,1.);
#7931 = DIRECTION('',(-1.,0.,0.));
#7932 = ORIENTED_EDGE('',*,*,#7933,.F.);
#7933 = EDGE_CURVE('',#5192,#7926,#7934,.T.);
#7934 = LINE('',#7935,#7936);
#7935 = CARTESIAN_POINT('',(-2.36,1.095,4.23));
#7936 = VECTOR('',#7937,1.);
#7937 = DIRECTION('',(0.,0.,-1.));
#7938 = ORIENTED_EDGE('',*,*,#5191,.F.);
#7939 = ORIENTED_EDGE('',*,*,#6271,.T.);
#7940 = PLANE('',#7941);
#7941 = AXIS2_PLACEMENT_3D('',#7942,#7943,#7944);
#7942 = CARTESIAN_POINT('',(-0.14,1.095,4.23));
#7943 = DIRECTION('',(0.,1.,0.));
#7944 = DIRECTION('',(-1.,0.,0.));
#7945 = ADVANCED_FACE('',(#7946),#7964,.F.);
#7946 = FACE_BOUND('',#7947,.F.);
#7947 = EDGE_LOOP('',(#7948,#7949,#7957,#7963));
#7948 = ORIENTED_EDGE('',*,*,#5215,.F.);
#7949 = ORIENTED_EDGE('',*,*,#7950,.T.);
#7950 = EDGE_CURVE('',#5208,#7951,#7953,.T.);
#7951 = VERTEX_POINT('',#7952);
#7952 = CARTESIAN_POINT('',(-0.14,-1.095,-1.77));
#7953 = LINE('',#7954,#7955);
#7954 = CARTESIAN_POINT('',(-0.14,-1.095,4.23));
#7955 = VECTOR('',#7956,1.);
#7956 = DIRECTION('',(0.,0.,-1.));
#7957 = ORIENTED_EDGE('',*,*,#7958,.T.);
#7958 = EDGE_CURVE('',#7951,#7918,#7959,.T.);
#7959 = LINE('',#7960,#7961);
#7960 = CARTESIAN_POINT('',(-0.14,-1.095,-1.77));
#7961 = VECTOR('',#7962,1.);
#7962 = DIRECTION('',(0.,1.,0.));
#7963 = ORIENTED_EDGE('',*,*,#7917,.F.);
#7964 = PLANE('',#7965);
#7965 = AXIS2_PLACEMENT_3D('',#7966,#7967,#7968);
#7966 = CARTESIAN_POINT('',(-0.14,-1.095,4.23));
#7967 = DIRECTION('',(1.,0.,0.));
#7968 = DIRECTION('',(-0.,1.,0.));
#7969 = ADVANCED_FACE('',(#7970),#7988,.F.);
#7970 = FACE_BOUND('',#7971,.F.);
#7971 = EDGE_LOOP('',(#7972,#7973,#7981,#7987));
#7972 = ORIENTED_EDGE('',*,*,#5207,.F.);
#7973 = ORIENTED_EDGE('',*,*,#7974,.T.);
#7974 = EDGE_CURVE('',#5200,#7975,#7977,.T.);
#7975 = VERTEX_POINT('',#7976);
#7976 = CARTESIAN_POINT('',(-2.36,-1.095,-1.77));
#7977 = LINE('',#7978,#7979);
#7978 = CARTESIAN_POINT('',(-2.36,-1.095,4.23));
#7979 = VECTOR('',#7980,1.);
#7980 = DIRECTION('',(0.,0.,-1.));
#7981 = ORIENTED_EDGE('',*,*,#7982,.T.);
#7982 = EDGE_CURVE('',#7975,#7951,#7983,.T.);
#7983 = LINE('',#7984,#7985);
#7984 = CARTESIAN_POINT('',(-2.36,-1.095,-1.77));
#7985 = VECTOR('',#7986,1.);
#7986 = DIRECTION('',(1.,0.,0.));
#7987 = ORIENTED_EDGE('',*,*,#7950,.F.);
#7988 = PLANE('',#7989);
#7989 = AXIS2_PLACEMENT_3D('',#7990,#7991,#7992);
#7990 = CARTESIAN_POINT('',(-2.36,-1.095,4.23));
#7991 = DIRECTION('',(0.,-1.,0.));
#7992 = DIRECTION('',(1.,0.,0.));
#7993 = ADVANCED_FACE('',(#7994),#8005,.F.);
#7994 = FACE_BOUND('',#7995,.F.);
#7995 = EDGE_LOOP('',(#7996,#7997,#7998,#8004));
#7996 = ORIENTED_EDGE('',*,*,#5199,.F.);
#7997 = ORIENTED_EDGE('',*,*,#7933,.T.);
#7998 = ORIENTED_EDGE('',*,*,#7999,.T.);
#7999 = EDGE_CURVE('',#7926,#7975,#8000,.T.);
#8000 = LINE('',#8001,#8002);
#8001 = CARTESIAN_POINT('',(-2.36,1.095,-1.77));
#8002 = VECTOR('',#8003,1.);
#8003 = DIRECTION('',(0.,-1.,0.));
#8004 = ORIENTED_EDGE('',*,*,#7974,.F.);
#8005 = PLANE('',#8006);
#8006 = AXIS2_PLACEMENT_3D('',#8007,#8008,#8009);
#8007 = CARTESIAN_POINT('',(-2.36,1.095,4.23));
#8008 = DIRECTION('',(-1.,0.,0.));
#8009 = DIRECTION('',(0.,-1.,0.));
#8010 = ADVANCED_FACE('',(#8011,#8017),#8051,.T.);
#8011 = FACE_BOUND('',#8012,.F.);
#8012 = EDGE_LOOP('',(#8013,#8014,#8015,#8016));
#8013 = ORIENTED_EDGE('',*,*,#7999,.F.);
#8014 = ORIENTED_EDGE('',*,*,#7925,.F.);
#8015 = ORIENTED_EDGE('',*,*,#7958,.F.);
#8016 = ORIENTED_EDGE('',*,*,#7982,.F.);
#8017 = FACE_BOUND('',#8018,.F.);
#8018 = EDGE_LOOP('',(#8019,#8029,#8037,#8045));
#8019 = ORIENTED_EDGE('',*,*,#8020,.F.);
#8020 = EDGE_CURVE('',#8021,#8023,#8025,.T.);
#8021 = VERTEX_POINT('',#8022);
#8022 = CARTESIAN_POINT('',(-1.5675,-0.3175,-1.77));
#8023 = VERTEX_POINT('',#8024);
#8024 = CARTESIAN_POINT('',(-1.5675,0.3175,-1.77));
#8025 = LINE('',#8026,#8027);
#8026 = CARTESIAN_POINT('',(-1.5675,-0.3175,-1.77));
#8027 = VECTOR('',#8028,1.);
#8028 = DIRECTION('',(0.,1.,0.));
#8029 = ORIENTED_EDGE('',*,*,#8030,.T.);
#8030 = EDGE_CURVE('',#8021,#8031,#8033,.T.);
#8031 = VERTEX_POINT('',#8032);
#8032 = CARTESIAN_POINT('',(-0.9325,-0.3175,-1.77));
#8033 = LINE('',#8034,#8035);
#8034 = CARTESIAN_POINT('',(-1.5675,-0.3175,-1.77));
#8035 = VECTOR('',#8036,1.);
#8036 = DIRECTION('',(1.,0.,0.));
#8037 = ORIENTED_EDGE('',*,*,#8038,.T.);
#8038 = EDGE_CURVE('',#8031,#8039,#8041,.T.);
#8039 = VERTEX_POINT('',#8040);
#8040 = CARTESIAN_POINT('',(-0.9325,0.3175,-1.77));
#8041 = LINE('',#8042,#8043);
#8042 = CARTESIAN_POINT('',(-0.9325,-0.3175,-1.77));
#8043 = VECTOR('',#8044,1.);
#8044 = DIRECTION('',(0.,1.,0.));
#8045 = ORIENTED_EDGE('',*,*,#8046,.F.);
#8046 = EDGE_CURVE('',#8023,#8039,#8047,.T.);
#8047 = LINE('',#8048,#8049);
#8048 = CARTESIAN_POINT('',(-1.5675,0.3175,-1.77));
#8049 = VECTOR('',#8050,1.);
#8050 = DIRECTION('',(1.,0.,0.));
#8051 = PLANE('',#8052);
#8052 = AXIS2_PLACEMENT_3D('',#8053,#8054,#8055);
#8053 = CARTESIAN_POINT('',(0.,-1.74,-1.77));
#8054 = DIRECTION('',(0.,0.,1.));
#8055 = DIRECTION('',(1.,0.,-0.));
#8056 = ADVANCED_FACE('',(#8057),#8082,.F.);
#8057 = FACE_BOUND('',#8058,.F.);
#8058 = EDGE_LOOP('',(#8059,#8069,#8075,#8076));
#8059 = ORIENTED_EDGE('',*,*,#8060,.F.);
#8060 = EDGE_CURVE('',#8061,#8063,#8065,.T.);
#8061 = VERTEX_POINT('',#8062);
#8062 = CARTESIAN_POINT('',(-1.5675,-0.3175,2.22));
#8063 = VERTEX_POINT('',#8064);
#8064 = CARTESIAN_POINT('',(-1.5675,0.3175,2.22));
#8065 = LINE('',#8066,#8067);
#8066 = CARTESIAN_POINT('',(-1.5675,-0.3175,2.22));
#8067 = VECTOR('',#8068,1.);
#8068 = DIRECTION('',(0.,1.,0.));
#8069 = ORIENTED_EDGE('',*,*,#8070,.T.);
#8070 = EDGE_CURVE('',#8061,#8021,#8071,.T.);
#8071 = LINE('',#8072,#8073);
#8072 = CARTESIAN_POINT('',(-1.5675,-0.3175,2.22));
#8073 = VECTOR('',#8074,1.);
#8074 = DIRECTION('',(0.,0.,-1.));
#8075 = ORIENTED_EDGE('',*,*,#8020,.T.);
#8076 = ORIENTED_EDGE('',*,*,#8077,.T.);
#8077 = EDGE_CURVE('',#8023,#8063,#8078,.T.);
#8078 = LINE('',#8079,#8080);
#8079 = CARTESIAN_POINT('',(-1.5675,0.3175,-1.77));
#8080 = VECTOR('',#8081,1.);
#8081 = DIRECTION('',(0.,0.,1.));
#8082 = PLANE('',#8083);
#8083 = AXIS2_PLACEMENT_3D('',#8084,#8085,#8086);
#8084 = CARTESIAN_POINT('',(-1.5675,-1.74,0.));
#8085 = DIRECTION('',(1.,0.,0.));
#8086 = DIRECTION('',(0.,0.,-1.));
#8087 = ADVANCED_FACE('',(#8088),#8183,.F.);
#8088 = FACE_BOUND('',#8089,.F.);
#8089 = EDGE_LOOP('',(#8090,#8100,#8108,#8116,#8125,#8134,#8143,#8149,
    #8150,#8158,#8167,#8176));
#8090 = ORIENTED_EDGE('',*,*,#8091,.F.);
#8091 = EDGE_CURVE('',#8092,#8094,#8096,.T.);
#8092 = VERTEX_POINT('',#8093);
#8093 = CARTESIAN_POINT('',(-1.5675,-0.3175,-7.48));
#8094 = VERTEX_POINT('',#8095);
#8095 = CARTESIAN_POINT('',(-1.5675,-0.3175,-7.07359083592));
#8096 = LINE('',#8097,#8098);
#8097 = CARTESIAN_POINT('',(-1.5675,-0.3175,-7.48));
#8098 = VECTOR('',#8099,1.);
#8099 = DIRECTION('',(0.,0.,1.));
#8100 = ORIENTED_EDGE('',*,*,#8101,.F.);
#8101 = EDGE_CURVE('',#8102,#8092,#8104,.T.);
#8102 = VERTEX_POINT('',#8103);
#8103 = CARTESIAN_POINT('',(-1.5675,0.3175,-7.48));
#8104 = LINE('',#8105,#8106);
#8105 = CARTESIAN_POINT('',(-1.5675,0.3175,-7.48));
#8106 = VECTOR('',#8107,1.);
#8107 = DIRECTION('',(0.,-1.,0.));
#8108 = ORIENTED_EDGE('',*,*,#8109,.F.);
#8109 = EDGE_CURVE('',#8110,#8102,#8112,.T.);
#8110 = VERTEX_POINT('',#8111);
#8111 = CARTESIAN_POINT('',(-1.5675,0.3175,-7.07359083592));
#8112 = LINE('',#8113,#8114);
#8113 = CARTESIAN_POINT('',(-1.5675,0.3175,-7.07359083592));
#8114 = VECTOR('',#8115,1.);
#8115 = DIRECTION('',(0.,0.,-1.));
#8116 = ORIENTED_EDGE('',*,*,#8117,.T.);
#8117 = EDGE_CURVE('',#8110,#8118,#8120,.T.);
#8118 = VERTEX_POINT('',#8119);
#8119 = CARTESIAN_POINT('',(-1.5675,0.416290170132,-6.639069554219));
#8120 = CIRCLE('',#8121,1.005);
#8121 = AXIS2_PLACEMENT_3D('',#8122,#8123,#8124);
#8122 = CARTESIAN_POINT('',(-1.5675,1.3225,-7.07359083592));
#8123 = DIRECTION('',(-1.,0.,0.));
#8124 = DIRECTION('',(0.,-1.,0.));
#8125 = ORIENTED_EDGE('',*,*,#8126,.T.);
#8126 = EDGE_CURVE('',#8118,#8127,#8129,.T.);
#8127 = VERTEX_POINT('',#8128);
#8128 = CARTESIAN_POINT('',(-1.5675,0.416290170132,-5.220930445781));
#8129 = CIRCLE('',#8130,1.64);
#8130 = AXIS2_PLACEMENT_3D('',#8131,#8132,#8133);
#8131 = CARTESIAN_POINT('',(-1.5675,-1.0625,-5.93));
#8132 = DIRECTION('',(1.,0.,0.));
#8133 = DIRECTION('',(0.,0.901701323251,-0.43235948428));
#8134 = ORIENTED_EDGE('',*,*,#8135,.T.);
#8135 = EDGE_CURVE('',#8127,#8136,#8138,.T.);
#8136 = VERTEX_POINT('',#8137);
#8137 = CARTESIAN_POINT('',(-1.5675,0.3175,-4.78640916408));
#8138 = CIRCLE('',#8139,1.005);
#8139 = AXIS2_PLACEMENT_3D('',#8140,#8141,#8142);
#8140 = CARTESIAN_POINT('',(-1.5675,1.3225,-4.78640916408));
#8141 = DIRECTION('',(-1.,0.,0.));
#8142 = DIRECTION('',(-0.,-0.901701323251,-0.43235948428));
#8143 = ORIENTED_EDGE('',*,*,#8144,.F.);
#8144 = EDGE_CURVE('',#4577,#8136,#8145,.T.);
#8145 = LINE('',#8146,#8147);
#8146 = CARTESIAN_POINT('',(-1.5675,0.3175,-4.23));
#8147 = VECTOR('',#8148,1.);
#8148 = DIRECTION('',(0.,0.,-1.));
#8149 = ORIENTED_EDGE('',*,*,#4574,.F.);
#8150 = ORIENTED_EDGE('',*,*,#8151,.F.);
#8151 = EDGE_CURVE('',#8152,#4575,#8154,.T.);
#8152 = VERTEX_POINT('',#8153);
#8153 = CARTESIAN_POINT('',(-1.5675,-0.3175,-4.78640916408));
#8154 = LINE('',#8155,#8156);
#8155 = CARTESIAN_POINT('',(-1.5675,-0.3175,-4.78640916408));
#8156 = VECTOR('',#8157,1.);
#8157 = DIRECTION('',(0.,0.,1.));
#8158 = ORIENTED_EDGE('',*,*,#8159,.T.);
#8159 = EDGE_CURVE('',#8152,#8160,#8162,.T.);
#8160 = VERTEX_POINT('',#8161);
#8161 = CARTESIAN_POINT('',(-1.5675,-0.156290170132,-5.495478718299));
#8162 = CIRCLE('',#8163,1.64);
#8163 = AXIS2_PLACEMENT_3D('',#8164,#8165,#8166);
#8164 = CARTESIAN_POINT('',(-1.5675,1.3225,-4.78640916408));
#8165 = DIRECTION('',(1.,0.,0.));
#8166 = DIRECTION('',(0.,-1.,0.));
#8167 = ORIENTED_EDGE('',*,*,#8168,.T.);
#8168 = EDGE_CURVE('',#8160,#8169,#8171,.T.);
#8169 = VERTEX_POINT('',#8170);
#8170 = CARTESIAN_POINT('',(-1.5675,-0.156290170132,-6.364521281701));
#8171 = CIRCLE('',#8172,1.005);
#8172 = AXIS2_PLACEMENT_3D('',#8173,#8174,#8175);
#8173 = CARTESIAN_POINT('',(-1.5675,-1.0625,-5.93));
#8174 = DIRECTION('',(-1.,0.,0.));
#8175 = DIRECTION('',(0.,0.901701323251,0.43235948428));
#8176 = ORIENTED_EDGE('',*,*,#8177,.T.);
#8177 = EDGE_CURVE('',#8169,#8094,#8178,.T.);
#8178 = CIRCLE('',#8179,1.64);
#8179 = AXIS2_PLACEMENT_3D('',#8180,#8181,#8182);
#8180 = CARTESIAN_POINT('',(-1.5675,1.3225,-7.07359083592));
#8181 = DIRECTION('',(1.,0.,0.));
#8182 = DIRECTION('',(0.,-0.901701323251,0.43235948428));
#8183 = PLANE('',#8184);
#8184 = AXIS2_PLACEMENT_3D('',#8185,#8186,#8187);
#8185 = CARTESIAN_POINT('',(-1.5675,-1.74,0.));
#8186 = DIRECTION('',(1.,0.,0.));
#8187 = DIRECTION('',(0.,0.,-1.));
#8188 = ADVANCED_FACE('',(#8189),#8214,.T.);
#8189 = FACE_BOUND('',#8190,.F.);
#8190 = EDGE_LOOP('',(#8191,#8201,#8207,#8208));
#8191 = ORIENTED_EDGE('',*,*,#8192,.F.);
#8192 = EDGE_CURVE('',#8193,#8195,#8197,.T.);
#8193 = VERTEX_POINT('',#8194);
#8194 = CARTESIAN_POINT('',(-1.4175,-0.1675,2.77));
#8195 = VERTEX_POINT('',#8196);
#8196 = CARTESIAN_POINT('',(-1.4175,0.1675,2.77));
#8197 = LINE('',#8198,#8199);
#8198 = CARTESIAN_POINT('',(-1.4175,-0.1675,2.77));
#8199 = VECTOR('',#8200,1.);
#8200 = DIRECTION('',(0.,1.,0.));
#8201 = ORIENTED_EDGE('',*,*,#8202,.T.);
#8202 = EDGE_CURVE('',#8193,#8061,#8203,.T.);
#8203 = LINE('',#8204,#8205);
#8204 = CARTESIAN_POINT('',(-1.4175,-0.1675,2.77));
#8205 = VECTOR('',#8206,1.);
#8206 = DIRECTION('',(-0.254456678904,-0.254456678904,-0.933007822648));
#8207 = ORIENTED_EDGE('',*,*,#8060,.T.);
#8208 = ORIENTED_EDGE('',*,*,#8209,.T.);
#8209 = EDGE_CURVE('',#8063,#8195,#8210,.T.);
#8210 = LINE('',#8211,#8212);
#8211 = CARTESIAN_POINT('',(-1.5675,0.3175,2.22));
#8212 = VECTOR('',#8213,1.);
#8213 = DIRECTION('',(0.254456678904,-0.254456678904,0.933007822648));
#8214 = PLANE('',#8215);
#8215 = AXIS2_PLACEMENT_3D('',#8216,#8217,#8218);
#8216 = CARTESIAN_POINT('',(-1.4925,0.,2.495));
#8217 = DIRECTION('',(-0.964763821238,0.,0.263117405792));
#8218 = DIRECTION('',(0.263117405792,0.,0.964763821238));
#8219 = ADVANCED_FACE('',(#8220),#8245,.T.);
#8220 = FACE_BOUND('',#8221,.F.);
#8221 = EDGE_LOOP('',(#8222,#8230,#8238,#8244));
#8222 = ORIENTED_EDGE('',*,*,#8223,.F.);
#8223 = EDGE_CURVE('',#8224,#8195,#8226,.T.);
#8224 = VERTEX_POINT('',#8225);
#8225 = CARTESIAN_POINT('',(-1.0825,0.1675,2.77));
#8226 = LINE('',#8227,#8228);
#8227 = CARTESIAN_POINT('',(-1.0825,0.1675,2.77));
#8228 = VECTOR('',#8229,1.);
#8229 = DIRECTION('',(-1.,0.,0.));
#8230 = ORIENTED_EDGE('',*,*,#8231,.T.);
#8231 = EDGE_CURVE('',#8224,#8232,#8234,.T.);
#8232 = VERTEX_POINT('',#8233);
#8233 = CARTESIAN_POINT('',(-1.0825,-0.1675,2.77));
#8234 = LINE('',#8235,#8236);
#8235 = CARTESIAN_POINT('',(-1.0825,0.1675,2.77));
#8236 = VECTOR('',#8237,1.);
#8237 = DIRECTION('',(0.,-1.,0.));
#8238 = ORIENTED_EDGE('',*,*,#8239,.T.);
#8239 = EDGE_CURVE('',#8232,#8193,#8240,.T.);
#8240 = LINE('',#8241,#8242);
#8241 = CARTESIAN_POINT('',(-1.0825,-0.1675,2.77));
#8242 = VECTOR('',#8243,1.);
#8243 = DIRECTION('',(-1.,0.,0.));
#8244 = ORIENTED_EDGE('',*,*,#8192,.T.);
#8245 = PLANE('',#8246);
#8246 = AXIS2_PLACEMENT_3D('',#8247,#8248,#8249);
#8247 = CARTESIAN_POINT('',(-1.5675,0.3175,2.77));
#8248 = DIRECTION('',(0.,0.,1.));
#8249 = DIRECTION('',(0.,-1.,0.));
#8250 = ADVANCED_FACE('',(#8251),#8269,.T.);
#8251 = FACE_BOUND('',#8252,.F.);
#8252 = EDGE_LOOP('',(#8253,#8254,#8255,#8263));
#8253 = ORIENTED_EDGE('',*,*,#8223,.T.);
#8254 = ORIENTED_EDGE('',*,*,#8209,.F.);
#8255 = ORIENTED_EDGE('',*,*,#8256,.F.);
#8256 = EDGE_CURVE('',#8257,#8063,#8259,.T.);
#8257 = VERTEX_POINT('',#8258);
#8258 = CARTESIAN_POINT('',(-0.9325,0.3175,2.22));
#8259 = LINE('',#8260,#8261);
#8260 = CARTESIAN_POINT('',(-0.9325,0.3175,2.22));
#8261 = VECTOR('',#8262,1.);
#8262 = DIRECTION('',(-1.,0.,0.));
#8263 = ORIENTED_EDGE('',*,*,#8264,.F.);
#8264 = EDGE_CURVE('',#8224,#8257,#8265,.T.);
#8265 = LINE('',#8266,#8267);
#8266 = CARTESIAN_POINT('',(-1.0825,0.1675,2.77));
#8267 = VECTOR('',#8268,1.);
#8268 = DIRECTION('',(0.254456678904,0.254456678904,-0.933007822648));
#8269 = PLANE('',#8270);
#8270 = AXIS2_PLACEMENT_3D('',#8271,#8272,#8273);
#8271 = CARTESIAN_POINT('',(-1.25,0.2425,2.495));
#8272 = DIRECTION('',(0.,0.964763821238,0.263117405792));
#8273 = DIRECTION('',(0.,0.263117405792,-0.964763821238));
#8274 = ADVANCED_FACE('',(#8275),#8286,.F.);
#8275 = FACE_BOUND('',#8276,.F.);
#8276 = EDGE_LOOP('',(#8277,#8278,#8279,#8280));
#8277 = ORIENTED_EDGE('',*,*,#8256,.T.);
#8278 = ORIENTED_EDGE('',*,*,#8077,.F.);
#8279 = ORIENTED_EDGE('',*,*,#8046,.T.);
#8280 = ORIENTED_EDGE('',*,*,#8281,.T.);
#8281 = EDGE_CURVE('',#8039,#8257,#8282,.T.);
#8282 = LINE('',#8283,#8284);
#8283 = CARTESIAN_POINT('',(-0.9325,0.3175,-1.77));
#8284 = VECTOR('',#8285,1.);
#8285 = DIRECTION('',(0.,0.,1.));
#8286 = PLANE('',#8287);
#8287 = AXIS2_PLACEMENT_3D('',#8288,#8289,#8290);
#8288 = CARTESIAN_POINT('',(-0.9325,0.3175,-7.43));
#8289 = DIRECTION('',(0.,-1.,0.));
#8290 = DIRECTION('',(0.,0.,1.));
#8291 = ADVANCED_FACE('',(#8292),#8310,.F.);
#8292 = FACE_BOUND('',#8293,.F.);
#8293 = EDGE_LOOP('',(#8294,#8302,#8303,#8304));
#8294 = ORIENTED_EDGE('',*,*,#8295,.T.);
#8295 = EDGE_CURVE('',#8296,#4585,#8298,.T.);
#8296 = VERTEX_POINT('',#8297);
#8297 = CARTESIAN_POINT('',(-0.9325,0.3175,-4.78640916408));
#8298 = LINE('',#8299,#8300);
#8299 = CARTESIAN_POINT('',(-0.9325,0.3175,-4.78640916408));
#8300 = VECTOR('',#8301,1.);
#8301 = DIRECTION('',(0.,0.,1.));
#8302 = ORIENTED_EDGE('',*,*,#4584,.F.);
#8303 = ORIENTED_EDGE('',*,*,#8144,.T.);
#8304 = ORIENTED_EDGE('',*,*,#8305,.F.);
#8305 = EDGE_CURVE('',#8296,#8136,#8306,.T.);
#8306 = LINE('',#8307,#8308);
#8307 = CARTESIAN_POINT('',(-0.9325,0.3175,-4.78640916408));
#8308 = VECTOR('',#8309,1.);
#8309 = DIRECTION('',(-1.,0.,0.));
#8310 = PLANE('',#8311);
#8311 = AXIS2_PLACEMENT_3D('',#8312,#8313,#8314);
#8312 = CARTESIAN_POINT('',(-0.9325,0.3175,-7.43));
#8313 = DIRECTION('',(0.,-1.,0.));
#8314 = DIRECTION('',(0.,0.,1.));
#8315 = ADVANCED_FACE('',(#8316),#8341,.F.);
#8316 = FACE_BOUND('',#8317,.F.);
#8317 = EDGE_LOOP('',(#8318,#8319,#8327,#8335));
#8318 = ORIENTED_EDGE('',*,*,#8109,.T.);
#8319 = ORIENTED_EDGE('',*,*,#8320,.F.);
#8320 = EDGE_CURVE('',#8321,#8102,#8323,.T.);
#8321 = VERTEX_POINT('',#8322);
#8322 = CARTESIAN_POINT('',(-0.9325,0.3175,-7.48));
#8323 = LINE('',#8324,#8325);
#8324 = CARTESIAN_POINT('',(-0.9325,0.3175,-7.48));
#8325 = VECTOR('',#8326,1.);
#8326 = DIRECTION('',(-1.,0.,0.));
#8327 = ORIENTED_EDGE('',*,*,#8328,.T.);
#8328 = EDGE_CURVE('',#8321,#8329,#8331,.T.);
#8329 = VERTEX_POINT('',#8330);
#8330 = CARTESIAN_POINT('',(-0.9325,0.3175,-7.07359083592));
#8331 = LINE('',#8332,#8333);
#8332 = CARTESIAN_POINT('',(-0.9325,0.3175,-7.48));
#8333 = VECTOR('',#8334,1.);
#8334 = DIRECTION('',(0.,0.,1.));
#8335 = ORIENTED_EDGE('',*,*,#8336,.T.);
#8336 = EDGE_CURVE('',#8329,#8110,#8337,.T.);
#8337 = LINE('',#8338,#8339);
#8338 = CARTESIAN_POINT('',(-0.9325,0.3175,-7.07359083592));
#8339 = VECTOR('',#8340,1.);
#8340 = DIRECTION('',(-1.,0.,0.));
#8341 = PLANE('',#8342);
#8342 = AXIS2_PLACEMENT_3D('',#8343,#8344,#8345);
#8343 = CARTESIAN_POINT('',(-0.9325,0.3175,-7.43));
#8344 = DIRECTION('',(0.,-1.,0.));
#8345 = DIRECTION('',(0.,0.,1.));
#8346 = ADVANCED_FACE('',(#8347),#8365,.T.);
#8347 = FACE_BOUND('',#8348,.F.);
#8348 = EDGE_LOOP('',(#8349,#8357,#8358,#8359));
#8349 = ORIENTED_EDGE('',*,*,#8350,.F.);
#8350 = EDGE_CURVE('',#8257,#8351,#8353,.T.);
#8351 = VERTEX_POINT('',#8352);
#8352 = CARTESIAN_POINT('',(-0.9325,-0.3175,2.22));
#8353 = LINE('',#8354,#8355);
#8354 = CARTESIAN_POINT('',(-0.9325,0.3175,2.22));
#8355 = VECTOR('',#8356,1.);
#8356 = DIRECTION('',(0.,-1.,0.));
#8357 = ORIENTED_EDGE('',*,*,#8281,.F.);
#8358 = ORIENTED_EDGE('',*,*,#8038,.F.);
#8359 = ORIENTED_EDGE('',*,*,#8360,.F.);
#8360 = EDGE_CURVE('',#8351,#8031,#8361,.T.);
#8361 = LINE('',#8362,#8363);
#8362 = CARTESIAN_POINT('',(-0.9325,-0.3175,2.22));
#8363 = VECTOR('',#8364,1.);
#8364 = DIRECTION('',(0.,0.,-1.));
#8365 = PLANE('',#8366);
#8366 = AXIS2_PLACEMENT_3D('',#8367,#8368,#8369);
#8367 = CARTESIAN_POINT('',(-0.9325,-1.74,0.));
#8368 = DIRECTION('',(1.,0.,0.));
#8369 = DIRECTION('',(0.,0.,-1.));
#8370 = ADVANCED_FACE('',(#8371),#8450,.T.);
#8371 = FACE_BOUND('',#8372,.F.);
#8372 = EDGE_LOOP('',(#8373,#8374,#8382,#8390,#8399,#8408,#8417,#8423,
    #8424,#8425,#8434,#8443));
#8373 = ORIENTED_EDGE('',*,*,#8328,.F.);
#8374 = ORIENTED_EDGE('',*,*,#8375,.F.);
#8375 = EDGE_CURVE('',#8376,#8321,#8378,.T.);
#8376 = VERTEX_POINT('',#8377);
#8377 = CARTESIAN_POINT('',(-0.9325,-0.3175,-7.48));
#8378 = LINE('',#8379,#8380);
#8379 = CARTESIAN_POINT('',(-0.9325,-0.3175,-7.48));
#8380 = VECTOR('',#8381,1.);
#8381 = DIRECTION('',(0.,1.,0.));
#8382 = ORIENTED_EDGE('',*,*,#8383,.F.);
#8383 = EDGE_CURVE('',#8384,#8376,#8386,.T.);
#8384 = VERTEX_POINT('',#8385);
#8385 = CARTESIAN_POINT('',(-0.9325,-0.3175,-7.07359083592));
#8386 = LINE('',#8387,#8388);
#8387 = CARTESIAN_POINT('',(-0.9325,-0.3175,-7.07359083592));
#8388 = VECTOR('',#8389,1.);
#8389 = DIRECTION('',(0.,0.,-1.));
#8390 = ORIENTED_EDGE('',*,*,#8391,.F.);
#8391 = EDGE_CURVE('',#8392,#8384,#8394,.T.);
#8392 = VERTEX_POINT('',#8393);
#8393 = CARTESIAN_POINT('',(-0.9325,-0.156290170132,-6.364521281701));
#8394 = CIRCLE('',#8395,1.64);
#8395 = AXIS2_PLACEMENT_3D('',#8396,#8397,#8398);
#8396 = CARTESIAN_POINT('',(-0.9325,1.3225,-7.07359083592));
#8397 = DIRECTION('',(1.,0.,0.));
#8398 = DIRECTION('',(0.,-0.901701323251,0.43235948428));
#8399 = ORIENTED_EDGE('',*,*,#8400,.F.);
#8400 = EDGE_CURVE('',#8401,#8392,#8403,.T.);
#8401 = VERTEX_POINT('',#8402);
#8402 = CARTESIAN_POINT('',(-0.9325,-0.156290170132,-5.495478718299));
#8403 = CIRCLE('',#8404,1.005);
#8404 = AXIS2_PLACEMENT_3D('',#8405,#8406,#8407);
#8405 = CARTESIAN_POINT('',(-0.9325,-1.0625,-5.93));
#8406 = DIRECTION('',(-1.,0.,0.));
#8407 = DIRECTION('',(0.,0.901701323251,0.43235948428));
#8408 = ORIENTED_EDGE('',*,*,#8409,.F.);
#8409 = EDGE_CURVE('',#8410,#8401,#8412,.T.);
#8410 = VERTEX_POINT('',#8411);
#8411 = CARTESIAN_POINT('',(-0.9325,-0.3175,-4.78640916408));
#8412 = CIRCLE('',#8413,1.64);
#8413 = AXIS2_PLACEMENT_3D('',#8414,#8415,#8416);
#8414 = CARTESIAN_POINT('',(-0.9325,1.3225,-4.78640916408));
#8415 = DIRECTION('',(1.,0.,0.));
#8416 = DIRECTION('',(0.,-1.,0.));
#8417 = ORIENTED_EDGE('',*,*,#8418,.F.);
#8418 = EDGE_CURVE('',#4593,#8410,#8419,.T.);
#8419 = LINE('',#8420,#8421);
#8420 = CARTESIAN_POINT('',(-0.9325,-0.3175,-4.23));
#8421 = VECTOR('',#8422,1.);
#8422 = DIRECTION('',(0.,0.,-1.));
#8423 = ORIENTED_EDGE('',*,*,#4592,.T.);
#8424 = ORIENTED_EDGE('',*,*,#8295,.F.);
#8425 = ORIENTED_EDGE('',*,*,#8426,.F.);
#8426 = EDGE_CURVE('',#8427,#8296,#8429,.T.);
#8427 = VERTEX_POINT('',#8428);
#8428 = CARTESIAN_POINT('',(-0.9325,0.416290170132,-5.220930445781));
#8429 = CIRCLE('',#8430,1.005);
#8430 = AXIS2_PLACEMENT_3D('',#8431,#8432,#8433);
#8431 = CARTESIAN_POINT('',(-0.9325,1.3225,-4.78640916408));
#8432 = DIRECTION('',(-1.,0.,0.));
#8433 = DIRECTION('',(-0.,-0.901701323251,-0.43235948428));
#8434 = ORIENTED_EDGE('',*,*,#8435,.F.);
#8435 = EDGE_CURVE('',#8436,#8427,#8438,.T.);
#8436 = VERTEX_POINT('',#8437);
#8437 = CARTESIAN_POINT('',(-0.9325,0.416290170132,-6.639069554219));
#8438 = CIRCLE('',#8439,1.64);
#8439 = AXIS2_PLACEMENT_3D('',#8440,#8441,#8442);
#8440 = CARTESIAN_POINT('',(-0.9325,-1.0625,-5.93));
#8441 = DIRECTION('',(1.,0.,0.));
#8442 = DIRECTION('',(0.,0.901701323251,-0.43235948428));
#8443 = ORIENTED_EDGE('',*,*,#8444,.F.);
#8444 = EDGE_CURVE('',#8329,#8436,#8445,.T.);
#8445 = CIRCLE('',#8446,1.005);
#8446 = AXIS2_PLACEMENT_3D('',#8447,#8448,#8449);
#8447 = CARTESIAN_POINT('',(-0.9325,1.3225,-7.07359083592));
#8448 = DIRECTION('',(-1.,0.,0.));
#8449 = DIRECTION('',(0.,-1.,0.));
#8450 = PLANE('',#8451);
#8451 = AXIS2_PLACEMENT_3D('',#8452,#8453,#8454);
#8452 = CARTESIAN_POINT('',(-0.9325,-1.74,0.));
#8453 = DIRECTION('',(1.,0.,0.));
#8454 = DIRECTION('',(0.,0.,-1.));
#8455 = ADVANCED_FACE('',(#8456),#8467,.T.);
#8456 = FACE_BOUND('',#8457,.F.);
#8457 = EDGE_LOOP('',(#8458,#8459,#8460,#8461));
#8458 = ORIENTED_EDGE('',*,*,#8231,.F.);
#8459 = ORIENTED_EDGE('',*,*,#8264,.T.);
#8460 = ORIENTED_EDGE('',*,*,#8350,.T.);
#8461 = ORIENTED_EDGE('',*,*,#8462,.T.);
#8462 = EDGE_CURVE('',#8351,#8232,#8463,.T.);
#8463 = LINE('',#8464,#8465);
#8464 = CARTESIAN_POINT('',(-0.9325,-0.3175,2.22));
#8465 = VECTOR('',#8466,1.);
#8466 = DIRECTION('',(-0.254456678904,0.254456678904,0.933007822648));
#8467 = PLANE('',#8468);
#8468 = AXIS2_PLACEMENT_3D('',#8469,#8470,#8471);
#8469 = CARTESIAN_POINT('',(-1.0075,0.,2.495));
#8470 = DIRECTION('',(0.964763821238,0.,0.263117405792));
#8471 = DIRECTION('',(-0.263117405792,0.,0.964763821238));
#8472 = ADVANCED_FACE('',(#8473),#8484,.T.);
#8473 = FACE_BOUND('',#8474,.F.);
#8474 = EDGE_LOOP('',(#8475,#8481,#8482,#8483));
#8475 = ORIENTED_EDGE('',*,*,#8476,.T.);
#8476 = EDGE_CURVE('',#8351,#8061,#8477,.T.);
#8477 = LINE('',#8478,#8479);
#8478 = CARTESIAN_POINT('',(-0.9325,-0.3175,2.22));
#8479 = VECTOR('',#8480,1.);
#8480 = DIRECTION('',(-1.,0.,0.));
#8481 = ORIENTED_EDGE('',*,*,#8202,.F.);
#8482 = ORIENTED_EDGE('',*,*,#8239,.F.);
#8483 = ORIENTED_EDGE('',*,*,#8462,.F.);
#8484 = PLANE('',#8485);
#8485 = AXIS2_PLACEMENT_3D('',#8486,#8487,#8488);
#8486 = CARTESIAN_POINT('',(-1.25,-0.2425,2.495));
#8487 = DIRECTION('',(0.,-0.964763821238,0.263117405792));
#8488 = DIRECTION('',(0.,0.263117405792,0.964763821238));
#8489 = ADVANCED_FACE('',(#8490),#8496,.F.);
#8490 = FACE_BOUND('',#8491,.F.);
#8491 = EDGE_LOOP('',(#8492,#8493,#8494,#8495));
#8492 = ORIENTED_EDGE('',*,*,#8476,.F.);
#8493 = ORIENTED_EDGE('',*,*,#8360,.T.);
#8494 = ORIENTED_EDGE('',*,*,#8030,.F.);
#8495 = ORIENTED_EDGE('',*,*,#8070,.F.);
#8496 = PLANE('',#8497);
#8497 = AXIS2_PLACEMENT_3D('',#8498,#8499,#8500);
#8498 = CARTESIAN_POINT('',(-0.9325,-0.3175,-4.23));
#8499 = DIRECTION('',(0.,1.,0.));
#8500 = DIRECTION('',(0.,0.,-1.));
#8501 = ADVANCED_FACE('',(#8502),#8518,.F.);
#8502 = FACE_BOUND('',#8503,.F.);
#8503 = EDGE_LOOP('',(#8504,#8505,#8511,#8512));
#8504 = ORIENTED_EDGE('',*,*,#8383,.T.);
#8505 = ORIENTED_EDGE('',*,*,#8506,.T.);
#8506 = EDGE_CURVE('',#8376,#8092,#8507,.T.);
#8507 = LINE('',#8508,#8509);
#8508 = CARTESIAN_POINT('',(-0.9325,-0.3175,-7.48));
#8509 = VECTOR('',#8510,1.);
#8510 = DIRECTION('',(-1.,0.,0.));
#8511 = ORIENTED_EDGE('',*,*,#8091,.T.);
#8512 = ORIENTED_EDGE('',*,*,#8513,.F.);
#8513 = EDGE_CURVE('',#8384,#8094,#8514,.T.);
#8514 = LINE('',#8515,#8516);
#8515 = CARTESIAN_POINT('',(-0.9325,-0.3175,-7.07359083592));
#8516 = VECTOR('',#8517,1.);
#8517 = DIRECTION('',(-1.,0.,0.));
#8518 = PLANE('',#8519);
#8519 = AXIS2_PLACEMENT_3D('',#8520,#8521,#8522);
#8520 = CARTESIAN_POINT('',(-0.9325,-0.3175,-4.23));
#8521 = DIRECTION('',(0.,1.,0.));
#8522 = DIRECTION('',(0.,0.,-1.));
#8523 = ADVANCED_FACE('',(#8524),#8535,.F.);
#8524 = FACE_BOUND('',#8525,.F.);
#8525 = EDGE_LOOP('',(#8526,#8527,#8528,#8529));
#8526 = ORIENTED_EDGE('',*,*,#8151,.T.);
#8527 = ORIENTED_EDGE('',*,*,#4600,.T.);
#8528 = ORIENTED_EDGE('',*,*,#8418,.T.);
#8529 = ORIENTED_EDGE('',*,*,#8530,.T.);
#8530 = EDGE_CURVE('',#8410,#8152,#8531,.T.);
#8531 = LINE('',#8532,#8533);
#8532 = CARTESIAN_POINT('',(-0.9325,-0.3175,-4.78640916408));
#8533 = VECTOR('',#8534,1.);
#8534 = DIRECTION('',(-1.,0.,0.));
#8535 = PLANE('',#8536);
#8536 = AXIS2_PLACEMENT_3D('',#8537,#8538,#8539);
#8537 = CARTESIAN_POINT('',(-0.9325,-0.3175,-4.23));
#8538 = DIRECTION('',(0.,1.,0.));
#8539 = DIRECTION('',(0.,0.,-1.));
#8540 = ADVANCED_FACE('',(#8541),#8566,.T.);
#8541 = FACE_BOUND('',#8542,.F.);
#8542 = EDGE_LOOP('',(#8543,#8544,#8552,#8560));
#8543 = ORIENTED_EDGE('',*,*,#8506,.F.);
#8544 = ORIENTED_EDGE('',*,*,#8545,.F.);
#8545 = EDGE_CURVE('',#8546,#8376,#8548,.T.);
#8546 = VERTEX_POINT('',#8547);
#8547 = CARTESIAN_POINT('',(-1.0825,-0.1675,-8.03));
#8548 = LINE('',#8549,#8550);
#8549 = CARTESIAN_POINT('',(-1.0825,-0.1675,-8.03));
#8550 = VECTOR('',#8551,1.);
#8551 = DIRECTION('',(0.254456678904,-0.254456678904,0.933007822648));
#8552 = ORIENTED_EDGE('',*,*,#8553,.T.);
#8553 = EDGE_CURVE('',#8546,#8554,#8556,.T.);
#8554 = VERTEX_POINT('',#8555);
#8555 = CARTESIAN_POINT('',(-1.4175,-0.1675,-8.03));
#8556 = LINE('',#8557,#8558);
#8557 = CARTESIAN_POINT('',(-1.0825,-0.1675,-8.03));
#8558 = VECTOR('',#8559,1.);
#8559 = DIRECTION('',(-1.,0.,0.));
#8560 = ORIENTED_EDGE('',*,*,#8561,.T.);
#8561 = EDGE_CURVE('',#8554,#8092,#8562,.T.);
#8562 = LINE('',#8563,#8564);
#8563 = CARTESIAN_POINT('',(-1.4175,-0.1675,-8.03));
#8564 = VECTOR('',#8565,1.);
#8565 = DIRECTION('',(-0.254456678904,-0.254456678904,0.933007822648));
#8566 = PLANE('',#8567);
#8567 = AXIS2_PLACEMENT_3D('',#8568,#8569,#8570);
#8568 = CARTESIAN_POINT('',(-1.25,-0.2425,-7.755));
#8569 = DIRECTION('',(0.,-0.964763821238,-0.263117405792));
#8570 = DIRECTION('',(0.,-0.263117405792,0.964763821238));
#8571 = ADVANCED_FACE('',(#8572),#8590,.T.);
#8572 = FACE_BOUND('',#8573,.F.);
#8573 = EDGE_LOOP('',(#8574,#8582,#8583,#8584));
#8574 = ORIENTED_EDGE('',*,*,#8575,.F.);
#8575 = EDGE_CURVE('',#8546,#8576,#8578,.T.);
#8576 = VERTEX_POINT('',#8577);
#8577 = CARTESIAN_POINT('',(-1.0825,0.1675,-8.03));
#8578 = LINE('',#8579,#8580);
#8579 = CARTESIAN_POINT('',(-1.0825,-0.1675,-8.03));
#8580 = VECTOR('',#8581,1.);
#8581 = DIRECTION('',(0.,1.,0.));
#8582 = ORIENTED_EDGE('',*,*,#8545,.T.);
#8583 = ORIENTED_EDGE('',*,*,#8375,.T.);
#8584 = ORIENTED_EDGE('',*,*,#8585,.T.);
#8585 = EDGE_CURVE('',#8321,#8576,#8586,.T.);
#8586 = LINE('',#8587,#8588);
#8587 = CARTESIAN_POINT('',(-0.9325,0.3175,-7.48));
#8588 = VECTOR('',#8589,1.);
#8589 = DIRECTION('',(-0.254456678904,-0.254456678904,-0.933007822648));
#8590 = PLANE('',#8591);
#8591 = AXIS2_PLACEMENT_3D('',#8592,#8593,#8594);
#8592 = CARTESIAN_POINT('',(-1.0075,0.,-7.755));
#8593 = DIRECTION('',(0.964763821238,0.,-0.263117405792));
#8594 = DIRECTION('',(-0.263117405792,0.,-0.964763821238));
#8595 = ADVANCED_FACE('',(#8596),#8614,.T.);
#8596 = FACE_BOUND('',#8597,.F.);
#8597 = EDGE_LOOP('',(#8598,#8606,#8612,#8613));
#8598 = ORIENTED_EDGE('',*,*,#8599,.T.);
#8599 = EDGE_CURVE('',#8576,#8600,#8602,.T.);
#8600 = VERTEX_POINT('',#8601);
#8601 = CARTESIAN_POINT('',(-1.4175,0.1675,-8.03));
#8602 = LINE('',#8603,#8604);
#8603 = CARTESIAN_POINT('',(-1.0825,0.1675,-8.03));
#8604 = VECTOR('',#8605,1.);
#8605 = DIRECTION('',(-1.,0.,0.));
#8606 = ORIENTED_EDGE('',*,*,#8607,.T.);
#8607 = EDGE_CURVE('',#8600,#8554,#8608,.T.);
#8608 = LINE('',#8609,#8610);
#8609 = CARTESIAN_POINT('',(-1.4175,0.1675,-8.03));
#8610 = VECTOR('',#8611,1.);
#8611 = DIRECTION('',(0.,-1.,0.));
#8612 = ORIENTED_EDGE('',*,*,#8553,.F.);
#8613 = ORIENTED_EDGE('',*,*,#8575,.T.);
#8614 = PLANE('',#8615);
#8615 = AXIS2_PLACEMENT_3D('',#8616,#8617,#8618);
#8616 = CARTESIAN_POINT('',(-1.5675,-0.3175,-8.03));
#8617 = DIRECTION('',(0.,0.,-1.));
#8618 = DIRECTION('',(0.,1.,0.));
#8619 = ADVANCED_FACE('',(#8620),#8631,.T.);
#8620 = FACE_BOUND('',#8621,.F.);
#8621 = EDGE_LOOP('',(#8622,#8623,#8629,#8630));
#8622 = ORIENTED_EDGE('',*,*,#8320,.T.);
#8623 = ORIENTED_EDGE('',*,*,#8624,.F.);
#8624 = EDGE_CURVE('',#8600,#8102,#8625,.T.);
#8625 = LINE('',#8626,#8627);
#8626 = CARTESIAN_POINT('',(-1.4175,0.1675,-8.03));
#8627 = VECTOR('',#8628,1.);
#8628 = DIRECTION('',(-0.254456678904,0.254456678904,0.933007822648));
#8629 = ORIENTED_EDGE('',*,*,#8599,.F.);
#8630 = ORIENTED_EDGE('',*,*,#8585,.F.);
#8631 = PLANE('',#8632);
#8632 = AXIS2_PLACEMENT_3D('',#8633,#8634,#8635);
#8633 = CARTESIAN_POINT('',(-1.25,0.2425,-7.755));
#8634 = DIRECTION('',(0.,0.964763821238,-0.263117405792));
#8635 = DIRECTION('',(0.,-0.263117405792,-0.964763821238));
#8636 = ADVANCED_FACE('',(#8637),#8643,.T.);
#8637 = FACE_BOUND('',#8638,.F.);
#8638 = EDGE_LOOP('',(#8639,#8640,#8641,#8642));
#8639 = ORIENTED_EDGE('',*,*,#8101,.T.);
#8640 = ORIENTED_EDGE('',*,*,#8561,.F.);
#8641 = ORIENTED_EDGE('',*,*,#8607,.F.);
#8642 = ORIENTED_EDGE('',*,*,#8624,.T.);
#8643 = PLANE('',#8644);
#8644 = AXIS2_PLACEMENT_3D('',#8645,#8646,#8647);
#8645 = CARTESIAN_POINT('',(-1.4925,0.,-7.755));
#8646 = DIRECTION('',(-0.964763821238,0.,-0.263117405792));
#8647 = DIRECTION('',(0.263117405792,0.,-0.964763821238));
#8648 = ADVANCED_FACE('',(#8649),#8660,.T.);
#8649 = FACE_BOUND('',#8650,.T.);
#8650 = EDGE_LOOP('',(#8651,#8657,#8658,#8659));
#8651 = ORIENTED_EDGE('',*,*,#8652,.T.);
#8652 = EDGE_CURVE('',#8392,#8169,#8653,.T.);
#8653 = LINE('',#8654,#8655);
#8654 = CARTESIAN_POINT('',(-0.9325,-0.156290170132,-6.364521281701));
#8655 = VECTOR('',#8656,1.);
#8656 = DIRECTION('',(-1.,0.,0.));
#8657 = ORIENTED_EDGE('',*,*,#8177,.T.);
#8658 = ORIENTED_EDGE('',*,*,#8513,.F.);
#8659 = ORIENTED_EDGE('',*,*,#8391,.F.);
#8660 = CYLINDRICAL_SURFACE('',#8661,1.64);
#8661 = AXIS2_PLACEMENT_3D('',#8662,#8663,#8664);
#8662 = CARTESIAN_POINT('',(-0.9325,1.3225,-7.07359083592));
#8663 = DIRECTION('',(1.,0.,0.));
#8664 = DIRECTION('',(0.,0.,-1.));
#8665 = ADVANCED_FACE('',(#8666),#8677,.F.);
#8666 = FACE_BOUND('',#8667,.F.);
#8667 = EDGE_LOOP('',(#8668,#8669,#8670,#8671));
#8668 = ORIENTED_EDGE('',*,*,#8400,.T.);
#8669 = ORIENTED_EDGE('',*,*,#8652,.T.);
#8670 = ORIENTED_EDGE('',*,*,#8168,.F.);
#8671 = ORIENTED_EDGE('',*,*,#8672,.F.);
#8672 = EDGE_CURVE('',#8401,#8160,#8673,.T.);
#8673 = LINE('',#8674,#8675);
#8674 = CARTESIAN_POINT('',(-0.9325,-0.156290170132,-5.495478718299));
#8675 = VECTOR('',#8676,1.);
#8676 = DIRECTION('',(-1.,0.,0.));
#8677 = CYLINDRICAL_SURFACE('',#8678,1.005);
#8678 = AXIS2_PLACEMENT_3D('',#8679,#8680,#8681);
#8679 = CARTESIAN_POINT('',(-0.9325,-1.0625,-5.93));
#8680 = DIRECTION('',(1.,0.,0.));
#8681 = DIRECTION('',(0.,0.,-1.));
#8682 = ADVANCED_FACE('',(#8683),#8689,.T.);
#8683 = FACE_BOUND('',#8684,.T.);
#8684 = EDGE_LOOP('',(#8685,#8686,#8687,#8688));
#8685 = ORIENTED_EDGE('',*,*,#8530,.T.);
#8686 = ORIENTED_EDGE('',*,*,#8159,.T.);
#8687 = ORIENTED_EDGE('',*,*,#8672,.F.);
#8688 = ORIENTED_EDGE('',*,*,#8409,.F.);
#8689 = CYLINDRICAL_SURFACE('',#8690,1.64);
#8690 = AXIS2_PLACEMENT_3D('',#8691,#8692,#8693);
#8691 = CARTESIAN_POINT('',(-0.9325,1.3225,-4.78640916408));
#8692 = DIRECTION('',(1.,0.,0.));
#8693 = DIRECTION('',(0.,0.,-1.));
#8694 = ADVANCED_FACE('',(#8695),#8706,.F.);
#8695 = FACE_BOUND('',#8696,.F.);
#8696 = EDGE_LOOP('',(#8697,#8698,#8699,#8700));
#8697 = ORIENTED_EDGE('',*,*,#8426,.T.);
#8698 = ORIENTED_EDGE('',*,*,#8305,.T.);
#8699 = ORIENTED_EDGE('',*,*,#8135,.F.);
#8700 = ORIENTED_EDGE('',*,*,#8701,.F.);
#8701 = EDGE_CURVE('',#8427,#8127,#8702,.T.);
#8702 = LINE('',#8703,#8704);
#8703 = CARTESIAN_POINT('',(-0.9325,0.416290170132,-5.220930445781));
#8704 = VECTOR('',#8705,1.);
#8705 = DIRECTION('',(-1.,0.,0.));
#8706 = CYLINDRICAL_SURFACE('',#8707,1.005);
#8707 = AXIS2_PLACEMENT_3D('',#8708,#8709,#8710);
#8708 = CARTESIAN_POINT('',(-0.9325,1.3225,-4.78640916408));
#8709 = DIRECTION('',(1.,0.,0.));
#8710 = DIRECTION('',(0.,0.,-1.));
#8711 = ADVANCED_FACE('',(#8712),#8723,.T.);
#8712 = FACE_BOUND('',#8713,.T.);
#8713 = EDGE_LOOP('',(#8714,#8720,#8721,#8722));
#8714 = ORIENTED_EDGE('',*,*,#8715,.T.);
#8715 = EDGE_CURVE('',#8436,#8118,#8716,.T.);
#8716 = LINE('',#8717,#8718);
#8717 = CARTESIAN_POINT('',(-0.9325,0.416290170132,-6.639069554219));
#8718 = VECTOR('',#8719,1.);
#8719 = DIRECTION('',(-1.,0.,0.));
#8720 = ORIENTED_EDGE('',*,*,#8126,.T.);
#8721 = ORIENTED_EDGE('',*,*,#8701,.F.);
#8722 = ORIENTED_EDGE('',*,*,#8435,.F.);
#8723 = CYLINDRICAL_SURFACE('',#8724,1.64);
#8724 = AXIS2_PLACEMENT_3D('',#8725,#8726,#8727);
#8725 = CARTESIAN_POINT('',(-0.9325,-1.0625,-5.93));
#8726 = DIRECTION('',(1.,0.,0.));
#8727 = DIRECTION('',(0.,0.,-1.));
#8728 = ADVANCED_FACE('',(#8729),#8735,.F.);
#8729 = FACE_BOUND('',#8730,.F.);
#8730 = EDGE_LOOP('',(#8731,#8732,#8733,#8734));
#8731 = ORIENTED_EDGE('',*,*,#8444,.T.);
#8732 = ORIENTED_EDGE('',*,*,#8715,.T.);
#8733 = ORIENTED_EDGE('',*,*,#8117,.F.);
#8734 = ORIENTED_EDGE('',*,*,#8336,.F.);
#8735 = CYLINDRICAL_SURFACE('',#8736,1.005);
#8736 = AXIS2_PLACEMENT_3D('',#8737,#8738,#8739);
#8737 = CARTESIAN_POINT('',(-0.9325,1.3225,-7.07359083592));
#8738 = DIRECTION('',(1.,0.,0.));
#8739 = DIRECTION('',(0.,0.,-1.));
#8740 = ADVANCED_FACE('',(#8741),#8854,.T.);
#8741 = FACE_BOUND('',#8742,.F.);
#8742 = EDGE_LOOP('',(#8743,#8763,#8771,#8789,#8795,#8796,#8804,#8812,
    #8818,#8819,#8820,#8821,#8822,#8823,#8824,#8825,#8833,#8841,#8847,
    #8848));
#8743 = ORIENTED_EDGE('',*,*,#8744,.F.);
#8744 = EDGE_CURVE('',#8745,#8747,#8749,.T.);
#8745 = VERTEX_POINT('',#8746);
#8746 = CARTESIAN_POINT('',(-3.85404844274E-06,1.740000879413,
    -5.830000133306));
#8747 = VERTEX_POINT('',#8748);
#8748 = CARTESIAN_POINT('',(-0.447214479592,1.740000790956,
    -5.230000395949));
#8749 = B_SPLINE_CURVE_WITH_KNOTS('',3,(#8750,#8751,#8752,#8753,#8754,
    #8755,#8756,#8757,#8758,#8759,#8760,#8761,#8762),.UNSPECIFIED.,.F.,
  .F.,(4,1,1,1,1,1,1,1,1,1,4),(0.,0.1,0.2,0.3,0.4,0.5,0.6,0.7,0.8,0.9,1.
    ),.QUASI_UNIFORM_KNOTS.);
#8750 = CARTESIAN_POINT('',(-3.85404844274E-06,1.740000879413,
    -5.830000133306));
#8751 = CARTESIAN_POINT('',(-1.550154756526E-02,1.740000879413,
    -5.830000133306));
#8752 = CARTESIAN_POINT('',(-4.64455279582E-02,1.739999591852,
    -5.824667546519));
#8753 = CARTESIAN_POINT('',(-9.362933529718E-02,1.740000109397,
    -5.800070129358));
#8754 = CARTESIAN_POINT('',(-0.13885550153,1.739999970561,
    -5.761823366423));
#8755 = CARTESIAN_POINT('',(-0.182489333374,1.740000008359,
    -5.712771995325));
#8756 = CARTESIAN_POINT('',(-0.22525846407,1.739999996004,
    -5.654310852367));
#8757 = CARTESIAN_POINT('',(-0.267879783171,1.740000007626,
    -5.587076087104));
#8758 = CARTESIAN_POINT('',(-0.310891194164,1.739999973493,
    -5.511338950529));
#8759 = CARTESIAN_POINT('',(-0.354794756961,1.740000098401,
    -5.427014180061));
#8760 = CARTESIAN_POINT('',(-0.400000873328,1.739999632904,
    -5.333892873357));
#8761 = CARTESIAN_POINT('',(-0.431278851674,1.740000790956,
    -5.265633352696));
#8762 = CARTESIAN_POINT('',(-0.447214479592,1.740000790956,
    -5.230000395949));
#8763 = ORIENTED_EDGE('',*,*,#8764,.T.);
#8764 = EDGE_CURVE('',#8745,#8765,#8767,.T.);
#8765 = VERTEX_POINT('',#8766);
#8766 = CARTESIAN_POINT('',(3.959005399309E-06,1.74000084696,
    -5.830000127402));
#8767 = LINE('',#8768,#8769);
#8768 = CARTESIAN_POINT('',(-3.85404844274E-06,1.740000879413,
    -5.830000133306));
#8769 = VECTOR('',#8770,1.);
#8770 = DIRECTION('',(0.999991087633,-4.153740683772E-03,
    7.557070507098E-04));
#8771 = ORIENTED_EDGE('',*,*,#8772,.F.);
#8772 = EDGE_CURVE('',#8773,#8765,#8775,.T.);
#8773 = VERTEX_POINT('',#8774);
#8774 = CARTESIAN_POINT('',(0.447214499814,1.740000808845,
    -5.230000404442));
#8775 = B_SPLINE_CURVE_WITH_KNOTS('',3,(#8776,#8777,#8778,#8779,#8780,
    #8781,#8782,#8783,#8784,#8785,#8786,#8787,#8788),.UNSPECIFIED.,.F.,
  .F.,(4,1,1,1,1,1,1,1,1,1,4),(0.,0.1,0.2,0.3,0.4,0.5,0.6,0.7,0.8,0.9,1.
    ),.QUASI_UNIFORM_KNOTS.);
#8776 = CARTESIAN_POINT('',(0.447214499814,1.740000808845,
    -5.230000404442));
#8777 = CARTESIAN_POINT('',(0.431318132122,1.740000808845,
    -5.265545563609));
#8778 = CARTESIAN_POINT('',(0.400108997832,1.739999624602,
    -5.333660446099));
#8779 = CARTESIAN_POINT('',(0.354957542521,1.740000100624,
    -5.426687164784));
#8780 = CARTESIAN_POINT('',(0.311104011003,1.739999972903,
    -5.510944623714));
#8781 = CARTESIAN_POINT('',(0.26811328983,1.740000007765,-5.586683465191
    ));
#8782 = CARTESIAN_POINT('',(0.225500642652,1.739999996039,
    -5.653956564769));
#8783 = CARTESIAN_POINT('',(0.182676090437,1.74000000808,-5.712536871406
    ));
#8784 = CARTESIAN_POINT('',(0.138991006048,1.739999971639,
    -5.761718011973));
#8785 = CARTESIAN_POINT('',(9.335648605571E-02,1.740000105362,
    -5.800278390394));
#8786 = CARTESIAN_POINT('',(4.627692885935E-02,1.739999606914,
    -5.824704565786));
#8787 = CARTESIAN_POINT('',(1.54239112497E-02,1.74000084696,
    -5.830000127402));
#8788 = CARTESIAN_POINT('',(3.959005399309E-06,1.74000084696,
    -5.830000127402));
#8789 = ORIENTED_EDGE('',*,*,#8790,.F.);
#8790 = EDGE_CURVE('',#4435,#8773,#8791,.T.);
#8791 = LINE('',#8792,#8793);
#8792 = CARTESIAN_POINT('',(0.4472135955,1.74,-4.23));
#8793 = VECTOR('',#8794,1.);
#8794 = DIRECTION('',(9.043139379747E-07,8.088448819012E-07,
    -0.999999999999));
#8795 = ORIENTED_EDGE('',*,*,#4532,.F.);
#8796 = ORIENTED_EDGE('',*,*,#8797,.T.);
#8797 = EDGE_CURVE('',#4525,#8798,#8800,.T.);
#8798 = VERTEX_POINT('',#8799);
#8799 = CARTESIAN_POINT('',(4.67,1.74,-4.83));
#8800 = LINE('',#8801,#8802);
#8801 = CARTESIAN_POINT('',(4.67,1.74,-4.23));
#8802 = VECTOR('',#8803,1.);
#8803 = DIRECTION('',(0.,0.,-1.));
#8804 = ORIENTED_EDGE('',*,*,#8805,.T.);
#8805 = EDGE_CURVE('',#8798,#8806,#8808,.T.);
#8806 = VERTEX_POINT('',#8807);
#8807 = CARTESIAN_POINT('',(5.47,1.74,-4.83));
#8808 = LINE('',#8809,#8810);
#8809 = CARTESIAN_POINT('',(4.67,1.74,-4.83));
#8810 = VECTOR('',#8811,1.);
#8811 = DIRECTION('',(1.,0.,0.));
#8812 = ORIENTED_EDGE('',*,*,#8813,.T.);
#8813 = EDGE_CURVE('',#8806,#5334,#8814,.T.);
#8814 = LINE('',#8815,#8816);
#8815 = CARTESIAN_POINT('',(5.47,1.74,-4.83));
#8816 = VECTOR('',#8817,1.);
#8817 = DIRECTION('',(0.,0.,1.));
#8818 = ORIENTED_EDGE('',*,*,#5333,.F.);
#8819 = ORIENTED_EDGE('',*,*,#6510,.T.);
#8820 = ORIENTED_EDGE('',*,*,#6468,.F.);
#8821 = ORIENTED_EDGE('',*,*,#6454,.F.);
#8822 = ORIENTED_EDGE('',*,*,#6372,.F.);
#8823 = ORIENTED_EDGE('',*,*,#6358,.F.);
#8824 = ORIENTED_EDGE('',*,*,#5356,.F.);
#8825 = ORIENTED_EDGE('',*,*,#8826,.F.);
#8826 = EDGE_CURVE('',#8827,#5349,#8829,.T.);
#8827 = VERTEX_POINT('',#8828);
#8828 = CARTESIAN_POINT('',(-5.47,1.74,-4.83));
#8829 = LINE('',#8830,#8831);
#8830 = CARTESIAN_POINT('',(-5.47,1.74,-4.83));
#8831 = VECTOR('',#8832,1.);
#8832 = DIRECTION('',(0.,0.,1.));
#8833 = ORIENTED_EDGE('',*,*,#8834,.T.);
#8834 = EDGE_CURVE('',#8827,#8835,#8837,.T.);
#8835 = VERTEX_POINT('',#8836);
#8836 = CARTESIAN_POINT('',(-4.67,1.74,-4.83));
#8837 = LINE('',#8838,#8839);
#8838 = CARTESIAN_POINT('',(-5.47,1.74,-4.83));
#8839 = VECTOR('',#8840,1.);
#8840 = DIRECTION('',(1.,0.,0.));
#8841 = ORIENTED_EDGE('',*,*,#8842,.F.);
#8842 = EDGE_CURVE('',#4446,#8835,#8843,.T.);
#8843 = LINE('',#8844,#8845);
#8844 = CARTESIAN_POINT('',(-4.67,1.74,-4.23));
#8845 = VECTOR('',#8846,1.);
#8846 = DIRECTION('',(0.,0.,-1.));
#8847 = ORIENTED_EDGE('',*,*,#4445,.F.);
#8848 = ORIENTED_EDGE('',*,*,#8849,.T.);
#8849 = EDGE_CURVE('',#4437,#8747,#8850,.T.);
#8850 = LINE('',#8851,#8852);
#8851 = CARTESIAN_POINT('',(-0.4472135955,1.74,-4.23));
#8852 = VECTOR('',#8853,1.);
#8853 = DIRECTION('',(-8.840917486958E-07,7.909556981751E-07,
    -0.999999999999));
#8854 = PLANE('',#8855);
#8855 = AXIS2_PLACEMENT_3D('',#8856,#8857,#8858);
#8856 = CARTESIAN_POINT('',(0.,1.74,0.));
#8857 = DIRECTION('',(0.,1.,0.));
#8858 = DIRECTION('',(1.,0.,0.));
#8859 = ADVANCED_FACE('',(#8860),#8887,.T.);
#8860 = FACE_BOUND('',#8861,.T.);
#8861 = EDGE_LOOP('',(#8862,#8871,#8879,#8886));
#8862 = ORIENTED_EDGE('',*,*,#8863,.F.);
#8863 = EDGE_CURVE('',#8864,#8745,#8866,.T.);
#8864 = VERTEX_POINT('',#8865);
#8865 = CARTESIAN_POINT('',(-2.488772566249E-06,0.940005584196,-5.83));
#8866 = CIRCLE('',#8867,0.399998419769);
#8867 = AXIS2_PLACEMENT_3D('',#8868,#8869,#8870);
#8868 = CARTESIAN_POINT('',(-1.658585464826E-06,1.340004003964,-5.83));
#8869 = DIRECTION('',(0.,0.,-1.));
#8870 = DIRECTION('',(-2.075475952884E-06,-0.999999999998,-0.));
#8871 = ORIENTED_EDGE('',*,*,#8872,.T.);
#8872 = EDGE_CURVE('',#8864,#8873,#8875,.T.);
#8873 = VERTEX_POINT('',#8874);
#8874 = CARTESIAN_POINT('',(-3.843223520624E-06,0.740000000012,
    -5.229999846459));
#8875 = LINE('',#8876,#8877);
#8876 = CARTESIAN_POINT('',(-2.488765401828E-06,0.940004680915,
    -5.829999525988));
#8877 = VECTOR('',#8878,1.);
#8878 = DIRECTION('',(-2.14136813609E-06,-0.31623085765,0.948682267498)
  );
#8879 = ORIENTED_EDGE('',*,*,#8880,.T.);
#8880 = EDGE_CURVE('',#8873,#8747,#8881,.T.);
#8881 = CIRCLE('',#8882,0.6);
#8882 = AXIS2_PLACEMENT_3D('',#8883,#8884,#8885);
#8883 = CARTESIAN_POINT('',(0.,1.34,-5.229999846459));
#8884 = DIRECTION('',(0.,0.,-1.));
#8885 = DIRECTION('',(-6.405372534374E-06,-0.999999999979,-0.));
#8886 = ORIENTED_EDGE('',*,*,#8744,.F.);
#8887 = CONICAL_SURFACE('',#8888,0.500000973867,0.321752998557);
#8888 = AXIS2_PLACEMENT_3D('',#8889,#8890,#8891);
#8889 = CARTESIAN_POINT('',(-1.658585464826E-06,1.340004003964,
    -5.529994781912));
#8890 = DIRECTION('',(0.,0.,1.));
#8891 = DIRECTION('',(0.,-1.,0.));
#8892 = ADVANCED_FACE('',(#8893),#8906,.T.);
#8893 = FACE_BOUND('',#8894,.T.);
#8894 = EDGE_LOOP('',(#8895,#8902,#8903,#8904,#8905));
#8895 = ORIENTED_EDGE('',*,*,#8896,.F.);
#8896 = EDGE_CURVE('',#8773,#8873,#8897,.T.);
#8897 = CIRCLE('',#8898,0.6);
#8898 = AXIS2_PLACEMENT_3D('',#8899,#8900,#8901);
#8899 = CARTESIAN_POINT('',(0.,1.34,-5.2300001533));
#8900 = DIRECTION('',(0.,0.,-1.));
#8901 = DIRECTION('',(0.7453559925,0.666666666667,0.));
#8902 = ORIENTED_EDGE('',*,*,#8790,.F.);
#8903 = ORIENTED_EDGE('',*,*,#4434,.T.);
#8904 = ORIENTED_EDGE('',*,*,#8849,.T.);
#8905 = ORIENTED_EDGE('',*,*,#8880,.F.);
#8906 = CYLINDRICAL_SURFACE('',#8907,0.6);
#8907 = AXIS2_PLACEMENT_3D('',#8908,#8909,#8910);
#8908 = CARTESIAN_POINT('',(0.,1.34,-4.23));
#8909 = DIRECTION('',(0.,0.,-1.));
#8910 = DIRECTION('',(-1.,0.,0.));
#8911 = ADVANCED_FACE('',(#8912),#8924,.T.);
#8912 = FACE_BOUND('',#8913,.T.);
#8913 = EDGE_LOOP('',(#8914,#8915,#8916,#8923));
#8914 = ORIENTED_EDGE('',*,*,#8896,.T.);
#8915 = ORIENTED_EDGE('',*,*,#8872,.F.);
#8916 = ORIENTED_EDGE('',*,*,#8917,.F.);
#8917 = EDGE_CURVE('',#8765,#8864,#8918,.T.);
#8918 = CIRCLE('',#8919,0.399998321361);
#8919 = AXIS2_PLACEMENT_3D('',#8920,#8921,#8922);
#8920 = CARTESIAN_POINT('',(1.918675920239E-06,1.34000399502,-5.83));
#8921 = DIRECTION('',(0.,0.,-1.));
#8922 = DIRECTION('',(1.530261038036E-05,0.999999999883,0.));
#8923 = ORIENTED_EDGE('',*,*,#8772,.F.);
#8924 = CONICAL_SURFACE('',#8925,0.50000088992,0.321752998557);
#8925 = AXIS2_PLACEMENT_3D('',#8926,#8927,#8928);
#8926 = CARTESIAN_POINT('',(1.918675920239E-06,1.34000399502,
    -5.529994738531));
#8927 = DIRECTION('',(0.,0.,1.));
#8928 = DIRECTION('',(0.,-1.,0.));
#8929 = ADVANCED_FACE('',(#8930),#8935,.T.);
#8930 = FACE_BOUND('',#8931,.F.);
#8931 = EDGE_LOOP('',(#8932,#8933,#8934));
#8932 = ORIENTED_EDGE('',*,*,#8863,.F.);
#8933 = ORIENTED_EDGE('',*,*,#8917,.F.);
#8934 = ORIENTED_EDGE('',*,*,#8764,.F.);
#8935 = PLANE('',#8936);
#8936 = AXIS2_PLACEMENT_3D('',#8937,#8938,#8939);
#8937 = CARTESIAN_POINT('',(0.,-1.74,-5.83));
#8938 = DIRECTION('',(0.,0.,-1.));
#8939 = DIRECTION('',(-1.,0.,0.));
#8940 = ADVANCED_FACE('',(#8941),#8959,.T.);
#8941 = FACE_BOUND('',#8942,.F.);
#8942 = EDGE_LOOP('',(#8943,#8944,#8952,#8958));
#8943 = ORIENTED_EDGE('',*,*,#4524,.T.);
#8944 = ORIENTED_EDGE('',*,*,#8945,.T.);
#8945 = EDGE_CURVE('',#4517,#8946,#8948,.T.);
#8946 = VERTEX_POINT('',#8947);
#8947 = CARTESIAN_POINT('',(4.67,1.14,-4.83));
#8948 = LINE('',#8949,#8950);
#8949 = CARTESIAN_POINT('',(4.67,1.14,-4.23));
#8950 = VECTOR('',#8951,1.);
#8951 = DIRECTION('',(0.,0.,-1.));
#8952 = ORIENTED_EDGE('',*,*,#8953,.T.);
#8953 = EDGE_CURVE('',#8946,#8798,#8954,.T.);
#8954 = LINE('',#8955,#8956);
#8955 = CARTESIAN_POINT('',(4.67,1.14,-4.83));
#8956 = VECTOR('',#8957,1.);
#8957 = DIRECTION('',(0.,1.,0.));
#8958 = ORIENTED_EDGE('',*,*,#8797,.F.);
#8959 = PLANE('',#8960);
#8960 = AXIS2_PLACEMENT_3D('',#8961,#8962,#8963);
#8961 = CARTESIAN_POINT('',(4.67,1.14,-4.23));
#8962 = DIRECTION('',(-1.,0.,0.));
#8963 = DIRECTION('',(0.,1.,0.));
#8964 = ADVANCED_FACE('',(#8965),#8983,.T.);
#8965 = FACE_BOUND('',#8966,.F.);
#8966 = EDGE_LOOP('',(#8967,#8968,#8976,#8982));
#8967 = ORIENTED_EDGE('',*,*,#4516,.F.);
#8968 = ORIENTED_EDGE('',*,*,#8969,.T.);
#8969 = EDGE_CURVE('',#4509,#8970,#8972,.T.);
#8970 = VERTEX_POINT('',#8971);
#8971 = CARTESIAN_POINT('',(5.47,1.14,-4.83));
#8972 = LINE('',#8973,#8974);
#8973 = CARTESIAN_POINT('',(5.47,1.14,-4.23));
#8974 = VECTOR('',#8975,1.);
#8975 = DIRECTION('',(0.,0.,-1.));
#8976 = ORIENTED_EDGE('',*,*,#8977,.T.);
#8977 = EDGE_CURVE('',#8970,#8946,#8978,.T.);
#8978 = LINE('',#8979,#8980);
#8979 = CARTESIAN_POINT('',(5.47,1.14,-4.83));
#8980 = VECTOR('',#8981,1.);
#8981 = DIRECTION('',(-1.,0.,0.));
#8982 = ORIENTED_EDGE('',*,*,#8945,.F.);
#8983 = PLANE('',#8984);
#8984 = AXIS2_PLACEMENT_3D('',#8985,#8986,#8987);
#8985 = CARTESIAN_POINT('',(5.47,1.14,-4.23));
#8986 = DIRECTION('',(0.,-1.,0.));
#8987 = DIRECTION('',(-1.,0.,0.));
#8988 = ADVANCED_FACE('',(#8989),#9016,.T.);
#8989 = FACE_BOUND('',#8990,.F.);
#8990 = EDGE_LOOP('',(#8991,#8992,#9000,#9006,#9007,#9008,#9009,#9015));
#8991 = ORIENTED_EDGE('',*,*,#4508,.F.);
#8992 = ORIENTED_EDGE('',*,*,#8993,.T.);
#8993 = EDGE_CURVE('',#4501,#8994,#8996,.T.);
#8994 = VERTEX_POINT('',#8995);
#8995 = CARTESIAN_POINT('',(5.47,-1.14,-4.83));
#8996 = LINE('',#8997,#8998);
#8997 = CARTESIAN_POINT('',(5.47,-1.14,-4.23));
#8998 = VECTOR('',#8999,1.);
#8999 = DIRECTION('',(0.,0.,-1.));
#9000 = ORIENTED_EDGE('',*,*,#9001,.T.);
#9001 = EDGE_CURVE('',#8994,#4405,#9002,.T.);
#9002 = LINE('',#9003,#9004);
#9003 = CARTESIAN_POINT('',(5.47,-1.14,-4.83));
#9004 = VECTOR('',#9005,1.);
#9005 = DIRECTION('',(0.,-1.,0.));
#9006 = ORIENTED_EDGE('',*,*,#4404,.F.);
#9007 = ORIENTED_EDGE('',*,*,#5341,.T.);
#9008 = ORIENTED_EDGE('',*,*,#8813,.F.);
#9009 = ORIENTED_EDGE('',*,*,#9010,.T.);
#9010 = EDGE_CURVE('',#8806,#8970,#9011,.T.);
#9011 = LINE('',#9012,#9013);
#9012 = CARTESIAN_POINT('',(5.47,1.74,-4.83));
#9013 = VECTOR('',#9014,1.);
#9014 = DIRECTION('',(0.,-1.,0.));
#9015 = ORIENTED_EDGE('',*,*,#8969,.F.);
#9016 = PLANE('',#9017);
#9017 = AXIS2_PLACEMENT_3D('',#9018,#9019,#9020);
#9018 = CARTESIAN_POINT('',(5.47,-1.74,4.23));
#9019 = DIRECTION('',(1.,0.,0.));
#9020 = DIRECTION('',(0.,0.,-1.));
#9021 = ADVANCED_FACE('',(#9022),#9040,.T.);
#9022 = FACE_BOUND('',#9023,.F.);
#9023 = EDGE_LOOP('',(#9024,#9025,#9033,#9039));
#9024 = ORIENTED_EDGE('',*,*,#4500,.T.);
#9025 = ORIENTED_EDGE('',*,*,#9026,.T.);
#9026 = EDGE_CURVE('',#4493,#9027,#9029,.T.);
#9027 = VERTEX_POINT('',#9028);
#9028 = CARTESIAN_POINT('',(4.67,-1.14,-4.83));
#9029 = LINE('',#9030,#9031);
#9030 = CARTESIAN_POINT('',(4.67,-1.14,-4.23));
#9031 = VECTOR('',#9032,1.);
#9032 = DIRECTION('',(0.,0.,-1.));
#9033 = ORIENTED_EDGE('',*,*,#9034,.T.);
#9034 = EDGE_CURVE('',#9027,#8994,#9035,.T.);
#9035 = LINE('',#9036,#9037);
#9036 = CARTESIAN_POINT('',(4.67,-1.14,-4.83));
#9037 = VECTOR('',#9038,1.);
#9038 = DIRECTION('',(1.,0.,0.));
#9039 = ORIENTED_EDGE('',*,*,#8993,.F.);
#9040 = PLANE('',#9041);
#9041 = AXIS2_PLACEMENT_3D('',#9042,#9043,#9044);
#9042 = CARTESIAN_POINT('',(4.67,-1.14,-4.23));
#9043 = DIRECTION('',(0.,1.,0.));
#9044 = DIRECTION('',(1.,0.,0.));
#9045 = ADVANCED_FACE('',(#9046),#9057,.T.);
#9046 = FACE_BOUND('',#9047,.F.);
#9047 = EDGE_LOOP('',(#9048,#9049,#9050,#9056));
#9048 = ORIENTED_EDGE('',*,*,#4492,.F.);
#9049 = ORIENTED_EDGE('',*,*,#4420,.T.);
#9050 = ORIENTED_EDGE('',*,*,#9051,.T.);
#9051 = EDGE_CURVE('',#4413,#9027,#9052,.T.);
#9052 = LINE('',#9053,#9054);
#9053 = CARTESIAN_POINT('',(4.67,-1.74,-4.83));
#9054 = VECTOR('',#9055,1.);
#9055 = DIRECTION('',(0.,1.,0.));
#9056 = ORIENTED_EDGE('',*,*,#9026,.F.);
#9057 = PLANE('',#9058);
#9058 = AXIS2_PLACEMENT_3D('',#9059,#9060,#9061);
#9059 = CARTESIAN_POINT('',(4.67,-1.74,-4.23));
#9060 = DIRECTION('',(-1.,0.,0.));
#9061 = DIRECTION('',(0.,1.,0.));
#9062 = ADVANCED_FACE('',(#9063),#9069,.T.);
#9063 = FACE_BOUND('',#9064,.F.);
#9064 = EDGE_LOOP('',(#9065,#9066,#9067,#9068));
#9065 = ORIENTED_EDGE('',*,*,#9010,.F.);
#9066 = ORIENTED_EDGE('',*,*,#8805,.F.);
#9067 = ORIENTED_EDGE('',*,*,#8953,.F.);
#9068 = ORIENTED_EDGE('',*,*,#8977,.F.);
#9069 = PLANE('',#9070);
#9070 = AXIS2_PLACEMENT_3D('',#9071,#9072,#9073);
#9071 = CARTESIAN_POINT('',(0.,-1.74,-4.83));
#9072 = DIRECTION('',(0.,0.,-1.));
#9073 = DIRECTION('',(-1.,0.,0.));
#9074 = ADVANCED_FACE('',(#9075),#9081,.T.);
#9075 = FACE_BOUND('',#9076,.F.);
#9076 = EDGE_LOOP('',(#9077,#9078,#9079,#9080));
#9077 = ORIENTED_EDGE('',*,*,#4412,.F.);
#9078 = ORIENTED_EDGE('',*,*,#9001,.F.);
#9079 = ORIENTED_EDGE('',*,*,#9034,.F.);
#9080 = ORIENTED_EDGE('',*,*,#9051,.F.);
#9081 = PLANE('',#9082);
#9082 = AXIS2_PLACEMENT_3D('',#9083,#9084,#9085);
#9083 = CARTESIAN_POINT('',(0.,-1.74,-4.83));
#9084 = DIRECTION('',(0.,0.,-1.));
#9085 = DIRECTION('',(-1.,0.,0.));
#9086 = ADVANCED_FACE('',(#9087),#9112,.T.);
#9087 = FACE_BOUND('',#9088,.F.);
#9088 = EDGE_LOOP('',(#9089,#9090,#9098,#9106));
#9089 = ORIENTED_EDGE('',*,*,#8834,.F.);
#9090 = ORIENTED_EDGE('',*,*,#9091,.F.);
#9091 = EDGE_CURVE('',#9092,#8827,#9094,.T.);
#9092 = VERTEX_POINT('',#9093);
#9093 = CARTESIAN_POINT('',(-5.47,1.14,-4.83));
#9094 = LINE('',#9095,#9096);
#9095 = CARTESIAN_POINT('',(-5.47,1.14,-4.83));
#9096 = VECTOR('',#9097,1.);
#9097 = DIRECTION('',(0.,1.,0.));
#9098 = ORIENTED_EDGE('',*,*,#9099,.F.);
#9099 = EDGE_CURVE('',#9100,#9092,#9102,.T.);
#9100 = VERTEX_POINT('',#9101);
#9101 = CARTESIAN_POINT('',(-4.67,1.14,-4.83));
#9102 = LINE('',#9103,#9104);
#9103 = CARTESIAN_POINT('',(-4.67,1.14,-4.83));
#9104 = VECTOR('',#9105,1.);
#9105 = DIRECTION('',(-1.,0.,0.));
#9106 = ORIENTED_EDGE('',*,*,#9107,.F.);
#9107 = EDGE_CURVE('',#8835,#9100,#9108,.T.);
#9108 = LINE('',#9109,#9110);
#9109 = CARTESIAN_POINT('',(-4.67,1.74,-4.83));
#9110 = VECTOR('',#9111,1.);
#9111 = DIRECTION('',(0.,-1.,0.));
#9112 = PLANE('',#9113);
#9113 = AXIS2_PLACEMENT_3D('',#9114,#9115,#9116);
#9114 = CARTESIAN_POINT('',(0.,-1.74,-4.83));
#9115 = DIRECTION('',(0.,0.,-1.));
#9116 = DIRECTION('',(-1.,0.,0.));
#9117 = ADVANCED_FACE('',(#9118),#9143,.T.);
#9118 = FACE_BOUND('',#9119,.F.);
#9119 = EDGE_LOOP('',(#9120,#9128,#9129,#9137));
#9120 = ORIENTED_EDGE('',*,*,#9121,.F.);
#9121 = EDGE_CURVE('',#4381,#9122,#9124,.T.);
#9122 = VERTEX_POINT('',#9123);
#9123 = CARTESIAN_POINT('',(-5.47,-1.14,-4.83));
#9124 = LINE('',#9125,#9126);
#9125 = CARTESIAN_POINT('',(-5.47,-1.74,-4.83));
#9126 = VECTOR('',#9127,1.);
#9127 = DIRECTION('',(0.,1.,0.));
#9128 = ORIENTED_EDGE('',*,*,#4380,.F.);
#9129 = ORIENTED_EDGE('',*,*,#9130,.F.);
#9130 = EDGE_CURVE('',#9131,#4373,#9133,.T.);
#9131 = VERTEX_POINT('',#9132);
#9132 = CARTESIAN_POINT('',(-4.67,-1.14,-4.83));
#9133 = LINE('',#9134,#9135);
#9134 = CARTESIAN_POINT('',(-4.67,-1.14,-4.83));
#9135 = VECTOR('',#9136,1.);
#9136 = DIRECTION('',(0.,-1.,0.));
#9137 = ORIENTED_EDGE('',*,*,#9138,.F.);
#9138 = EDGE_CURVE('',#9122,#9131,#9139,.T.);
#9139 = LINE('',#9140,#9141);
#9140 = CARTESIAN_POINT('',(-5.47,-1.14,-4.83));
#9141 = VECTOR('',#9142,1.);
#9142 = DIRECTION('',(1.,0.,0.));
#9143 = PLANE('',#9144);
#9144 = AXIS2_PLACEMENT_3D('',#9145,#9146,#9147);
#9145 = CARTESIAN_POINT('',(0.,-1.74,-4.83));
#9146 = DIRECTION('',(0.,0.,-1.));
#9147 = DIRECTION('',(-1.,0.,0.));
#9148 = ADVANCED_FACE('',(#9149),#9169,.T.);
#9149 = FACE_BOUND('',#9150,.F.);
#9150 = EDGE_LOOP('',(#9151,#9152,#9153,#9159,#9160,#9166,#9167,#9168));
#9151 = ORIENTED_EDGE('',*,*,#4388,.T.);
#9152 = ORIENTED_EDGE('',*,*,#9121,.T.);
#9153 = ORIENTED_EDGE('',*,*,#9154,.F.);
#9154 = EDGE_CURVE('',#4470,#9122,#9155,.T.);
#9155 = LINE('',#9156,#9157);
#9156 = CARTESIAN_POINT('',(-5.47,-1.14,-4.23));
#9157 = VECTOR('',#9158,1.);
#9158 = DIRECTION('',(0.,0.,-1.));
#9159 = ORIENTED_EDGE('',*,*,#4469,.T.);
#9160 = ORIENTED_EDGE('',*,*,#9161,.T.);
#9161 = EDGE_CURVE('',#4462,#9092,#9162,.T.);
#9162 = LINE('',#9163,#9164);
#9163 = CARTESIAN_POINT('',(-5.47,1.14,-4.23));
#9164 = VECTOR('',#9165,1.);
#9165 = DIRECTION('',(0.,0.,-1.));
#9166 = ORIENTED_EDGE('',*,*,#9091,.T.);
#9167 = ORIENTED_EDGE('',*,*,#8826,.T.);
#9168 = ORIENTED_EDGE('',*,*,#5348,.F.);
#9169 = PLANE('',#9170);
#9170 = AXIS2_PLACEMENT_3D('',#9171,#9172,#9173);
#9171 = CARTESIAN_POINT('',(-5.47,-1.74,-4.23));
#9172 = DIRECTION('',(-1.,0.,0.));
#9173 = DIRECTION('',(0.,0.,1.));
#9174 = ADVANCED_FACE('',(#9175),#9186,.T.);
#9175 = FACE_BOUND('',#9176,.F.);
#9176 = EDGE_LOOP('',(#9177,#9178,#9179,#9180));
#9177 = ORIENTED_EDGE('',*,*,#4477,.F.);
#9178 = ORIENTED_EDGE('',*,*,#9154,.T.);
#9179 = ORIENTED_EDGE('',*,*,#9138,.T.);
#9180 = ORIENTED_EDGE('',*,*,#9181,.F.);
#9181 = EDGE_CURVE('',#4478,#9131,#9182,.T.);
#9182 = LINE('',#9183,#9184);
#9183 = CARTESIAN_POINT('',(-4.67,-1.14,-4.23));
#9184 = VECTOR('',#9185,1.);
#9185 = DIRECTION('',(0.,0.,-1.));
#9186 = PLANE('',#9187);
#9187 = AXIS2_PLACEMENT_3D('',#9188,#9189,#9190);
#9188 = CARTESIAN_POINT('',(-5.47,-1.14,-4.23));
#9189 = DIRECTION('',(0.,1.,0.));
#9190 = DIRECTION('',(1.,0.,0.));
#9191 = ADVANCED_FACE('',(#9192),#9198,.T.);
#9192 = FACE_BOUND('',#9193,.F.);
#9193 = EDGE_LOOP('',(#9194,#9195,#9196,#9197));
#9194 = ORIENTED_EDGE('',*,*,#4485,.T.);
#9195 = ORIENTED_EDGE('',*,*,#9181,.T.);
#9196 = ORIENTED_EDGE('',*,*,#9130,.T.);
#9197 = ORIENTED_EDGE('',*,*,#4372,.F.);
#9198 = PLANE('',#9199);
#9199 = AXIS2_PLACEMENT_3D('',#9200,#9201,#9202);
#9200 = CARTESIAN_POINT('',(-4.67,-1.14,-4.23));
#9201 = DIRECTION('',(1.,0.,0.));
#9202 = DIRECTION('',(0.,-1.,0.));
#9203 = ADVANCED_FACE('',(#9204),#9215,.T.);
#9204 = FACE_BOUND('',#9205,.F.);
#9205 = EDGE_LOOP('',(#9206,#9207,#9213,#9214));
#9206 = ORIENTED_EDGE('',*,*,#4461,.T.);
#9207 = ORIENTED_EDGE('',*,*,#9208,.T.);
#9208 = EDGE_CURVE('',#4454,#9100,#9209,.T.);
#9209 = LINE('',#9210,#9211);
#9210 = CARTESIAN_POINT('',(-4.67,1.14,-4.23));
#9211 = VECTOR('',#9212,1.);
#9212 = DIRECTION('',(0.,0.,-1.));
#9213 = ORIENTED_EDGE('',*,*,#9099,.T.);
#9214 = ORIENTED_EDGE('',*,*,#9161,.F.);
#9215 = PLANE('',#9216);
#9216 = AXIS2_PLACEMENT_3D('',#9217,#9218,#9219);
#9217 = CARTESIAN_POINT('',(-4.67,1.14,-4.23));
#9218 = DIRECTION('',(0.,-1.,0.));
#9219 = DIRECTION('',(-1.,0.,0.));
#9220 = ADVANCED_FACE('',(#9221),#9227,.T.);
#9221 = FACE_BOUND('',#9222,.F.);
#9222 = EDGE_LOOP('',(#9223,#9224,#9225,#9226));
#9223 = ORIENTED_EDGE('',*,*,#4453,.F.);
#9224 = ORIENTED_EDGE('',*,*,#8842,.T.);
#9225 = ORIENTED_EDGE('',*,*,#9107,.T.);
#9226 = ORIENTED_EDGE('',*,*,#9208,.F.);
#9227 = PLANE('',#9228);
#9228 = AXIS2_PLACEMENT_3D('',#9229,#9230,#9231);
#9229 = CARTESIAN_POINT('',(-4.67,1.74,-4.23));
#9230 = DIRECTION('',(1.,0.,0.));
#9231 = DIRECTION('',(0.,-1.,0.));
#9232 = ADVANCED_FACE('',(#9233),#9244,.F.);
#9233 = FACE_BOUND('',#9234,.F.);
#9234 = EDGE_LOOP('',(#9235,#9236,#9237,#9238));
#9235 = ORIENTED_EDGE('',*,*,#5270,.F.);
#9236 = ORIENTED_EDGE('',*,*,#5167,.T.);
#9237 = ORIENTED_EDGE('',*,*,#5006,.T.);
#9238 = ORIENTED_EDGE('',*,*,#9239,.F.);
#9239 = EDGE_CURVE('',#5271,#4999,#9240,.T.);
#9240 = LINE('',#9241,#9242);
#9241 = CARTESIAN_POINT('',(4.86,1.095,4.23));
#9242 = VECTOR('',#9243,1.);
#9243 = DIRECTION('',(0.,0.,-1.));
#9244 = PLANE('',#9245);
#9245 = AXIS2_PLACEMENT_3D('',#9246,#9247,#9248);
#9246 = CARTESIAN_POINT('',(4.86,-1.095,4.23));
#9247 = DIRECTION('',(1.,0.,0.));
#9248 = DIRECTION('',(-0.,1.,0.));
#9249 = ADVANCED_FACE('',(#9250),#9256,.F.);
#9250 = FACE_BOUND('',#9251,.F.);
#9251 = EDGE_LOOP('',(#9252,#9253,#9254,#9255));
#9252 = ORIENTED_EDGE('',*,*,#5278,.F.);
#9253 = ORIENTED_EDGE('',*,*,#9239,.T.);
#9254 = ORIENTED_EDGE('',*,*,#4998,.T.);
#9255 = ORIENTED_EDGE('',*,*,#5080,.F.);
#9256 = PLANE('',#9257);
#9257 = AXIS2_PLACEMENT_3D('',#9258,#9259,#9260);
#9258 = CARTESIAN_POINT('',(4.86,1.095,4.23));
#9259 = DIRECTION('',(0.,1.,0.));
#9260 = DIRECTION('',(-1.,0.,0.));
#9261 = ADVANCED_FACE('',(#9262),#9280,.T.);
#9262 = FACE_BOUND('',#9263,.F.);
#9263 = EDGE_LOOP('',(#9264,#9272,#9278,#9279));
#9264 = ORIENTED_EDGE('',*,*,#9265,.F.);
#9265 = EDGE_CURVE('',#9266,#4683,#9268,.T.);
#9266 = VERTEX_POINT('',#9267);
#9267 = CARTESIAN_POINT('',(4.0675,-0.3175,2.22));
#9268 = LINE('',#9269,#9270);
#9269 = CARTESIAN_POINT('',(4.0675,-0.3175,2.22));
#9270 = VECTOR('',#9271,1.);
#9271 = DIRECTION('',(-1.,0.,0.));
#9272 = ORIENTED_EDGE('',*,*,#9273,.T.);
#9273 = EDGE_CURVE('',#9266,#5024,#9274,.T.);
#9274 = LINE('',#9275,#9276);
#9275 = CARTESIAN_POINT('',(4.0675,-0.3175,2.22));
#9276 = VECTOR('',#9277,1.);
#9277 = DIRECTION('',(0.,0.,-1.));
#9278 = ORIENTED_EDGE('',*,*,#5023,.F.);
#9279 = ORIENTED_EDGE('',*,*,#4692,.F.);
#9280 = PLANE('',#9281);
#9281 = AXIS2_PLACEMENT_3D('',#9282,#9283,#9284);
#9282 = CARTESIAN_POINT('',(3.4325,-0.3175,2.77));
#9283 = DIRECTION('',(0.,-1.,0.));
#9284 = DIRECTION('',(0.,0.,-1.));
#9285 = ADVANCED_FACE('',(#9286),#9304,.T.);
#9286 = FACE_BOUND('',#9287,.F.);
#9287 = EDGE_LOOP('',(#9288,#9296,#9302,#9303));
#9288 = ORIENTED_EDGE('',*,*,#9289,.T.);
#9289 = EDGE_CURVE('',#4661,#9290,#9292,.T.);
#9290 = VERTEX_POINT('',#9291);
#9291 = CARTESIAN_POINT('',(4.0675,-0.3175,-4.78640916408));
#9292 = LINE('',#9293,#9294);
#9293 = CARTESIAN_POINT('',(4.0675,-0.3175,-4.23));
#9294 = VECTOR('',#9295,1.);
#9295 = DIRECTION('',(0.,0.,-1.));
#9296 = ORIENTED_EDGE('',*,*,#9297,.F.);
#9297 = EDGE_CURVE('',#4723,#9290,#9298,.T.);
#9298 = LINE('',#9299,#9300);
#9299 = CARTESIAN_POINT('',(3.4325,-0.3175,-4.78640916408));
#9300 = VECTOR('',#9301,1.);
#9301 = DIRECTION('',(1.,0.,0.));
#9302 = ORIENTED_EDGE('',*,*,#4722,.T.);
#9303 = ORIENTED_EDGE('',*,*,#4668,.T.);
#9304 = PLANE('',#9305);
#9305 = AXIS2_PLACEMENT_3D('',#9306,#9307,#9308);
#9306 = CARTESIAN_POINT('',(3.4325,-0.3175,2.77));
#9307 = DIRECTION('',(0.,-1.,0.));
#9308 = DIRECTION('',(0.,0.,-1.));
#9309 = ADVANCED_FACE('',(#9310),#9335,.T.);
#9310 = FACE_BOUND('',#9311,.F.);
#9311 = EDGE_LOOP('',(#9312,#9313,#9321,#9329));
#9312 = ORIENTED_EDGE('',*,*,#4757,.T.);
#9313 = ORIENTED_EDGE('',*,*,#9314,.T.);
#9314 = EDGE_CURVE('',#4749,#9315,#9317,.T.);
#9315 = VERTEX_POINT('',#9316);
#9316 = CARTESIAN_POINT('',(4.0675,-0.3175,-7.07359083592));
#9317 = LINE('',#9318,#9319);
#9318 = CARTESIAN_POINT('',(3.4325,-0.3175,-7.07359083592));
#9319 = VECTOR('',#9320,1.);
#9320 = DIRECTION('',(1.,0.,0.));
#9321 = ORIENTED_EDGE('',*,*,#9322,.T.);
#9322 = EDGE_CURVE('',#9315,#9323,#9325,.T.);
#9323 = VERTEX_POINT('',#9324);
#9324 = CARTESIAN_POINT('',(4.0675,-0.3175,-7.48));
#9325 = LINE('',#9326,#9327);
#9326 = CARTESIAN_POINT('',(4.0675,-0.3175,-7.07359083592));
#9327 = VECTOR('',#9328,1.);
#9328 = DIRECTION('',(0.,0.,-1.));
#9329 = ORIENTED_EDGE('',*,*,#9330,.T.);
#9330 = EDGE_CURVE('',#9323,#4758,#9331,.T.);
#9331 = LINE('',#9332,#9333);
#9332 = CARTESIAN_POINT('',(4.0675,-0.3175,-7.48));
#9333 = VECTOR('',#9334,1.);
#9334 = DIRECTION('',(-1.,0.,0.));
#9335 = PLANE('',#9336);
#9336 = AXIS2_PLACEMENT_3D('',#9337,#9338,#9339);
#9337 = CARTESIAN_POINT('',(3.4325,-0.3175,2.77));
#9338 = DIRECTION('',(0.,-1.,0.));
#9339 = DIRECTION('',(0.,0.,-1.));
#9340 = ADVANCED_FACE('',(#9341),#9352,.T.);
#9341 = FACE_BOUND('',#9342,.F.);
#9342 = EDGE_LOOP('',(#9343,#9344,#9345,#9346));
#9343 = ORIENTED_EDGE('',*,*,#9265,.T.);
#9344 = ORIENTED_EDGE('',*,*,#4833,.F.);
#9345 = ORIENTED_EDGE('',*,*,#4870,.F.);
#9346 = ORIENTED_EDGE('',*,*,#9347,.F.);
#9347 = EDGE_CURVE('',#9266,#4863,#9348,.T.);
#9348 = LINE('',#9349,#9350);
#9349 = CARTESIAN_POINT('',(4.0675,-0.3175,2.22));
#9350 = VECTOR('',#9351,1.);
#9351 = DIRECTION('',(-0.254456678904,0.254456678904,0.933007822648));
#9352 = PLANE('',#9353);
#9353 = AXIS2_PLACEMENT_3D('',#9354,#9355,#9356);
#9354 = CARTESIAN_POINT('',(3.75,-0.2425,2.495));
#9355 = DIRECTION('',(0.,-0.964763821238,0.263117405792));
#9356 = DIRECTION('',(0.,0.263117405792,0.964763821238));
#9357 = ADVANCED_FACE('',(#9358),#9369,.T.);
#9358 = FACE_BOUND('',#9359,.F.);
#9359 = EDGE_LOOP('',(#9360,#9361,#9362,#9368));
#9360 = ORIENTED_EDGE('',*,*,#4862,.F.);
#9361 = ORIENTED_EDGE('',*,*,#4895,.T.);
#9362 = ORIENTED_EDGE('',*,*,#9363,.T.);
#9363 = EDGE_CURVE('',#4888,#9266,#9364,.T.);
#9364 = LINE('',#9365,#9366);
#9365 = CARTESIAN_POINT('',(4.0675,0.3175,2.22));
#9366 = VECTOR('',#9367,1.);
#9367 = DIRECTION('',(0.,-1.,0.));
#9368 = ORIENTED_EDGE('',*,*,#9347,.T.);
#9369 = PLANE('',#9370);
#9370 = AXIS2_PLACEMENT_3D('',#9371,#9372,#9373);
#9371 = CARTESIAN_POINT('',(3.9925,0.,2.495));
#9372 = DIRECTION('',(0.964763821238,0.,0.263117405792));
#9373 = DIRECTION('',(-0.263117405792,0.,0.964763821238));
#9374 = ADVANCED_FACE('',(#9375),#9381,.T.);
#9375 = FACE_BOUND('',#9376,.F.);
#9376 = EDGE_LOOP('',(#9377,#9378,#9379,#9380));
#9377 = ORIENTED_EDGE('',*,*,#9363,.F.);
#9378 = ORIENTED_EDGE('',*,*,#4919,.F.);
#9379 = ORIENTED_EDGE('',*,*,#5031,.F.);
#9380 = ORIENTED_EDGE('',*,*,#9273,.F.);
#9381 = PLANE('',#9382);
#9382 = AXIS2_PLACEMENT_3D('',#9383,#9384,#9385);
#9383 = CARTESIAN_POINT('',(4.0675,-1.74,0.));
#9384 = DIRECTION('',(1.,0.,0.));
#9385 = DIRECTION('',(0.,0.,-1.));
#9386 = ADVANCED_FACE('',(#9387),#9450,.T.);
#9387 = FACE_BOUND('',#9388,.F.);
#9388 = EDGE_LOOP('',(#9389,#9390,#9399,#9408,#9415,#9416,#9422,#9423,
    #9432,#9441,#9448,#9449));
#9389 = ORIENTED_EDGE('',*,*,#4942,.F.);
#9390 = ORIENTED_EDGE('',*,*,#9391,.F.);
#9391 = EDGE_CURVE('',#9392,#4935,#9394,.T.);
#9392 = VERTEX_POINT('',#9393);
#9393 = CARTESIAN_POINT('',(4.0675,0.156290170132,-5.495478718299));
#9394 = CIRCLE('',#9395,1.64);
#9395 = AXIS2_PLACEMENT_3D('',#9396,#9397,#9398);
#9396 = CARTESIAN_POINT('',(4.0675,-1.3225,-4.78640916408));
#9397 = DIRECTION('',(1.,0.,0.));
#9398 = DIRECTION('',(0.,0.901701323251,-0.43235948428));
#9399 = ORIENTED_EDGE('',*,*,#9400,.F.);
#9400 = EDGE_CURVE('',#9401,#9392,#9403,.T.);
#9401 = VERTEX_POINT('',#9402);
#9402 = CARTESIAN_POINT('',(4.0675,0.156290170132,-6.364521281701));
#9403 = CIRCLE('',#9404,1.005);
#9404 = AXIS2_PLACEMENT_3D('',#9405,#9406,#9407);
#9405 = CARTESIAN_POINT('',(4.0675,1.0625,-5.93));
#9406 = DIRECTION('',(-1.,0.,0.));
#9407 = DIRECTION('',(-0.,-0.901701323251,-0.43235948428));
#9408 = ORIENTED_EDGE('',*,*,#9409,.F.);
#9409 = EDGE_CURVE('',#4960,#9401,#9410,.T.);
#9410 = CIRCLE('',#9411,1.64);
#9411 = AXIS2_PLACEMENT_3D('',#9412,#9413,#9414);
#9412 = CARTESIAN_POINT('',(4.0675,-1.3225,-7.07359083592));
#9413 = DIRECTION('',(1.,0.,0.));
#9414 = DIRECTION('',(-0.,1.,0.));
#9415 = ORIENTED_EDGE('',*,*,#4957,.F.);
#9416 = ORIENTED_EDGE('',*,*,#9417,.F.);
#9417 = EDGE_CURVE('',#9323,#4958,#9418,.T.);
#9418 = LINE('',#9419,#9420);
#9419 = CARTESIAN_POINT('',(4.0675,-0.3175,-7.48));
#9420 = VECTOR('',#9421,1.);
#9421 = DIRECTION('',(0.,1.,0.));
#9422 = ORIENTED_EDGE('',*,*,#9322,.F.);
#9423 = ORIENTED_EDGE('',*,*,#9424,.F.);
#9424 = EDGE_CURVE('',#9425,#9315,#9427,.T.);
#9425 = VERTEX_POINT('',#9426);
#9426 = CARTESIAN_POINT('',(4.0675,-0.416290170132,-6.639069554219));
#9427 = CIRCLE('',#9428,1.005);
#9428 = AXIS2_PLACEMENT_3D('',#9429,#9430,#9431);
#9429 = CARTESIAN_POINT('',(4.0675,-1.3225,-7.07359083592));
#9430 = DIRECTION('',(-1.,0.,0.));
#9431 = DIRECTION('',(0.,0.901701323251,0.43235948428));
#9432 = ORIENTED_EDGE('',*,*,#9433,.F.);
#9433 = EDGE_CURVE('',#9434,#9425,#9436,.T.);
#9434 = VERTEX_POINT('',#9435);
#9435 = CARTESIAN_POINT('',(4.0675,-0.416290170132,-5.220930445781));
#9436 = CIRCLE('',#9437,1.64);
#9437 = AXIS2_PLACEMENT_3D('',#9438,#9439,#9440);
#9438 = CARTESIAN_POINT('',(4.0675,1.0625,-5.93));
#9439 = DIRECTION('',(1.,0.,0.));
#9440 = DIRECTION('',(0.,-0.901701323251,0.43235948428));
#9441 = ORIENTED_EDGE('',*,*,#9442,.F.);
#9442 = EDGE_CURVE('',#9290,#9434,#9443,.T.);
#9443 = CIRCLE('',#9444,1.005);
#9444 = AXIS2_PLACEMENT_3D('',#9445,#9446,#9447);
#9445 = CARTESIAN_POINT('',(4.0675,-1.3225,-4.78640916408));
#9446 = DIRECTION('',(-1.,0.,0.));
#9447 = DIRECTION('',(0.,1.,0.));
#9448 = ORIENTED_EDGE('',*,*,#9289,.F.);
#9449 = ORIENTED_EDGE('',*,*,#4660,.T.);
#9450 = PLANE('',#9451);
#9451 = AXIS2_PLACEMENT_3D('',#9452,#9453,#9454);
#9452 = CARTESIAN_POINT('',(4.0675,-1.74,0.));
#9453 = DIRECTION('',(1.,0.,0.));
#9454 = DIRECTION('',(0.,0.,-1.));
#9455 = ADVANCED_FACE('',(#9456),#9467,.T.);
#9456 = FACE_BOUND('',#9457,.T.);
#9457 = EDGE_LOOP('',(#9458,#9459,#9460,#9466));
#9458 = ORIENTED_EDGE('',*,*,#4934,.T.);
#9459 = ORIENTED_EDGE('',*,*,#9391,.F.);
#9460 = ORIENTED_EDGE('',*,*,#9461,.F.);
#9461 = EDGE_CURVE('',#4791,#9392,#9462,.T.);
#9462 = LINE('',#9463,#9464);
#9463 = CARTESIAN_POINT('',(3.4325,0.156290170132,-5.495478718299));
#9464 = VECTOR('',#9465,1.);
#9465 = DIRECTION('',(1.,0.,0.));
#9466 = ORIENTED_EDGE('',*,*,#4799,.T.);
#9467 = CYLINDRICAL_SURFACE('',#9468,1.64);
#9468 = AXIS2_PLACEMENT_3D('',#9469,#9470,#9471);
#9469 = CARTESIAN_POINT('',(3.4325,-1.3225,-4.78640916408));
#9470 = DIRECTION('',(1.,0.,0.));
#9471 = DIRECTION('',(0.,0.,-1.));
#9472 = ADVANCED_FACE('',(#9473),#9484,.F.);
#9473 = FACE_BOUND('',#9474,.F.);
#9474 = EDGE_LOOP('',(#9475,#9476,#9482,#9483));
#9475 = ORIENTED_EDGE('',*,*,#4790,.F.);
#9476 = ORIENTED_EDGE('',*,*,#9477,.T.);
#9477 = EDGE_CURVE('',#4782,#9401,#9478,.T.);
#9478 = LINE('',#9479,#9480);
#9479 = CARTESIAN_POINT('',(3.4325,0.156290170132,-6.364521281701));
#9480 = VECTOR('',#9481,1.);
#9481 = DIRECTION('',(1.,0.,0.));
#9482 = ORIENTED_EDGE('',*,*,#9400,.T.);
#9483 = ORIENTED_EDGE('',*,*,#9461,.F.);
#9484 = CYLINDRICAL_SURFACE('',#9485,1.005);
#9485 = AXIS2_PLACEMENT_3D('',#9486,#9487,#9488);
#9486 = CARTESIAN_POINT('',(3.4325,1.0625,-5.93));
#9487 = DIRECTION('',(1.,0.,0.));
#9488 = DIRECTION('',(0.,0.,-1.));
#9489 = ADVANCED_FACE('',(#9490),#9496,.T.);
#9490 = FACE_BOUND('',#9491,.T.);
#9491 = EDGE_LOOP('',(#9492,#9493,#9494,#9495));
#9492 = ORIENTED_EDGE('',*,*,#9477,.T.);
#9493 = ORIENTED_EDGE('',*,*,#9409,.F.);
#9494 = ORIENTED_EDGE('',*,*,#4967,.F.);
#9495 = ORIENTED_EDGE('',*,*,#4781,.T.);
#9496 = CYLINDRICAL_SURFACE('',#9497,1.64);
#9497 = AXIS2_PLACEMENT_3D('',#9498,#9499,#9500);
#9498 = CARTESIAN_POINT('',(3.4325,-1.3225,-7.07359083592));
#9499 = DIRECTION('',(1.,0.,0.));
#9500 = DIRECTION('',(0.,0.,-1.));
#9501 = ADVANCED_FACE('',(#9502),#9527,.T.);
#9502 = FACE_BOUND('',#9503,.F.);
#9503 = EDGE_LOOP('',(#9504,#9514,#9520,#9521));
#9504 = ORIENTED_EDGE('',*,*,#9505,.F.);
#9505 = EDGE_CURVE('',#9506,#9508,#9510,.T.);
#9506 = VERTEX_POINT('',#9507);
#9507 = CARTESIAN_POINT('',(3.9175,-0.1675,-8.03));
#9508 = VERTEX_POINT('',#9509);
#9509 = CARTESIAN_POINT('',(3.9175,0.1675,-8.03));
#9510 = LINE('',#9511,#9512);
#9511 = CARTESIAN_POINT('',(3.9175,-0.1675,-8.03));
#9512 = VECTOR('',#9513,1.);
#9513 = DIRECTION('',(0.,1.,0.));
#9514 = ORIENTED_EDGE('',*,*,#9515,.T.);
#9515 = EDGE_CURVE('',#9506,#9323,#9516,.T.);
#9516 = LINE('',#9517,#9518);
#9517 = CARTESIAN_POINT('',(3.9175,-0.1675,-8.03));
#9518 = VECTOR('',#9519,1.);
#9519 = DIRECTION('',(0.254456678904,-0.254456678904,0.933007822648));
#9520 = ORIENTED_EDGE('',*,*,#9417,.T.);
#9521 = ORIENTED_EDGE('',*,*,#9522,.T.);
#9522 = EDGE_CURVE('',#4958,#9508,#9523,.T.);
#9523 = LINE('',#9524,#9525);
#9524 = CARTESIAN_POINT('',(4.0675,0.3175,-7.48));
#9525 = VECTOR('',#9526,1.);
#9526 = DIRECTION('',(-0.254456678904,-0.254456678904,-0.933007822648));
#9527 = PLANE('',#9528);
#9528 = AXIS2_PLACEMENT_3D('',#9529,#9530,#9531);
#9529 = CARTESIAN_POINT('',(3.9925,0.,-7.755));
#9530 = DIRECTION('',(0.964763821238,0.,-0.263117405792));
#9531 = DIRECTION('',(-0.263117405792,0.,-0.964763821238));
#9532 = ADVANCED_FACE('',(#9533),#9558,.T.);
#9533 = FACE_BOUND('',#9534,.F.);
#9534 = EDGE_LOOP('',(#9535,#9543,#9551,#9557));
#9535 = ORIENTED_EDGE('',*,*,#9536,.T.);
#9536 = EDGE_CURVE('',#9508,#9537,#9539,.T.);
#9537 = VERTEX_POINT('',#9538);
#9538 = CARTESIAN_POINT('',(3.5825,0.1675,-8.03));
#9539 = LINE('',#9540,#9541);
#9540 = CARTESIAN_POINT('',(3.9175,0.1675,-8.03));
#9541 = VECTOR('',#9542,1.);
#9542 = DIRECTION('',(-1.,0.,0.));
#9543 = ORIENTED_EDGE('',*,*,#9544,.T.);
#9544 = EDGE_CURVE('',#9537,#9545,#9547,.T.);
#9545 = VERTEX_POINT('',#9546);
#9546 = CARTESIAN_POINT('',(3.5825,-0.1675,-8.03));
#9547 = LINE('',#9548,#9549);
#9548 = CARTESIAN_POINT('',(3.5825,0.1675,-8.03));
#9549 = VECTOR('',#9550,1.);
#9550 = DIRECTION('',(0.,-1.,0.));
#9551 = ORIENTED_EDGE('',*,*,#9552,.F.);
#9552 = EDGE_CURVE('',#9506,#9545,#9553,.T.);
#9553 = LINE('',#9554,#9555);
#9554 = CARTESIAN_POINT('',(3.9175,-0.1675,-8.03));
#9555 = VECTOR('',#9556,1.);
#9556 = DIRECTION('',(-1.,0.,0.));
#9557 = ORIENTED_EDGE('',*,*,#9505,.T.);
#9558 = PLANE('',#9559);
#9559 = AXIS2_PLACEMENT_3D('',#9560,#9561,#9562);
#9560 = CARTESIAN_POINT('',(3.4325,-0.3175,-8.03));
#9561 = DIRECTION('',(0.,0.,-1.));
#9562 = DIRECTION('',(0.,1.,0.));
#9563 = ADVANCED_FACE('',(#9564),#9575,.T.);
#9564 = FACE_BOUND('',#9565,.F.);
#9565 = EDGE_LOOP('',(#9566,#9567,#9573,#9574));
#9566 = ORIENTED_EDGE('',*,*,#4974,.T.);
#9567 = ORIENTED_EDGE('',*,*,#9568,.F.);
#9568 = EDGE_CURVE('',#9537,#4766,#9569,.T.);
#9569 = LINE('',#9570,#9571);
#9570 = CARTESIAN_POINT('',(3.5825,0.1675,-8.03));
#9571 = VECTOR('',#9572,1.);
#9572 = DIRECTION('',(-0.254456678904,0.254456678904,0.933007822648));
#9573 = ORIENTED_EDGE('',*,*,#9536,.F.);
#9574 = ORIENTED_EDGE('',*,*,#9522,.F.);
#9575 = PLANE('',#9576);
#9576 = AXIS2_PLACEMENT_3D('',#9577,#9578,#9579);
#9577 = CARTESIAN_POINT('',(3.75,0.2425,-7.755));
#9578 = DIRECTION('',(0.,0.964763821238,-0.263117405792));
#9579 = DIRECTION('',(0.,-0.263117405792,-0.964763821238));
#9580 = ADVANCED_FACE('',(#9581),#9592,.T.);
#9581 = FACE_BOUND('',#9582,.F.);
#9582 = EDGE_LOOP('',(#9583,#9584,#9590,#9591));
#9583 = ORIENTED_EDGE('',*,*,#4765,.T.);
#9584 = ORIENTED_EDGE('',*,*,#9585,.F.);
#9585 = EDGE_CURVE('',#9545,#4758,#9586,.T.);
#9586 = LINE('',#9587,#9588);
#9587 = CARTESIAN_POINT('',(3.5825,-0.1675,-8.03));
#9588 = VECTOR('',#9589,1.);
#9589 = DIRECTION('',(-0.254456678904,-0.254456678904,0.933007822648));
#9590 = ORIENTED_EDGE('',*,*,#9544,.F.);
#9591 = ORIENTED_EDGE('',*,*,#9568,.T.);
#9592 = PLANE('',#9593);
#9593 = AXIS2_PLACEMENT_3D('',#9594,#9595,#9596);
#9594 = CARTESIAN_POINT('',(3.5075,0.,-7.755));
#9595 = DIRECTION('',(-0.964763821238,0.,-0.263117405792));
#9596 = DIRECTION('',(0.263117405792,0.,-0.964763821238));
#9597 = ADVANCED_FACE('',(#9598),#9604,.T.);
#9598 = FACE_BOUND('',#9599,.F.);
#9599 = EDGE_LOOP('',(#9600,#9601,#9602,#9603));
#9600 = ORIENTED_EDGE('',*,*,#9330,.F.);
#9601 = ORIENTED_EDGE('',*,*,#9515,.F.);
#9602 = ORIENTED_EDGE('',*,*,#9552,.T.);
#9603 = ORIENTED_EDGE('',*,*,#9585,.T.);
#9604 = PLANE('',#9605);
#9605 = AXIS2_PLACEMENT_3D('',#9606,#9607,#9608);
#9606 = CARTESIAN_POINT('',(3.75,-0.2425,-7.755));
#9607 = DIRECTION('',(0.,-0.964763821238,-0.263117405792));
#9608 = DIRECTION('',(0.,-0.263117405792,0.964763821238));
#9609 = ADVANCED_FACE('',(#9610),#9621,.F.);
#9610 = FACE_BOUND('',#9611,.F.);
#9611 = EDGE_LOOP('',(#9612,#9613,#9619,#9620));
#9612 = ORIENTED_EDGE('',*,*,#4748,.F.);
#9613 = ORIENTED_EDGE('',*,*,#9614,.T.);
#9614 = EDGE_CURVE('',#4740,#9425,#9615,.T.);
#9615 = LINE('',#9616,#9617);
#9616 = CARTESIAN_POINT('',(3.4325,-0.416290170132,-6.639069554219));
#9617 = VECTOR('',#9618,1.);
#9618 = DIRECTION('',(1.,0.,0.));
#9619 = ORIENTED_EDGE('',*,*,#9424,.T.);
#9620 = ORIENTED_EDGE('',*,*,#9314,.F.);
#9621 = CYLINDRICAL_SURFACE('',#9622,1.005);
#9622 = AXIS2_PLACEMENT_3D('',#9623,#9624,#9625);
#9623 = CARTESIAN_POINT('',(3.4325,-1.3225,-7.07359083592));
#9624 = DIRECTION('',(1.,0.,0.));
#9625 = DIRECTION('',(0.,0.,-1.));
#9626 = ADVANCED_FACE('',(#9627),#9638,.T.);
#9627 = FACE_BOUND('',#9628,.T.);
#9628 = EDGE_LOOP('',(#9629,#9630,#9631,#9637));
#9629 = ORIENTED_EDGE('',*,*,#9614,.T.);
#9630 = ORIENTED_EDGE('',*,*,#9433,.F.);
#9631 = ORIENTED_EDGE('',*,*,#9632,.F.);
#9632 = EDGE_CURVE('',#4731,#9434,#9633,.T.);
#9633 = LINE('',#9634,#9635);
#9634 = CARTESIAN_POINT('',(3.4325,-0.416290170132,-5.220930445781));
#9635 = VECTOR('',#9636,1.);
#9636 = DIRECTION('',(1.,0.,0.));
#9637 = ORIENTED_EDGE('',*,*,#4739,.T.);
#9638 = CYLINDRICAL_SURFACE('',#9639,1.64);
#9639 = AXIS2_PLACEMENT_3D('',#9640,#9641,#9642);
#9640 = CARTESIAN_POINT('',(3.4325,1.0625,-5.93));
#9641 = DIRECTION('',(1.,0.,0.));
#9642 = DIRECTION('',(0.,0.,-1.));
#9643 = ADVANCED_FACE('',(#9644),#9650,.F.);
#9644 = FACE_BOUND('',#9645,.F.);
#9645 = EDGE_LOOP('',(#9646,#9647,#9648,#9649));
#9646 = ORIENTED_EDGE('',*,*,#4730,.F.);
#9647 = ORIENTED_EDGE('',*,*,#9297,.T.);
#9648 = ORIENTED_EDGE('',*,*,#9442,.T.);
#9649 = ORIENTED_EDGE('',*,*,#9632,.F.);
#9650 = CYLINDRICAL_SURFACE('',#9651,1.005);
#9651 = AXIS2_PLACEMENT_3D('',#9652,#9653,#9654);
#9652 = CARTESIAN_POINT('',(3.4325,-1.3225,-4.78640916408));
#9653 = DIRECTION('',(1.,0.,0.));
#9654 = DIRECTION('',(0.,0.,-1.));
#9655 = ( GEOMETRIC_REPRESENTATION_CONTEXT(3) 
GLOBAL_UNCERTAINTY_ASSIGNED_CONTEXT((#9659)) 
GLOBAL_UNIT_ASSIGNED_CONTEXT((#9656,#9657,#9658)) REPRESENTATION_CONTEXT
('Context #1','3D Context with UNIT and UNCERTAINTY') );
#9656 = ( LENGTH_UNIT() NAMED_UNIT(*) SI_UNIT(.MILLI.,.METRE.) );
#9657 = ( NAMED_UNIT(*) PLANE_ANGLE_UNIT() SI_UNIT($,.RADIAN.) );
#9658 = ( NAMED_UNIT(*) SI_UNIT($,.STERADIAN.) SOLID_ANGLE_UNIT() );
#9659 = UNCERTAINTY_MEASURE_WITH_UNIT(LENGTH_MEASURE(2.E-07),#9656,
  'distance_accuracy_value','confusion accuracy');
#9660 = SHAPE_DEFINITION_REPRESENTATION(#9661,#4355);
#9661 = PRODUCT_DEFINITION_SHAPE('','',#9662);
#9662 = PRODUCT_DEFINITION('design','',#9663,#9666);
#9663 = PRODUCT_DEFINITION_FORMATION('','',#9664);
#9664 = PRODUCT('Open CASCADE STEP translator 7.5 1.5.1.1',
  'Open CASCADE STEP translator 7.5 1.5.1.1','',(#9665));
#9665 = PRODUCT_CONTEXT('',#2,'mechanical');
#9666 = PRODUCT_DEFINITION_CONTEXT('part definition',#2,'design');
#9667 = CONTEXT_DEPENDENT_SHAPE_REPRESENTATION(#9668,#9670);
#9668 = ( REPRESENTATION_RELATIONSHIP('','',#4355,#4341) 
REPRESENTATION_RELATIONSHIP_WITH_TRANSFORMATION(#9669) 
SHAPE_REPRESENTATION_RELATIONSHIP() );
#9669 = ITEM_DEFINED_TRANSFORMATION('','',#11,#4342);
#9670 = PRODUCT_DEFINITION_SHAPE('Placement','Placement of an item',
  #9671);
#9671 = NEXT_ASSEMBLY_USAGE_OCCURRENCE('14','','',#4336,#9662,$);
#9672 = PRODUCT_RELATED_PRODUCT_CATEGORY('part',$,(#9664));
#9673 = SHAPE_REPRESENTATION('',(#11,#9674,#9691,#9708,#9725,#9742),
  #9759);
#9674 = GEOMETRIC_CURVE_SET('',(#9675,#9683));
#9675 = TRIMMED_CURVE('',#9676,(#9681,PARAMETER_VALUE(0.)),(#9682,
    PARAMETER_VALUE(3.141592653589)),.T.,.PARAMETER.);
#9676 = CIRCLE('',#9677,0.65);
#9677 = AXIS2_PLACEMENT_3D('',#9678,#9679,#9680);
#9678 = CARTESIAN_POINT('',(0.,1.34,-4.83));
#9679 = DIRECTION('',(0.,0.,-1.));
#9680 = DIRECTION('',(-1.,0.,0.));
#9681 = CARTESIAN_POINT('',(-0.65,1.34,-4.83));
#9682 = CARTESIAN_POINT('',(0.65,1.34,-4.83));
#9683 = TRIMMED_CURVE('',#9684,(#9689,PARAMETER_VALUE(0.)),(#9690,
    PARAMETER_VALUE(3.141592653589)),.T.,.PARAMETER.);
#9684 = CIRCLE('',#9685,0.65);
#9685 = AXIS2_PLACEMENT_3D('',#9686,#9687,#9688);
#9686 = CARTESIAN_POINT('',(0.,1.34,-4.83));
#9687 = DIRECTION('',(0.,0.,-1.));
#9688 = DIRECTION('',(1.,0.,0.));
#9689 = CARTESIAN_POINT('',(0.65,1.34,-4.83));
#9690 = CARTESIAN_POINT('',(-0.65,1.34,-4.83));
#9691 = GEOMETRIC_CURVE_SET('',(#9692,#9700));
#9692 = TRIMMED_CURVE('',#9693,(#9698,PARAMETER_VALUE(0.)),(#9699,
    PARAMETER_VALUE(3.141592653589)),.T.,.PARAMETER.);
#9693 = CIRCLE('',#9694,0.6);
#9694 = AXIS2_PLACEMENT_3D('',#9695,#9696,#9697);
#9695 = CARTESIAN_POINT('',(3.75,0.,-4.83));
#9696 = DIRECTION('',(0.,0.,-1.));
#9697 = DIRECTION('',(-1.,0.,0.));
#9698 = CARTESIAN_POINT('',(3.15,-1.780276947119E-13,-4.83));
#9699 = CARTESIAN_POINT('',(4.35,1.780276947119E-13,-4.83));
#9700 = TRIMMED_CURVE('',#9701,(#9706,PARAMETER_VALUE(0.)),(#9707,
    PARAMETER_VALUE(3.141592653589)),.T.,.PARAMETER.);
#9701 = CIRCLE('',#9702,0.6);
#9702 = AXIS2_PLACEMENT_3D('',#9703,#9704,#9705);
#9703 = CARTESIAN_POINT('',(3.75,0.,-4.83));
#9704 = DIRECTION('',(0.,0.,-1.));
#9705 = DIRECTION('',(1.,0.,0.));
#9706 = CARTESIAN_POINT('',(4.35,1.780276947119E-13,-4.83));
#9707 = CARTESIAN_POINT('',(3.15,-1.780276947119E-13,-4.83));
#9708 = GEOMETRIC_CURVE_SET('',(#9709,#9717));
#9709 = TRIMMED_CURVE('',#9710,(#9715,PARAMETER_VALUE(0.)),(#9716,
    PARAMETER_VALUE(3.141592653589)),.T.,.PARAMETER.);
#9710 = CIRCLE('',#9711,0.6);
#9711 = AXIS2_PLACEMENT_3D('',#9712,#9713,#9714);
#9712 = CARTESIAN_POINT('',(1.25,0.,-4.83));
#9713 = DIRECTION('',(0.,0.,-1.));
#9714 = DIRECTION('',(-1.,0.,0.));
#9715 = CARTESIAN_POINT('',(0.65,-1.780276947119E-13,-4.83));
#9716 = CARTESIAN_POINT('',(1.85,1.780276947119E-13,-4.83));
#9717 = TRIMMED_CURVE('',#9718,(#9723,PARAMETER_VALUE(0.)),(#9724,
    PARAMETER_VALUE(3.141592653589)),.T.,.PARAMETER.);
#9718 = CIRCLE('',#9719,0.6);
#9719 = AXIS2_PLACEMENT_3D('',#9720,#9721,#9722);
#9720 = CARTESIAN_POINT('',(1.25,0.,-4.83));
#9721 = DIRECTION('',(0.,0.,-1.));
#9722 = DIRECTION('',(1.,0.,0.));
#9723 = CARTESIAN_POINT('',(1.85,1.780276947119E-13,-4.83));
#9724 = CARTESIAN_POINT('',(0.65,-1.780276947119E-13,-4.83));
#9725 = GEOMETRIC_CURVE_SET('',(#9726,#9734));
#9726 = TRIMMED_CURVE('',#9727,(#9732,PARAMETER_VALUE(0.)),(#9733,
    PARAMETER_VALUE(3.141592653589)),.T.,.PARAMETER.);
#9727 = CIRCLE('',#9728,0.6);
#9728 = AXIS2_PLACEMENT_3D('',#9729,#9730,#9731);
#9729 = CARTESIAN_POINT('',(-1.25,0.,-4.83));
#9730 = DIRECTION('',(0.,0.,-1.));
#9731 = DIRECTION('',(-1.,0.,0.));
#9732 = CARTESIAN_POINT('',(-1.85,-1.780276947119E-13,-4.83));
#9733 = CARTESIAN_POINT('',(-0.65,1.780276947119E-13,-4.83));
#9734 = TRIMMED_CURVE('',#9735,(#9740,PARAMETER_VALUE(0.)),(#9741,
    PARAMETER_VALUE(3.141592653589)),.T.,.PARAMETER.);
#9735 = CIRCLE('',#9736,0.6);
#9736 = AXIS2_PLACEMENT_3D('',#9737,#9738,#9739);
#9737 = CARTESIAN_POINT('',(-1.25,0.,-4.83));
#9738 = DIRECTION('',(0.,0.,-1.));
#9739 = DIRECTION('',(1.,0.,0.));
#9740 = CARTESIAN_POINT('',(-0.65,1.780276947119E-13,-4.83));
#9741 = CARTESIAN_POINT('',(-1.85,-1.780276947119E-13,-4.83));
#9742 = GEOMETRIC_CURVE_SET('',(#9743,#9751));
#9743 = TRIMMED_CURVE('',#9744,(#9749,PARAMETER_VALUE(0.)),(#9750,
    PARAMETER_VALUE(3.141592653589)),.T.,.PARAMETER.);
#9744 = CIRCLE('',#9745,0.6);
#9745 = AXIS2_PLACEMENT_3D('',#9746,#9747,#9748);
#9746 = CARTESIAN_POINT('',(-3.75,0.,-4.83));
#9747 = DIRECTION('',(0.,0.,-1.));
#9748 = DIRECTION('',(-1.,0.,0.));
#9749 = CARTESIAN_POINT('',(-4.35,-1.780276947119E-13,-4.83));
#9750 = CARTESIAN_POINT('',(-3.15,1.780276947119E-13,-4.83));
#9751 = TRIMMED_CURVE('',#9752,(#9757,PARAMETER_VALUE(0.)),(#9758,
    PARAMETER_VALUE(3.141592653589)),.T.,.PARAMETER.);
#9752 = CIRCLE('',#9753,0.6);
#9753 = AXIS2_PLACEMENT_3D('',#9754,#9755,#9756);
#9754 = CARTESIAN_POINT('',(-3.75,0.,-4.83));
#9755 = DIRECTION('',(0.,0.,-1.));
#9756 = DIRECTION('',(1.,0.,0.));
#9757 = CARTESIAN_POINT('',(-3.15,1.780276947119E-13,-4.83));
#9758 = CARTESIAN_POINT('',(-4.35,-1.780276947119E-13,-4.83));
#9759 = ( GEOMETRIC_REPRESENTATION_CONTEXT(3) 
GLOBAL_UNCERTAINTY_ASSIGNED_CONTEXT((#9763)) 
GLOBAL_UNIT_ASSIGNED_CONTEXT((#9760,#9761,#9762)) REPRESENTATION_CONTEXT
('Context #1','3D Context with UNIT and UNCERTAINTY') );
#9760 = ( LENGTH_UNIT() NAMED_UNIT(*) SI_UNIT(.MILLI.,.METRE.) );
#9761 = ( NAMED_UNIT(*) PLANE_ANGLE_UNIT() SI_UNIT($,.RADIAN.) );
#9762 = ( NAMED_UNIT(*) SI_UNIT($,.STERADIAN.) SOLID_ANGLE_UNIT() );
#9763 = UNCERTAINTY_MEASURE_WITH_UNIT(LENGTH_MEASURE(1.E-07),#9760,
  'distance_accuracy_value','confusion accuracy');
#9764 = SHAPE_DEFINITION_REPRESENTATION(#9765,#9673);
#9765 = PRODUCT_DEFINITION_SHAPE('','',#9766);
#9766 = PRODUCT_DEFINITION('design','',#9767,#9770);
#9767 = PRODUCT_DEFINITION_FORMATION('','',#9768);
#9768 = PRODUCT('Open CASCADE STEP translator 7.5 1.5.1.2',
  'Open CASCADE STEP translator 7.5 1.5.1.2','',(#9769));
#9769 = PRODUCT_CONTEXT('',#2,'mechanical');
#9770 = PRODUCT_DEFINITION_CONTEXT('part definition',#2,'design');
#9771 = CONTEXT_DEPENDENT_SHAPE_REPRESENTATION(#9772,#9774);
#9772 = ( REPRESENTATION_RELATIONSHIP('','',#9673,#4341) 
REPRESENTATION_RELATIONSHIP_WITH_TRANSFORMATION(#9773) 
SHAPE_REPRESENTATION_RELATIONSHIP() );
#9773 = ITEM_DEFINED_TRANSFORMATION('','',#11,#4346);
#9774 = PRODUCT_DEFINITION_SHAPE('Placement','Placement of an item',
  #9775);
#9775 = NEXT_ASSEMBLY_USAGE_OCCURRENCE('15','','',#4336,#9766,$);
#9776 = PRODUCT_RELATED_PRODUCT_CATEGORY('part',$,(#9768));
#9777 = CONTEXT_DEPENDENT_SHAPE_REPRESENTATION(#9778,#9780);
#9778 = ( REPRESENTATION_RELATIONSHIP('','',#4341,#4324) 
REPRESENTATION_RELATIONSHIP_WITH_TRANSFORMATION(#9779) 
SHAPE_REPRESENTATION_RELATIONSHIP() );
#9779 = ITEM_DEFINED_TRANSFORMATION('','',#11,#4325);
#9780 = PRODUCT_DEFINITION_SHAPE('Placement','Placement of an item',
  #9781);
#9781 = NEXT_ASSEMBLY_USAGE_OCCURRENCE('16','','',#4319,#4336,$);
#9782 = PRODUCT_RELATED_PRODUCT_CATEGORY('part',$,(#4338));
#9783 = CONTEXT_DEPENDENT_SHAPE_REPRESENTATION(#9784,#9786);
#9784 = ( REPRESENTATION_RELATIONSHIP('','',#4324,#10) 
REPRESENTATION_RELATIONSHIP_WITH_TRANSFORMATION(#9785) 
SHAPE_REPRESENTATION_RELATIONSHIP() );
#9785 = ITEM_DEFINED_TRANSFORMATION('','',#11,#31);
#9786 = PRODUCT_DEFINITION_SHAPE('Placement','Placement of an item',
  #9787);
#9787 = NEXT_ASSEMBLY_USAGE_OCCURRENCE('17','','',#5,#4319,$);
#9788 = PRODUCT_RELATED_PRODUCT_CATEGORY('part',$,(#4321));
#9789 = SHAPE_DEFINITION_REPRESENTATION(#9790,#9796);
#9790 = PRODUCT_DEFINITION_SHAPE('','',#9791);
#9791 = PRODUCT_DEFINITION('design','',#9792,#9795);
#9792 = PRODUCT_DEFINITION_FORMATION('','',#9793);
#9793 = PRODUCT('Free-Models','Free-Models','',(#9794));
#9794 = PRODUCT_CONTEXT('',#2,'mechanical');
#9795 = PRODUCT_DEFINITION_CONTEXT('part definition',#2,'design');
#9796 = SHAPE_REPRESENTATION('',(#11,#9797),#9801);
#9797 = AXIS2_PLACEMENT_3D('',#9798,#9799,#9800);
#9798 = CARTESIAN_POINT('',(25.000001525879,60.000001525879,0.));
#9799 = DIRECTION('',(0.,-1.,-4.371140912996E-08));
#9800 = DIRECTION('',(1.,0.,0.));
#9801 = ( GEOMETRIC_REPRESENTATION_CONTEXT(3) 
GLOBAL_UNCERTAINTY_ASSIGNED_CONTEXT((#9805)) 
GLOBAL_UNIT_ASSIGNED_CONTEXT((#9802,#9803,#9804)) REPRESENTATION_CONTEXT
('Context #1','3D Context with UNIT and UNCERTAINTY') );
#9802 = ( LENGTH_UNIT() NAMED_UNIT(*) SI_UNIT(.MILLI.,.METRE.) );
#9803 = ( NAMED_UNIT(*) PLANE_ANGLE_UNIT() SI_UNIT($,.RADIAN.) );
#9804 = ( NAMED_UNIT(*) SI_UNIT($,.STERADIAN.) SOLID_ANGLE_UNIT() );
#9805 = UNCERTAINTY_MEASURE_WITH_UNIT(LENGTH_MEASURE(5.E-05),#9802,
  'distance_accuracy_value','confusion accuracy');
#9806 = ADVANCED_BREP_SHAPE_REPRESENTATION('',(#11,#9807),#11483);
#9807 = MANIFOLD_SOLID_BREP('',#9808);
#9808 = CLOSED_SHELL('',(#9809,#9851,#9893,#9935,#9977,#10019,#10061,
    #10119,#10177,#10261,#10301,#10389,#10420,#10509,#10533,#10681,
    #10770,#10827,#10858,#10882,#10900,#10922,#10982,#11071,#11128,
    #11161,#11185,#11203,#11225,#11243,#11265,#11283,#11305,#11322,
    #11341,#11363,#11375,#11387,#11399,#11411,#11423,#11435,#11447,
    #11459,#11471));
#9809 = ADVANCED_FACE('',(#9810),#9846,.F.);
#9810 = FACE_BOUND('',#9811,.F.);
#9811 = EDGE_LOOP('',(#9812,#9822,#9831,#9839));
#9812 = ORIENTED_EDGE('',*,*,#9813,.T.);
#9813 = EDGE_CURVE('',#9814,#9816,#9818,.T.);
#9814 = VERTEX_POINT('',#9815);
#9815 = CARTESIAN_POINT('',(-20.725,-2.580401170516E-15,49.));
#9816 = VERTEX_POINT('',#9817);
#9817 = CARTESIAN_POINT('',(-20.725,5.,49.));
#9818 = LINE('',#9819,#9820);
#9819 = CARTESIAN_POINT('',(-20.725,-2.580401170515E-15,49.));
#9820 = VECTOR('',#9821,1.);
#9821 = DIRECTION('',(4.336808689942E-16,1.,-0.));
#9822 = ORIENTED_EDGE('',*,*,#9823,.F.);
#9823 = EDGE_CURVE('',#9824,#9816,#9826,.T.);
#9824 = VERTEX_POINT('',#9825);
#9825 = CARTESIAN_POINT('',(-16.625,5.,49.));
#9826 = CIRCLE('',#9827,2.05);
#9827 = AXIS2_PLACEMENT_3D('',#9828,#9829,#9830);
#9828 = CARTESIAN_POINT('',(-18.675,5.,49.));
#9829 = DIRECTION('',(0.,1.,0.));
#9830 = DIRECTION('',(0.,-0.,1.));
#9831 = ORIENTED_EDGE('',*,*,#9832,.F.);
#9832 = EDGE_CURVE('',#9833,#9824,#9835,.T.);
#9833 = VERTEX_POINT('',#9834);
#9834 = CARTESIAN_POINT('',(-16.625,-4.358492733392E-15,49.));
#9835 = LINE('',#9836,#9837);
#9836 = CARTESIAN_POINT('',(-16.625,-4.358492733392E-15,49.));
#9837 = VECTOR('',#9838,1.);
#9838 = DIRECTION('',(4.336808689942E-16,1.,-0.));
#9839 = ORIENTED_EDGE('',*,*,#9840,.T.);
#9840 = EDGE_CURVE('',#9833,#9814,#9841,.T.);
#9841 = CIRCLE('',#9842,2.05);
#9842 = AXIS2_PLACEMENT_3D('',#9843,#9844,#9845);
#9843 = CARTESIAN_POINT('',(-18.675,-3.469446951954E-15,49.));
#9844 = DIRECTION('',(4.336808689942E-16,1.,0.));
#9845 = DIRECTION('',(-1.,4.336808689942E-16,0.));
#9846 = CYLINDRICAL_SURFACE('',#9847,2.05);
#9847 = AXIS2_PLACEMENT_3D('',#9848,#9849,#9850);
#9848 = CARTESIAN_POINT('',(-18.675,-3.469446951954E-15,49.));
#9849 = DIRECTION('',(4.336808689942E-16,1.,-0.));
#9850 = DIRECTION('',(-1.,4.336808689942E-16,0.));
#9851 = ADVANCED_FACE('',(#9852),#9888,.F.);
#9852 = FACE_BOUND('',#9853,.F.);
#9853 = EDGE_LOOP('',(#9854,#9864,#9873,#9881));
#9854 = ORIENTED_EDGE('',*,*,#9855,.T.);
#9855 = EDGE_CURVE('',#9856,#9858,#9860,.T.);
#9856 = VERTEX_POINT('',#9857);
#9857 = CARTESIAN_POINT('',(-20.725,-2.580401170516E-15,-49.));
#9858 = VERTEX_POINT('',#9859);
#9859 = CARTESIAN_POINT('',(-20.725,5.,-49.));
#9860 = LINE('',#9861,#9862);
#9861 = CARTESIAN_POINT('',(-20.725,-2.580401170515E-15,-49.));
#9862 = VECTOR('',#9863,1.);
#9863 = DIRECTION('',(4.336808689942E-16,1.,-0.));
#9864 = ORIENTED_EDGE('',*,*,#9865,.F.);
#9865 = EDGE_CURVE('',#9866,#9858,#9868,.T.);
#9866 = VERTEX_POINT('',#9867);
#9867 = CARTESIAN_POINT('',(-16.625,5.,-49.));
#9868 = CIRCLE('',#9869,2.05);
#9869 = AXIS2_PLACEMENT_3D('',#9870,#9871,#9872);
#9870 = CARTESIAN_POINT('',(-18.675,5.,-49.));
#9871 = DIRECTION('',(0.,1.,0.));
#9872 = DIRECTION('',(0.,-0.,1.));
#9873 = ORIENTED_EDGE('',*,*,#9874,.F.);
#9874 = EDGE_CURVE('',#9875,#9866,#9877,.T.);
#9875 = VERTEX_POINT('',#9876);
#9876 = CARTESIAN_POINT('',(-16.625,-4.358492733392E-15,-49.));
#9877 = LINE('',#9878,#9879);
#9878 = CARTESIAN_POINT('',(-16.625,-4.358492733392E-15,-49.));
#9879 = VECTOR('',#9880,1.);
#9880 = DIRECTION('',(4.336808689942E-16,1.,-0.));
#9881 = ORIENTED_EDGE('',*,*,#9882,.T.);
#9882 = EDGE_CURVE('',#9875,#9856,#9883,.T.);
#9883 = CIRCLE('',#9884,2.05);
#9884 = AXIS2_PLACEMENT_3D('',#9885,#9886,#9887);
#9885 = CARTESIAN_POINT('',(-18.675,-3.469446951954E-15,-49.));
#9886 = DIRECTION('',(4.336808689942E-16,1.,0.));
#9887 = DIRECTION('',(-1.,4.336808689942E-16,0.));
#9888 = CYLINDRICAL_SURFACE('',#9889,2.05);
#9889 = AXIS2_PLACEMENT_3D('',#9890,#9891,#9892);
#9890 = CARTESIAN_POINT('',(-18.675,-3.469446951954E-15,-49.));
#9891 = DIRECTION('',(4.336808689942E-16,1.,-0.));
#9892 = DIRECTION('',(-1.,4.336808689942E-16,0.));
#9893 = ADVANCED_FACE('',(#9894),#9930,.F.);
#9894 = FACE_BOUND('',#9895,.F.);
#9895 = EDGE_LOOP('',(#9896,#9906,#9915,#9923));
#9896 = ORIENTED_EDGE('',*,*,#9897,.T.);
#9897 = EDGE_CURVE('',#9898,#9900,#9902,.T.);
#9898 = VERTEX_POINT('',#9899);
#9899 = CARTESIAN_POINT('',(16.625,-1.992763593028E-14,49.));
#9900 = VERTEX_POINT('',#9901);
#9901 = CARTESIAN_POINT('',(16.625,5.,49.));
#9902 = LINE('',#9903,#9904);
#9903 = CARTESIAN_POINT('',(16.625,-1.992763593028E-14,49.));
#9904 = VECTOR('',#9905,1.);
#9905 = DIRECTION('',(4.336808689942E-16,1.,-0.));
#9906 = ORIENTED_EDGE('',*,*,#9907,.F.);
#9907 = EDGE_CURVE('',#9908,#9900,#9910,.T.);
#9908 = VERTEX_POINT('',#9909);
#9909 = CARTESIAN_POINT('',(20.725,5.,49.));
#9910 = CIRCLE('',#9911,2.05);
#9911 = AXIS2_PLACEMENT_3D('',#9912,#9913,#9914);
#9912 = CARTESIAN_POINT('',(18.675,5.,49.));
#9913 = DIRECTION('',(0.,1.,0.));
#9914 = DIRECTION('',(0.,-0.,1.));
#9915 = ORIENTED_EDGE('',*,*,#9916,.F.);
#9916 = EDGE_CURVE('',#9917,#9908,#9919,.T.);
#9917 = VERTEX_POINT('',#9918);
#9918 = CARTESIAN_POINT('',(20.725,-2.170572749316E-14,49.));
#9919 = LINE('',#9920,#9921);
#9920 = CARTESIAN_POINT('',(20.725,-2.170572749316E-14,49.));
#9921 = VECTOR('',#9922,1.);
#9922 = DIRECTION('',(4.336808689942E-16,1.,-0.));
#9923 = ORIENTED_EDGE('',*,*,#9924,.T.);
#9924 = EDGE_CURVE('',#9917,#9898,#9925,.T.);
#9925 = CIRCLE('',#9926,2.05);
#9926 = AXIS2_PLACEMENT_3D('',#9927,#9928,#9929);
#9927 = CARTESIAN_POINT('',(18.675,-2.081668171172E-14,49.));
#9928 = DIRECTION('',(4.336808689942E-16,1.,0.));
#9929 = DIRECTION('',(-1.,4.336808689942E-16,0.));
#9930 = CYLINDRICAL_SURFACE('',#9931,2.05);
#9931 = AXIS2_PLACEMENT_3D('',#9932,#9933,#9934);
#9932 = CARTESIAN_POINT('',(18.675,-2.081668171172E-14,49.));
#9933 = DIRECTION('',(4.336808689942E-16,1.,-0.));
#9934 = DIRECTION('',(-1.,4.336808689942E-16,0.));
#9935 = ADVANCED_FACE('',(#9936),#9972,.F.);
#9936 = FACE_BOUND('',#9937,.F.);
#9937 = EDGE_LOOP('',(#9938,#9948,#9957,#9965));
#9938 = ORIENTED_EDGE('',*,*,#9939,.T.);
#9939 = EDGE_CURVE('',#9940,#9942,#9944,.T.);
#9940 = VERTEX_POINT('',#9941);
#9941 = CARTESIAN_POINT('',(16.625,-1.992763593028E-14,-49.));
#9942 = VERTEX_POINT('',#9943);
#9943 = CARTESIAN_POINT('',(16.625,5.,-49.));
#9944 = LINE('',#9945,#9946);
#9945 = CARTESIAN_POINT('',(16.625,-1.992763593028E-14,-49.));
#9946 = VECTOR('',#9947,1.);
#9947 = DIRECTION('',(4.336808689942E-16,1.,-0.));
#9948 = ORIENTED_EDGE('',*,*,#9949,.F.);
#9949 = EDGE_CURVE('',#9950,#9942,#9952,.T.);
#9950 = VERTEX_POINT('',#9951);
#9951 = CARTESIAN_POINT('',(20.725,5.,-49.));
#9952 = CIRCLE('',#9953,2.05);
#9953 = AXIS2_PLACEMENT_3D('',#9954,#9955,#9956);
#9954 = CARTESIAN_POINT('',(18.675,5.,-49.));
#9955 = DIRECTION('',(0.,1.,0.));
#9956 = DIRECTION('',(0.,-0.,1.));
#9957 = ORIENTED_EDGE('',*,*,#9958,.F.);
#9958 = EDGE_CURVE('',#9959,#9950,#9961,.T.);
#9959 = VERTEX_POINT('',#9960);
#9960 = CARTESIAN_POINT('',(20.725,-2.170572749316E-14,-49.));
#9961 = LINE('',#9962,#9963);
#9962 = CARTESIAN_POINT('',(20.725,-2.170572749316E-14,-49.));
#9963 = VECTOR('',#9964,1.);
#9964 = DIRECTION('',(4.336808689942E-16,1.,-0.));
#9965 = ORIENTED_EDGE('',*,*,#9966,.T.);
#9966 = EDGE_CURVE('',#9959,#9940,#9967,.T.);
#9967 = CIRCLE('',#9968,2.05);
#9968 = AXIS2_PLACEMENT_3D('',#9969,#9970,#9971);
#9969 = CARTESIAN_POINT('',(18.675,-2.081668171172E-14,-49.));
#9970 = DIRECTION('',(4.336808689942E-16,1.,0.));
#9971 = DIRECTION('',(-1.,4.336808689942E-16,0.));
#9972 = CYLINDRICAL_SURFACE('',#9973,2.05);
#9973 = AXIS2_PLACEMENT_3D('',#9974,#9975,#9976);
#9974 = CARTESIAN_POINT('',(18.675,-2.081668171172E-14,-49.));
#9975 = DIRECTION('',(4.336808689942E-16,1.,-0.));
#9976 = DIRECTION('',(-1.,4.336808689942E-16,0.));
#9977 = ADVANCED_FACE('',(#9978),#10014,.F.);
#9978 = FACE_BOUND('',#9979,.F.);
#9979 = EDGE_LOOP('',(#9980,#9990,#9999,#10007));
#9980 = ORIENTED_EDGE('',*,*,#9981,.T.);
#9981 = EDGE_CURVE('',#9982,#9984,#9986,.T.);
#9982 = VERTEX_POINT('',#9983);
#9983 = CARTESIAN_POINT('',(4.05,11.255192396198,45.));
#9984 = VERTEX_POINT('',#9985);
#9985 = CARTESIAN_POINT('',(4.05,11.255192396198,53.));
#9986 = LINE('',#9987,#9988);
#9987 = CARTESIAN_POINT('',(4.05,11.255192396198,-53.));
#9988 = VECTOR('',#9989,1.);
#9989 = DIRECTION('',(-0.,-0.,1.));
#9990 = ORIENTED_EDGE('',*,*,#9991,.F.);
#9991 = EDGE_CURVE('',#9992,#9984,#9994,.T.);
#9992 = VERTEX_POINT('',#9993);
#9993 = CARTESIAN_POINT('',(-4.05,11.255192396198,53.));
#9994 = CIRCLE('',#9995,4.05);
#9995 = AXIS2_PLACEMENT_3D('',#9996,#9997,#9998);
#9996 = CARTESIAN_POINT('',(0.,11.255192396198,53.));
#9997 = DIRECTION('',(0.,0.,1.));
#9998 = DIRECTION('',(1.,0.,-0.));
#9999 = ORIENTED_EDGE('',*,*,#10000,.F.);
#10000 = EDGE_CURVE('',#10001,#9992,#10003,.T.);
#10001 = VERTEX_POINT('',#10002);
#10002 = CARTESIAN_POINT('',(-4.05,11.255192396198,45.));
#10003 = LINE('',#10004,#10005);
#10004 = CARTESIAN_POINT('',(-4.05,11.255192396198,-53.));
#10005 = VECTOR('',#10006,1.);
#10006 = DIRECTION('',(-0.,-0.,1.));
#10007 = ORIENTED_EDGE('',*,*,#10008,.T.);
#10008 = EDGE_CURVE('',#10001,#9982,#10009,.T.);
#10009 = CIRCLE('',#10010,4.05);
#10010 = AXIS2_PLACEMENT_3D('',#10011,#10012,#10013);
#10011 = CARTESIAN_POINT('',(0.,11.255192396198,45.));
#10012 = DIRECTION('',(0.,0.,1.));
#10013 = DIRECTION('',(1.,0.,-0.));
#10014 = CYLINDRICAL_SURFACE('',#10015,4.05);
#10015 = AXIS2_PLACEMENT_3D('',#10016,#10017,#10018);
#10016 = CARTESIAN_POINT('',(0.,11.255192396198,-53.));
#10017 = DIRECTION('',(-0.,-0.,1.));
#10018 = DIRECTION('',(1.,0.,0.));
#10019 = ADVANCED_FACE('',(#10020),#10056,.F.);
#10020 = FACE_BOUND('',#10021,.F.);
#10021 = EDGE_LOOP('',(#10022,#10032,#10041,#10049));
#10022 = ORIENTED_EDGE('',*,*,#10023,.T.);
#10023 = EDGE_CURVE('',#10024,#10026,#10028,.T.);
#10024 = VERTEX_POINT('',#10025);
#10025 = CARTESIAN_POINT('',(4.05,11.255192396198,-53.));
#10026 = VERTEX_POINT('',#10027);
#10027 = CARTESIAN_POINT('',(4.05,11.255192396198,-45.));
#10028 = LINE('',#10029,#10030);
#10029 = CARTESIAN_POINT('',(4.05,11.255192396198,-53.));
#10030 = VECTOR('',#10031,1.);
#10031 = DIRECTION('',(-0.,-0.,1.));
#10032 = ORIENTED_EDGE('',*,*,#10033,.T.);
#10033 = EDGE_CURVE('',#10026,#10034,#10036,.T.);
#10034 = VERTEX_POINT('',#10035);
#10035 = CARTESIAN_POINT('',(-4.05,11.255192396198,-45.));
#10036 = CIRCLE('',#10037,4.05);
#10037 = AXIS2_PLACEMENT_3D('',#10038,#10039,#10040);
#10038 = CARTESIAN_POINT('',(0.,11.255192396198,-45.));
#10039 = DIRECTION('',(0.,0.,-1.));
#10040 = DIRECTION('',(-1.,0.,0.));
#10041 = ORIENTED_EDGE('',*,*,#10042,.F.);
#10042 = EDGE_CURVE('',#10043,#10034,#10045,.T.);
#10043 = VERTEX_POINT('',#10044);
#10044 = CARTESIAN_POINT('',(-4.05,11.255192396198,-53.));
#10045 = LINE('',#10046,#10047);
#10046 = CARTESIAN_POINT('',(-4.05,11.255192396198,-53.));
#10047 = VECTOR('',#10048,1.);
#10048 = DIRECTION('',(-0.,-0.,1.));
#10049 = ORIENTED_EDGE('',*,*,#10050,.T.);
#10050 = EDGE_CURVE('',#10043,#10024,#10051,.T.);
#10051 = CIRCLE('',#10052,4.05);
#10052 = AXIS2_PLACEMENT_3D('',#10053,#10054,#10055);
#10053 = CARTESIAN_POINT('',(0.,11.255192396198,-53.));
#10054 = DIRECTION('',(0.,0.,1.));
#10055 = DIRECTION('',(1.,0.,-0.));
#10056 = CYLINDRICAL_SURFACE('',#10057,4.05);
#10057 = AXIS2_PLACEMENT_3D('',#10058,#10059,#10060);
#10058 = CARTESIAN_POINT('',(0.,11.255192396198,-53.));
#10059 = DIRECTION('',(-0.,-0.,1.));
#10060 = DIRECTION('',(1.,0.,0.));
#10061 = ADVANCED_FACE('',(#10062),#10114,.F.);
#10062 = FACE_BOUND('',#10063,.F.);
#10063 = EDGE_LOOP('',(#10064,#10099,#10107));
#10064 = ORIENTED_EDGE('',*,*,#10065,.F.);
#10065 = EDGE_CURVE('',#10066,#10068,#10070,.T.);
#10066 = VERTEX_POINT('',#10067);
#10067 = CARTESIAN_POINT('',(10.675,11.255192396198,-35.));
#10068 = VERTEX_POINT('',#10069);
#10069 = CARTESIAN_POINT('',(3.735722821624,21.255192396198,-45.));
#10070 = B_SPLINE_CURVE_WITH_KNOTS('',3,(#10071,#10072,#10073,#10074,
    #10075,#10076,#10077,#10078,#10079,#10080,#10081,#10082,#10083,
    #10084,#10085,#10086,#10087,#10088,#10089,#10090,#10091,#10092,
    #10093,#10094,#10095,#10096,#10097,#10098),.UNSPECIFIED.,.F.,.F.,(4,
    2,2,2,2,2,2,2,2,2,2,2,2,4),(7.152448122691E-18,2.308799447227E-03,
    3.46319917084E-03,4.617598894453E-03,5.771998618067E-03,
    6.92639834168E-03,9.235197788907E-03,1.038959751252E-02,
    1.154399723613E-02,1.269839695975E-02,1.385279668336E-02,
    1.500719640697E-02,1.616159613059E-02,1.847039557781E-02),
  .UNSPECIFIED.);
#10071 = CARTESIAN_POINT('',(10.675,11.255192396198,-35.));
#10072 = CARTESIAN_POINT('',(10.675,11.255192396198,-35.78051129051));
#10073 = CARTESIAN_POINT('',(10.676089191431,11.345337185542,
    -36.54579904767));
#10074 = CARTESIAN_POINT('',(10.669437107468,11.610976300254,
    -37.67166186908));
#10075 = CARTESIAN_POINT('',(10.665617855092,11.721999715677,
    -38.0446376623));
#10076 = CARTESIAN_POINT('',(10.650677427364,11.98757456598,
    -38.77661765759));
#10077 = CARTESIAN_POINT('',(10.639639838945,12.140391284124,
    -39.13136493554));
#10078 = CARTESIAN_POINT('',(10.605396195906,12.484454167141,
    -39.81891341078));
#10079 = CARTESIAN_POINT('',(10.582205512508,12.675706673218,
    -40.15171221125));
#10080 = CARTESIAN_POINT('',(10.517166092707,13.09642885537,
    -40.79502299074));
#10081 = CARTESIAN_POINT('',(10.474919836388,13.327727331986,
    -41.10764910065));
#10082 = CARTESIAN_POINT('',(10.310412204416,14.066937713664,
    -41.99437732348));
#10083 = CARTESIAN_POINT('',(10.152898939571,14.612586135681,
    -42.51121347586));
#10084 = CARTESIAN_POINT('',(9.803394794811,15.491763137591,
    -43.18037405221));
#10085 = CARTESIAN_POINT('',(9.666337634844,15.797692782969,
    -43.38700818778));
#10086 = CARTESIAN_POINT('',(9.356029280515,16.406610563729,
    -43.75314015563));
#10087 = CARTESIAN_POINT('',(9.182564950815,16.710885971911,
    -43.91405465904));
#10088 = CARTESIAN_POINT('',(8.795938015488,17.314529480047,
    -44.19686180843));
#10089 = CARTESIAN_POINT('',(8.58278829719,17.61391412651,
    -44.31873726234));
#10090 = CARTESIAN_POINT('',(8.113104538355,18.203223178201,
    -44.52802474253));
#10091 = CARTESIAN_POINT('',(7.861898893311,18.486422993473,
    -44.61311287338));
#10092 = CARTESIAN_POINT('',(7.327588661361,19.027360341469,
    -44.75268103947));
#10093 = CARTESIAN_POINT('',(7.044399094151,19.285219400744,
    -44.80717224707));
#10094 = CARTESIAN_POINT('',(6.445481113772,19.773447235273,
    -44.8927171376));
#10095 = CARTESIAN_POINT('',(6.129724089587,20.003417316807,
    -44.92359356738));
#10096 = CARTESIAN_POINT('',(5.156844966834,20.633886425335,
    -44.98962358904));
#10097 = CARTESIAN_POINT('',(4.46710360089,20.981968809358,-45.));
#10098 = CARTESIAN_POINT('',(3.735722821624,21.255192396198,-45.));
#10099 = ORIENTED_EDGE('',*,*,#10100,.F.);
#10100 = EDGE_CURVE('',#10101,#10066,#10103,.T.);
#10101 = VERTEX_POINT('',#10102);
#10102 = CARTESIAN_POINT('',(10.675,11.255192396198,-45.));
#10103 = LINE('',#10104,#10105);
#10104 = CARTESIAN_POINT('',(10.675,11.255192396198,-45.));
#10105 = VECTOR('',#10106,1.);
#10106 = DIRECTION('',(0.,0.,1.));
#10107 = ORIENTED_EDGE('',*,*,#10108,.T.);
#10108 = EDGE_CURVE('',#10101,#10068,#10109,.T.);
#10109 = CIRCLE('',#10110,10.675);
#10110 = AXIS2_PLACEMENT_3D('',#10111,#10112,#10113);
#10111 = CARTESIAN_POINT('',(0.,11.255192396198,-45.));
#10112 = DIRECTION('',(0.,0.,1.));
#10113 = DIRECTION('',(1.,0.,-0.));
#10114 = CYLINDRICAL_SURFACE('',#10115,10.675);
#10115 = AXIS2_PLACEMENT_3D('',#10116,#10117,#10118);
#10116 = CARTESIAN_POINT('',(0.,11.255192396198,-45.));
#10117 = DIRECTION('',(0.,0.,1.));
#10118 = DIRECTION('',(1.,0.,-0.));
#10119 = ADVANCED_FACE('',(#10120),#10172,.F.);
#10120 = FACE_BOUND('',#10121,.F.);
#10121 = EDGE_LOOP('',(#10122,#10133,#10141));
#10122 = ORIENTED_EDGE('',*,*,#10123,.F.);
#10123 = EDGE_CURVE('',#10124,#10126,#10128,.T.);
#10124 = VERTEX_POINT('',#10125);
#10125 = CARTESIAN_POINT('',(10.675,11.255192396198,45.));
#10126 = VERTEX_POINT('',#10127);
#10127 = CARTESIAN_POINT('',(3.735722821624,21.255192396198,45.));
#10128 = CIRCLE('',#10129,10.675);
#10129 = AXIS2_PLACEMENT_3D('',#10130,#10131,#10132);
#10130 = CARTESIAN_POINT('',(0.,11.255192396198,45.));
#10131 = DIRECTION('',(0.,0.,1.));
#10132 = DIRECTION('',(1.,0.,-0.));
#10133 = ORIENTED_EDGE('',*,*,#10134,.F.);
#10134 = EDGE_CURVE('',#10135,#10124,#10137,.T.);
#10135 = VERTEX_POINT('',#10136);
#10136 = CARTESIAN_POINT('',(10.675,11.255192396198,35.));
#10137 = LINE('',#10138,#10139);
#10138 = CARTESIAN_POINT('',(10.675,11.255192396198,-45.));
#10139 = VECTOR('',#10140,1.);
#10140 = DIRECTION('',(0.,0.,1.));
#10141 = ORIENTED_EDGE('',*,*,#10142,.F.);
#10142 = EDGE_CURVE('',#10126,#10135,#10143,.T.);
#10143 = B_SPLINE_CURVE_WITH_KNOTS('',3,(#10144,#10145,#10146,#10147,
    #10148,#10149,#10150,#10151,#10152,#10153,#10154,#10155,#10156,
    #10157,#10158,#10159,#10160,#10161,#10162,#10163,#10164,#10165,
    #10166,#10167,#10168,#10169,#10170,#10171),.UNSPECIFIED.,.F.,.F.,(4,
    2,2,2,2,2,2,2,2,2,2,2,2,4),(0.,2.310530841909E-03,3.465796262864E-03
    ,4.621061683818E-03,5.776327104773E-03,6.35395981525E-03,
    6.931592525727E-03,9.242123367637E-03,1.039738878859E-02,
    1.155265420955E-02,1.27079196305E-02,1.386318505145E-02,
    1.617371589336E-02,1.848424673527E-02),.UNSPECIFIED.);
#10144 = CARTESIAN_POINT('',(3.735722821624,21.255192396198,45.));
#10145 = CARTESIAN_POINT('',(4.466440071478,20.982216685555,45.));
#10146 = CARTESIAN_POINT('',(5.154865907724,20.634785006429,
    44.98961440025));
#10147 = CARTESIAN_POINT('',(6.125110390282,20.006597510349,
    44.923977837025));
#10148 = CARTESIAN_POINT('',(6.439613735185,19.777900204387,
    44.893383443146));
#10149 = CARTESIAN_POINT('',(7.039415712343,19.289605870184,
    44.808052700809));
#10150 = CARTESIAN_POINT('',(7.321946880928,19.032557462113,
    44.753807073248));
#10151 = CARTESIAN_POINT('',(7.853358759614,18.49557012726,
    44.615682160155));
#10152 = CARTESIAN_POINT('',(8.102233415719,18.215619261383,
    44.531824317096));
#10153 = CARTESIAN_POINT('',(8.450546696977,17.780405909127,
    44.378141008896));
#10154 = CARTESIAN_POINT('',(8.562479321396,17.632785047688,
    44.322253148995));
#10155 = CARTESIAN_POINT('',(8.777983110953,17.332753803663,
    44.200038818412));
#10156 = CARTESIAN_POINT('',(8.881703592288,17.180026678492,
    44.133520222559));
#10157 = CARTESIAN_POINT('',(9.370608416297,16.419535770809,
    43.778787018936));
#10158 = CARTESIAN_POINT('',(9.67510492713,15.810725084355,
    43.420618559694));
#10159 = CARTESIAN_POINT('',(10.029603668501,14.924511455474,
    42.749821877704));
#10160 = CARTESIAN_POINT('',(10.129762266328,14.635330881047,
    42.504671449853));
#10161 = CARTESIAN_POINT('',(10.296218006012,14.088091003945,
    41.983932823502));
#10162 = CARTESIAN_POINT('',(10.363466780058,13.827682922021,
    41.706658180164));
#10163 = CARTESIAN_POINT('',(10.473327533021,13.335711944983,
    41.117923693328));
#10164 = CARTESIAN_POINT('',(10.516034991177,13.103062648422,
    40.804504491379));
#10165 = CARTESIAN_POINT('',(10.581765925192,12.679217083186,
    40.157726170089));
#10166 = CARTESIAN_POINT('',(10.605134934257,12.486824345637,
    39.82335242355));
#10167 = CARTESIAN_POINT('',(10.6568250833,11.968228913227,
    38.787919845174));
#10168 = CARTESIAN_POINT('',(10.667219331205,11.699504981109,
    38.046798947953));
#10169 = CARTESIAN_POINT('',(10.676087017773,11.345458237372,
    36.546387631073));
#10170 = CARTESIAN_POINT('',(10.675,11.255192396198,35.781049573231));
#10171 = CARTESIAN_POINT('',(10.675,11.255192396198,35.));
#10172 = CYLINDRICAL_SURFACE('',#10173,10.675);
#10173 = AXIS2_PLACEMENT_3D('',#10174,#10175,#10176);
#10174 = CARTESIAN_POINT('',(0.,11.255192396198,-45.));
#10175 = DIRECTION('',(0.,0.,1.));
#10176 = DIRECTION('',(1.,0.,-0.));
#10177 = ADVANCED_FACE('',(#10178,#10188),#10256,.F.);
#10178 = FACE_BOUND('',#10179,.T.);
#10179 = EDGE_LOOP('',(#10180,#10187));
#10180 = ORIENTED_EDGE('',*,*,#10181,.T.);
#10181 = EDGE_CURVE('',#9982,#10001,#10182,.T.);
#10182 = CIRCLE('',#10183,4.05);
#10183 = AXIS2_PLACEMENT_3D('',#10184,#10185,#10186);
#10184 = CARTESIAN_POINT('',(0.,11.255192396198,45.));
#10185 = DIRECTION('',(0.,0.,1.));
#10186 = DIRECTION('',(1.,0.,-0.));
#10187 = ORIENTED_EDGE('',*,*,#10008,.T.);
#10188 = FACE_BOUND('',#10189,.T.);
#10189 = EDGE_LOOP('',(#10190,#10201,#10207,#10208,#10217,#10225,#10233,
    #10241,#10250));
#10190 = ORIENTED_EDGE('',*,*,#10191,.F.);
#10191 = EDGE_CURVE('',#10192,#10194,#10196,.T.);
#10192 = VERTEX_POINT('',#10193);
#10193 = CARTESIAN_POINT('',(10.740373596854,21.255192396198,45.));
#10194 = VERTEX_POINT('',#10195);
#10195 = CARTESIAN_POINT('',(-10.74037359685,21.255192396198,45.));
#10196 = CIRCLE('',#10197,14.675);
#10197 = AXIS2_PLACEMENT_3D('',#10198,#10199,#10200);
#10198 = CARTESIAN_POINT('',(0.,11.255192396198,45.));
#10199 = DIRECTION('',(0.,0.,1.));
#10200 = DIRECTION('',(1.,0.,-0.));
#10201 = ORIENTED_EDGE('',*,*,#10202,.T.);
#10202 = EDGE_CURVE('',#10192,#10126,#10203,.T.);
#10203 = LINE('',#10204,#10205);
#10204 = CARTESIAN_POINT('',(-4.336808689942E-15,21.255192396198,45.));
#10205 = VECTOR('',#10206,1.);
#10206 = DIRECTION('',(-1.,-4.336808689942E-16,0.));
#10207 = ORIENTED_EDGE('',*,*,#10123,.F.);
#10208 = ORIENTED_EDGE('',*,*,#10209,.F.);
#10209 = EDGE_CURVE('',#10210,#10124,#10212,.T.);
#10210 = VERTEX_POINT('',#10211);
#10211 = CARTESIAN_POINT('',(0.65,0.6,45.));
#10212 = CIRCLE('',#10213,10.675);
#10213 = AXIS2_PLACEMENT_3D('',#10214,#10215,#10216);
#10214 = CARTESIAN_POINT('',(0.,11.255192396198,45.));
#10215 = DIRECTION('',(0.,0.,1.));
#10216 = DIRECTION('',(1.,0.,-0.));
#10217 = ORIENTED_EDGE('',*,*,#10218,.F.);
#10218 = EDGE_CURVE('',#10219,#10210,#10221,.T.);
#10219 = VERTEX_POINT('',#10220);
#10220 = CARTESIAN_POINT('',(0.65,7.60906898049E-17,45.));
#10221 = LINE('',#10222,#10223);
#10222 = CARTESIAN_POINT('',(0.65,5.530310328369E-18,45.));
#10223 = VECTOR('',#10224,1.);
#10224 = DIRECTION('',(0.,1.,0.));
#10225 = ORIENTED_EDGE('',*,*,#10226,.F.);
#10226 = EDGE_CURVE('',#10227,#10219,#10229,.T.);
#10227 = VERTEX_POINT('',#10228);
#10228 = CARTESIAN_POINT('',(-0.65,-7.60906898049E-17,45.));
#10229 = LINE('',#10230,#10231);
#10230 = CARTESIAN_POINT('',(-14.675,-1.717893650595E-15,45.));
#10231 = VECTOR('',#10232,1.);
#10232 = DIRECTION('',(1.,1.170625996999E-16,0.));
#10233 = ORIENTED_EDGE('',*,*,#10234,.T.);
#10234 = EDGE_CURVE('',#10227,#10235,#10237,.T.);
#10235 = VERTEX_POINT('',#10236);
#10236 = CARTESIAN_POINT('',(-0.65,0.6,45.));
#10237 = LINE('',#10238,#10239);
#10238 = CARTESIAN_POINT('',(-0.65,6.123233995737E-18,45.));
#10239 = VECTOR('',#10240,1.);
#10240 = DIRECTION('',(0.,1.,0.));
#10241 = ORIENTED_EDGE('',*,*,#10242,.T.);
#10242 = EDGE_CURVE('',#10235,#10243,#10245,.T.);
#10243 = VERTEX_POINT('',#10244);
#10244 = CARTESIAN_POINT('',(-3.735722821624,21.255192396198,45.));
#10245 = CIRCLE('',#10246,10.675);
#10246 = AXIS2_PLACEMENT_3D('',#10247,#10248,#10249);
#10247 = CARTESIAN_POINT('',(0.,11.255192396198,45.));
#10248 = DIRECTION('',(-0.,0.,-1.));
#10249 = DIRECTION('',(-1.,0.,0.));
#10250 = ORIENTED_EDGE('',*,*,#10251,.T.);
#10251 = EDGE_CURVE('',#10243,#10194,#10252,.T.);
#10252 = LINE('',#10253,#10254);
#10253 = CARTESIAN_POINT('',(-14.675,21.255192396198,45.));
#10254 = VECTOR('',#10255,1.);
#10255 = DIRECTION('',(-1.,4.336808689942E-16,-0.));
#10256 = PLANE('',#10257);
#10257 = AXIS2_PLACEMENT_3D('',#10258,#10259,#10260);
#10258 = CARTESIAN_POINT('',(0.,11.255192396198,45.));
#10259 = DIRECTION('',(0.,0.,1.));
#10260 = DIRECTION('',(1.,0.,-0.));
#10261 = ADVANCED_FACE('',(#10262),#10296,.F.);
#10262 = FACE_BOUND('',#10263,.T.);
#10263 = EDGE_LOOP('',(#10264,#10274,#10282,#10290));
#10264 = ORIENTED_EDGE('',*,*,#10265,.F.);
#10265 = EDGE_CURVE('',#10266,#10268,#10270,.T.);
#10266 = VERTEX_POINT('',#10267);
#10267 = CARTESIAN_POINT('',(14.675,1.717893650595E-15,-45.));
#10268 = VERTEX_POINT('',#10269);
#10269 = CARTESIAN_POINT('',(14.675,5.,-45.));
#10270 = LINE('',#10271,#10272);
#10271 = CARTESIAN_POINT('',(14.675,-1.717893650595E-15,-45.));
#10272 = VECTOR('',#10273,1.);
#10273 = DIRECTION('',(0.,1.,0.));
#10274 = ORIENTED_EDGE('',*,*,#10275,.T.);
#10275 = EDGE_CURVE('',#10266,#10276,#10278,.T.);
#10276 = VERTEX_POINT('',#10277);
#10277 = CARTESIAN_POINT('',(18.675,0.,-45.));
#10278 = LINE('',#10279,#10280);
#10279 = CARTESIAN_POINT('',(-14.675,-1.717893650595E-15,-45.));
#10280 = VECTOR('',#10281,1.);
#10281 = DIRECTION('',(1.,1.170625996999E-16,0.));
#10282 = ORIENTED_EDGE('',*,*,#10283,.F.);
#10283 = EDGE_CURVE('',#10284,#10276,#10286,.T.);
#10284 = VERTEX_POINT('',#10285);
#10285 = CARTESIAN_POINT('',(18.675,5.,-45.));
#10286 = LINE('',#10287,#10288);
#10287 = CARTESIAN_POINT('',(18.675,5.,-45.));
#10288 = VECTOR('',#10289,1.);
#10289 = DIRECTION('',(-0.,-1.,-0.));
#10290 = ORIENTED_EDGE('',*,*,#10291,.F.);
#10291 = EDGE_CURVE('',#10268,#10284,#10292,.T.);
#10292 = LINE('',#10293,#10294);
#10293 = CARTESIAN_POINT('',(14.675,5.,-45.));
#10294 = VECTOR('',#10295,1.);
#10295 = DIRECTION('',(1.,0.,-1.734723475977E-15));
#10296 = PLANE('',#10297);
#10297 = AXIS2_PLACEMENT_3D('',#10298,#10299,#10300);
#10298 = CARTESIAN_POINT('',(0.,11.255192396198,-45.));
#10299 = DIRECTION('',(0.,0.,-1.));
#10300 = DIRECTION('',(1.,0.,0.));
#10301 = ADVANCED_FACE('',(#10302),#10384,.F.);
#10302 = FACE_BOUND('',#10303,.T.);
#10303 = EDGE_LOOP('',(#10304,#10314,#10322,#10330,#10338,#10346,#10354,
    #10362,#10370,#10378));
#10304 = ORIENTED_EDGE('',*,*,#10305,.F.);
#10305 = EDGE_CURVE('',#10306,#10308,#10310,.T.);
#10306 = VERTEX_POINT('',#10307);
#10307 = CARTESIAN_POINT('',(-14.675,5.,-45.));
#10308 = VERTEX_POINT('',#10309);
#10309 = CARTESIAN_POINT('',(-14.675,5.,-53.));
#10310 = LINE('',#10311,#10312);
#10311 = CARTESIAN_POINT('',(-14.675,5.,-45.));
#10312 = VECTOR('',#10313,1.);
#10313 = DIRECTION('',(0.,0.,-1.));
#10314 = ORIENTED_EDGE('',*,*,#10315,.T.);
#10315 = EDGE_CURVE('',#10306,#10316,#10318,.T.);
#10316 = VERTEX_POINT('',#10317);
#10317 = CARTESIAN_POINT('',(-14.675,-1.717893650595E-15,-45.));
#10318 = LINE('',#10319,#10320);
#10319 = CARTESIAN_POINT('',(-14.675,5.,-45.));
#10320 = VECTOR('',#10321,1.);
#10321 = DIRECTION('',(-0.,-1.,-0.));
#10322 = ORIENTED_EDGE('',*,*,#10323,.T.);
#10323 = EDGE_CURVE('',#10316,#10324,#10326,.T.);
#10324 = VERTEX_POINT('',#10325);
#10325 = CARTESIAN_POINT('',(-14.675,0.,45.));
#10326 = LINE('',#10327,#10328);
#10327 = CARTESIAN_POINT('',(-14.675,-1.717893650595E-15,-45.));
#10328 = VECTOR('',#10329,1.);
#10329 = DIRECTION('',(0.,0.,1.));
#10330 = ORIENTED_EDGE('',*,*,#10331,.F.);
#10331 = EDGE_CURVE('',#10332,#10324,#10334,.T.);
#10332 = VERTEX_POINT('',#10333);
#10333 = CARTESIAN_POINT('',(-14.675,5.,45.));
#10334 = LINE('',#10335,#10336);
#10335 = CARTESIAN_POINT('',(-14.675,5.,45.));
#10336 = VECTOR('',#10337,1.);
#10337 = DIRECTION('',(-0.,-1.,-0.));
#10338 = ORIENTED_EDGE('',*,*,#10339,.T.);
#10339 = EDGE_CURVE('',#10332,#10340,#10342,.T.);
#10340 = VERTEX_POINT('',#10341);
#10341 = CARTESIAN_POINT('',(-14.675,5.,53.));
#10342 = LINE('',#10343,#10344);
#10343 = CARTESIAN_POINT('',(-14.675,5.,45.));
#10344 = VECTOR('',#10345,1.);
#10345 = DIRECTION('',(0.,0.,1.));
#10346 = ORIENTED_EDGE('',*,*,#10347,.F.);
#10347 = EDGE_CURVE('',#10348,#10340,#10350,.T.);
#10348 = VERTEX_POINT('',#10349);
#10349 = CARTESIAN_POINT('',(-14.675,11.255192396198,53.));
#10350 = LINE('',#10351,#10352);
#10351 = CARTESIAN_POINT('',(-14.675,-1.717893650595E-15,53.));
#10352 = VECTOR('',#10353,1.);
#10353 = DIRECTION('',(-0.,-1.,-0.));
#10354 = ORIENTED_EDGE('',*,*,#10355,.T.);
#10355 = EDGE_CURVE('',#10348,#10356,#10358,.T.);
#10356 = VERTEX_POINT('',#10357);
#10357 = CARTESIAN_POINT('',(-14.675,11.255192396198,35.));
#10358 = LINE('',#10359,#10360);
#10359 = CARTESIAN_POINT('',(-14.675,11.255192396198,53.));
#10360 = VECTOR('',#10361,1.);
#10361 = DIRECTION('',(-0.,-0.,-1.));
#10362 = ORIENTED_EDGE('',*,*,#10363,.F.);
#10363 = EDGE_CURVE('',#10364,#10356,#10366,.T.);
#10364 = VERTEX_POINT('',#10365);
#10365 = CARTESIAN_POINT('',(-14.675,11.255192396198,-35.));
#10366 = LINE('',#10367,#10368);
#10367 = CARTESIAN_POINT('',(-14.675,11.255192396198,-45.));
#10368 = VECTOR('',#10369,1.);
#10369 = DIRECTION('',(0.,0.,1.));
#10370 = ORIENTED_EDGE('',*,*,#10371,.F.);
#10371 = EDGE_CURVE('',#10372,#10364,#10374,.T.);
#10372 = VERTEX_POINT('',#10373);
#10373 = CARTESIAN_POINT('',(-14.675,11.255192396198,-53.));
#10374 = LINE('',#10375,#10376);
#10375 = CARTESIAN_POINT('',(-14.675,11.255192396198,-53.));
#10376 = VECTOR('',#10377,1.);
#10377 = DIRECTION('',(-0.,-0.,1.));
#10378 = ORIENTED_EDGE('',*,*,#10379,.T.);
#10379 = EDGE_CURVE('',#10372,#10308,#10380,.T.);
#10380 = LINE('',#10381,#10382);
#10381 = CARTESIAN_POINT('',(-14.675,-1.717893650595E-15,-53.));
#10382 = VECTOR('',#10383,1.);
#10383 = DIRECTION('',(-0.,-1.,0.));
#10384 = PLANE('',#10385);
#10385 = AXIS2_PLACEMENT_3D('',#10386,#10387,#10388);
#10386 = CARTESIAN_POINT('',(-14.675,-1.717893650595E-15,-45.));
#10387 = DIRECTION('',(1.,0.,0.));
#10388 = DIRECTION('',(0.,0.,-1.));
#10389 = ADVANCED_FACE('',(#10390),#10415,.F.);
#10390 = FACE_BOUND('',#10391,.T.);
#10391 = EDGE_LOOP('',(#10392,#10402,#10408,#10409));
#10392 = ORIENTED_EDGE('',*,*,#10393,.F.);
#10393 = EDGE_CURVE('',#10394,#10396,#10398,.T.);
#10394 = VERTEX_POINT('',#10395);
#10395 = CARTESIAN_POINT('',(-10.675,11.255192396198,-35.));
#10396 = VERTEX_POINT('',#10397);
#10397 = CARTESIAN_POINT('',(-10.675,11.255192396198,35.));
#10398 = LINE('',#10399,#10400);
#10399 = CARTESIAN_POINT('',(-10.675,11.255192396198,-45.));
#10400 = VECTOR('',#10401,1.);
#10401 = DIRECTION('',(0.,0.,1.));
#10402 = ORIENTED_EDGE('',*,*,#10403,.T.);
#10403 = EDGE_CURVE('',#10394,#10364,#10404,.T.);
#10404 = LINE('',#10405,#10406);
#10405 = CARTESIAN_POINT('',(-14.675,11.255192396198,-35.));
#10406 = VECTOR('',#10407,1.);
#10407 = DIRECTION('',(-1.,4.336808689942E-16,-0.));
#10408 = ORIENTED_EDGE('',*,*,#10363,.T.);
#10409 = ORIENTED_EDGE('',*,*,#10410,.T.);
#10410 = EDGE_CURVE('',#10356,#10396,#10411,.T.);
#10411 = LINE('',#10412,#10413);
#10412 = CARTESIAN_POINT('',(-10.675,11.255192396198,35.));
#10413 = VECTOR('',#10414,1.);
#10414 = DIRECTION('',(1.,-4.336808689942E-16,0.));
#10415 = PLANE('',#10416);
#10416 = AXIS2_PLACEMENT_3D('',#10417,#10418,#10419);
#10417 = CARTESIAN_POINT('',(-14.675,11.255192396198,-45.));
#10418 = DIRECTION('',(-4.336808689942E-16,-1.,0.));
#10419 = DIRECTION('',(1.,-4.336808689942E-16,0.));
#10420 = ADVANCED_FACE('',(#10421),#10504,.F.);
#10421 = FACE_BOUND('',#10422,.F.);
#10422 = EDGE_LOOP('',(#10423,#10431,#10432,#10463,#10464,#10497));
#10423 = ORIENTED_EDGE('',*,*,#10424,.T.);
#10424 = EDGE_CURVE('',#10425,#10235,#10427,.T.);
#10425 = VERTEX_POINT('',#10426);
#10426 = CARTESIAN_POINT('',(-0.65,0.6,-45.));
#10427 = LINE('',#10428,#10429);
#10428 = CARTESIAN_POINT('',(-0.65,0.6,-45.));
#10429 = VECTOR('',#10430,1.);
#10430 = DIRECTION('',(0.,0.,1.));
#10431 = ORIENTED_EDGE('',*,*,#10242,.T.);
#10432 = ORIENTED_EDGE('',*,*,#10433,.F.);
#10433 = EDGE_CURVE('',#10396,#10243,#10434,.T.);
#10434 = B_SPLINE_CURVE_WITH_KNOTS('',3,(#10435,#10436,#10437,#10438,
    #10439,#10440,#10441,#10442,#10443,#10444,#10445,#10446,#10447,
    #10448,#10449,#10450,#10451,#10452,#10453,#10454,#10455,#10456,
    #10457,#10458,#10459,#10460,#10461,#10462),.UNSPECIFIED.,.F.,.F.,(4,
    2,2,2,2,2,2,2,2,2,2,2,2,4),(2.823925224927E-17,2.308799447227E-03,
    3.46319917084E-03,4.617598894453E-03,5.771998618067E-03,
    6.92639834168E-03,9.235197788907E-03,1.038959751252E-02,
    1.154399723613E-02,1.269839695975E-02,1.385279668336E-02,
    1.500719640697E-02,1.616159613059E-02,1.847039557781E-02),
  .UNSPECIFIED.);
#10435 = CARTESIAN_POINT('',(-10.675,11.255192396198,35.));
#10436 = CARTESIAN_POINT('',(-10.675,11.255192396198,35.780511290518));
#10437 = CARTESIAN_POINT('',(-10.67608919143,11.345337185542,
    36.545799047672));
#10438 = CARTESIAN_POINT('',(-10.66943710746,11.610976300254,
    37.671661869083));
#10439 = CARTESIAN_POINT('',(-10.66561785509,11.721999715677,
    38.044637662303));
#10440 = CARTESIAN_POINT('',(-10.65067742736,11.98757456598,
    38.776617657598));
#10441 = CARTESIAN_POINT('',(-10.63963983894,12.140391284124,
    39.131364935544));
#10442 = CARTESIAN_POINT('',(-10.6053961959,12.484454167141,
    39.818913410788));
#10443 = CARTESIAN_POINT('',(-10.5822055125,12.675706673218,
    40.151712211252));
#10444 = CARTESIAN_POINT('',(-10.5171660927,13.09642885537,
    40.795022990743));
#10445 = CARTESIAN_POINT('',(-10.47491983638,13.327727331986,
    41.107649100656));
#10446 = CARTESIAN_POINT('',(-10.31041220441,14.066937713664,
    41.994377323484));
#10447 = CARTESIAN_POINT('',(-10.15289893957,14.612586135681,
    42.511213475865));
#10448 = CARTESIAN_POINT('',(-9.803394794811,15.491763137591,
    43.180374052212));
#10449 = CARTESIAN_POINT('',(-9.666337634844,15.797692782969,
    43.387008187787));
#10450 = CARTESIAN_POINT('',(-9.356029280515,16.406610563729,
    43.753140155638));
#10451 = CARTESIAN_POINT('',(-9.182564950815,16.710885971911,
    43.91405465904));
#10452 = CARTESIAN_POINT('',(-8.795938015488,17.314529480047,
    44.196861808434));
#10453 = CARTESIAN_POINT('',(-8.58278829719,17.61391412651,
    44.318737262346));
#10454 = CARTESIAN_POINT('',(-8.113104538355,18.203223178201,
    44.528024742534));
#10455 = CARTESIAN_POINT('',(-7.861898893311,18.486422993473,
    44.613112873383));
#10456 = CARTESIAN_POINT('',(-7.327588661361,19.027360341469,
    44.752681039477));
#10457 = CARTESIAN_POINT('',(-7.044399094151,19.285219400744,
    44.807172247078));
#10458 = CARTESIAN_POINT('',(-6.445481113772,19.773447235273,
    44.892717137609));
#10459 = CARTESIAN_POINT('',(-6.129724089587,20.003417316807,
    44.923593567387));
#10460 = CARTESIAN_POINT('',(-5.156844966834,20.633886425335,
    44.989623589046));
#10461 = CARTESIAN_POINT('',(-4.46710360089,20.981968809358,45.));
#10462 = CARTESIAN_POINT('',(-3.735722821624,21.255192396198,45.));
#10463 = ORIENTED_EDGE('',*,*,#10393,.F.);
#10464 = ORIENTED_EDGE('',*,*,#10465,.F.);
#10465 = EDGE_CURVE('',#10466,#10394,#10468,.T.);
#10466 = VERTEX_POINT('',#10467);
#10467 = CARTESIAN_POINT('',(-3.735722821624,21.255192396198,-45.));
#10468 = B_SPLINE_CURVE_WITH_KNOTS('',3,(#10469,#10470,#10471,#10472,
    #10473,#10474,#10475,#10476,#10477,#10478,#10479,#10480,#10481,
    #10482,#10483,#10484,#10485,#10486,#10487,#10488,#10489,#10490,
    #10491,#10492,#10493,#10494,#10495,#10496),.UNSPECIFIED.,.F.,.F.,(4,
    2,2,2,2,2,2,2,2,2,2,2,2,4),(0.,2.310530841909E-03,3.465796262864E-03
    ,4.621061683818E-03,5.776327104773E-03,6.35395981525E-03,
    6.931592525728E-03,9.242123367637E-03,1.039738878859E-02,
    1.155265420955E-02,1.27079196305E-02,1.386318505145E-02,
    1.617371589336E-02,1.848424673527E-02),.UNSPECIFIED.);
#10469 = CARTESIAN_POINT('',(-3.735722821624,21.255192396198,-45.));
#10470 = CARTESIAN_POINT('',(-4.466440071478,20.982216685555,-45.));
#10471 = CARTESIAN_POINT('',(-5.154865907724,20.634785006429,
    -44.98961440025));
#10472 = CARTESIAN_POINT('',(-6.125110390282,20.006597510349,
    -44.92397783702));
#10473 = CARTESIAN_POINT('',(-6.439613735185,19.777900204387,
    -44.89338344314));
#10474 = CARTESIAN_POINT('',(-7.039415712343,19.289605870184,
    -44.8080527008));
#10475 = CARTESIAN_POINT('',(-7.321946880928,19.032557462113,
    -44.75380707324));
#10476 = CARTESIAN_POINT('',(-7.853358759614,18.49557012726,
    -44.61568216015));
#10477 = CARTESIAN_POINT('',(-8.102233415719,18.215619261383,
    -44.53182431709));
#10478 = CARTESIAN_POINT('',(-8.450546696977,17.780405909127,
    -44.37814100889));
#10479 = CARTESIAN_POINT('',(-8.562479321396,17.632785047688,
    -44.32225314899));
#10480 = CARTESIAN_POINT('',(-8.777983110953,17.332753803663,
    -44.20003881841));
#10481 = CARTESIAN_POINT('',(-8.881703592288,17.180026678492,
    -44.13352022255));
#10482 = CARTESIAN_POINT('',(-9.370608416297,16.419535770809,
    -43.77878701893));
#10483 = CARTESIAN_POINT('',(-9.67510492713,15.810725084355,
    -43.42061855969));
#10484 = CARTESIAN_POINT('',(-10.0296036685,14.924511455474,
    -42.7498218777));
#10485 = CARTESIAN_POINT('',(-10.12976226632,14.635330881048,
    -42.50467144985));
#10486 = CARTESIAN_POINT('',(-10.29621800601,14.088091003945,
    -41.9839328235));
#10487 = CARTESIAN_POINT('',(-10.36346678005,13.827682922021,
    -41.70665818016));
#10488 = CARTESIAN_POINT('',(-10.47332753302,13.335711944983,
    -41.11792369332));
#10489 = CARTESIAN_POINT('',(-10.51603499117,13.103062648422,
    -40.80450449137));
#10490 = CARTESIAN_POINT('',(-10.58176592519,12.679217083186,
    -40.15772617008));
#10491 = CARTESIAN_POINT('',(-10.60513493425,12.486824345637,
    -39.82335242355));
#10492 = CARTESIAN_POINT('',(-10.6568250833,11.968228913227,
    -38.78791984517));
#10493 = CARTESIAN_POINT('',(-10.6672193312,11.699504981109,
    -38.04679894795));
#10494 = CARTESIAN_POINT('',(-10.67608701777,11.345458237372,
    -36.54638763107));
#10495 = CARTESIAN_POINT('',(-10.675,11.255192396198,-35.78104957323));
#10496 = CARTESIAN_POINT('',(-10.675,11.255192396198,-35.));
#10497 = ORIENTED_EDGE('',*,*,#10498,.F.);
#10498 = EDGE_CURVE('',#10425,#10466,#10499,.T.);
#10499 = CIRCLE('',#10500,10.675);
#10500 = AXIS2_PLACEMENT_3D('',#10501,#10502,#10503);
#10501 = CARTESIAN_POINT('',(0.,11.255192396198,-45.));
#10502 = DIRECTION('',(-0.,0.,-1.));
#10503 = DIRECTION('',(-1.,0.,0.));
#10504 = CYLINDRICAL_SURFACE('',#10505,10.675);
#10505 = AXIS2_PLACEMENT_3D('',#10506,#10507,#10508);
#10506 = CARTESIAN_POINT('',(0.,11.255192396198,-45.));
#10507 = DIRECTION('',(0.,0.,1.));
#10508 = DIRECTION('',(1.,0.,-0.));
#10509 = ADVANCED_FACE('',(#10510),#10528,.T.);
#10510 = FACE_BOUND('',#10511,.T.);
#10511 = EDGE_LOOP('',(#10512,#10513,#10514,#10522));
#10512 = ORIENTED_EDGE('',*,*,#10424,.T.);
#10513 = ORIENTED_EDGE('',*,*,#10234,.F.);
#10514 = ORIENTED_EDGE('',*,*,#10515,.F.);
#10515 = EDGE_CURVE('',#10516,#10227,#10518,.T.);
#10516 = VERTEX_POINT('',#10517);
#10517 = CARTESIAN_POINT('',(-0.65,-7.60906898049E-17,-45.));
#10518 = LINE('',#10519,#10520);
#10519 = CARTESIAN_POINT('',(-0.65,6.123233995737E-18,-45.));
#10520 = VECTOR('',#10521,1.);
#10521 = DIRECTION('',(0.,0.,1.));
#10522 = ORIENTED_EDGE('',*,*,#10523,.T.);
#10523 = EDGE_CURVE('',#10516,#10425,#10524,.T.);
#10524 = LINE('',#10525,#10526);
#10525 = CARTESIAN_POINT('',(-0.65,6.123233995737E-18,-45.));
#10526 = VECTOR('',#10527,1.);
#10527 = DIRECTION('',(0.,1.,0.));
#10528 = PLANE('',#10529);
#10529 = AXIS2_PLACEMENT_3D('',#10530,#10531,#10532);
#10530 = CARTESIAN_POINT('',(-0.65,6.123233995737E-18,-45.));
#10531 = DIRECTION('',(1.,0.,0.));
#10532 = DIRECTION('',(0.,0.,-1.));
#10533 = ADVANCED_FACE('',(#10534,#10544,#10554,#10564,#10574,#10658),
  #10676,.F.);
#10534 = FACE_BOUND('',#10535,.T.);
#10535 = EDGE_LOOP('',(#10536,#10543));
#10536 = ORIENTED_EDGE('',*,*,#10537,.T.);
#10537 = EDGE_CURVE('',#9814,#9833,#10538,.T.);
#10538 = CIRCLE('',#10539,2.05);
#10539 = AXIS2_PLACEMENT_3D('',#10540,#10541,#10542);
#10540 = CARTESIAN_POINT('',(-18.675,-3.469446951954E-15,49.));
#10541 = DIRECTION('',(4.336808689942E-16,1.,0.));
#10542 = DIRECTION('',(-1.,4.336808689942E-16,0.));
#10543 = ORIENTED_EDGE('',*,*,#9840,.T.);
#10544 = FACE_BOUND('',#10545,.T.);
#10545 = EDGE_LOOP('',(#10546,#10553));
#10546 = ORIENTED_EDGE('',*,*,#10547,.T.);
#10547 = EDGE_CURVE('',#9898,#9917,#10548,.T.);
#10548 = CIRCLE('',#10549,2.05);
#10549 = AXIS2_PLACEMENT_3D('',#10550,#10551,#10552);
#10550 = CARTESIAN_POINT('',(18.675,-2.081668171172E-14,49.));
#10551 = DIRECTION('',(4.336808689942E-16,1.,0.));
#10552 = DIRECTION('',(-1.,4.336808689942E-16,0.));
#10553 = ORIENTED_EDGE('',*,*,#9924,.T.);
#10554 = FACE_BOUND('',#10555,.T.);
#10555 = EDGE_LOOP('',(#10556,#10563));
#10556 = ORIENTED_EDGE('',*,*,#10557,.T.);
#10557 = EDGE_CURVE('',#9940,#9959,#10558,.T.);
#10558 = CIRCLE('',#10559,2.05);
#10559 = AXIS2_PLACEMENT_3D('',#10560,#10561,#10562);
#10560 = CARTESIAN_POINT('',(18.675,-2.081668171172E-14,-49.));
#10561 = DIRECTION('',(4.336808689942E-16,1.,0.));
#10562 = DIRECTION('',(-1.,4.336808689942E-16,0.));
#10563 = ORIENTED_EDGE('',*,*,#9966,.T.);
#10564 = FACE_BOUND('',#10565,.T.);
#10565 = EDGE_LOOP('',(#10566,#10573));
#10566 = ORIENTED_EDGE('',*,*,#10567,.T.);
#10567 = EDGE_CURVE('',#9856,#9875,#10568,.T.);
#10568 = CIRCLE('',#10569,2.05);
#10569 = AXIS2_PLACEMENT_3D('',#10570,#10571,#10572);
#10570 = CARTESIAN_POINT('',(-18.675,-3.469446951954E-15,-49.));
#10571 = DIRECTION('',(4.336808689942E-16,1.,0.));
#10572 = DIRECTION('',(-1.,4.336808689942E-16,0.));
#10573 = ORIENTED_EDGE('',*,*,#9882,.T.);
#10574 = FACE_BOUND('',#10575,.T.);
#10575 = EDGE_LOOP('',(#10576,#10584,#10592,#10601,#10609,#10618,#10624,
    #10625,#10633,#10642,#10650,#10657));
#10576 = ORIENTED_EDGE('',*,*,#10577,.T.);
#10577 = EDGE_CURVE('',#10266,#10578,#10580,.T.);
#10578 = VERTEX_POINT('',#10579);
#10579 = CARTESIAN_POINT('',(14.675,1.717893650595E-15,45.));
#10580 = LINE('',#10581,#10582);
#10581 = CARTESIAN_POINT('',(14.675,-1.717893650595E-15,-45.));
#10582 = VECTOR('',#10583,1.);
#10583 = DIRECTION('',(0.,0.,1.));
#10584 = ORIENTED_EDGE('',*,*,#10585,.T.);
#10585 = EDGE_CURVE('',#10578,#10586,#10588,.T.);
#10586 = VERTEX_POINT('',#10587);
#10587 = CARTESIAN_POINT('',(18.675,0.,45.));
#10588 = LINE('',#10589,#10590);
#10589 = CARTESIAN_POINT('',(-14.675,-1.717893650595E-15,45.));
#10590 = VECTOR('',#10591,1.);
#10591 = DIRECTION('',(1.,1.170625996999E-16,0.));
#10592 = ORIENTED_EDGE('',*,*,#10593,.T.);
#10593 = EDGE_CURVE('',#10586,#10594,#10596,.T.);
#10594 = VERTEX_POINT('',#10595);
#10595 = CARTESIAN_POINT('',(18.675,0.,53.));
#10596 = CIRCLE('',#10597,4.);
#10597 = AXIS2_PLACEMENT_3D('',#10598,#10599,#10600);
#10598 = CARTESIAN_POINT('',(18.675,0.,49.));
#10599 = DIRECTION('',(0.,-1.,0.));
#10600 = DIRECTION('',(0.,0.,1.));
#10601 = ORIENTED_EDGE('',*,*,#10602,.F.);
#10602 = EDGE_CURVE('',#10603,#10594,#10605,.T.);
#10603 = VERTEX_POINT('',#10604);
#10604 = CARTESIAN_POINT('',(-18.675,0.,53.));
#10605 = LINE('',#10606,#10607);
#10606 = CARTESIAN_POINT('',(-14.675,-1.717893650595E-15,53.));
#10607 = VECTOR('',#10608,1.);
#10608 = DIRECTION('',(1.,1.170625996999E-16,0.));
#10609 = ORIENTED_EDGE('',*,*,#10610,.F.);
#10610 = EDGE_CURVE('',#10611,#10603,#10613,.T.);
#10611 = VERTEX_POINT('',#10612);
#10612 = CARTESIAN_POINT('',(-18.675,0.,45.));
#10613 = CIRCLE('',#10614,4.);
#10614 = AXIS2_PLACEMENT_3D('',#10615,#10616,#10617);
#10615 = CARTESIAN_POINT('',(-18.675,0.,49.));
#10616 = DIRECTION('',(0.,1.,0.));
#10617 = DIRECTION('',(0.,-0.,1.));
#10618 = ORIENTED_EDGE('',*,*,#10619,.F.);
#10619 = EDGE_CURVE('',#10324,#10611,#10620,.T.);
#10620 = LINE('',#10621,#10622);
#10621 = CARTESIAN_POINT('',(-14.675,0.,45.));
#10622 = VECTOR('',#10623,1.);
#10623 = DIRECTION('',(-1.,0.,1.734723475977E-15));
#10624 = ORIENTED_EDGE('',*,*,#10323,.F.);
#10625 = ORIENTED_EDGE('',*,*,#10626,.T.);
#10626 = EDGE_CURVE('',#10316,#10627,#10629,.T.);
#10627 = VERTEX_POINT('',#10628);
#10628 = CARTESIAN_POINT('',(-18.675,0.,-45.));
#10629 = LINE('',#10630,#10631);
#10630 = CARTESIAN_POINT('',(-14.675,0.,-45.));
#10631 = VECTOR('',#10632,1.);
#10632 = DIRECTION('',(-1.,0.,-1.734723475977E-15));
#10633 = ORIENTED_EDGE('',*,*,#10634,.T.);
#10634 = EDGE_CURVE('',#10627,#10635,#10637,.T.);
#10635 = VERTEX_POINT('',#10636);
#10636 = CARTESIAN_POINT('',(-18.675,0.,-53.));
#10637 = CIRCLE('',#10638,4.);
#10638 = AXIS2_PLACEMENT_3D('',#10639,#10640,#10641);
#10639 = CARTESIAN_POINT('',(-18.675,0.,-49.));
#10640 = DIRECTION('',(0.,-1.,-0.));
#10641 = DIRECTION('',(0.,0.,-1.));
#10642 = ORIENTED_EDGE('',*,*,#10643,.T.);
#10643 = EDGE_CURVE('',#10635,#10644,#10646,.T.);
#10644 = VERTEX_POINT('',#10645);
#10645 = CARTESIAN_POINT('',(18.675,0.,-53.));
#10646 = LINE('',#10647,#10648);
#10647 = CARTESIAN_POINT('',(-14.675,-1.717893650595E-15,-53.));
#10648 = VECTOR('',#10649,1.);
#10649 = DIRECTION('',(1.,1.170625996999E-16,0.));
#10650 = ORIENTED_EDGE('',*,*,#10651,.F.);
#10651 = EDGE_CURVE('',#10276,#10644,#10652,.T.);
#10652 = CIRCLE('',#10653,4.);
#10653 = AXIS2_PLACEMENT_3D('',#10654,#10655,#10656);
#10654 = CARTESIAN_POINT('',(18.675,0.,-49.));
#10655 = DIRECTION('',(0.,1.,0.));
#10656 = DIRECTION('',(0.,0.,-1.));
#10657 = ORIENTED_EDGE('',*,*,#10275,.F.);
#10658 = FACE_BOUND('',#10659,.T.);
#10659 = EDGE_LOOP('',(#10660,#10661,#10662,#10670));
#10660 = ORIENTED_EDGE('',*,*,#10515,.T.);
#10661 = ORIENTED_EDGE('',*,*,#10226,.T.);
#10662 = ORIENTED_EDGE('',*,*,#10663,.F.);
#10663 = EDGE_CURVE('',#10664,#10219,#10666,.T.);
#10664 = VERTEX_POINT('',#10665);
#10665 = CARTESIAN_POINT('',(0.65,7.60906898049E-17,-45.));
#10666 = LINE('',#10667,#10668);
#10667 = CARTESIAN_POINT('',(0.65,5.530310328369E-18,-45.));
#10668 = VECTOR('',#10669,1.);
#10669 = DIRECTION('',(0.,0.,1.));
#10670 = ORIENTED_EDGE('',*,*,#10671,.F.);
#10671 = EDGE_CURVE('',#10516,#10664,#10672,.T.);
#10672 = LINE('',#10673,#10674);
#10673 = CARTESIAN_POINT('',(-14.675,-1.717893650595E-15,-45.));
#10674 = VECTOR('',#10675,1.);
#10675 = DIRECTION('',(1.,1.170625996999E-16,0.));
#10676 = PLANE('',#10677);
#10677 = AXIS2_PLACEMENT_3D('',#10678,#10679,#10680);
#10678 = CARTESIAN_POINT('',(-0.65,6.123233995737E-18,-45.));
#10679 = DIRECTION('',(-1.229245550511E-16,1.,0.));
#10680 = DIRECTION('',(-1.,-1.229245550511E-16,0.));
#10681 = ADVANCED_FACE('',(#10682),#10765,.T.);
#10682 = FACE_BOUND('',#10683,.T.);
#10683 = EDGE_LOOP('',(#10684,#10694,#10725,#10726,#10757,#10758));
#10684 = ORIENTED_EDGE('',*,*,#10685,.T.);
#10685 = EDGE_CURVE('',#10686,#10688,#10690,.T.);
#10686 = VERTEX_POINT('',#10687);
#10687 = CARTESIAN_POINT('',(14.675,11.255192396198,53.));
#10688 = VERTEX_POINT('',#10689);
#10689 = CARTESIAN_POINT('',(14.675,11.255192396198,35.));
#10690 = LINE('',#10691,#10692);
#10691 = CARTESIAN_POINT('',(14.675,11.255192396198,53.));
#10692 = VECTOR('',#10693,1.);
#10693 = DIRECTION('',(-0.,-0.,-1.));
#10694 = ORIENTED_EDGE('',*,*,#10695,.T.);
#10695 = EDGE_CURVE('',#10688,#10192,#10696,.T.);
#10696 = B_SPLINE_CURVE_WITH_KNOTS('',3,(#10697,#10698,#10699,#10700,
    #10701,#10702,#10703,#10704,#10705,#10706,#10707,#10708,#10709,
    #10710,#10711,#10712,#10713,#10714,#10715,#10716,#10717,#10718,
    #10719,#10720,#10721,#10722,#10723,#10724),.UNSPECIFIED.,.F.,.F.,(4,
    2,2,2,2,2,2,2,2,2,2,2,2,4),(0.,2.072012278416E-03,3.108018417623E-03
    ,4.144024556831E-03,6.216036835247E-03,7.252042974454E-03,
    8.288049113662E-03,9.32405525287E-03,1.036006139208E-02,
    1.243207367049E-02,1.34680798097E-02,1.450408594891E-02,
    1.554009208812E-02,1.657609822732E-02),.UNSPECIFIED.);
#10697 = CARTESIAN_POINT('',(14.675,11.255192396198,35.));
#10698 = CARTESIAN_POINT('',(14.675,11.255192396198,35.700534485619));
#10699 = CARTESIAN_POINT('',(14.675513751485,11.327995917918,
    36.388724849468));
#10700 = CARTESIAN_POINT('',(14.672368591291,11.542106541884,
    37.403208239665));
#10701 = CARTESIAN_POINT('',(14.670576204547,11.631105447953,
    37.738377549055));
#10702 = CARTESIAN_POINT('',(14.663518845737,11.845388852143,
    38.40255175579));
#10703 = CARTESIAN_POINT('',(14.658233125797,11.970422000454,
    38.730024516555));
#10704 = CARTESIAN_POINT('',(14.63367122685,12.391061425831,
    39.680529769516));
#10705 = CARTESIAN_POINT('',(14.606021638615,12.733956342383,
    40.279178318387));
#10706 = CARTESIAN_POINT('',(14.527328130399,13.341842551535,
    41.123658313174));
#10707 = CARTESIAN_POINT('',(14.494544799146,13.56129566561,
    41.397104550132));
#10708 = CARTESIAN_POINT('',(14.414005647212,14.020401687695,
    41.912076166423));
#10709 = CARTESIAN_POINT('',(14.366157105585,14.261100952471,
    42.155300798219));
#10710 = CARTESIAN_POINT('',(14.251834225555,14.763351092482,
    42.613911026771));
#10711 = CARTESIAN_POINT('',(14.185367432412,15.024906366636,
    42.829293743911));
#10712 = CARTESIAN_POINT('',(14.029814483504,15.567929134038,
    43.23221362244));
#10713 = CARTESIAN_POINT('',(13.93993833936,15.851496746046,
    43.420881056481));
#10714 = CARTESIAN_POINT('',(13.636732563742,16.710852604764,
    43.932728230921));
#10715 = CARTESIAN_POINT('',(13.390181256201,17.296460452986,
    44.204445440543));
#10716 = CARTESIAN_POINT('',(12.941429643714,18.182283125991,
    44.521321979306));
#10717 = CARTESIAN_POINT('',(12.777606764237,18.480436021994,
    44.612060873256));
#10718 = CARTESIAN_POINT('',(12.429035200403,19.064831572288,
    44.761829061628));
#10719 = CARTESIAN_POINT('',(12.243928955858,19.352088135571,
    44.821394973748));
#10720 = CARTESIAN_POINT('',(11.851848880544,19.915861827779,
    44.91402030892));
#10721 = CARTESIAN_POINT('',(11.644876017956,20.192381510395,
    44.947068630131));
#10722 = CARTESIAN_POINT('',(11.208604969656,20.733782026026,
    44.990088715191));
#10723 = CARTESIAN_POINT('',(10.978947641558,20.998954959135,45.));
#10724 = CARTESIAN_POINT('',(10.740373596854,21.255192396198,45.));
#10725 = ORIENTED_EDGE('',*,*,#10191,.T.);
#10726 = ORIENTED_EDGE('',*,*,#10727,.T.);
#10727 = EDGE_CURVE('',#10194,#10356,#10728,.T.);
#10728 = B_SPLINE_CURVE_WITH_KNOTS('',3,(#10729,#10730,#10731,#10732,
    #10733,#10734,#10735,#10736,#10737,#10738,#10739,#10740,#10741,
    #10742,#10743,#10744,#10745,#10746,#10747,#10748,#10749,#10750,
    #10751,#10752,#10753,#10754,#10755,#10756),.UNSPECIFIED.,.F.,.F.,(4,
    2,2,2,2,2,2,2,2,2,2,2,2,4),(3.878959614449E-18,2.073287499679E-03,
    3.109931249518E-03,4.146574999357E-03,6.219862499036E-03,
    7.256506248875E-03,8.293149998714E-03,9.329793748553E-03,
    1.036643749839E-02,1.243972499807E-02,1.347636874791E-02,
    1.451301249775E-02,1.554965624759E-02,1.658629999743E-02),
  .UNSPECIFIED.);
#10729 = CARTESIAN_POINT('',(-10.74037359685,21.255192396198,45.));
#10730 = CARTESIAN_POINT('',(-11.21704323618,20.743231395329,45.));
#10731 = CARTESIAN_POINT('',(-11.65053017091,20.204530342291,
    44.960972362893));
#10732 = CARTESIAN_POINT('',(-12.23816006055,19.360778915167,
    44.823055169057));
#10733 = CARTESIAN_POINT('',(-12.42357102878,19.073561298639,
    44.763803511929));
#10734 = CARTESIAN_POINT('',(-12.77346304599,18.48780265906,
    44.614204455293));
#10735 = CARTESIAN_POINT('',(-12.93658203217,18.191268188573,
    44.524167348108));
#10736 = CARTESIAN_POINT('',(-13.38421126128,17.309382862667,
    44.209786535227));
#10737 = CARTESIAN_POINT('',(-13.63091363451,16.725343724893,
    43.939992140688));
#10738 = CARTESIAN_POINT('',(-13.93490868255,15.866713758664,
    43.430601703791));
#10739 = CARTESIAN_POINT('',(-14.02525272793,15.582789255005,
    43.242473897246));
#10740 = CARTESIAN_POINT('',(-14.18176003777,15.038509840681,
    42.840114243233));
#10741 = CARTESIAN_POINT('',(-14.24870570482,14.776114793176,
    42.624813423236));
#10742 = CARTESIAN_POINT('',(-14.36391851645,14.271871636819,
    42.165853577681));
#10743 = CARTESIAN_POINT('',(-14.4121784126,14.030018721345,
    41.922197999958));
#10744 = CARTESIAN_POINT('',(-14.49343306788,13.568403505936,
    41.40571903372));
#10745 = CARTESIAN_POINT('',(-14.52626888774,13.349202349455,
    41.133120274106));
#10746 = CARTESIAN_POINT('',(-14.60526529835,12.741399817259,
    40.2910025124));
#10747 = CARTESIAN_POINT('',(-14.63330767011,12.396365488531,
    39.691331805412));
#10748 = CARTESIAN_POINT('',(-14.65817236685,11.971916863654,
    38.733985465824));
#10749 = CARTESIAN_POINT('',(-14.66345139758,11.846978198584,
    38.406715893679));
#10750 = CARTESIAN_POINT('',(-14.67050803288,11.633625193789,
    37.746935044367));
#10751 = CARTESIAN_POINT('',(-14.6723233347,11.544499332235,
    37.41287338766));
#10752 = CARTESIAN_POINT('',(-14.67445045067,11.401050245269,
    36.7364907822));
#10753 = CARTESIAN_POINT('',(-14.67475994297,11.346725512581,
    36.394170175779));
#10754 = CARTESIAN_POINT('',(-14.67503371894,11.273713825241,
    35.701079168344));
#10755 = CARTESIAN_POINT('',(-14.675,11.255192396198,35.350258290165));
#10756 = CARTESIAN_POINT('',(-14.675,11.255192396198,35.));
#10757 = ORIENTED_EDGE('',*,*,#10355,.F.);
#10758 = ORIENTED_EDGE('',*,*,#10759,.F.);
#10759 = EDGE_CURVE('',#10686,#10348,#10760,.T.);
#10760 = CIRCLE('',#10761,14.675);
#10761 = AXIS2_PLACEMENT_3D('',#10762,#10763,#10764);
#10762 = CARTESIAN_POINT('',(0.,11.255192396198,53.));
#10763 = DIRECTION('',(0.,0.,1.));
#10764 = DIRECTION('',(1.,0.,-0.));
#10765 = CYLINDRICAL_SURFACE('',#10766,14.675);
#10766 = AXIS2_PLACEMENT_3D('',#10767,#10768,#10769);
#10767 = CARTESIAN_POINT('',(0.,11.255192396198,53.));
#10768 = DIRECTION('',(-0.,-0.,-1.));
#10769 = DIRECTION('',(-1.,0.,0.));
#10770 = ADVANCED_FACE('',(#10771,#10781),#10822,.T.);
#10771 = FACE_BOUND('',#10772,.T.);
#10772 = EDGE_LOOP('',(#10773,#10780));
#10773 = ORIENTED_EDGE('',*,*,#10774,.F.);
#10774 = EDGE_CURVE('',#9984,#9992,#10775,.T.);
#10775 = CIRCLE('',#10776,4.05);
#10776 = AXIS2_PLACEMENT_3D('',#10777,#10778,#10779);
#10777 = CARTESIAN_POINT('',(0.,11.255192396198,53.));
#10778 = DIRECTION('',(0.,0.,1.));
#10779 = DIRECTION('',(1.,0.,-0.));
#10780 = ORIENTED_EDGE('',*,*,#9991,.F.);
#10781 = FACE_BOUND('',#10782,.T.);
#10782 = EDGE_LOOP('',(#10783,#10784,#10792,#10800,#10806,#10807,#10808,
    #10816));
#10783 = ORIENTED_EDGE('',*,*,#10602,.T.);
#10784 = ORIENTED_EDGE('',*,*,#10785,.F.);
#10785 = EDGE_CURVE('',#10786,#10594,#10788,.T.);
#10786 = VERTEX_POINT('',#10787);
#10787 = CARTESIAN_POINT('',(18.675,5.,53.));
#10788 = LINE('',#10789,#10790);
#10789 = CARTESIAN_POINT('',(18.675,5.,53.));
#10790 = VECTOR('',#10791,1.);
#10791 = DIRECTION('',(-0.,-1.,-0.));
#10792 = ORIENTED_EDGE('',*,*,#10793,.F.);
#10793 = EDGE_CURVE('',#10794,#10786,#10796,.T.);
#10794 = VERTEX_POINT('',#10795);
#10795 = CARTESIAN_POINT('',(14.675,5.,53.));
#10796 = LINE('',#10797,#10798);
#10797 = CARTESIAN_POINT('',(14.675,5.,53.));
#10798 = VECTOR('',#10799,1.);
#10799 = DIRECTION('',(1.,0.,0.));
#10800 = ORIENTED_EDGE('',*,*,#10801,.F.);
#10801 = EDGE_CURVE('',#10686,#10794,#10802,.T.);
#10802 = LINE('',#10803,#10804);
#10803 = CARTESIAN_POINT('',(14.675,-1.717893650595E-15,53.));
#10804 = VECTOR('',#10805,1.);
#10805 = DIRECTION('',(0.,-1.,-0.));
#10806 = ORIENTED_EDGE('',*,*,#10759,.T.);
#10807 = ORIENTED_EDGE('',*,*,#10347,.T.);
#10808 = ORIENTED_EDGE('',*,*,#10809,.T.);
#10809 = EDGE_CURVE('',#10340,#10810,#10812,.T.);
#10810 = VERTEX_POINT('',#10811);
#10811 = CARTESIAN_POINT('',(-18.675,5.,53.));
#10812 = LINE('',#10813,#10814);
#10813 = CARTESIAN_POINT('',(-14.675,5.,53.));
#10814 = VECTOR('',#10815,1.);
#10815 = DIRECTION('',(-1.,0.,0.));
#10816 = ORIENTED_EDGE('',*,*,#10817,.T.);
#10817 = EDGE_CURVE('',#10810,#10603,#10818,.T.);
#10818 = LINE('',#10819,#10820);
#10819 = CARTESIAN_POINT('',(-18.675,5.,53.));
#10820 = VECTOR('',#10821,1.);
#10821 = DIRECTION('',(-0.,-1.,-0.));
#10822 = PLANE('',#10823);
#10823 = AXIS2_PLACEMENT_3D('',#10824,#10825,#10826);
#10824 = CARTESIAN_POINT('',(0.,11.255192396198,53.));
#10825 = DIRECTION('',(0.,0.,1.));
#10826 = DIRECTION('',(1.,0.,-0.));
#10827 = ADVANCED_FACE('',(#10828),#10853,.F.);
#10828 = FACE_BOUND('',#10829,.T.);
#10829 = EDGE_LOOP('',(#10830,#10831,#10839,#10847));
#10830 = ORIENTED_EDGE('',*,*,#10585,.F.);
#10831 = ORIENTED_EDGE('',*,*,#10832,.T.);
#10832 = EDGE_CURVE('',#10578,#10833,#10835,.T.);
#10833 = VERTEX_POINT('',#10834);
#10834 = CARTESIAN_POINT('',(14.675,5.,45.));
#10835 = LINE('',#10836,#10837);
#10836 = CARTESIAN_POINT('',(14.675,-1.717893650595E-15,45.));
#10837 = VECTOR('',#10838,1.);
#10838 = DIRECTION('',(0.,1.,0.));
#10839 = ORIENTED_EDGE('',*,*,#10840,.T.);
#10840 = EDGE_CURVE('',#10833,#10841,#10843,.T.);
#10841 = VERTEX_POINT('',#10842);
#10842 = CARTESIAN_POINT('',(18.675,5.,45.));
#10843 = LINE('',#10844,#10845);
#10844 = CARTESIAN_POINT('',(14.675,5.,45.));
#10845 = VECTOR('',#10846,1.);
#10846 = DIRECTION('',(1.,0.,1.734723475977E-15));
#10847 = ORIENTED_EDGE('',*,*,#10848,.T.);
#10848 = EDGE_CURVE('',#10841,#10586,#10849,.T.);
#10849 = LINE('',#10850,#10851);
#10850 = CARTESIAN_POINT('',(18.675,5.,45.));
#10851 = VECTOR('',#10852,1.);
#10852 = DIRECTION('',(-0.,-1.,-0.));
#10853 = PLANE('',#10854);
#10854 = AXIS2_PLACEMENT_3D('',#10855,#10856,#10857);
#10855 = CARTESIAN_POINT('',(0.,11.255192396198,45.));
#10856 = DIRECTION('',(0.,0.,1.));
#10857 = DIRECTION('',(1.,0.,-0.));
#10858 = ADVANCED_FACE('',(#10859),#10877,.F.);
#10859 = FACE_BOUND('',#10860,.T.);
#10860 = EDGE_LOOP('',(#10861,#10862,#10870,#10876));
#10861 = ORIENTED_EDGE('',*,*,#10619,.T.);
#10862 = ORIENTED_EDGE('',*,*,#10863,.F.);
#10863 = EDGE_CURVE('',#10864,#10611,#10866,.T.);
#10864 = VERTEX_POINT('',#10865);
#10865 = CARTESIAN_POINT('',(-18.675,5.,45.));
#10866 = LINE('',#10867,#10868);
#10867 = CARTESIAN_POINT('',(-18.675,5.,45.));
#10868 = VECTOR('',#10869,1.);
#10869 = DIRECTION('',(-0.,-1.,-0.));
#10870 = ORIENTED_EDGE('',*,*,#10871,.F.);
#10871 = EDGE_CURVE('',#10332,#10864,#10872,.T.);
#10872 = LINE('',#10873,#10874);
#10873 = CARTESIAN_POINT('',(-14.675,5.,45.));
#10874 = VECTOR('',#10875,1.);
#10875 = DIRECTION('',(-1.,0.,1.734723475977E-15));
#10876 = ORIENTED_EDGE('',*,*,#10331,.T.);
#10877 = PLANE('',#10878);
#10878 = AXIS2_PLACEMENT_3D('',#10879,#10880,#10881);
#10879 = CARTESIAN_POINT('',(-14.675,5.,45.));
#10880 = DIRECTION('',(1.734723475977E-15,-0.,1.));
#10881 = DIRECTION('',(1.,0.,-1.734723475977E-15));
#10882 = ADVANCED_FACE('',(#10883),#10895,.T.);
#10883 = FACE_BOUND('',#10884,.T.);
#10884 = EDGE_LOOP('',(#10885,#10886,#10887,#10894));
#10885 = ORIENTED_EDGE('',*,*,#10610,.T.);
#10886 = ORIENTED_EDGE('',*,*,#10817,.F.);
#10887 = ORIENTED_EDGE('',*,*,#10888,.F.);
#10888 = EDGE_CURVE('',#10864,#10810,#10889,.T.);
#10889 = CIRCLE('',#10890,4.);
#10890 = AXIS2_PLACEMENT_3D('',#10891,#10892,#10893);
#10891 = CARTESIAN_POINT('',(-18.675,5.,49.));
#10892 = DIRECTION('',(0.,1.,0.));
#10893 = DIRECTION('',(0.,-0.,1.));
#10894 = ORIENTED_EDGE('',*,*,#10863,.T.);
#10895 = CYLINDRICAL_SURFACE('',#10896,4.);
#10896 = AXIS2_PLACEMENT_3D('',#10897,#10898,#10899);
#10897 = CARTESIAN_POINT('',(-18.675,5.,49.));
#10898 = DIRECTION('',(-0.,-1.,-0.));
#10899 = DIRECTION('',(0.,0.,-1.));
#10900 = ADVANCED_FACE('',(#10901,#10911),#10917,.T.);
#10901 = FACE_BOUND('',#10902,.T.);
#10902 = EDGE_LOOP('',(#10903,#10910));
#10903 = ORIENTED_EDGE('',*,*,#10904,.F.);
#10904 = EDGE_CURVE('',#9816,#9824,#10905,.T.);
#10905 = CIRCLE('',#10906,2.05);
#10906 = AXIS2_PLACEMENT_3D('',#10907,#10908,#10909);
#10907 = CARTESIAN_POINT('',(-18.675,5.,49.));
#10908 = DIRECTION('',(0.,1.,0.));
#10909 = DIRECTION('',(0.,-0.,1.));
#10910 = ORIENTED_EDGE('',*,*,#9823,.F.);
#10911 = FACE_BOUND('',#10912,.T.);
#10912 = EDGE_LOOP('',(#10913,#10914,#10915,#10916));
#10913 = ORIENTED_EDGE('',*,*,#10871,.T.);
#10914 = ORIENTED_EDGE('',*,*,#10888,.T.);
#10915 = ORIENTED_EDGE('',*,*,#10809,.F.);
#10916 = ORIENTED_EDGE('',*,*,#10339,.F.);
#10917 = PLANE('',#10918);
#10918 = AXIS2_PLACEMENT_3D('',#10919,#10920,#10921);
#10919 = CARTESIAN_POINT('',(-18.675,5.,49.));
#10920 = DIRECTION('',(0.,1.,0.));
#10921 = DIRECTION('',(0.,-0.,1.));
#10922 = ADVANCED_FACE('',(#10923,#10933),#10977,.F.);
#10923 = FACE_BOUND('',#10924,.T.);
#10924 = EDGE_LOOP('',(#10925,#10926));
#10925 = ORIENTED_EDGE('',*,*,#10033,.T.);
#10926 = ORIENTED_EDGE('',*,*,#10927,.T.);
#10927 = EDGE_CURVE('',#10034,#10026,#10928,.T.);
#10928 = CIRCLE('',#10929,4.05);
#10929 = AXIS2_PLACEMENT_3D('',#10930,#10931,#10932);
#10930 = CARTESIAN_POINT('',(0.,11.255192396198,-45.));
#10931 = DIRECTION('',(0.,0.,-1.));
#10932 = DIRECTION('',(-1.,0.,0.));
#10933 = FACE_BOUND('',#10934,.T.);
#10934 = EDGE_LOOP('',(#10935,#10944,#10945,#10953,#10962,#10968,#10969,
    #10970,#10971));
#10935 = ORIENTED_EDGE('',*,*,#10936,.T.);
#10936 = EDGE_CURVE('',#10937,#10101,#10939,.T.);
#10937 = VERTEX_POINT('',#10938);
#10938 = CARTESIAN_POINT('',(0.65,0.6,-45.));
#10939 = CIRCLE('',#10940,10.675);
#10940 = AXIS2_PLACEMENT_3D('',#10941,#10942,#10943);
#10941 = CARTESIAN_POINT('',(0.,11.255192396198,-45.));
#10942 = DIRECTION('',(0.,0.,1.));
#10943 = DIRECTION('',(1.,0.,-0.));
#10944 = ORIENTED_EDGE('',*,*,#10108,.T.);
#10945 = ORIENTED_EDGE('',*,*,#10946,.T.);
#10946 = EDGE_CURVE('',#10068,#10947,#10949,.T.);
#10947 = VERTEX_POINT('',#10948);
#10948 = CARTESIAN_POINT('',(10.740373596854,21.255192396198,-45.));
#10949 = LINE('',#10950,#10951);
#10950 = CARTESIAN_POINT('',(-4.336808689942E-15,21.255192396198,-45.));
#10951 = VECTOR('',#10952,1.);
#10952 = DIRECTION('',(1.,4.336808689942E-16,-0.));
#10953 = ORIENTED_EDGE('',*,*,#10954,.T.);
#10954 = EDGE_CURVE('',#10947,#10955,#10957,.T.);
#10955 = VERTEX_POINT('',#10956);
#10956 = CARTESIAN_POINT('',(-10.74037359685,21.255192396198,-45.));
#10957 = CIRCLE('',#10958,14.675);
#10958 = AXIS2_PLACEMENT_3D('',#10959,#10960,#10961);
#10959 = CARTESIAN_POINT('',(0.,11.255192396198,-45.));
#10960 = DIRECTION('',(0.,-0.,1.));
#10961 = DIRECTION('',(1.,0.,0.));
#10962 = ORIENTED_EDGE('',*,*,#10963,.T.);
#10963 = EDGE_CURVE('',#10955,#10466,#10964,.T.);
#10964 = LINE('',#10965,#10966);
#10965 = CARTESIAN_POINT('',(-10.675,21.255192396198,-45.));
#10966 = VECTOR('',#10967,1.);
#10967 = DIRECTION('',(1.,-4.336808689942E-16,0.));
#10968 = ORIENTED_EDGE('',*,*,#10498,.F.);
#10969 = ORIENTED_EDGE('',*,*,#10523,.F.);
#10970 = ORIENTED_EDGE('',*,*,#10671,.T.);
#10971 = ORIENTED_EDGE('',*,*,#10972,.T.);
#10972 = EDGE_CURVE('',#10664,#10937,#10973,.T.);
#10973 = LINE('',#10974,#10975);
#10974 = CARTESIAN_POINT('',(0.65,5.530310328369E-18,-45.));
#10975 = VECTOR('',#10976,1.);
#10976 = DIRECTION('',(0.,1.,0.));
#10977 = PLANE('',#10978);
#10978 = AXIS2_PLACEMENT_3D('',#10979,#10980,#10981);
#10979 = CARTESIAN_POINT('',(0.,11.255192396198,-45.));
#10980 = DIRECTION('',(0.,0.,-1.));
#10981 = DIRECTION('',(1.,0.,0.));
#10982 = ADVANCED_FACE('',(#10983),#11066,.T.);
#10983 = FACE_BOUND('',#10984,.T.);
#10984 = EDGE_LOOP('',(#10985,#10986,#11019,#11027,#11034,#11035));
#10985 = ORIENTED_EDGE('',*,*,#10954,.F.);
#10986 = ORIENTED_EDGE('',*,*,#10987,.T.);
#10987 = EDGE_CURVE('',#10947,#10988,#10990,.T.);
#10988 = VERTEX_POINT('',#10989);
#10989 = CARTESIAN_POINT('',(14.675,11.255192396198,-35.));
#10990 = B_SPLINE_CURVE_WITH_KNOTS('',3,(#10991,#10992,#10993,#10994,
    #10995,#10996,#10997,#10998,#10999,#11000,#11001,#11002,#11003,
    #11004,#11005,#11006,#11007,#11008,#11009,#11010,#11011,#11012,
    #11013,#11014,#11015,#11016,#11017,#11018),.UNSPECIFIED.,.F.,.F.,(4,
    2,2,2,2,2,2,2,2,2,2,2,2,4),(3.878959614449E-18,2.073287499679E-03,
    3.109931249518E-03,4.146574999357E-03,6.219862499036E-03,
    7.256506248875E-03,8.293149998714E-03,9.329793748553E-03,
    1.036643749839E-02,1.243972499807E-02,1.347636874791E-02,
    1.451301249775E-02,1.554965624759E-02,1.658629999743E-02),
  .UNSPECIFIED.);
#10991 = CARTESIAN_POINT('',(10.740373596854,21.255192396198,-45.));
#10992 = CARTESIAN_POINT('',(11.217043236185,20.743231395329,-45.));
#10993 = CARTESIAN_POINT('',(11.650530170919,20.204530342291,
    -44.96097236289));
#10994 = CARTESIAN_POINT('',(12.238160060554,19.360778915167,
    -44.82305516905));
#10995 = CARTESIAN_POINT('',(12.423571028784,19.073561298639,
    -44.76380351192));
#10996 = CARTESIAN_POINT('',(12.773463045997,18.48780265906,
    -44.61420445529));
#10997 = CARTESIAN_POINT('',(12.936582032175,18.191268188573,
    -44.5241673481));
#10998 = CARTESIAN_POINT('',(13.384211261286,17.309382862667,
    -44.20978653522));
#10999 = CARTESIAN_POINT('',(13.63091363451,16.725343724893,
    -43.93999214068));
#11000 = CARTESIAN_POINT('',(13.934908682553,15.866713758664,
    -43.43060170379));
#11001 = CARTESIAN_POINT('',(14.025252727932,15.582789255005,
    -43.24247389724));
#11002 = CARTESIAN_POINT('',(14.181760037774,15.038509840681,
    -42.84011424323));
#11003 = CARTESIAN_POINT('',(14.248705704822,14.776114793176,
    -42.62481342323));
#11004 = CARTESIAN_POINT('',(14.363918516456,14.271871636819,
    -42.16585357768));
#11005 = CARTESIAN_POINT('',(14.412178412606,14.030018721345,
    -41.92219799995));
#11006 = CARTESIAN_POINT('',(14.493433067887,13.568403505936,
    -41.40571903372));
#11007 = CARTESIAN_POINT('',(14.526268887746,13.349202349455,
    -41.1331202741));
#11008 = CARTESIAN_POINT('',(14.605265298357,12.741399817259,
    -40.2910025124));
#11009 = CARTESIAN_POINT('',(14.633307670111,12.396365488531,
    -39.69133180541));
#11010 = CARTESIAN_POINT('',(14.658172366856,11.971916863654,
    -38.73398546582));
#11011 = CARTESIAN_POINT('',(14.663451397583,11.846978198584,
    -38.40671589367));
#11012 = CARTESIAN_POINT('',(14.670508032883,11.633625193789,
    -37.74693504436));
#11013 = CARTESIAN_POINT('',(14.672323334702,11.544499332235,
    -37.41287338766));
#11014 = CARTESIAN_POINT('',(14.67445045067,11.401050245269,
    -36.7364907822));
#11015 = CARTESIAN_POINT('',(14.674759942976,11.346725512581,
    -36.39417017577));
#11016 = CARTESIAN_POINT('',(14.67503371894,11.273713825241,
    -35.70107916834));
#11017 = CARTESIAN_POINT('',(14.675,11.255192396198,-35.35025829016));
#11018 = CARTESIAN_POINT('',(14.675,11.255192396198,-35.));
#11019 = ORIENTED_EDGE('',*,*,#11020,.F.);
#11020 = EDGE_CURVE('',#11021,#10988,#11023,.T.);
#11021 = VERTEX_POINT('',#11022);
#11022 = CARTESIAN_POINT('',(14.675,11.255192396198,-53.));
#11023 = LINE('',#11024,#11025);
#11024 = CARTESIAN_POINT('',(14.675,11.255192396198,-53.));
#11025 = VECTOR('',#11026,1.);
#11026 = DIRECTION('',(-0.,-0.,1.));
#11027 = ORIENTED_EDGE('',*,*,#11028,.T.);
#11028 = EDGE_CURVE('',#11021,#10372,#11029,.T.);
#11029 = CIRCLE('',#11030,14.675);
#11030 = AXIS2_PLACEMENT_3D('',#11031,#11032,#11033);
#11031 = CARTESIAN_POINT('',(0.,11.255192396198,-53.));
#11032 = DIRECTION('',(0.,-0.,1.));
#11033 = DIRECTION('',(1.,0.,0.));
#11034 = ORIENTED_EDGE('',*,*,#10371,.T.);
#11035 = ORIENTED_EDGE('',*,*,#11036,.T.);
#11036 = EDGE_CURVE('',#10364,#10955,#11037,.T.);
#11037 = B_SPLINE_CURVE_WITH_KNOTS('',3,(#11038,#11039,#11040,#11041,
    #11042,#11043,#11044,#11045,#11046,#11047,#11048,#11049,#11050,
    #11051,#11052,#11053,#11054,#11055,#11056,#11057,#11058,#11059,
    #11060,#11061,#11062,#11063,#11064,#11065),.UNSPECIFIED.,.F.,.F.,(4,
    2,2,2,2,2,2,2,2,2,2,2,2,4),(0.,2.072012278416E-03,3.108018417623E-03
    ,4.144024556831E-03,6.216036835247E-03,7.252042974454E-03,
    8.288049113662E-03,9.32405525287E-03,1.036006139208E-02,
    1.243207367049E-02,1.34680798097E-02,1.450408594891E-02,
    1.554009208812E-02,1.657609822732E-02),.UNSPECIFIED.);
#11038 = CARTESIAN_POINT('',(-14.675,11.255192396198,-35.));
#11039 = CARTESIAN_POINT('',(-14.675,11.255192396198,-35.70053448561));
#11040 = CARTESIAN_POINT('',(-14.67551375148,11.327995917918,
    -36.38872484946));
#11041 = CARTESIAN_POINT('',(-14.67236859129,11.542106541884,
    -37.40320823966));
#11042 = CARTESIAN_POINT('',(-14.67057620454,11.631105447953,
    -37.73837754905));
#11043 = CARTESIAN_POINT('',(-14.66351884573,11.845388852143,
    -38.40255175579));
#11044 = CARTESIAN_POINT('',(-14.65823312579,11.970422000454,
    -38.73002451655));
#11045 = CARTESIAN_POINT('',(-14.63367122685,12.391061425831,
    -39.68052976951));
#11046 = CARTESIAN_POINT('',(-14.60602163861,12.733956342383,
    -40.27917831838));
#11047 = CARTESIAN_POINT('',(-14.52732813039,13.341842551535,
    -41.12365831317));
#11048 = CARTESIAN_POINT('',(-14.49454479914,13.56129566561,
    -41.39710455013));
#11049 = CARTESIAN_POINT('',(-14.41400564721,14.020401687695,
    -41.91207616642));
#11050 = CARTESIAN_POINT('',(-14.36615710558,14.261100952471,
    -42.15530079821));
#11051 = CARTESIAN_POINT('',(-14.25183422555,14.763351092482,
    -42.61391102677));
#11052 = CARTESIAN_POINT('',(-14.18536743241,15.024906366636,
    -42.82929374391));
#11053 = CARTESIAN_POINT('',(-14.0298144835,15.567929134038,
    -43.23221362244));
#11054 = CARTESIAN_POINT('',(-13.93993833936,15.851496746046,
    -43.42088105648));
#11055 = CARTESIAN_POINT('',(-13.63673256374,16.710852604764,
    -43.93272823092));
#11056 = CARTESIAN_POINT('',(-13.3901812562,17.296460452986,
    -44.20444544054));
#11057 = CARTESIAN_POINT('',(-12.94142964371,18.182283125991,
    -44.5213219793));
#11058 = CARTESIAN_POINT('',(-12.77760676423,18.480436021994,
    -44.61206087325));
#11059 = CARTESIAN_POINT('',(-12.4290352004,19.064831572288,
    -44.76182906162));
#11060 = CARTESIAN_POINT('',(-12.24392895585,19.352088135571,
    -44.82139497374));
#11061 = CARTESIAN_POINT('',(-11.85184888054,19.915861827779,
    -44.91402030892));
#11062 = CARTESIAN_POINT('',(-11.64487601795,20.192381510395,
    -44.94706863013));
#11063 = CARTESIAN_POINT('',(-11.20860496965,20.733782026026,
    -44.99008871519));
#11064 = CARTESIAN_POINT('',(-10.97894764155,20.998954959135,-45.));
#11065 = CARTESIAN_POINT('',(-10.74037359685,21.255192396198,-45.));
#11066 = CYLINDRICAL_SURFACE('',#11067,14.675);
#11067 = AXIS2_PLACEMENT_3D('',#11068,#11069,#11070);
#11068 = CARTESIAN_POINT('',(0.,11.255192396198,-53.));
#11069 = DIRECTION('',(-0.,-0.,1.));
#11070 = DIRECTION('',(1.,0.,0.));
#11071 = ADVANCED_FACE('',(#11072,#11082),#11123,.T.);
#11072 = FACE_BOUND('',#11073,.T.);
#11073 = EDGE_LOOP('',(#11074,#11081));
#11074 = ORIENTED_EDGE('',*,*,#11075,.T.);
#11075 = EDGE_CURVE('',#10024,#10043,#11076,.T.);
#11076 = CIRCLE('',#11077,4.05);
#11077 = AXIS2_PLACEMENT_3D('',#11078,#11079,#11080);
#11078 = CARTESIAN_POINT('',(0.,11.255192396198,-53.));
#11079 = DIRECTION('',(0.,0.,1.));
#11080 = DIRECTION('',(1.,0.,-0.));
#11081 = ORIENTED_EDGE('',*,*,#10050,.T.);
#11082 = FACE_BOUND('',#11083,.T.);
#11083 = EDGE_LOOP('',(#11084,#11085,#11093,#11099,#11100,#11101,#11109,
    #11117));
#11084 = ORIENTED_EDGE('',*,*,#10643,.F.);
#11085 = ORIENTED_EDGE('',*,*,#11086,.F.);
#11086 = EDGE_CURVE('',#11087,#10635,#11089,.T.);
#11087 = VERTEX_POINT('',#11088);
#11088 = CARTESIAN_POINT('',(-18.675,5.,-53.));
#11089 = LINE('',#11090,#11091);
#11090 = CARTESIAN_POINT('',(-18.675,5.,-53.));
#11091 = VECTOR('',#11092,1.);
#11092 = DIRECTION('',(-0.,-1.,-0.));
#11093 = ORIENTED_EDGE('',*,*,#11094,.F.);
#11094 = EDGE_CURVE('',#10308,#11087,#11095,.T.);
#11095 = LINE('',#11096,#11097);
#11096 = CARTESIAN_POINT('',(-14.675,5.,-53.));
#11097 = VECTOR('',#11098,1.);
#11098 = DIRECTION('',(-1.,0.,0.));
#11099 = ORIENTED_EDGE('',*,*,#10379,.F.);
#11100 = ORIENTED_EDGE('',*,*,#11028,.F.);
#11101 = ORIENTED_EDGE('',*,*,#11102,.T.);
#11102 = EDGE_CURVE('',#11021,#11103,#11105,.T.);
#11103 = VERTEX_POINT('',#11104);
#11104 = CARTESIAN_POINT('',(14.675,5.,-53.));
#11105 = LINE('',#11106,#11107);
#11106 = CARTESIAN_POINT('',(14.675,-1.717893650595E-15,-53.));
#11107 = VECTOR('',#11108,1.);
#11108 = DIRECTION('',(0.,-1.,0.));
#11109 = ORIENTED_EDGE('',*,*,#11110,.T.);
#11110 = EDGE_CURVE('',#11103,#11111,#11113,.T.);
#11111 = VERTEX_POINT('',#11112);
#11112 = CARTESIAN_POINT('',(18.675,5.,-53.));
#11113 = LINE('',#11114,#11115);
#11114 = CARTESIAN_POINT('',(14.675,5.,-53.));
#11115 = VECTOR('',#11116,1.);
#11116 = DIRECTION('',(1.,0.,0.));
#11117 = ORIENTED_EDGE('',*,*,#11118,.T.);
#11118 = EDGE_CURVE('',#11111,#10644,#11119,.T.);
#11119 = LINE('',#11120,#11121);
#11120 = CARTESIAN_POINT('',(18.675,5.,-53.));
#11121 = VECTOR('',#11122,1.);
#11122 = DIRECTION('',(-0.,-1.,-0.));
#11123 = PLANE('',#11124);
#11124 = AXIS2_PLACEMENT_3D('',#11125,#11126,#11127);
#11125 = CARTESIAN_POINT('',(0.,11.255192396198,-53.));
#11126 = DIRECTION('',(0.,0.,-1.));
#11127 = DIRECTION('',(1.,0.,0.));
#11128 = ADVANCED_FACE('',(#11129),#11156,.T.);
#11129 = FACE_BOUND('',#11130,.T.);
#11130 = EDGE_LOOP('',(#11131,#11137,#11138,#11139,#11140,#11146,#11147,
    #11148,#11154,#11155));
#11131 = ORIENTED_EDGE('',*,*,#11132,.F.);
#11132 = EDGE_CURVE('',#10833,#10794,#11133,.T.);
#11133 = LINE('',#11134,#11135);
#11134 = CARTESIAN_POINT('',(14.675,5.,45.));
#11135 = VECTOR('',#11136,1.);
#11136 = DIRECTION('',(0.,0.,1.));
#11137 = ORIENTED_EDGE('',*,*,#10832,.F.);
#11138 = ORIENTED_EDGE('',*,*,#10577,.F.);
#11139 = ORIENTED_EDGE('',*,*,#10265,.T.);
#11140 = ORIENTED_EDGE('',*,*,#11141,.T.);
#11141 = EDGE_CURVE('',#10268,#11103,#11142,.T.);
#11142 = LINE('',#11143,#11144);
#11143 = CARTESIAN_POINT('',(14.675,5.,-45.));
#11144 = VECTOR('',#11145,1.);
#11145 = DIRECTION('',(0.,0.,-1.));
#11146 = ORIENTED_EDGE('',*,*,#11102,.F.);
#11147 = ORIENTED_EDGE('',*,*,#11020,.T.);
#11148 = ORIENTED_EDGE('',*,*,#11149,.T.);
#11149 = EDGE_CURVE('',#10988,#10688,#11150,.T.);
#11150 = LINE('',#11151,#11152);
#11151 = CARTESIAN_POINT('',(14.675,11.255192396198,-45.));
#11152 = VECTOR('',#11153,1.);
#11153 = DIRECTION('',(0.,0.,1.));
#11154 = ORIENTED_EDGE('',*,*,#10685,.F.);
#11155 = ORIENTED_EDGE('',*,*,#10801,.T.);
#11156 = PLANE('',#11157);
#11157 = AXIS2_PLACEMENT_3D('',#11158,#11159,#11160);
#11158 = CARTESIAN_POINT('',(14.675,-1.717893650595E-15,53.));
#11159 = DIRECTION('',(1.,0.,-0.));
#11160 = DIRECTION('',(-0.,0.,-1.));
#11161 = ADVANCED_FACE('',(#11162),#11180,.T.);
#11162 = FACE_BOUND('',#11163,.T.);
#11163 = EDGE_LOOP('',(#11164,#11165,#11166,#11174));
#11164 = ORIENTED_EDGE('',*,*,#10626,.F.);
#11165 = ORIENTED_EDGE('',*,*,#10315,.F.);
#11166 = ORIENTED_EDGE('',*,*,#11167,.T.);
#11167 = EDGE_CURVE('',#10306,#11168,#11170,.T.);
#11168 = VERTEX_POINT('',#11169);
#11169 = CARTESIAN_POINT('',(-18.675,5.,-45.));
#11170 = LINE('',#11171,#11172);
#11171 = CARTESIAN_POINT('',(-14.675,5.,-45.));
#11172 = VECTOR('',#11173,1.);
#11173 = DIRECTION('',(-1.,0.,-1.734723475977E-15));
#11174 = ORIENTED_EDGE('',*,*,#11175,.T.);
#11175 = EDGE_CURVE('',#11168,#10627,#11176,.T.);
#11176 = LINE('',#11177,#11178);
#11177 = CARTESIAN_POINT('',(-18.675,5.,-45.));
#11178 = VECTOR('',#11179,1.);
#11179 = DIRECTION('',(-0.,-1.,-0.));
#11180 = PLANE('',#11181);
#11181 = AXIS2_PLACEMENT_3D('',#11182,#11183,#11184);
#11182 = CARTESIAN_POINT('',(-14.675,5.,-45.));
#11183 = DIRECTION('',(-1.734723475977E-15,0.,1.));
#11184 = DIRECTION('',(1.,0.,1.734723475977E-15));
#11185 = ADVANCED_FACE('',(#11186),#11198,.T.);
#11186 = FACE_BOUND('',#11187,.T.);
#11187 = EDGE_LOOP('',(#11188,#11189,#11190,#11197));
#11188 = ORIENTED_EDGE('',*,*,#10634,.F.);
#11189 = ORIENTED_EDGE('',*,*,#11175,.F.);
#11190 = ORIENTED_EDGE('',*,*,#11191,.T.);
#11191 = EDGE_CURVE('',#11168,#11087,#11192,.T.);
#11192 = CIRCLE('',#11193,4.);
#11193 = AXIS2_PLACEMENT_3D('',#11194,#11195,#11196);
#11194 = CARTESIAN_POINT('',(-18.675,5.,-49.));
#11195 = DIRECTION('',(0.,-1.,-0.));
#11196 = DIRECTION('',(0.,0.,-1.));
#11197 = ORIENTED_EDGE('',*,*,#11086,.T.);
#11198 = CYLINDRICAL_SURFACE('',#11199,4.);
#11199 = AXIS2_PLACEMENT_3D('',#11200,#11201,#11202);
#11200 = CARTESIAN_POINT('',(-18.675,5.,-49.));
#11201 = DIRECTION('',(-0.,-1.,-0.));
#11202 = DIRECTION('',(0.,0.,-1.));
#11203 = ADVANCED_FACE('',(#11204,#11214),#11220,.T.);
#11204 = FACE_BOUND('',#11205,.T.);
#11205 = EDGE_LOOP('',(#11206,#11213));
#11206 = ORIENTED_EDGE('',*,*,#11207,.F.);
#11207 = EDGE_CURVE('',#9858,#9866,#11208,.T.);
#11208 = CIRCLE('',#11209,2.05);
#11209 = AXIS2_PLACEMENT_3D('',#11210,#11211,#11212);
#11210 = CARTESIAN_POINT('',(-18.675,5.,-49.));
#11211 = DIRECTION('',(0.,1.,0.));
#11212 = DIRECTION('',(0.,-0.,1.));
#11213 = ORIENTED_EDGE('',*,*,#9865,.F.);
#11214 = FACE_BOUND('',#11215,.T.);
#11215 = EDGE_LOOP('',(#11216,#11217,#11218,#11219));
#11216 = ORIENTED_EDGE('',*,*,#11167,.F.);
#11217 = ORIENTED_EDGE('',*,*,#10305,.T.);
#11218 = ORIENTED_EDGE('',*,*,#11094,.T.);
#11219 = ORIENTED_EDGE('',*,*,#11191,.F.);
#11220 = PLANE('',#11221);
#11221 = AXIS2_PLACEMENT_3D('',#11222,#11223,#11224);
#11222 = CARTESIAN_POINT('',(-18.675,5.,-49.));
#11223 = DIRECTION('',(0.,1.,0.));
#11224 = DIRECTION('',(0.,0.,-1.));
#11225 = ADVANCED_FACE('',(#11226),#11238,.T.);
#11226 = FACE_BOUND('',#11227,.T.);
#11227 = EDGE_LOOP('',(#11228,#11229,#11230,#11237));
#11228 = ORIENTED_EDGE('',*,*,#10593,.F.);
#11229 = ORIENTED_EDGE('',*,*,#10848,.F.);
#11230 = ORIENTED_EDGE('',*,*,#11231,.T.);
#11231 = EDGE_CURVE('',#10841,#10786,#11232,.T.);
#11232 = CIRCLE('',#11233,4.);
#11233 = AXIS2_PLACEMENT_3D('',#11234,#11235,#11236);
#11234 = CARTESIAN_POINT('',(18.675,5.,49.));
#11235 = DIRECTION('',(0.,-1.,0.));
#11236 = DIRECTION('',(0.,0.,1.));
#11237 = ORIENTED_EDGE('',*,*,#10785,.T.);
#11238 = CYLINDRICAL_SURFACE('',#11239,4.);
#11239 = AXIS2_PLACEMENT_3D('',#11240,#11241,#11242);
#11240 = CARTESIAN_POINT('',(18.675,5.,49.));
#11241 = DIRECTION('',(-0.,-1.,-0.));
#11242 = DIRECTION('',(0.,0.,-1.));
#11243 = ADVANCED_FACE('',(#11244,#11254),#11260,.T.);
#11244 = FACE_BOUND('',#11245,.T.);
#11245 = EDGE_LOOP('',(#11246,#11253));
#11246 = ORIENTED_EDGE('',*,*,#11247,.F.);
#11247 = EDGE_CURVE('',#9900,#9908,#11248,.T.);
#11248 = CIRCLE('',#11249,2.05);
#11249 = AXIS2_PLACEMENT_3D('',#11250,#11251,#11252);
#11250 = CARTESIAN_POINT('',(18.675,5.,49.));
#11251 = DIRECTION('',(0.,1.,0.));
#11252 = DIRECTION('',(0.,-0.,1.));
#11253 = ORIENTED_EDGE('',*,*,#9907,.F.);
#11254 = FACE_BOUND('',#11255,.T.);
#11255 = EDGE_LOOP('',(#11256,#11257,#11258,#11259));
#11256 = ORIENTED_EDGE('',*,*,#10840,.F.);
#11257 = ORIENTED_EDGE('',*,*,#11132,.T.);
#11258 = ORIENTED_EDGE('',*,*,#10793,.T.);
#11259 = ORIENTED_EDGE('',*,*,#11231,.F.);
#11260 = PLANE('',#11261);
#11261 = AXIS2_PLACEMENT_3D('',#11262,#11263,#11264);
#11262 = CARTESIAN_POINT('',(18.675,5.,49.));
#11263 = DIRECTION('',(0.,1.,0.));
#11264 = DIRECTION('',(0.,-0.,1.));
#11265 = ADVANCED_FACE('',(#11266),#11278,.T.);
#11266 = FACE_BOUND('',#11267,.T.);
#11267 = EDGE_LOOP('',(#11268,#11269,#11270,#11277));
#11268 = ORIENTED_EDGE('',*,*,#10651,.T.);
#11269 = ORIENTED_EDGE('',*,*,#11118,.F.);
#11270 = ORIENTED_EDGE('',*,*,#11271,.F.);
#11271 = EDGE_CURVE('',#10284,#11111,#11272,.T.);
#11272 = CIRCLE('',#11273,4.);
#11273 = AXIS2_PLACEMENT_3D('',#11274,#11275,#11276);
#11274 = CARTESIAN_POINT('',(18.675,5.,-49.));
#11275 = DIRECTION('',(0.,1.,0.));
#11276 = DIRECTION('',(0.,0.,-1.));
#11277 = ORIENTED_EDGE('',*,*,#10283,.T.);
#11278 = CYLINDRICAL_SURFACE('',#11279,4.);
#11279 = AXIS2_PLACEMENT_3D('',#11280,#11281,#11282);
#11280 = CARTESIAN_POINT('',(18.675,5.,-49.));
#11281 = DIRECTION('',(-0.,-1.,-0.));
#11282 = DIRECTION('',(0.,0.,-1.));
#11283 = ADVANCED_FACE('',(#11284,#11294),#11300,.T.);
#11284 = FACE_BOUND('',#11285,.T.);
#11285 = EDGE_LOOP('',(#11286,#11293));
#11286 = ORIENTED_EDGE('',*,*,#11287,.F.);
#11287 = EDGE_CURVE('',#9942,#9950,#11288,.T.);
#11288 = CIRCLE('',#11289,2.05);
#11289 = AXIS2_PLACEMENT_3D('',#11290,#11291,#11292);
#11290 = CARTESIAN_POINT('',(18.675,5.,-49.));
#11291 = DIRECTION('',(0.,1.,0.));
#11292 = DIRECTION('',(0.,-0.,1.));
#11293 = ORIENTED_EDGE('',*,*,#9949,.F.);
#11294 = FACE_BOUND('',#11295,.T.);
#11295 = EDGE_LOOP('',(#11296,#11297,#11298,#11299));
#11296 = ORIENTED_EDGE('',*,*,#10291,.T.);
#11297 = ORIENTED_EDGE('',*,*,#11271,.T.);
#11298 = ORIENTED_EDGE('',*,*,#11110,.F.);
#11299 = ORIENTED_EDGE('',*,*,#11141,.F.);
#11300 = PLANE('',#11301);
#11301 = AXIS2_PLACEMENT_3D('',#11302,#11303,#11304);
#11302 = CARTESIAN_POINT('',(18.675,5.,-49.));
#11303 = DIRECTION('',(0.,1.,0.));
#11304 = DIRECTION('',(0.,0.,-1.));
#11305 = ADVANCED_FACE('',(#11306),#11317,.F.);
#11306 = FACE_BOUND('',#11307,.T.);
#11307 = EDGE_LOOP('',(#11308,#11309,#11310,#11316));
#11308 = ORIENTED_EDGE('',*,*,#10663,.T.);
#11309 = ORIENTED_EDGE('',*,*,#10218,.T.);
#11310 = ORIENTED_EDGE('',*,*,#11311,.F.);
#11311 = EDGE_CURVE('',#10937,#10210,#11312,.T.);
#11312 = LINE('',#11313,#11314);
#11313 = CARTESIAN_POINT('',(0.65,0.6,-45.));
#11314 = VECTOR('',#11315,1.);
#11315 = DIRECTION('',(0.,0.,1.));
#11316 = ORIENTED_EDGE('',*,*,#10972,.F.);
#11317 = PLANE('',#11318);
#11318 = AXIS2_PLACEMENT_3D('',#11319,#11320,#11321);
#11319 = CARTESIAN_POINT('',(0.65,5.530310328369E-18,-45.));
#11320 = DIRECTION('',(1.,0.,0.));
#11321 = DIRECTION('',(0.,0.,-1.));
#11322 = ADVANCED_FACE('',(#11323),#11336,.F.);
#11323 = FACE_BOUND('',#11324,.F.);
#11324 = EDGE_LOOP('',(#11325,#11331,#11332,#11333,#11334,#11335));
#11325 = ORIENTED_EDGE('',*,*,#11326,.T.);
#11326 = EDGE_CURVE('',#10066,#10135,#11327,.T.);
#11327 = LINE('',#11328,#11329);
#11328 = CARTESIAN_POINT('',(10.675,11.255192396198,-45.));
#11329 = VECTOR('',#11330,1.);
#11330 = DIRECTION('',(0.,0.,1.));
#11331 = ORIENTED_EDGE('',*,*,#10134,.T.);
#11332 = ORIENTED_EDGE('',*,*,#10209,.F.);
#11333 = ORIENTED_EDGE('',*,*,#11311,.F.);
#11334 = ORIENTED_EDGE('',*,*,#10936,.T.);
#11335 = ORIENTED_EDGE('',*,*,#10100,.T.);
#11336 = CYLINDRICAL_SURFACE('',#11337,10.675);
#11337 = AXIS2_PLACEMENT_3D('',#11338,#11339,#11340);
#11338 = CARTESIAN_POINT('',(0.,11.255192396198,-45.));
#11339 = DIRECTION('',(0.,0.,1.));
#11340 = DIRECTION('',(1.,0.,-0.));
#11341 = ADVANCED_FACE('',(#11342),#11358,.T.);
#11342 = FACE_BOUND('',#11343,.T.);
#11343 = EDGE_LOOP('',(#11344,#11345,#11351,#11352));
#11344 = ORIENTED_EDGE('',*,*,#11149,.F.);
#11345 = ORIENTED_EDGE('',*,*,#11346,.T.);
#11346 = EDGE_CURVE('',#10988,#10066,#11347,.T.);
#11347 = LINE('',#11348,#11349);
#11348 = CARTESIAN_POINT('',(14.675,11.255192396198,-35.));
#11349 = VECTOR('',#11350,1.);
#11350 = DIRECTION('',(-1.,-4.336808689942E-16,0.));
#11351 = ORIENTED_EDGE('',*,*,#11326,.T.);
#11352 = ORIENTED_EDGE('',*,*,#11353,.T.);
#11353 = EDGE_CURVE('',#10135,#10688,#11354,.T.);
#11354 = LINE('',#11355,#11356);
#11355 = CARTESIAN_POINT('',(14.675,11.255192396198,35.));
#11356 = VECTOR('',#11357,1.);
#11357 = DIRECTION('',(1.,4.336808689942E-16,-0.));
#11358 = PLANE('',#11359);
#11359 = AXIS2_PLACEMENT_3D('',#11360,#11361,#11362);
#11360 = CARTESIAN_POINT('',(14.675,11.255192396198,-45.));
#11361 = DIRECTION('',(-4.336808689942E-16,1.,0.));
#11362 = DIRECTION('',(-1.,-4.336808689942E-16,0.));
#11363 = ADVANCED_FACE('',(#11364),#11370,.F.);
#11364 = FACE_BOUND('',#11365,.F.);
#11365 = EDGE_LOOP('',(#11366,#11367,#11368,#11369));
#11366 = ORIENTED_EDGE('',*,*,#10927,.T.);
#11367 = ORIENTED_EDGE('',*,*,#10023,.F.);
#11368 = ORIENTED_EDGE('',*,*,#11075,.T.);
#11369 = ORIENTED_EDGE('',*,*,#10042,.T.);
#11370 = CYLINDRICAL_SURFACE('',#11371,4.05);
#11371 = AXIS2_PLACEMENT_3D('',#11372,#11373,#11374);
#11372 = CARTESIAN_POINT('',(0.,11.255192396198,-53.));
#11373 = DIRECTION('',(-0.,-0.,1.));
#11374 = DIRECTION('',(1.,0.,0.));
#11375 = ADVANCED_FACE('',(#11376),#11382,.F.);
#11376 = FACE_BOUND('',#11377,.F.);
#11377 = EDGE_LOOP('',(#11378,#11379,#11380,#11381));
#11378 = ORIENTED_EDGE('',*,*,#10774,.F.);
#11379 = ORIENTED_EDGE('',*,*,#9981,.F.);
#11380 = ORIENTED_EDGE('',*,*,#10181,.T.);
#11381 = ORIENTED_EDGE('',*,*,#10000,.T.);
#11382 = CYLINDRICAL_SURFACE('',#11383,4.05);
#11383 = AXIS2_PLACEMENT_3D('',#11384,#11385,#11386);
#11384 = CARTESIAN_POINT('',(0.,11.255192396198,-53.));
#11385 = DIRECTION('',(-0.,-0.,1.));
#11386 = DIRECTION('',(1.,0.,0.));
#11387 = ADVANCED_FACE('',(#11388),#11394,.F.);
#11388 = FACE_BOUND('',#11389,.F.);
#11389 = EDGE_LOOP('',(#11390,#11391,#11392,#11393));
#11390 = ORIENTED_EDGE('',*,*,#11346,.T.);
#11391 = ORIENTED_EDGE('',*,*,#10065,.T.);
#11392 = ORIENTED_EDGE('',*,*,#10946,.T.);
#11393 = ORIENTED_EDGE('',*,*,#10987,.T.);
#11394 = CYLINDRICAL_SURFACE('',#11395,10.);
#11395 = AXIS2_PLACEMENT_3D('',#11396,#11397,#11398);
#11396 = CARTESIAN_POINT('',(14.675,21.255192396198,-35.));
#11397 = DIRECTION('',(-1.,-4.336808689942E-16,0.));
#11398 = DIRECTION('',(4.336808689942E-16,-1.,0.));
#11399 = ADVANCED_FACE('',(#11400),#11406,.F.);
#11400 = FACE_BOUND('',#11401,.F.);
#11401 = EDGE_LOOP('',(#11402,#11403,#11404,#11405));
#11402 = ORIENTED_EDGE('',*,*,#10963,.T.);
#11403 = ORIENTED_EDGE('',*,*,#10465,.T.);
#11404 = ORIENTED_EDGE('',*,*,#10403,.T.);
#11405 = ORIENTED_EDGE('',*,*,#11036,.T.);
#11406 = CYLINDRICAL_SURFACE('',#11407,10.);
#11407 = AXIS2_PLACEMENT_3D('',#11408,#11409,#11410);
#11408 = CARTESIAN_POINT('',(4.336808689942E-15,21.255192396198,-35.));
#11409 = DIRECTION('',(-1.,4.336808689942E-16,0.));
#11410 = DIRECTION('',(-4.336808689942E-16,-1.,0.));
#11411 = ADVANCED_FACE('',(#11412),#11418,.F.);
#11412 = FACE_BOUND('',#11413,.F.);
#11413 = EDGE_LOOP('',(#11414,#11415,#11416,#11417));
#11414 = ORIENTED_EDGE('',*,*,#10202,.T.);
#11415 = ORIENTED_EDGE('',*,*,#10142,.T.);
#11416 = ORIENTED_EDGE('',*,*,#11353,.T.);
#11417 = ORIENTED_EDGE('',*,*,#10695,.T.);
#11418 = CYLINDRICAL_SURFACE('',#11419,10.);
#11419 = AXIS2_PLACEMENT_3D('',#11420,#11421,#11422);
#11420 = CARTESIAN_POINT('',(-4.336808689942E-15,21.255192396198,35.));
#11421 = DIRECTION('',(-1.,-4.336808689942E-16,0.));
#11422 = DIRECTION('',(4.336808689942E-16,-1.,0.));
#11423 = ADVANCED_FACE('',(#11424),#11430,.F.);
#11424 = FACE_BOUND('',#11425,.F.);
#11425 = EDGE_LOOP('',(#11426,#11427,#11428,#11429));
#11426 = ORIENTED_EDGE('',*,*,#10410,.T.);
#11427 = ORIENTED_EDGE('',*,*,#10433,.T.);
#11428 = ORIENTED_EDGE('',*,*,#10251,.T.);
#11429 = ORIENTED_EDGE('',*,*,#10727,.T.);
#11430 = CYLINDRICAL_SURFACE('',#11431,10.);
#11431 = AXIS2_PLACEMENT_3D('',#11432,#11433,#11434);
#11432 = CARTESIAN_POINT('',(-14.675,21.255192396198,35.));
#11433 = DIRECTION('',(-1.,4.336808689942E-16,0.));
#11434 = DIRECTION('',(-4.336808689942E-16,-1.,0.));
#11435 = ADVANCED_FACE('',(#11436),#11442,.F.);
#11436 = FACE_BOUND('',#11437,.F.);
#11437 = EDGE_LOOP('',(#11438,#11439,#11440,#11441));
#11438 = ORIENTED_EDGE('',*,*,#11287,.F.);
#11439 = ORIENTED_EDGE('',*,*,#9939,.F.);
#11440 = ORIENTED_EDGE('',*,*,#10557,.T.);
#11441 = ORIENTED_EDGE('',*,*,#9958,.T.);
#11442 = CYLINDRICAL_SURFACE('',#11443,2.05);
#11443 = AXIS2_PLACEMENT_3D('',#11444,#11445,#11446);
#11444 = CARTESIAN_POINT('',(18.675,-2.081668171172E-14,-49.));
#11445 = DIRECTION('',(4.336808689942E-16,1.,-0.));
#11446 = DIRECTION('',(-1.,4.336808689942E-16,0.));
#11447 = ADVANCED_FACE('',(#11448),#11454,.F.);
#11448 = FACE_BOUND('',#11449,.F.);
#11449 = EDGE_LOOP('',(#11450,#11451,#11452,#11453));
#11450 = ORIENTED_EDGE('',*,*,#11247,.F.);
#11451 = ORIENTED_EDGE('',*,*,#9897,.F.);
#11452 = ORIENTED_EDGE('',*,*,#10547,.T.);
#11453 = ORIENTED_EDGE('',*,*,#9916,.T.);
#11454 = CYLINDRICAL_SURFACE('',#11455,2.05);
#11455 = AXIS2_PLACEMENT_3D('',#11456,#11457,#11458);
#11456 = CARTESIAN_POINT('',(18.675,-2.081668171172E-14,49.));
#11457 = DIRECTION('',(4.336808689942E-16,1.,-0.));
#11458 = DIRECTION('',(-1.,4.336808689942E-16,0.));
#11459 = ADVANCED_FACE('',(#11460),#11466,.F.);
#11460 = FACE_BOUND('',#11461,.F.);
#11461 = EDGE_LOOP('',(#11462,#11463,#11464,#11465));
#11462 = ORIENTED_EDGE('',*,*,#11207,.F.);
#11463 = ORIENTED_EDGE('',*,*,#9855,.F.);
#11464 = ORIENTED_EDGE('',*,*,#10567,.T.);
#11465 = ORIENTED_EDGE('',*,*,#9874,.T.);
#11466 = CYLINDRICAL_SURFACE('',#11467,2.05);
#11467 = AXIS2_PLACEMENT_3D('',#11468,#11469,#11470);
#11468 = CARTESIAN_POINT('',(-18.675,-3.469446951954E-15,-49.));
#11469 = DIRECTION('',(4.336808689942E-16,1.,-0.));
#11470 = DIRECTION('',(-1.,4.336808689942E-16,0.));
#11471 = ADVANCED_FACE('',(#11472),#11478,.F.);
#11472 = FACE_BOUND('',#11473,.F.);
#11473 = EDGE_LOOP('',(#11474,#11475,#11476,#11477));
#11474 = ORIENTED_EDGE('',*,*,#10904,.F.);
#11475 = ORIENTED_EDGE('',*,*,#9813,.F.);
#11476 = ORIENTED_EDGE('',*,*,#10537,.T.);
#11477 = ORIENTED_EDGE('',*,*,#9832,.T.);
#11478 = CYLINDRICAL_SURFACE('',#11479,2.05);
#11479 = AXIS2_PLACEMENT_3D('',#11480,#11481,#11482);
#11480 = CARTESIAN_POINT('',(-18.675,-3.469446951954E-15,49.));
#11481 = DIRECTION('',(4.336808689942E-16,1.,-0.));
#11482 = DIRECTION('',(-1.,4.336808689942E-16,0.));
#11483 = ( GEOMETRIC_REPRESENTATION_CONTEXT(3) 
GLOBAL_UNCERTAINTY_ASSIGNED_CONTEXT((#11487)) 
GLOBAL_UNIT_ASSIGNED_CONTEXT((#11484,#11485,#11486)) 
REPRESENTATION_CONTEXT('Context #1',
  '3D Context with UNIT and UNCERTAINTY') );
#11484 = ( LENGTH_UNIT() NAMED_UNIT(*) SI_UNIT(.MILLI.,.METRE.) );
#11485 = ( NAMED_UNIT(*) PLANE_ANGLE_UNIT() SI_UNIT($,.RADIAN.) );
#11486 = ( NAMED_UNIT(*) SI_UNIT($,.STERADIAN.) SOLID_ANGLE_UNIT() );
#11487 = UNCERTAINTY_MEASURE_WITH_UNIT(LENGTH_MEASURE(5.E-05),#11484,
  'distance_accuracy_value','confusion accuracy');
#11488 = SHAPE_DEFINITION_REPRESENTATION(#11489,#9806);
#11489 = PRODUCT_DEFINITION_SHAPE('','',#11490);
#11490 = PRODUCT_DEFINITION('design','',#11491,#11494);
#11491 = PRODUCT_DEFINITION_FORMATION('','',#11492);
#11492 = PRODUCT('CellHolder','CellHolder','',(#11493));
#11493 = PRODUCT_CONTEXT('',#2,'mechanical');
#11494 = PRODUCT_DEFINITION_CONTEXT('part definition',#2,'design');
#11495 = CONTEXT_DEPENDENT_SHAPE_REPRESENTATION(#11496,#11498);
#11496 = ( REPRESENTATION_RELATIONSHIP('','',#9806,#9796) 
REPRESENTATION_RELATIONSHIP_WITH_TRANSFORMATION(#11497) 
SHAPE_REPRESENTATION_RELATIONSHIP() );
#11497 = ITEM_DEFINED_TRANSFORMATION('','',#11,#9797);
#11498 = PRODUCT_DEFINITION_SHAPE('Placement','Placement of an item',
  #11499);
#11499 = NEXT_ASSEMBLY_USAGE_OCCURRENCE('18','','',#9791,#11490,$);
#11500 = PRODUCT_RELATED_PRODUCT_CATEGORY('part',$,(#11492));
#11501 = CONTEXT_DEPENDENT_SHAPE_REPRESENTATION(#11502,#11504);
#11502 = ( REPRESENTATION_RELATIONSHIP('','',#9796,#10) 
REPRESENTATION_RELATIONSHIP_WITH_TRANSFORMATION(#11503) 
SHAPE_REPRESENTATION_RELATIONSHIP() );
#11503 = ITEM_DEFINED_TRANSFORMATION('','',#11,#35);
#11504 = PRODUCT_DEFINITION_SHAPE('Placement','Placement of an item',
  #11505);
#11505 = NEXT_ASSEMBLY_USAGE_OCCURRENCE('19','','',#5,#9791,$);
#11506 = PRODUCT_RELATED_PRODUCT_CATEGORY('part',$,(#9793));
#11507 = MECHANICAL_DESIGN_GEOMETRIC_PRESENTATION_REPRESENTATION('',(
    #11508),#4107);
#11508 = STYLED_ITEM('color',(#11509),#3825);
#11509 = PRESENTATION_STYLE_ASSIGNMENT((#11510,#11516));
#11510 = SURFACE_STYLE_USAGE(.BOTH.,#11511);
#11511 = SURFACE_SIDE_STYLE('',(#11512));
#11512 = SURFACE_STYLE_FILL_AREA(#11513);
#11513 = FILL_AREA_STYLE('',(#11514));
#11514 = FILL_AREA_STYLE_COLOUR('',#11515);
#11515 = COLOUR_RGB('',0.800000010877,0.800000010877,0.800000010877);
#11516 = CURVE_STYLE('',#11517,POSITIVE_LENGTH_MEASURE(0.1),#11515);
#11517 = DRAUGHTING_PRE_DEFINED_CURVE_FONT('continuous');
#11518 = MECHANICAL_DESIGN_GEOMETRIC_PRESENTATION_REPRESENTATION('',(
    #11519),#3789);
#11519 = STYLED_ITEM('color',(#11520),#3639);
#11520 = PRESENTATION_STYLE_ASSIGNMENT((#11521,#11527));
#11521 = SURFACE_STYLE_USAGE(.BOTH.,#11522);
#11522 = SURFACE_SIDE_STYLE('',(#11523));
#11523 = SURFACE_STYLE_FILL_AREA(#11524);
#11524 = FILL_AREA_STYLE('',(#11525));
#11525 = FILL_AREA_STYLE_COLOUR('',#11526);
#11526 = COLOUR_RGB('',0.827450977613,0.827450977613,0.827450977613);
#11527 = CURVE_STYLE('',#11528,POSITIVE_LENGTH_MEASURE(0.1),#11526);
#11528 = DRAUGHTING_PRE_DEFINED_CURVE_FONT('continuous');
#11529 = MECHANICAL_DESIGN_GEOMETRIC_PRESENTATION_REPRESENTATION('',(
    #11530,#11538,#11546,#11553,#11560,#11567,#11574,#11581,#11588,
    #11595,#11603,#11610,#11617,#11624,#11631,#11638,#11645,#11652,
    #11659,#11666,#11673,#11680,#11687,#11694,#11701,#11708,#11716,
    #11723,#11730,#11737,#11744,#11751,#11758,#11765,#11772,#11779,
    #11786,#11793,#11800,#11807,#11814,#11821,#11828,#11835,#11842,
    #11849,#11856,#11863,#11870,#11877,#11884,#11891,#11898,#11905),
  #3540);
#11530 = STYLED_ITEM('color',(#11531),#411);
#11531 = PRESENTATION_STYLE_ASSIGNMENT((#11532));
#11532 = SURFACE_STYLE_USAGE(.BOTH.,#11533);
#11533 = SURFACE_SIDE_STYLE('',(#11534));
#11534 = SURFACE_STYLE_FILL_AREA(#11535);
#11535 = FILL_AREA_STYLE('',(#11536));
#11536 = FILL_AREA_STYLE_COLOUR('',#11537);
#11537 = COLOUR_RGB('',0.792156867455,0.819607826924,0.933333342953);
#11538 = OVER_RIDING_STYLED_ITEM('overriding color',(#11539),#413,#11530
  );
#11539 = PRESENTATION_STYLE_ASSIGNMENT((#11540));
#11540 = SURFACE_STYLE_USAGE(.BOTH.,#11541);
#11541 = SURFACE_SIDE_STYLE('',(#11542));
#11542 = SURFACE_STYLE_FILL_AREA(#11543);
#11543 = FILL_AREA_STYLE('',(#11544));
#11544 = FILL_AREA_STYLE_COLOUR('',#11545);
#11545 = COLOUR_RGB('',0.,0.752941164258,0.);
#11546 = OVER_RIDING_STYLED_ITEM('overriding color',(#11547),#548,#11530
  );
#11547 = PRESENTATION_STYLE_ASSIGNMENT((#11548));
#11548 = SURFACE_STYLE_USAGE(.BOTH.,#11549);
#11549 = SURFACE_SIDE_STYLE('',(#11550));
#11550 = SURFACE_STYLE_FILL_AREA(#11551);
#11551 = FILL_AREA_STYLE('',(#11552));
#11552 = FILL_AREA_STYLE_COLOUR('',#11545);
#11553 = OVER_RIDING_STYLED_ITEM('overriding color',(#11554),#570,#11530
  );
#11554 = PRESENTATION_STYLE_ASSIGNMENT((#11555));
#11555 = SURFACE_STYLE_USAGE(.BOTH.,#11556);
#11556 = SURFACE_SIDE_STYLE('',(#11557));
#11557 = SURFACE_STYLE_FILL_AREA(#11558);
#11558 = FILL_AREA_STYLE('',(#11559));
#11559 = FILL_AREA_STYLE_COLOUR('',#11545);
#11560 = STYLED_ITEM('color',(#11561),#596);
#11561 = PRESENTATION_STYLE_ASSIGNMENT((#11562));
#11562 = SURFACE_STYLE_USAGE(.BOTH.,#11563);
#11563 = SURFACE_SIDE_STYLE('',(#11564));
#11564 = SURFACE_STYLE_FILL_AREA(#11565);
#11565 = FILL_AREA_STYLE('',(#11566));
#11566 = FILL_AREA_STYLE_COLOUR('',#11537);
#11567 = OVER_RIDING_STYLED_ITEM('overriding color',(#11568),#638,#11560
  );
#11568 = PRESENTATION_STYLE_ASSIGNMENT((#11569));
#11569 = SURFACE_STYLE_USAGE(.BOTH.,#11570);
#11570 = SURFACE_SIDE_STYLE('',(#11571));
#11571 = SURFACE_STYLE_FILL_AREA(#11572);
#11572 = FILL_AREA_STYLE('',(#11573));
#11573 = FILL_AREA_STYLE_COLOUR('',#11545);
#11574 = OVER_RIDING_STYLED_ITEM('overriding color',(#11575),#669,#11560
  );
#11575 = PRESENTATION_STYLE_ASSIGNMENT((#11576));
#11576 = SURFACE_STYLE_USAGE(.BOTH.,#11577);
#11577 = SURFACE_SIDE_STYLE('',(#11578));
#11578 = SURFACE_STYLE_FILL_AREA(#11579);
#11579 = FILL_AREA_STYLE('',(#11580));
#11580 = FILL_AREA_STYLE_COLOUR('',#11545);
#11581 = OVER_RIDING_STYLED_ITEM('overriding color',(#11582),#755,#11560
  );
#11582 = PRESENTATION_STYLE_ASSIGNMENT((#11583));
#11583 = SURFACE_STYLE_USAGE(.BOTH.,#11584);
#11584 = SURFACE_SIDE_STYLE('',(#11585));
#11585 = SURFACE_STYLE_FILL_AREA(#11586);
#11586 = FILL_AREA_STYLE('',(#11587));
#11587 = FILL_AREA_STYLE_COLOUR('',#11545);
#11588 = STYLED_ITEM('color',(#11589),#781);
#11589 = PRESENTATION_STYLE_ASSIGNMENT((#11590));
#11590 = SURFACE_STYLE_USAGE(.BOTH.,#11591);
#11591 = SURFACE_SIDE_STYLE('',(#11592));
#11592 = SURFACE_STYLE_FILL_AREA(#11593);
#11593 = FILL_AREA_STYLE('',(#11594));
#11594 = FILL_AREA_STYLE_COLOUR('',#11537);
#11595 = OVER_RIDING_STYLED_ITEM('overriding color',(#11596),#783,#11588
  );
#11596 = PRESENTATION_STYLE_ASSIGNMENT((#11597));
#11597 = SURFACE_STYLE_USAGE(.BOTH.,#11598);
#11598 = SURFACE_SIDE_STYLE('',(#11599));
#11599 = SURFACE_STYLE_FILL_AREA(#11600);
#11600 = FILL_AREA_STYLE('',(#11601));
#11601 = FILL_AREA_STYLE_COLOUR('',#11602);
#11602 = COLOUR_RGB('',0.752941164258,0.752941164258,0.);
#11603 = OVER_RIDING_STYLED_ITEM('overriding color',(#11604),#932,#11588
  );
#11604 = PRESENTATION_STYLE_ASSIGNMENT((#11605));
#11605 = SURFACE_STYLE_USAGE(.BOTH.,#11606);
#11606 = SURFACE_SIDE_STYLE('',(#11607));
#11607 = SURFACE_STYLE_FILL_AREA(#11608);
#11608 = FILL_AREA_STYLE('',(#11609));
#11609 = FILL_AREA_STYLE_COLOUR('',#11602);
#11610 = OVER_RIDING_STYLED_ITEM('overriding color',(#11611),#999,#11588
  );
#11611 = PRESENTATION_STYLE_ASSIGNMENT((#11612));
#11612 = SURFACE_STYLE_USAGE(.BOTH.,#11613);
#11613 = SURFACE_SIDE_STYLE('',(#11614));
#11614 = SURFACE_STYLE_FILL_AREA(#11615);
#11615 = FILL_AREA_STYLE('',(#11616));
#11616 = FILL_AREA_STYLE_COLOUR('',#11602);
#11617 = OVER_RIDING_STYLED_ITEM('overriding color',(#11618),#1037,
  #11588);
#11618 = PRESENTATION_STYLE_ASSIGNMENT((#11619));
#11619 = SURFACE_STYLE_USAGE(.BOTH.,#11620);
#11620 = SURFACE_SIDE_STYLE('',(#11621));
#11621 = SURFACE_STYLE_FILL_AREA(#11622);
#11622 = FILL_AREA_STYLE('',(#11623));
#11623 = FILL_AREA_STYLE_COLOUR('',#11602);
#11624 = OVER_RIDING_STYLED_ITEM('overriding color',(#11625),#1055,
  #11588);
#11625 = PRESENTATION_STYLE_ASSIGNMENT((#11626));
#11626 = SURFACE_STYLE_USAGE(.BOTH.,#11627);
#11627 = SURFACE_SIDE_STYLE('',(#11628));
#11628 = SURFACE_STYLE_FILL_AREA(#11629);
#11629 = FILL_AREA_STYLE('',(#11630));
#11630 = FILL_AREA_STYLE_COLOUR('',#11602);
#11631 = STYLED_ITEM('color',(#11632),#1067);
#11632 = PRESENTATION_STYLE_ASSIGNMENT((#11633));
#11633 = SURFACE_STYLE_USAGE(.BOTH.,#11634);
#11634 = SURFACE_SIDE_STYLE('',(#11635));
#11635 = SURFACE_STYLE_FILL_AREA(#11636);
#11636 = FILL_AREA_STYLE('',(#11637));
#11637 = FILL_AREA_STYLE_COLOUR('',#11537);
#11638 = OVER_RIDING_STYLED_ITEM('overriding color',(#11639),#1126,
  #11631);
#11639 = PRESENTATION_STYLE_ASSIGNMENT((#11640));
#11640 = SURFACE_STYLE_USAGE(.BOTH.,#11641);
#11641 = SURFACE_SIDE_STYLE('',(#11642));
#11642 = SURFACE_STYLE_FILL_AREA(#11643);
#11643 = FILL_AREA_STYLE('',(#11644));
#11644 = FILL_AREA_STYLE_COLOUR('',#11602);
#11645 = OVER_RIDING_STYLED_ITEM('overriding color',(#11646),#1158,
  #11631);
#11646 = PRESENTATION_STYLE_ASSIGNMENT((#11647));
#11647 = SURFACE_STYLE_USAGE(.BOTH.,#11648);
#11648 = SURFACE_SIDE_STYLE('',(#11649));
#11649 = SURFACE_STYLE_FILL_AREA(#11650);
#11650 = FILL_AREA_STYLE('',(#11651));
#11651 = FILL_AREA_STYLE_COLOUR('',#11602);
#11652 = OVER_RIDING_STYLED_ITEM('overriding color',(#11653),#1254,
  #11631);
#11653 = PRESENTATION_STYLE_ASSIGNMENT((#11654));
#11654 = SURFACE_STYLE_USAGE(.BOTH.,#11655);
#11655 = SURFACE_SIDE_STYLE('',(#11656));
#11656 = SURFACE_STYLE_FILL_AREA(#11657);
#11657 = FILL_AREA_STYLE('',(#11658));
#11658 = FILL_AREA_STYLE_COLOUR('',#11602);
#11659 = OVER_RIDING_STYLED_ITEM('overriding color',(#11660),#1271,
  #11631);
#11660 = PRESENTATION_STYLE_ASSIGNMENT((#11661));
#11661 = SURFACE_STYLE_USAGE(.BOTH.,#11662);
#11662 = SURFACE_SIDE_STYLE('',(#11663));
#11663 = SURFACE_STYLE_FILL_AREA(#11664);
#11664 = FILL_AREA_STYLE('',(#11665));
#11665 = FILL_AREA_STYLE_COLOUR('',#11602);
#11666 = STYLED_ITEM('color',(#11667),#1285);
#11667 = PRESENTATION_STYLE_ASSIGNMENT((#11668));
#11668 = SURFACE_STYLE_USAGE(.BOTH.,#11669);
#11669 = SURFACE_SIDE_STYLE('',(#11670));
#11670 = SURFACE_STYLE_FILL_AREA(#11671);
#11671 = FILL_AREA_STYLE('',(#11672));
#11672 = FILL_AREA_STYLE_COLOUR('',#11537);
#11673 = OVER_RIDING_STYLED_ITEM('overriding color',(#11674),#1287,
  #11666);
#11674 = PRESENTATION_STYLE_ASSIGNMENT((#11675));
#11675 = SURFACE_STYLE_USAGE(.BOTH.,#11676);
#11676 = SURFACE_SIDE_STYLE('',(#11677));
#11677 = SURFACE_STYLE_FILL_AREA(#11678);
#11678 = FILL_AREA_STYLE('',(#11679));
#11679 = FILL_AREA_STYLE_COLOUR('',#11602);
#11680 = OVER_RIDING_STYLED_ITEM('overriding color',(#11681),#1329,
  #11666);
#11681 = PRESENTATION_STYLE_ASSIGNMENT((#11682));
#11682 = SURFACE_STYLE_USAGE(.BOTH.,#11683);
#11683 = SURFACE_SIDE_STYLE('',(#11684));
#11684 = SURFACE_STYLE_FILL_AREA(#11685);
#11685 = FILL_AREA_STYLE('',(#11686));
#11686 = FILL_AREA_STYLE_COLOUR('',#11602);
#11687 = OVER_RIDING_STYLED_ITEM('overriding color',(#11688),#1453,
  #11666);
#11688 = PRESENTATION_STYLE_ASSIGNMENT((#11689));
#11689 = SURFACE_STYLE_USAGE(.BOTH.,#11690);
#11690 = SURFACE_SIDE_STYLE('',(#11691));
#11691 = SURFACE_STYLE_FILL_AREA(#11692);
#11692 = FILL_AREA_STYLE('',(#11693));
#11693 = FILL_AREA_STYLE_COLOUR('',#11602);
#11694 = OVER_RIDING_STYLED_ITEM('overriding color',(#11695),#1489,
  #11666);
#11695 = PRESENTATION_STYLE_ASSIGNMENT((#11696));
#11696 = SURFACE_STYLE_USAGE(.BOTH.,#11697);
#11697 = SURFACE_SIDE_STYLE('',(#11698));
#11698 = SURFACE_STYLE_FILL_AREA(#11699);
#11699 = FILL_AREA_STYLE('',(#11700));
#11700 = FILL_AREA_STYLE_COLOUR('',#11602);
#11701 = STYLED_ITEM('color',(#11702),#1503);
#11702 = PRESENTATION_STYLE_ASSIGNMENT((#11703));
#11703 = SURFACE_STYLE_USAGE(.BOTH.,#11704);
#11704 = SURFACE_SIDE_STYLE('',(#11705));
#11705 = SURFACE_STYLE_FILL_AREA(#11706);
#11706 = FILL_AREA_STYLE('',(#11707));
#11707 = FILL_AREA_STYLE_COLOUR('',#11537);
#11708 = OVER_RIDING_STYLED_ITEM('overriding color',(#11709),#1547,
  #11701);
#11709 = PRESENTATION_STYLE_ASSIGNMENT((#11710));
#11710 = SURFACE_STYLE_USAGE(.BOTH.,#11711);
#11711 = SURFACE_SIDE_STYLE('',(#11712));
#11712 = SURFACE_STYLE_FILL_AREA(#11713);
#11713 = FILL_AREA_STYLE('',(#11714));
#11714 = FILL_AREA_STYLE_COLOUR('',#11715);
#11715 = DRAUGHTING_PRE_DEFINED_COLOUR('white');
#11716 = OVER_RIDING_STYLED_ITEM('overriding color',(#11717),#1680,
  #11701);
#11717 = PRESENTATION_STYLE_ASSIGNMENT((#11718));
#11718 = SURFACE_STYLE_USAGE(.BOTH.,#11719);
#11719 = SURFACE_SIDE_STYLE('',(#11720));
#11720 = SURFACE_STYLE_FILL_AREA(#11721);
#11721 = FILL_AREA_STYLE('',(#11722));
#11722 = FILL_AREA_STYLE_COLOUR('',#11715);
#11723 = OVER_RIDING_STYLED_ITEM('overriding color',(#11724),#1743,
  #11701);
#11724 = PRESENTATION_STYLE_ASSIGNMENT((#11725));
#11725 = SURFACE_STYLE_USAGE(.BOTH.,#11726);
#11726 = SURFACE_SIDE_STYLE('',(#11727));
#11727 = SURFACE_STYLE_FILL_AREA(#11728);
#11728 = FILL_AREA_STYLE('',(#11729));
#11729 = FILL_AREA_STYLE_COLOUR('',#11715);
#11730 = OVER_RIDING_STYLED_ITEM('overriding color',(#11731),#1806,
  #11701);
#11731 = PRESENTATION_STYLE_ASSIGNMENT((#11732));
#11732 = SURFACE_STYLE_USAGE(.BOTH.,#11733);
#11733 = SURFACE_SIDE_STYLE('',(#11734));
#11734 = SURFACE_STYLE_FILL_AREA(#11735);
#11735 = FILL_AREA_STYLE('',(#11736));
#11736 = FILL_AREA_STYLE_COLOUR('',#11715);
#11737 = OVER_RIDING_STYLED_ITEM('overriding color',(#11738),#1855,
  #11701);
#11738 = PRESENTATION_STYLE_ASSIGNMENT((#11739));
#11739 = SURFACE_STYLE_USAGE(.BOTH.,#11740);
#11740 = SURFACE_SIDE_STYLE('',(#11741));
#11741 = SURFACE_STYLE_FILL_AREA(#11742);
#11742 = FILL_AREA_STYLE('',(#11743));
#11743 = FILL_AREA_STYLE_COLOUR('',#11715);
#11744 = OVER_RIDING_STYLED_ITEM('overriding color',(#11745),#1918,
  #11701);
#11745 = PRESENTATION_STYLE_ASSIGNMENT((#11746));
#11746 = SURFACE_STYLE_USAGE(.BOTH.,#11747);
#11747 = SURFACE_SIDE_STYLE('',(#11748));
#11748 = SURFACE_STYLE_FILL_AREA(#11749);
#11749 = FILL_AREA_STYLE('',(#11750));
#11750 = FILL_AREA_STYLE_COLOUR('',#11715);
#11751 = OVER_RIDING_STYLED_ITEM('overriding color',(#11752),#1964,
  #11701);
#11752 = PRESENTATION_STYLE_ASSIGNMENT((#11753));
#11753 = SURFACE_STYLE_USAGE(.BOTH.,#11754);
#11754 = SURFACE_SIDE_STYLE('',(#11755));
#11755 = SURFACE_STYLE_FILL_AREA(#11756);
#11756 = FILL_AREA_STYLE('',(#11757));
#11757 = FILL_AREA_STYLE_COLOUR('',#11715);
#11758 = OVER_RIDING_STYLED_ITEM('overriding color',(#11759),#2020,
  #11701);
#11759 = PRESENTATION_STYLE_ASSIGNMENT((#11760));
#11760 = SURFACE_STYLE_USAGE(.BOTH.,#11761);
#11761 = SURFACE_SIDE_STYLE('',(#11762));
#11762 = SURFACE_STYLE_FILL_AREA(#11763);
#11763 = FILL_AREA_STYLE('',(#11764));
#11764 = FILL_AREA_STYLE_COLOUR('',#11715);
#11765 = OVER_RIDING_STYLED_ITEM('overriding color',(#11766),#2059,
  #11701);
#11766 = PRESENTATION_STYLE_ASSIGNMENT((#11767));
#11767 = SURFACE_STYLE_USAGE(.BOTH.,#11768);
#11768 = SURFACE_SIDE_STYLE('',(#11769));
#11769 = SURFACE_STYLE_FILL_AREA(#11770);
#11770 = FILL_AREA_STYLE('',(#11771));
#11771 = FILL_AREA_STYLE_COLOUR('',#11715);
#11772 = OVER_RIDING_STYLED_ITEM('overriding color',(#11773),#2169,
  #11701);
#11773 = PRESENTATION_STYLE_ASSIGNMENT((#11774));
#11774 = SURFACE_STYLE_USAGE(.BOTH.,#11775);
#11775 = SURFACE_SIDE_STYLE('',(#11776));
#11776 = SURFACE_STYLE_FILL_AREA(#11777);
#11777 = FILL_AREA_STYLE('',(#11778));
#11778 = FILL_AREA_STYLE_COLOUR('',#11715);
#11779 = OVER_RIDING_STYLED_ITEM('overriding color',(#11780),#2208,
  #11701);
#11780 = PRESENTATION_STYLE_ASSIGNMENT((#11781));
#11781 = SURFACE_STYLE_USAGE(.BOTH.,#11782);
#11782 = SURFACE_SIDE_STYLE('',(#11783));
#11783 = SURFACE_STYLE_FILL_AREA(#11784);
#11784 = FILL_AREA_STYLE('',(#11785));
#11785 = FILL_AREA_STYLE_COLOUR('',#11715);
#11786 = OVER_RIDING_STYLED_ITEM('overriding color',(#11787),#2246,
  #11701);
#11787 = PRESENTATION_STYLE_ASSIGNMENT((#11788));
#11788 = SURFACE_STYLE_USAGE(.BOTH.,#11789);
#11789 = SURFACE_SIDE_STYLE('',(#11790));
#11790 = SURFACE_STYLE_FILL_AREA(#11791);
#11791 = FILL_AREA_STYLE('',(#11792));
#11792 = FILL_AREA_STYLE_COLOUR('',#11715);
#11793 = OVER_RIDING_STYLED_ITEM('overriding color',(#11794),#2285,
  #11701);
#11794 = PRESENTATION_STYLE_ASSIGNMENT((#11795));
#11795 = SURFACE_STYLE_USAGE(.BOTH.,#11796);
#11796 = SURFACE_SIDE_STYLE('',(#11797));
#11797 = SURFACE_STYLE_FILL_AREA(#11798);
#11798 = FILL_AREA_STYLE('',(#11799));
#11799 = FILL_AREA_STYLE_COLOUR('',#11715);
#11800 = OVER_RIDING_STYLED_ITEM('overriding color',(#11801),#2339,
  #11701);
#11801 = PRESENTATION_STYLE_ASSIGNMENT((#11802));
#11802 = SURFACE_STYLE_USAGE(.BOTH.,#11803);
#11803 = SURFACE_SIDE_STYLE('',(#11804));
#11804 = SURFACE_STYLE_FILL_AREA(#11805);
#11805 = FILL_AREA_STYLE('',(#11806));
#11806 = FILL_AREA_STYLE_COLOUR('',#11715);
#11807 = OVER_RIDING_STYLED_ITEM('overriding color',(#11808),#2379,
  #11701);
#11808 = PRESENTATION_STYLE_ASSIGNMENT((#11809));
#11809 = SURFACE_STYLE_USAGE(.BOTH.,#11810);
#11810 = SURFACE_SIDE_STYLE('',(#11811));
#11811 = SURFACE_STYLE_FILL_AREA(#11812);
#11812 = FILL_AREA_STYLE('',(#11813));
#11813 = FILL_AREA_STYLE_COLOUR('',#11715);
#11814 = OVER_RIDING_STYLED_ITEM('overriding color',(#11815),#2403,
  #11701);
#11815 = PRESENTATION_STYLE_ASSIGNMENT((#11816));
#11816 = SURFACE_STYLE_USAGE(.BOTH.,#11817);
#11817 = SURFACE_SIDE_STYLE('',(#11818));
#11818 = SURFACE_STYLE_FILL_AREA(#11819);
#11819 = FILL_AREA_STYLE('',(#11820));
#11820 = FILL_AREA_STYLE_COLOUR('',#11715);
#11821 = OVER_RIDING_STYLED_ITEM('overriding color',(#11822),#2427,
  #11701);
#11822 = PRESENTATION_STYLE_ASSIGNMENT((#11823));
#11823 = SURFACE_STYLE_USAGE(.BOTH.,#11824);
#11824 = SURFACE_SIDE_STYLE('',(#11825));
#11825 = SURFACE_STYLE_FILL_AREA(#11826);
#11826 = FILL_AREA_STYLE('',(#11827));
#11827 = FILL_AREA_STYLE_COLOUR('',#11715);
#11828 = OVER_RIDING_STYLED_ITEM('overriding color',(#11829),#2451,
  #11701);
#11829 = PRESENTATION_STYLE_ASSIGNMENT((#11830));
#11830 = SURFACE_STYLE_USAGE(.BOTH.,#11831);
#11831 = SURFACE_SIDE_STYLE('',(#11832));
#11832 = SURFACE_STYLE_FILL_AREA(#11833);
#11833 = FILL_AREA_STYLE('',(#11834));
#11834 = FILL_AREA_STYLE_COLOUR('',#11715);
#11835 = OVER_RIDING_STYLED_ITEM('overriding color',(#11836),#2475,
  #11701);
#11836 = PRESENTATION_STYLE_ASSIGNMENT((#11837));
#11837 = SURFACE_STYLE_USAGE(.BOTH.,#11838);
#11838 = SURFACE_SIDE_STYLE('',(#11839));
#11839 = SURFACE_STYLE_FILL_AREA(#11840);
#11840 = FILL_AREA_STYLE('',(#11841));
#11841 = FILL_AREA_STYLE_COLOUR('',#11715);
#11842 = OVER_RIDING_STYLED_ITEM('overriding color',(#11843),#3167,
  #11701);
#11843 = PRESENTATION_STYLE_ASSIGNMENT((#11844));
#11844 = SURFACE_STYLE_USAGE(.BOTH.,#11845);
#11845 = SURFACE_SIDE_STYLE('',(#11846));
#11846 = SURFACE_STYLE_FILL_AREA(#11847);
#11847 = FILL_AREA_STYLE('',(#11848));
#11848 = FILL_AREA_STYLE_COLOUR('',#11715);
#11849 = OVER_RIDING_STYLED_ITEM('overriding color',(#11850),#3185,
  #11701);
#11850 = PRESENTATION_STYLE_ASSIGNMENT((#11851));
#11851 = SURFACE_STYLE_USAGE(.BOTH.,#11852);
#11852 = SURFACE_SIDE_STYLE('',(#11853));
#11853 = SURFACE_STYLE_FILL_AREA(#11854);
#11854 = FILL_AREA_STYLE('',(#11855));
#11855 = FILL_AREA_STYLE_COLOUR('',#11715);
#11856 = OVER_RIDING_STYLED_ITEM('overriding color',(#11857),#3196,
  #11701);
#11857 = PRESENTATION_STYLE_ASSIGNMENT((#11858));
#11858 = SURFACE_STYLE_USAGE(.BOTH.,#11859);
#11859 = SURFACE_SIDE_STYLE('',(#11860));
#11860 = SURFACE_STYLE_FILL_AREA(#11861);
#11861 = FILL_AREA_STYLE('',(#11862));
#11862 = FILL_AREA_STYLE_COLOUR('',#11715);
#11863 = OVER_RIDING_STYLED_ITEM('overriding color',(#11864),#3214,
  #11701);
#11864 = PRESENTATION_STYLE_ASSIGNMENT((#11865));
#11865 = SURFACE_STYLE_USAGE(.BOTH.,#11866);
#11866 = SURFACE_SIDE_STYLE('',(#11867));
#11867 = SURFACE_STYLE_FILL_AREA(#11868);
#11868 = FILL_AREA_STYLE('',(#11869));
#11869 = FILL_AREA_STYLE_COLOUR('',#11715);
#11870 = OVER_RIDING_STYLED_ITEM('overriding color',(#11871),#3225,
  #11701);
#11871 = PRESENTATION_STYLE_ASSIGNMENT((#11872));
#11872 = SURFACE_STYLE_USAGE(.BOTH.,#11873);
#11873 = SURFACE_SIDE_STYLE('',(#11874));
#11874 = SURFACE_STYLE_FILL_AREA(#11875);
#11875 = FILL_AREA_STYLE('',(#11876));
#11876 = FILL_AREA_STYLE_COLOUR('',#11715);
#11877 = OVER_RIDING_STYLED_ITEM('overriding color',(#11878),#3243,
  #11701);
#11878 = PRESENTATION_STYLE_ASSIGNMENT((#11879));
#11879 = SURFACE_STYLE_USAGE(.BOTH.,#11880);
#11880 = SURFACE_SIDE_STYLE('',(#11881));
#11881 = SURFACE_STYLE_FILL_AREA(#11882);
#11882 = FILL_AREA_STYLE('',(#11883));
#11883 = FILL_AREA_STYLE_COLOUR('',#11715);
#11884 = OVER_RIDING_STYLED_ITEM('overriding color',(#11885),#3254,
  #11701);
#11885 = PRESENTATION_STYLE_ASSIGNMENT((#11886));
#11886 = SURFACE_STYLE_USAGE(.BOTH.,#11887);
#11887 = SURFACE_SIDE_STYLE('',(#11888));
#11888 = SURFACE_STYLE_FILL_AREA(#11889);
#11889 = FILL_AREA_STYLE('',(#11890));
#11890 = FILL_AREA_STYLE_COLOUR('',#11715);
#11891 = OVER_RIDING_STYLED_ITEM('overriding color',(#11892),#3272,
  #11701);
#11892 = PRESENTATION_STYLE_ASSIGNMENT((#11893));
#11893 = SURFACE_STYLE_USAGE(.BOTH.,#11894);
#11894 = SURFACE_SIDE_STYLE('',(#11895));
#11895 = SURFACE_STYLE_FILL_AREA(#11896);
#11896 = FILL_AREA_STYLE('',(#11897));
#11897 = FILL_AREA_STYLE_COLOUR('',#11715);
#11898 = STYLED_ITEM('color',(#11899),#3283);
#11899 = PRESENTATION_STYLE_ASSIGNMENT((#11900));
#11900 = SURFACE_STYLE_USAGE(.BOTH.,#11901);
#11901 = SURFACE_SIDE_STYLE('',(#11902));
#11902 = SURFACE_STYLE_FILL_AREA(#11903);
#11903 = FILL_AREA_STYLE('',(#11904));
#11904 = FILL_AREA_STYLE_COLOUR('',#11537);
#11905 = OVER_RIDING_STYLED_ITEM('overriding color',(#11906),#3525,
  #11898);
#11906 = PRESENTATION_STYLE_ASSIGNMENT((#11907));
#11907 = SURFACE_STYLE_USAGE(.BOTH.,#11908);
#11908 = SURFACE_SIDE_STYLE('',(#11909));
#11909 = SURFACE_STYLE_FILL_AREA(#11910);
#11910 = FILL_AREA_STYLE('',(#11911));
#11911 = FILL_AREA_STYLE_COLOUR('',#11545);
#11912 = MECHANICAL_DESIGN_GEOMETRIC_PRESENTATION_REPRESENTATION('',(
    #11913),#369);
#11913 = STYLED_ITEM('color',(#11914),#63);
#11914 = PRESENTATION_STYLE_ASSIGNMENT((#11915,#11921));
#11915 = SURFACE_STYLE_USAGE(.BOTH.,#11916);
#11916 = SURFACE_SIDE_STYLE('',(#11917));
#11917 = SURFACE_STYLE_FILL_AREA(#11918);
#11918 = FILL_AREA_STYLE('',(#11919));
#11919 = FILL_AREA_STYLE_COLOUR('',#11920);
#11920 = COLOUR_RGB('',0.1411764689,0.47058824112,0.196078429142);
#11921 = CURVE_STYLE('',#11922,POSITIVE_LENGTH_MEASURE(0.1),#11920);
#11922 = DRAUGHTING_PRE_DEFINED_CURVE_FONT('continuous');
#11923 = MECHANICAL_DESIGN_GEOMETRIC_PRESENTATION_REPRESENTATION('',(
    #11924),#4287);
#11924 = STYLED_ITEM('color',(#11925),#4137);
#11925 = PRESENTATION_STYLE_ASSIGNMENT((#11926,#11932));
#11926 = SURFACE_STYLE_USAGE(.BOTH.,#11927);
#11927 = SURFACE_SIDE_STYLE('',(#11928));
#11928 = SURFACE_STYLE_FILL_AREA(#11929);
#11929 = FILL_AREA_STYLE('',(#11930));
#11930 = FILL_AREA_STYLE_COLOUR('',#11931);
#11931 = COLOUR_RGB('',0.160784315601,0.160784315601,0.160784315601);
#11932 = CURVE_STYLE('',#11933,POSITIVE_LENGTH_MEASURE(0.1),#11931);
#11933 = DRAUGHTING_PRE_DEFINED_CURVE_FONT('continuous');
ENDSEC;
END-ISO-10303-21;
